ISO-10303-21;
HEADER;
/* Generated by software containing ST-Developer
 * from STEP Tools, Inc. (www.steptools.com) 
 */

FILE_DESCRIPTION(
/* description */ (''),
/* implementation_level */ '2;1');

FILE_NAME(
/* name */ 'Rocket_MK-1.step',
/* time_stamp */ '2026-10-03T23:02:17+05:30',
/* author */ (''),
/* organization */ (''),
/* preprocessor_version */ 'ST-DEVELOPER v20.2',
/* originating_system */ 'Autodesk Translation Framework v15.15.0.0',
/* authorisation */ '');

FILE_SCHEMA (('AUTOMOTIVE_DESIGN { 1 0 10303 214 3 1 1 }'));
ENDSEC;

DATA;
#10=MECHANICAL_DESIGN_GEOMETRIC_PRESENTATION_REPRESENTATION('',(#42,#43,
#44,#45,#46,#47,#48),#8445);
#11=ITEM_DEFINED_TRANSFORMATION($,$,#1818,#1977);
#12=ITEM_DEFINED_TRANSFORMATION($,$,#1875,#1978);
#13=ITEM_DEFINED_TRANSFORMATION($,$,#1924,#1979);
#14=ITEM_DEFINED_TRANSFORMATION($,$,#1936,#1980);
#15=(
REPRESENTATION_RELATIONSHIP($,$,#8465,#8464)
REPRESENTATION_RELATIONSHIP_WITH_TRANSFORMATION(#11)
SHAPE_REPRESENTATION_RELATIONSHIP()
);
#16=(
REPRESENTATION_RELATIONSHIP($,$,#8466,#8464)
REPRESENTATION_RELATIONSHIP_WITH_TRANSFORMATION(#12)
SHAPE_REPRESENTATION_RELATIONSHIP()
);
#17=(
REPRESENTATION_RELATIONSHIP($,$,#8467,#8464)
REPRESENTATION_RELATIONSHIP_WITH_TRANSFORMATION(#13)
SHAPE_REPRESENTATION_RELATIONSHIP()
);
#18=(
REPRESENTATION_RELATIONSHIP($,$,#8468,#8464)
REPRESENTATION_RELATIONSHIP_WITH_TRANSFORMATION(#14)
SHAPE_REPRESENTATION_RELATIONSHIP()
);
#19=CONTEXT_DEPENDENT_SHAPE_REPRESENTATION(#15,#8460);
#20=CONTEXT_DEPENDENT_SHAPE_REPRESENTATION(#16,#8461);
#21=CONTEXT_DEPENDENT_SHAPE_REPRESENTATION(#17,#8462);
#22=CONTEXT_DEPENDENT_SHAPE_REPRESENTATION(#18,#8463);
#23=NEXT_ASSEMBLY_USAGE_OCCURRENCE('Rocket motor:1','Rocket motor:1',
'Rocket motor:1',#8470,#8471,'Rocket motor:1');
#24=NEXT_ASSEMBLY_USAGE_OCCURRENCE('Main_Body_Tube:1',
'Main_Body_Tube:1','Main_Body_Tube:1',#8470,#8472,'Main_Body_Tube:1');
#25=NEXT_ASSEMBLY_USAGE_OCCURRENCE('Nose Cone:1','Nose Cone:1',
'Nose Cone:1',#8470,#8473,'Nose Cone:1');
#26=NEXT_ASSEMBLY_USAGE_OCCURRENCE('Fins:1','Fins:1','Fins:1',#8470,#8474,
'Fins:1');
#27=ORIENTED_CLOSED_SHELL('',*,#1767,.F.);
#28=B_SPLINE_CURVE_WITH_KNOTS('',3,(#7818,#7819,#7820,#7821,#7822,#7823,
#7824,#7825,#7826,#7827,#7828,#7829,#7830,#7831,#7832,#7833,#7834,#7835,
#7836,#7837,#7838,#7839,#7840,#7841,#7842,#7843,#7844,#7845,#7846,#7847,
#7848,#7849,#7850,#7851,#7852,#7853,#7854,#7855,#7856),.UNSPECIFIED.,.T.,
 .F.,(4,2,3,2,2,2,2,2,2,2,2,2,2,2,2,2,2,2,4),(-1.90708857044508,-1.20653503660262,
0.,0.683129880474866,1.36625976094973,2.57279479755234,3.77932983415496,
4.98586487075758,6.19239990736019,7.39893494396281,8.60546998056542,9.81200501716804,
11.0185400537706,12.2250750903733,13.4316101269759,14.6381451635785,15.8446802001811,
17.0512152367837,17.5571967395439),.UNSPECIFIED.);
#29=B_SPLINE_CURVE_WITH_KNOTS('',3,(#8193,#8194,#8195,#8196,#8197,#8198,
#8199,#8200,#8201,#8202,#8203,#8204,#8205,#8206,#8207,#8208,#8209,#8210,
#8211,#8212,#8213,#8214,#8215,#8216,#8217,#8218,#8219,#8220,#8221,#8222,
#8223),.UNSPECIFIED.,.F.,.F.,(4,3,3,3,3,3,3,3,3,3,4),(0.0305531064785218,
0.0686886043089496,0.145262138648301,0.269108920691442,0.470490872623513,
0.677497677911784,0.814929661096148,0.907464830548074,0.953732415274037,
0.976866207637018,0.98134741840693),.UNSPECIFIED.);
#30=(
BOUNDED_CURVE()
B_SPLINE_CURVE(5,(#7306,#7307,#7308,#7309,#7310,#7311,#7312,#7313,#7314,
#7315,#7316,#7317,#7318,#7319,#7320,#7321,#7322,#7323,#7324,#7325,#7326,
#7327,#7328,#7329,#7330,#7331,#7332,#7333,#7334,#7335,#7336,#7337,#7338,
#7339,#7340,#7341,#7342,#7343,#7344,#7345,#7346,#7347,#7348,#7349,#7350,
#7351,#7352,#7353,#7354,#7355,#7356,#7357,#7358,#7359,#7360,#7361,#7362,
#7363,#7364,#7365,#7366,#7367,#7368,#7369,#7370,#7371,#7372,#7373,#7374,
#7375,#7376,#7377,#7378,#7379,#7380,#7381,#7382,#7383,#7384,#7385,#7386,
#7387,#7388,#7389,#7390,#7391,#7392,#7393,#7394,#7395,#7396,#7397,#7398,
#7399,#7400,#7401,#7402,#7403,#7404,#7405,#7406,#7407,#7408,#7409,#7410,
#7411,#7412,#7413,#7414,#7415,#7416,#7417,#7418,#7419,#7420,#7421,#7422,
#7423,#7424,#7425,#7426,#7427,#7428,#7429,#7430,#7431,#7432,#7433,#7434,
#7435,#7436,#7437,#7438,#7439,#7440,#7441,#7442,#7443,#7444,#7445,#7446,
#7447,#7448,#7449,#7450,#7451,#7452,#7453,#7454,#7455,#7456,#7457,#7458,
#7459,#7460,#7461,#7462,#7463,#7464,#7465,#7466,#7467,#7468,#7469,#7470,
#7471,#7472,#7473,#7474,#7475,#7476,#7477,#7478,#7479,#7480,#7481,#7482,
#7483,#7484,#7485,#7486,#7487,#7488,#7489,#7490,#7491,#7492,#7493,#7494,
#7495,#7496,#7497,#7498,#7499,#7500,#7501,#7502,#7503,#7504,#7505,#7506,
#7507,#7508,#7509,#7510,#7511,#7512,#7513,#7514,#7515,#7516,#7517,#7518,
#7519,#7520,#7521,#7522,#7523,#7524,#7525,#7526,#7527,#7528,#7529,#7530,
#7531,#7532,#7533,#7534,#7535,#7536,#7537,#7538,#7539,#7540,#7541,#7542,
#7543,#7544,#7545,#7546,#7547,#7548,#7549,#7550,#7551,#7552,#7553,#7554,
#7555,#7556,#7557,#7558,#7559,#7560,#7561,#7562,#7563,#7564,#7565,#7566,
#7567,#7568,#7569,#7570,#7571,#7572,#7573,#7574,#7575,#7576,#7577,#7578,
#7579,#7580,#7581,#7582,#7583,#7584,#7585,#7586,#7587,#7588,#7589,#7590,
#7591,#7592,#7593,#7594,#7595,#7596,#7597,#7598,#7599,#7600,#7601,#7602,
#7603,#7604,#7605,#7606,#7607,#7608,#7609,#7610,#7611,#7612,#7613,#7614,
#7615,#7616,#7617,#7618,#7619,#7620,#7621,#7622,#7623,#7624,#7625,#7626,
#7627,#7628,#7629,#7630,#7631,#7632,#7633,#7634,#7635,#7636,#7637,#7638,
#7639,#7640,#7641,#7642,#7643,#7644,#7645,#7646,#7647,#7648,#7649,#7650,
#7651,#7652,#7653,#7654,#7655,#7656,#7657,#7658,#7659,#7660,#7661,#7662,
#7663,#7664,#7665,#7666,#7667,#7668,#7669,#7670,#7671,#7672,#7673,#7674,
#7675,#7676,#7677,#7678,#7679,#7680,#7681,#7682,#7683,#7684,#7685,#7686,
#7687,#7688,#7689,#7690,#7691,#7692,#7693,#7694,#7695,#7696,#7697,#7698,
#7699,#7700,#7701,#7702,#7703,#7704,#7705,#7706,#7707,#7708,#7709,#7710,
#7711,#7712,#7713,#7714,#7715,#7716,#7717,#7718,#7719,#7720,#7721,#7722,
#7723,#7724,#7725,#7726,#7727,#7728,#7729,#7730,#7731,#7732,#7733,#7734,
#7735,#7736,#7737,#7738,#7739,#7740,#7741,#7742,#7743,#7744,#7745,#7746,
#7747,#7748,#7749,#7750,#7751,#7752,#7753,#7754,#7755,#7756,#7757,#7758,
#7759,#7760,#7761,#7762,#7763,#7764,#7765,#7766,#7767,#7768,#7769,#7770,
#7771,#7772,#7773,#7774,#7775,#7776,#7777,#7778,#7779,#7780,#7781,#7782,
#7783,#7784,#7785,#7786,#7787,#7788,#7789,#7790,#7791,#7792,#7793,#7794,
#7795,#7796,#7797,#7798,#7799,#7800,#7801,#7802,#7803,#7804,#7805,#7806,
#7807,#7808,#7809,#7810),.UNSPECIFIED.,.F.,.F.)
B_SPLINE_CURVE_WITH_KNOTS((6,1,1,1,1,1,1,1,1,1,1,1,1,1,1,1,1,1,1,1,1,1,
1,1,1,1,1,1,1,1,1,1,1,1,1,1,1,1,1,1,1,1,1,1,1,1,1,1,1,1,1,1,1,1,1,1,1,1,
1,1,1,1,1,1,1,1,1,1,1,1,1,1,1,1,1,1,1,1,1,1,1,1,1,1,1,1,1,1,1,1,1,1,1,1,
1,1,1,1,1,1,1,1,1,1,1,1,1,1,1,1,1,1,1,1,1,1,1,1,1,1,1,1,1,1,1,1,1,1,1,1,
1,1,1,1,1,1,1,1,1,1,1,1,1,1,1,1,1,1,1,1,1,1,1,1,1,1,1,1,1,1,1,1,1,1,1,1,
1,1,1,1,1,1,1,1,1,1,1,1,1,1,1,1,1,1,1,1,1,1,1,1,1,1,1,1,1,1,1,1,1,1,1,1,
1,1,1,1,1,1,1,1,1,1,1,1,1,1,1,1,1,1,1,1,1,1,1,1,1,1,1,1,1,1,1,1,1,1,1,1,
1,1,1,1,1,1,1,1,1,1,1,1,1,1,1,1,1,1,1,1,1,1,1,1,1,1,1,1,1,1,1,1,1,1,1,1,
1,1,1,1,1,1,1,1,1,1,1,1,1,1,1,1,1,1,1,1,1,1,1,1,1,1,1,1,1,1,1,1,1,1,1,1,
1,1,1,1,1,1,1,1,1,1,1,1,1,1,1,1,1,1,1,1,1,1,1,1,1,1,1,1,1,1,1,1,1,1,1,1,
1,1,1,1,1,1,1,1,1,1,1,1,1,1,1,1,1,1,1,1,1,1,1,1,1,1,1,1,1,1,1,1,1,1,1,1,
1,1,1,1,1,1,1,1,1,1,1,1,1,1,1,1,1,1,1,1,1,1,1,1,1,1,1,1,1,1,1,1,1,1,1,1,
1,1,1,1,1,1,1,1,1,1,1,1,1,1,1,1,1,1,1,1,1,1,1,1,1,1,1,1,1,1,1,1,1,1,1,1,
1,1,1,1,1,1,1,1,1,1,1,1,1,1,1,1,1,1,1,1,1,1,1,1,1,1,1,1,1,1,1,1,1,1,1,1,
1,1,1,1,1,1,1,1,1,1,6),(0.,0.002,0.004,0.006,0.008,0.01,0.012,0.014,0.016,
0.018,0.02,0.022,0.024,0.026,0.028,0.03,0.032,0.034,0.036,0.038,0.04,0.042,
0.044,0.046,0.048,0.05,0.052,0.054,0.056,0.058,0.06,0.062,0.064,0.066,0.068,
0.07,0.0720000000000001,0.0740000000000001,0.0760000000000001,0.0780000000000001,
0.0800000000000001,0.0820000000000001,0.0840000000000001,0.0860000000000001,
0.0880000000000001,0.0900000000000001,0.0920000000000001,0.0940000000000001,
0.0960000000000001,0.0980000000000001,0.1,0.102,0.104,0.106,0.108,0.11,
0.112,0.114,0.116,0.118,0.12,0.122,0.124,0.126,0.128,0.13,0.132,0.134,0.136,
0.138,0.14,0.142,0.144,0.146,0.148,0.15,0.152,0.154,0.156,0.158,0.16,0.162,
0.164,0.166,0.168,0.17,0.172,0.174,0.176,0.178,0.18,0.182,0.184,0.186,0.188,
0.19,0.192,0.194,0.196,0.198,0.2,0.202,0.204,0.206,0.208,0.21,0.212,0.214,
0.216,0.218,0.22,0.222,0.224,0.226,0.228,0.23,0.232,0.234,0.236,0.238,0.24,
0.242,0.244,0.246,0.248,0.25,0.252,0.254,0.256,0.258,0.26,0.262,0.264,0.266,
0.268,0.27,0.272,0.274,0.276,0.278,0.28,0.282,0.284,0.286,0.288,0.29,0.292,
0.294,0.296,0.298,0.3,0.302,0.304,0.306,0.308,0.31,0.312,0.314,0.316,0.318,
0.32,0.322,0.324,0.326,0.328,0.33,0.332,0.334,0.336,0.338,0.34,0.342,0.344,
0.346,0.348,0.35,0.352,0.354,0.356,0.358,0.36,0.362,0.364,0.366,0.368,0.37,
0.372,0.374,0.376,0.378,0.38,0.382,0.384,0.386,0.388,0.39,0.392,0.394,0.396,
0.398,0.4,0.402,0.404,0.406,0.408,0.41,0.412,0.414,0.416,0.418,0.42,0.422,
0.424,0.426,0.428,0.43,0.432,0.434,0.436,0.438,0.44,0.442,0.444,0.446,0.448,
0.45,0.452,0.454,0.456,0.458,0.46,0.462,0.464,0.466,0.468,0.47,0.472,0.474,
0.476,0.478,0.48,0.482,0.484,0.486,0.488,0.49,0.492,0.494,0.496,0.498,0.5,
0.502,0.504,0.506,0.508,0.51,0.512,0.514,0.516,0.518,0.52,0.522,0.524,0.526,
0.528,0.53,0.532,0.534,0.536,0.538,0.54,0.542,0.544,0.546,0.548,0.55,0.552,
0.554,0.556,0.558,0.56,0.562,0.564,0.566,0.568,0.57,0.572,0.574,0.576,0.578,
0.58,0.582,0.584,0.586,0.588,0.59,0.592,0.594,0.596,0.598,0.6,0.602,0.604,
0.606,0.608,0.61,0.612,0.614,0.616,0.618,0.62,0.622,0.624,0.626,0.628,0.63,
0.632,0.634,0.636,0.638,0.64,0.642,0.644,0.646,0.648,0.65,0.652,0.654,0.656,
0.658,0.66,0.662,0.664,0.666,0.668,0.67,0.672,0.674,0.676,0.678,0.68,0.682,
0.684,0.686,0.688000000000001,0.690000000000001,0.692000000000001,0.694000000000001,
0.696000000000001,0.698000000000001,0.700000000000001,0.702000000000001,
0.704000000000001,0.706000000000001,0.708000000000001,0.710000000000001,
0.712000000000001,0.714000000000001,0.716000000000001,0.718000000000001,
0.720000000000001,0.722000000000001,0.724000000000001,0.726000000000001,
0.728000000000001,0.730000000000001,0.732000000000001,0.734000000000001,
0.736000000000001,0.738000000000001,0.740000000000001,0.742000000000001,
0.744000000000001,0.746000000000001,0.748000000000001,0.750000000000001,
0.752000000000001,0.754000000000001,0.756000000000001,0.758000000000001,
0.760000000000001,0.762000000000001,0.764000000000001,0.766000000000001,
0.768000000000001,0.770000000000001,0.772000000000001,0.774000000000001,
0.776000000000001,0.778000000000001,0.780000000000001,0.782000000000001,
0.784000000000001,0.786000000000001,0.788000000000001,0.790000000000001,
0.792000000000001,0.794000000000001,0.796000000000001,0.798000000000001,
0.800000000000001,0.802000000000001,0.804000000000001,0.806000000000001,
0.808000000000001,0.810000000000001,0.812000000000001,0.814000000000001,
0.816000000000001,0.818000000000001,0.820000000000001,0.822000000000001,
0.824000000000001,0.826000000000001,0.828000000000001,0.830000000000001,
0.832000000000001,0.834000000000001,0.836000000000001,0.838000000000001,
0.840000000000001,0.842000000000001,0.844000000000001,0.846000000000001,
0.848000000000001,0.850000000000001,0.852000000000001,0.854000000000001,
0.856000000000001,0.858000000000001,0.860000000000001,0.862000000000001,
0.864000000000001,0.866000000000001,0.868000000000001,0.870000000000001,
0.872000000000001,0.874000000000001,0.876000000000001,0.878000000000001,
0.880000000000001,0.882000000000001,0.884000000000001,0.886000000000001,
0.888000000000001,0.890000000000001,0.892000000000001,0.894000000000001,
0.896000000000001,0.898000000000001,0.900000000000001,0.902000000000001,
0.904000000000001,0.906000000000001,0.908000000000001,0.910000000000001,
0.912000000000001,0.914000000000001,0.916000000000001,0.918000000000001,
0.920000000000001,0.922000000000001,0.924000000000001,0.926000000000001,
0.928000000000001,0.930000000000001,0.932000000000001,0.934000000000001,
0.936000000000001,0.938000000000001,0.940000000000001,0.942000000000001,
0.944000000000001,0.946000000000001,0.948000000000001,0.950000000000001,
0.952000000000001,0.954000000000001,0.956000000000001,0.958000000000001,
0.960000000000001,0.962000000000001,0.964000000000001,0.966000000000001,
0.968000000000001,0.970000000000001,0.972000000000001,0.974000000000001,
0.976000000000001,0.978000000000001,0.980000000000001,0.982000000000001,
0.984000000000001,0.986000000000001,0.988000000000001,0.990000000000001,
0.992000000000001,0.994000000000001,0.996000000000001,0.998000000000001,
1.),.UNSPECIFIED.)
CURVE()
GEOMETRIC_REPRESENTATION_ITEM()
RATIONAL_B_SPLINE_CURVE((1.,1.,1.,1.,1.,1.,1.,1.,1.,1.,1.,1.,1.,1.,1.,1.,
1.,1.,1.,1.,1.,1.,1.,1.,1.,1.,1.,1.,1.,1.,1.,1.,1.,1.,1.,1.,1.,1.,1.,1.,
1.,1.,1.,1.,1.,1.,1.,1.,1.,1.,1.,1.,1.,1.,1.,1.,1.,1.,1.,1.,1.,1.,1.,1.,
1.,1.,1.,1.,1.,1.,1.,1.,1.,1.,1.,1.,1.,1.,1.,1.,1.,1.,1.,1.,1.,1.,1.,1.,
1.,1.,1.,1.,1.,1.,1.,1.,1.,1.,1.,1.,1.,1.,1.,1.,1.,1.,1.,1.,1.,1.,1.,1.,
1.,1.,1.,1.,1.,1.,1.,1.,1.,1.,1.,1.,1.,1.,1.,1.,1.,1.,1.,1.,1.,1.,1.,1.,
1.,1.,1.,1.,1.,1.,1.,1.,1.,1.,1.,1.,1.,1.,1.,1.,1.,1.,1.,1.,1.,1.,1.,1.,
1.,1.,1.,1.,1.,1.,1.,1.,1.,1.,1.,1.,1.,1.,1.,1.,1.,1.,1.,1.,1.,1.,1.,1.,
1.,1.,1.,1.,1.,1.,1.,1.,1.,1.,1.,1.,1.,1.,1.,1.,1.,1.,1.,1.,1.,1.,1.,1.,
1.,1.,1.,1.,1.,1.,1.,1.,1.,1.,1.,1.,1.,1.,1.,1.,1.,1.,1.,1.,1.,1.,1.,1.,
1.,1.,1.,1.,1.,1.,1.,1.,1.,1.,1.,1.,1.,1.,1.,1.,1.,1.,1.,1.,1.,1.,1.,1.,
1.,1.,1.,1.,1.,1.,1.,1.,1.,1.,1.,1.,1.,1.,1.,1.,1.,1.,1.,1.,1.,1.,1.,1.,
1.,1.,1.,1.,1.,1.,1.,1.,1.,1.,1.,1.,1.,1.,1.,1.,1.,1.,1.,1.,1.,1.,1.,1.,
1.,1.,1.,1.,1.,1.,1.,1.,1.,1.,1.,1.,1.,1.,1.,1.,1.,1.,1.,1.,1.,1.,1.,1.,
1.,1.,1.,1.,1.,1.,1.,1.,1.,1.,1.,1.,1.,1.,1.,1.,1.,1.,1.,1.,1.,1.,1.,1.,
1.,1.,1.,1.,1.,1.,1.,1.,1.,1.,1.,1.,1.,1.,1.,1.,1.,1.,1.,1.,1.,1.,1.,1.,
1.,1.,1.,1.,1.,1.,1.,1.,1.,1.,1.,1.,1.,1.,1.,1.,1.,1.,1.,1.,1.,1.,1.,1.,
1.,1.,1.,1.,1.,1.,1.,1.,1.,1.,1.,1.,1.,1.,1.,1.,1.,1.,1.,1.,1.,1.,1.,1.,
1.,1.,1.,1.,1.,1.,1.,1.,1.,1.,1.,1.,1.,1.,1.,1.,1.,1.,1.,1.,1.,1.,1.,1.,
1.,1.,1.,1.,1.,1.,1.,1.,1.,1.,1.,1.,1.,1.,1.,1.,1.,1.,1.,1.,1.,1.,1.,1.,
1.,1.,1.,1.,1.,1.,1.,1.,1.,1.,1.,1.,1.,1.,1.,1.,1.,1.,1.,1.,1.,1.,1.,1.,
1.,1.,1.,1.,1.,1.,1.,1.,1.))
REPRESENTATION_ITEM('')
);
#31=(
BOUNDED_SURFACE()
B_SPLINE_SURFACE(5,2,((#2760,#2761,#2762,#2763,#2764,#2765,#2766,#2767,
#2768),(#2769,#2770,#2771,#2772,#2773,#2774,#2775,#2776,#2777),(#2778,#2779,
#2780,#2781,#2782,#2783,#2784,#2785,#2786),(#2787,#2788,#2789,#2790,#2791,
#2792,#2793,#2794,#2795),(#2796,#2797,#2798,#2799,#2800,#2801,#2802,#2803,
#2804),(#2805,#2806,#2807,#2808,#2809,#2810,#2811,#2812,#2813),(#2814,#2815,
#2816,#2817,#2818,#2819,#2820,#2821,#2822),(#2823,#2824,#2825,#2826,#2827,
#2828,#2829,#2830,#2831),(#2832,#2833,#2834,#2835,#2836,#2837,#2838,#2839,
#2840),(#2841,#2842,#2843,#2844,#2845,#2846,#2847,#2848,#2849),(#2850,#2851,
#2852,#2853,#2854,#2855,#2856,#2857,#2858),(#2859,#2860,#2861,#2862,#2863,
#2864,#2865,#2866,#2867),(#2868,#2869,#2870,#2871,#2872,#2873,#2874,#2875,
#2876),(#2877,#2878,#2879,#2880,#2881,#2882,#2883,#2884,#2885),(#2886,#2887,
#2888,#2889,#2890,#2891,#2892,#2893,#2894),(#2895,#2896,#2897,#2898,#2899,
#2900,#2901,#2902,#2903),(#2904,#2905,#2906,#2907,#2908,#2909,#2910,#2911,
#2912),(#2913,#2914,#2915,#2916,#2917,#2918,#2919,#2920,#2921),(#2922,#2923,
#2924,#2925,#2926,#2927,#2928,#2929,#2930),(#2931,#2932,#2933,#2934,#2935,
#2936,#2937,#2938,#2939),(#2940,#2941,#2942,#2943,#2944,#2945,#2946,#2947,
#2948),(#2949,#2950,#2951,#2952,#2953,#2954,#2955,#2956,#2957),(#2958,#2959,
#2960,#2961,#2962,#2963,#2964,#2965,#2966),(#2967,#2968,#2969,#2970,#2971,
#2972,#2973,#2974,#2975),(#2976,#2977,#2978,#2979,#2980,#2981,#2982,#2983,
#2984),(#2985,#2986,#2987,#2988,#2989,#2990,#2991,#2992,#2993),(#2994,#2995,
#2996,#2997,#2998,#2999,#3000,#3001,#3002),(#3003,#3004,#3005,#3006,#3007,
#3008,#3009,#3010,#3011),(#3012,#3013,#3014,#3015,#3016,#3017,#3018,#3019,
#3020),(#3021,#3022,#3023,#3024,#3025,#3026,#3027,#3028,#3029),(#3030,#3031,
#3032,#3033,#3034,#3035,#3036,#3037,#3038),(#3039,#3040,#3041,#3042,#3043,
#3044,#3045,#3046,#3047),(#3048,#3049,#3050,#3051,#3052,#3053,#3054,#3055,
#3056),(#3057,#3058,#3059,#3060,#3061,#3062,#3063,#3064,#3065),(#3066,#3067,
#3068,#3069,#3070,#3071,#3072,#3073,#3074),(#3075,#3076,#3077,#3078,#3079,
#3080,#3081,#3082,#3083),(#3084,#3085,#3086,#3087,#3088,#3089,#3090,#3091,
#3092),(#3093,#3094,#3095,#3096,#3097,#3098,#3099,#3100,#3101),(#3102,#3103,
#3104,#3105,#3106,#3107,#3108,#3109,#3110),(#3111,#3112,#3113,#3114,#3115,
#3116,#3117,#3118,#3119),(#3120,#3121,#3122,#3123,#3124,#3125,#3126,#3127,
#3128),(#3129,#3130,#3131,#3132,#3133,#3134,#3135,#3136,#3137),(#3138,#3139,
#3140,#3141,#3142,#3143,#3144,#3145,#3146),(#3147,#3148,#3149,#3150,#3151,
#3152,#3153,#3154,#3155),(#3156,#3157,#3158,#3159,#3160,#3161,#3162,#3163,
#3164),(#3165,#3166,#3167,#3168,#3169,#3170,#3171,#3172,#3173),(#3174,#3175,
#3176,#3177,#3178,#3179,#3180,#3181,#3182),(#3183,#3184,#3185,#3186,#3187,
#3188,#3189,#3190,#3191),(#3192,#3193,#3194,#3195,#3196,#3197,#3198,#3199,
#3200),(#3201,#3202,#3203,#3204,#3205,#3206,#3207,#3208,#3209),(#3210,#3211,
#3212,#3213,#3214,#3215,#3216,#3217,#3218),(#3219,#3220,#3221,#3222,#3223,
#3224,#3225,#3226,#3227),(#3228,#3229,#3230,#3231,#3232,#3233,#3234,#3235,
#3236),(#3237,#3238,#3239,#3240,#3241,#3242,#3243,#3244,#3245),(#3246,#3247,
#3248,#3249,#3250,#3251,#3252,#3253,#3254),(#3255,#3256,#3257,#3258,#3259,
#3260,#3261,#3262,#3263),(#3264,#3265,#3266,#3267,#3268,#3269,#3270,#3271,
#3272),(#3273,#3274,#3275,#3276,#3277,#3278,#3279,#3280,#3281),(#3282,#3283,
#3284,#3285,#3286,#3287,#3288,#3289,#3290),(#3291,#3292,#3293,#3294,#3295,
#3296,#3297,#3298,#3299),(#3300,#3301,#3302,#3303,#3304,#3305,#3306,#3307,
#3308),(#3309,#3310,#3311,#3312,#3313,#3314,#3315,#3316,#3317),(#3318,#3319,
#3320,#3321,#3322,#3323,#3324,#3325,#3326),(#3327,#3328,#3329,#3330,#3331,
#3332,#3333,#3334,#3335),(#3336,#3337,#3338,#3339,#3340,#3341,#3342,#3343,
#3344),(#3345,#3346,#3347,#3348,#3349,#3350,#3351,#3352,#3353),(#3354,#3355,
#3356,#3357,#3358,#3359,#3360,#3361,#3362),(#3363,#3364,#3365,#3366,#3367,
#3368,#3369,#3370,#3371),(#3372,#3373,#3374,#3375,#3376,#3377,#3378,#3379,
#3380),(#3381,#3382,#3383,#3384,#3385,#3386,#3387,#3388,#3389),(#3390,#3391,
#3392,#3393,#3394,#3395,#3396,#3397,#3398),(#3399,#3400,#3401,#3402,#3403,
#3404,#3405,#3406,#3407),(#3408,#3409,#3410,#3411,#3412,#3413,#3414,#3415,
#3416),(#3417,#3418,#3419,#3420,#3421,#3422,#3423,#3424,#3425),(#3426,#3427,
#3428,#3429,#3430,#3431,#3432,#3433,#3434),(#3435,#3436,#3437,#3438,#3439,
#3440,#3441,#3442,#3443),(#3444,#3445,#3446,#3447,#3448,#3449,#3450,#3451,
#3452),(#3453,#3454,#3455,#3456,#3457,#3458,#3459,#3460,#3461),(#3462,#3463,
#3464,#3465,#3466,#3467,#3468,#3469,#3470),(#3471,#3472,#3473,#3474,#3475,
#3476,#3477,#3478,#3479),(#3480,#3481,#3482,#3483,#3484,#3485,#3486,#3487,
#3488),(#3489,#3490,#3491,#3492,#3493,#3494,#3495,#3496,#3497),(#3498,#3499,
#3500,#3501,#3502,#3503,#3504,#3505,#3506),(#3507,#3508,#3509,#3510,#3511,
#3512,#3513,#3514,#3515),(#3516,#3517,#3518,#3519,#3520,#3521,#3522,#3523,
#3524),(#3525,#3526,#3527,#3528,#3529,#3530,#3531,#3532,#3533),(#3534,#3535,
#3536,#3537,#3538,#3539,#3540,#3541,#3542),(#3543,#3544,#3545,#3546,#3547,
#3548,#3549,#3550,#3551),(#3552,#3553,#3554,#3555,#3556,#3557,#3558,#3559,
#3560),(#3561,#3562,#3563,#3564,#3565,#3566,#3567,#3568,#3569),(#3570,#3571,
#3572,#3573,#3574,#3575,#3576,#3577,#3578),(#3579,#3580,#3581,#3582,#3583,
#3584,#3585,#3586,#3587),(#3588,#3589,#3590,#3591,#3592,#3593,#3594,#3595,
#3596),(#3597,#3598,#3599,#3600,#3601,#3602,#3603,#3604,#3605),(#3606,#3607,
#3608,#3609,#3610,#3611,#3612,#3613,#3614),(#3615,#3616,#3617,#3618,#3619,
#3620,#3621,#3622,#3623),(#3624,#3625,#3626,#3627,#3628,#3629,#3630,#3631,
#3632),(#3633,#3634,#3635,#3636,#3637,#3638,#3639,#3640,#3641),(#3642,#3643,
#3644,#3645,#3646,#3647,#3648,#3649,#3650),(#3651,#3652,#3653,#3654,#3655,
#3656,#3657,#3658,#3659),(#3660,#3661,#3662,#3663,#3664,#3665,#3666,#3667,
#3668),(#3669,#3670,#3671,#3672,#3673,#3674,#3675,#3676,#3677),(#3678,#3679,
#3680,#3681,#3682,#3683,#3684,#3685,#3686),(#3687,#3688,#3689,#3690,#3691,
#3692,#3693,#3694,#3695),(#3696,#3697,#3698,#3699,#3700,#3701,#3702,#3703,
#3704),(#3705,#3706,#3707,#3708,#3709,#3710,#3711,#3712,#3713),(#3714,#3715,
#3716,#3717,#3718,#3719,#3720,#3721,#3722),(#3723,#3724,#3725,#3726,#3727,
#3728,#3729,#3730,#3731),(#3732,#3733,#3734,#3735,#3736,#3737,#3738,#3739,
#3740),(#3741,#3742,#3743,#3744,#3745,#3746,#3747,#3748,#3749),(#3750,#3751,
#3752,#3753,#3754,#3755,#3756,#3757,#3758),(#3759,#3760,#3761,#3762,#3763,
#3764,#3765,#3766,#3767),(#3768,#3769,#3770,#3771,#3772,#3773,#3774,#3775,
#3776),(#3777,#3778,#3779,#3780,#3781,#3782,#3783,#3784,#3785),(#3786,#3787,
#3788,#3789,#3790,#3791,#3792,#3793,#3794),(#3795,#3796,#3797,#3798,#3799,
#3800,#3801,#3802,#3803),(#3804,#3805,#3806,#3807,#3808,#3809,#3810,#3811,
#3812),(#3813,#3814,#3815,#3816,#3817,#3818,#3819,#3820,#3821),(#3822,#3823,
#3824,#3825,#3826,#3827,#3828,#3829,#3830),(#3831,#3832,#3833,#3834,#3835,
#3836,#3837,#3838,#3839),(#3840,#3841,#3842,#3843,#3844,#3845,#3846,#3847,
#3848),(#3849,#3850,#3851,#3852,#3853,#3854,#3855,#3856,#3857),(#3858,#3859,
#3860,#3861,#3862,#3863,#3864,#3865,#3866),(#3867,#3868,#3869,#3870,#3871,
#3872,#3873,#3874,#3875),(#3876,#3877,#3878,#3879,#3880,#3881,#3882,#3883,
#3884),(#3885,#3886,#3887,#3888,#3889,#3890,#3891,#3892,#3893),(#3894,#3895,
#3896,#3897,#3898,#3899,#3900,#3901,#3902),(#3903,#3904,#3905,#3906,#3907,
#3908,#3909,#3910,#3911),(#3912,#3913,#3914,#3915,#3916,#3917,#3918,#3919,
#3920),(#3921,#3922,#3923,#3924,#3925,#3926,#3927,#3928,#3929),(#3930,#3931,
#3932,#3933,#3934,#3935,#3936,#3937,#3938),(#3939,#3940,#3941,#3942,#3943,
#3944,#3945,#3946,#3947),(#3948,#3949,#3950,#3951,#3952,#3953,#3954,#3955,
#3956),(#3957,#3958,#3959,#3960,#3961,#3962,#3963,#3964,#3965),(#3966,#3967,
#3968,#3969,#3970,#3971,#3972,#3973,#3974),(#3975,#3976,#3977,#3978,#3979,
#3980,#3981,#3982,#3983),(#3984,#3985,#3986,#3987,#3988,#3989,#3990,#3991,
#3992),(#3993,#3994,#3995,#3996,#3997,#3998,#3999,#4000,#4001),(#4002,#4003,
#4004,#4005,#4006,#4007,#4008,#4009,#4010),(#4011,#4012,#4013,#4014,#4015,
#4016,#4017,#4018,#4019),(#4020,#4021,#4022,#4023,#4024,#4025,#4026,#4027,
#4028),(#4029,#4030,#4031,#4032,#4033,#4034,#4035,#4036,#4037),(#4038,#4039,
#4040,#4041,#4042,#4043,#4044,#4045,#4046),(#4047,#4048,#4049,#4050,#4051,
#4052,#4053,#4054,#4055),(#4056,#4057,#4058,#4059,#4060,#4061,#4062,#4063,
#4064),(#4065,#4066,#4067,#4068,#4069,#4070,#4071,#4072,#4073),(#4074,#4075,
#4076,#4077,#4078,#4079,#4080,#4081,#4082),(#4083,#4084,#4085,#4086,#4087,
#4088,#4089,#4090,#4091),(#4092,#4093,#4094,#4095,#4096,#4097,#4098,#4099,
#4100),(#4101,#4102,#4103,#4104,#4105,#4106,#4107,#4108,#4109),(#4110,#4111,
#4112,#4113,#4114,#4115,#4116,#4117,#4118),(#4119,#4120,#4121,#4122,#4123,
#4124,#4125,#4126,#4127),(#4128,#4129,#4130,#4131,#4132,#4133,#4134,#4135,
#4136),(#4137,#4138,#4139,#4140,#4141,#4142,#4143,#4144,#4145),(#4146,#4147,
#4148,#4149,#4150,#4151,#4152,#4153,#4154),(#4155,#4156,#4157,#4158,#4159,
#4160,#4161,#4162,#4163),(#4164,#4165,#4166,#4167,#4168,#4169,#4170,#4171,
#4172),(#4173,#4174,#4175,#4176,#4177,#4178,#4179,#4180,#4181),(#4182,#4183,
#4184,#4185,#4186,#4187,#4188,#4189,#4190),(#4191,#4192,#4193,#4194,#4195,
#4196,#4197,#4198,#4199),(#4200,#4201,#4202,#4203,#4204,#4205,#4206,#4207,
#4208),(#4209,#4210,#4211,#4212,#4213,#4214,#4215,#4216,#4217),(#4218,#4219,
#4220,#4221,#4222,#4223,#4224,#4225,#4226),(#4227,#4228,#4229,#4230,#4231,
#4232,#4233,#4234,#4235),(#4236,#4237,#4238,#4239,#4240,#4241,#4242,#4243,
#4244),(#4245,#4246,#4247,#4248,#4249,#4250,#4251,#4252,#4253),(#4254,#4255,
#4256,#4257,#4258,#4259,#4260,#4261,#4262),(#4263,#4264,#4265,#4266,#4267,
#4268,#4269,#4270,#4271),(#4272,#4273,#4274,#4275,#4276,#4277,#4278,#4279,
#4280),(#4281,#4282,#4283,#4284,#4285,#4286,#4287,#4288,#4289),(#4290,#4291,
#4292,#4293,#4294,#4295,#4296,#4297,#4298),(#4299,#4300,#4301,#4302,#4303,
#4304,#4305,#4306,#4307),(#4308,#4309,#4310,#4311,#4312,#4313,#4314,#4315,
#4316),(#4317,#4318,#4319,#4320,#4321,#4322,#4323,#4324,#4325),(#4326,#4327,
#4328,#4329,#4330,#4331,#4332,#4333,#4334),(#4335,#4336,#4337,#4338,#4339,
#4340,#4341,#4342,#4343),(#4344,#4345,#4346,#4347,#4348,#4349,#4350,#4351,
#4352),(#4353,#4354,#4355,#4356,#4357,#4358,#4359,#4360,#4361),(#4362,#4363,
#4364,#4365,#4366,#4367,#4368,#4369,#4370),(#4371,#4372,#4373,#4374,#4375,
#4376,#4377,#4378,#4379),(#4380,#4381,#4382,#4383,#4384,#4385,#4386,#4387,
#4388),(#4389,#4390,#4391,#4392,#4393,#4394,#4395,#4396,#4397),(#4398,#4399,
#4400,#4401,#4402,#4403,#4404,#4405,#4406),(#4407,#4408,#4409,#4410,#4411,
#4412,#4413,#4414,#4415),(#4416,#4417,#4418,#4419,#4420,#4421,#4422,#4423,
#4424),(#4425,#4426,#4427,#4428,#4429,#4430,#4431,#4432,#4433),(#4434,#4435,
#4436,#4437,#4438,#4439,#4440,#4441,#4442),(#4443,#4444,#4445,#4446,#4447,
#4448,#4449,#4450,#4451),(#4452,#4453,#4454,#4455,#4456,#4457,#4458,#4459,
#4460),(#4461,#4462,#4463,#4464,#4465,#4466,#4467,#4468,#4469),(#4470,#4471,
#4472,#4473,#4474,#4475,#4476,#4477,#4478),(#4479,#4480,#4481,#4482,#4483,
#4484,#4485,#4486,#4487),(#4488,#4489,#4490,#4491,#4492,#4493,#4494,#4495,
#4496),(#4497,#4498,#4499,#4500,#4501,#4502,#4503,#4504,#4505),(#4506,#4507,
#4508,#4509,#4510,#4511,#4512,#4513,#4514),(#4515,#4516,#4517,#4518,#4519,
#4520,#4521,#4522,#4523),(#4524,#4525,#4526,#4527,#4528,#4529,#4530,#4531,
#4532),(#4533,#4534,#4535,#4536,#4537,#4538,#4539,#4540,#4541),(#4542,#4543,
#4544,#4545,#4546,#4547,#4548,#4549,#4550),(#4551,#4552,#4553,#4554,#4555,
#4556,#4557,#4558,#4559),(#4560,#4561,#4562,#4563,#4564,#4565,#4566,#4567,
#4568),(#4569,#4570,#4571,#4572,#4573,#4574,#4575,#4576,#4577),(#4578,#4579,
#4580,#4581,#4582,#4583,#4584,#4585,#4586),(#4587,#4588,#4589,#4590,#4591,
#4592,#4593,#4594,#4595),(#4596,#4597,#4598,#4599,#4600,#4601,#4602,#4603,
#4604),(#4605,#4606,#4607,#4608,#4609,#4610,#4611,#4612,#4613),(#4614,#4615,
#4616,#4617,#4618,#4619,#4620,#4621,#4622),(#4623,#4624,#4625,#4626,#4627,
#4628,#4629,#4630,#4631),(#4632,#4633,#4634,#4635,#4636,#4637,#4638,#4639,
#4640),(#4641,#4642,#4643,#4644,#4645,#4646,#4647,#4648,#4649),(#4650,#4651,
#4652,#4653,#4654,#4655,#4656,#4657,#4658),(#4659,#4660,#4661,#4662,#4663,
#4664,#4665,#4666,#4667),(#4668,#4669,#4670,#4671,#4672,#4673,#4674,#4675,
#4676),(#4677,#4678,#4679,#4680,#4681,#4682,#4683,#4684,#4685),(#4686,#4687,
#4688,#4689,#4690,#4691,#4692,#4693,#4694),(#4695,#4696,#4697,#4698,#4699,
#4700,#4701,#4702,#4703),(#4704,#4705,#4706,#4707,#4708,#4709,#4710,#4711,
#4712),(#4713,#4714,#4715,#4716,#4717,#4718,#4719,#4720,#4721),(#4722,#4723,
#4724,#4725,#4726,#4727,#4728,#4729,#4730),(#4731,#4732,#4733,#4734,#4735,
#4736,#4737,#4738,#4739),(#4740,#4741,#4742,#4743,#4744,#4745,#4746,#4747,
#4748),(#4749,#4750,#4751,#4752,#4753,#4754,#4755,#4756,#4757),(#4758,#4759,
#4760,#4761,#4762,#4763,#4764,#4765,#4766),(#4767,#4768,#4769,#4770,#4771,
#4772,#4773,#4774,#4775),(#4776,#4777,#4778,#4779,#4780,#4781,#4782,#4783,
#4784),(#4785,#4786,#4787,#4788,#4789,#4790,#4791,#4792,#4793),(#4794,#4795,
#4796,#4797,#4798,#4799,#4800,#4801,#4802),(#4803,#4804,#4805,#4806,#4807,
#4808,#4809,#4810,#4811),(#4812,#4813,#4814,#4815,#4816,#4817,#4818,#4819,
#4820),(#4821,#4822,#4823,#4824,#4825,#4826,#4827,#4828,#4829),(#4830,#4831,
#4832,#4833,#4834,#4835,#4836,#4837,#4838),(#4839,#4840,#4841,#4842,#4843,
#4844,#4845,#4846,#4847),(#4848,#4849,#4850,#4851,#4852,#4853,#4854,#4855,
#4856),(#4857,#4858,#4859,#4860,#4861,#4862,#4863,#4864,#4865),(#4866,#4867,
#4868,#4869,#4870,#4871,#4872,#4873,#4874),(#4875,#4876,#4877,#4878,#4879,
#4880,#4881,#4882,#4883),(#4884,#4885,#4886,#4887,#4888,#4889,#4890,#4891,
#4892),(#4893,#4894,#4895,#4896,#4897,#4898,#4899,#4900,#4901),(#4902,#4903,
#4904,#4905,#4906,#4907,#4908,#4909,#4910),(#4911,#4912,#4913,#4914,#4915,
#4916,#4917,#4918,#4919),(#4920,#4921,#4922,#4923,#4924,#4925,#4926,#4927,
#4928),(#4929,#4930,#4931,#4932,#4933,#4934,#4935,#4936,#4937),(#4938,#4939,
#4940,#4941,#4942,#4943,#4944,#4945,#4946),(#4947,#4948,#4949,#4950,#4951,
#4952,#4953,#4954,#4955),(#4956,#4957,#4958,#4959,#4960,#4961,#4962,#4963,
#4964),(#4965,#4966,#4967,#4968,#4969,#4970,#4971,#4972,#4973),(#4974,#4975,
#4976,#4977,#4978,#4979,#4980,#4981,#4982),(#4983,#4984,#4985,#4986,#4987,
#4988,#4989,#4990,#4991),(#4992,#4993,#4994,#4995,#4996,#4997,#4998,#4999,
#5000),(#5001,#5002,#5003,#5004,#5005,#5006,#5007,#5008,#5009),(#5010,#5011,
#5012,#5013,#5014,#5015,#5016,#5017,#5018),(#5019,#5020,#5021,#5022,#5023,
#5024,#5025,#5026,#5027),(#5028,#5029,#5030,#5031,#5032,#5033,#5034,#5035,
#5036),(#5037,#5038,#5039,#5040,#5041,#5042,#5043,#5044,#5045),(#5046,#5047,
#5048,#5049,#5050,#5051,#5052,#5053,#5054),(#5055,#5056,#5057,#5058,#5059,
#5060,#5061,#5062,#5063),(#5064,#5065,#5066,#5067,#5068,#5069,#5070,#5071,
#5072),(#5073,#5074,#5075,#5076,#5077,#5078,#5079,#5080,#5081),(#5082,#5083,
#5084,#5085,#5086,#5087,#5088,#5089,#5090),(#5091,#5092,#5093,#5094,#5095,
#5096,#5097,#5098,#5099),(#5100,#5101,#5102,#5103,#5104,#5105,#5106,#5107,
#5108),(#5109,#5110,#5111,#5112,#5113,#5114,#5115,#5116,#5117),(#5118,#5119,
#5120,#5121,#5122,#5123,#5124,#5125,#5126),(#5127,#5128,#5129,#5130,#5131,
#5132,#5133,#5134,#5135),(#5136,#5137,#5138,#5139,#5140,#5141,#5142,#5143,
#5144),(#5145,#5146,#5147,#5148,#5149,#5150,#5151,#5152,#5153),(#5154,#5155,
#5156,#5157,#5158,#5159,#5160,#5161,#5162),(#5163,#5164,#5165,#5166,#5167,
#5168,#5169,#5170,#5171),(#5172,#5173,#5174,#5175,#5176,#5177,#5178,#5179,
#5180),(#5181,#5182,#5183,#5184,#5185,#5186,#5187,#5188,#5189),(#5190,#5191,
#5192,#5193,#5194,#5195,#5196,#5197,#5198),(#5199,#5200,#5201,#5202,#5203,
#5204,#5205,#5206,#5207),(#5208,#5209,#5210,#5211,#5212,#5213,#5214,#5215,
#5216),(#5217,#5218,#5219,#5220,#5221,#5222,#5223,#5224,#5225),(#5226,#5227,
#5228,#5229,#5230,#5231,#5232,#5233,#5234),(#5235,#5236,#5237,#5238,#5239,
#5240,#5241,#5242,#5243),(#5244,#5245,#5246,#5247,#5248,#5249,#5250,#5251,
#5252),(#5253,#5254,#5255,#5256,#5257,#5258,#5259,#5260,#5261),(#5262,#5263,
#5264,#5265,#5266,#5267,#5268,#5269,#5270),(#5271,#5272,#5273,#5274,#5275,
#5276,#5277,#5278,#5279),(#5280,#5281,#5282,#5283,#5284,#5285,#5286,#5287,
#5288),(#5289,#5290,#5291,#5292,#5293,#5294,#5295,#5296,#5297),(#5298,#5299,
#5300,#5301,#5302,#5303,#5304,#5305,#5306),(#5307,#5308,#5309,#5310,#5311,
#5312,#5313,#5314,#5315),(#5316,#5317,#5318,#5319,#5320,#5321,#5322,#5323,
#5324),(#5325,#5326,#5327,#5328,#5329,#5330,#5331,#5332,#5333),(#5334,#5335,
#5336,#5337,#5338,#5339,#5340,#5341,#5342),(#5343,#5344,#5345,#5346,#5347,
#5348,#5349,#5350,#5351),(#5352,#5353,#5354,#5355,#5356,#5357,#5358,#5359,
#5360),(#5361,#5362,#5363,#5364,#5365,#5366,#5367,#5368,#5369),(#5370,#5371,
#5372,#5373,#5374,#5375,#5376,#5377,#5378),(#5379,#5380,#5381,#5382,#5383,
#5384,#5385,#5386,#5387),(#5388,#5389,#5390,#5391,#5392,#5393,#5394,#5395,
#5396),(#5397,#5398,#5399,#5400,#5401,#5402,#5403,#5404,#5405),(#5406,#5407,
#5408,#5409,#5410,#5411,#5412,#5413,#5414),(#5415,#5416,#5417,#5418,#5419,
#5420,#5421,#5422,#5423),(#5424,#5425,#5426,#5427,#5428,#5429,#5430,#5431,
#5432),(#5433,#5434,#5435,#5436,#5437,#5438,#5439,#5440,#5441),(#5442,#5443,
#5444,#5445,#5446,#5447,#5448,#5449,#5450),(#5451,#5452,#5453,#5454,#5455,
#5456,#5457,#5458,#5459),(#5460,#5461,#5462,#5463,#5464,#5465,#5466,#5467,
#5468),(#5469,#5470,#5471,#5472,#5473,#5474,#5475,#5476,#5477),(#5478,#5479,
#5480,#5481,#5482,#5483,#5484,#5485,#5486),(#5487,#5488,#5489,#5490,#5491,
#5492,#5493,#5494,#5495),(#5496,#5497,#5498,#5499,#5500,#5501,#5502,#5503,
#5504),(#5505,#5506,#5507,#5508,#5509,#5510,#5511,#5512,#5513),(#5514,#5515,
#5516,#5517,#5518,#5519,#5520,#5521,#5522),(#5523,#5524,#5525,#5526,#5527,
#5528,#5529,#5530,#5531),(#5532,#5533,#5534,#5535,#5536,#5537,#5538,#5539,
#5540),(#5541,#5542,#5543,#5544,#5545,#5546,#5547,#5548,#5549),(#5550,#5551,
#5552,#5553,#5554,#5555,#5556,#5557,#5558),(#5559,#5560,#5561,#5562,#5563,
#5564,#5565,#5566,#5567),(#5568,#5569,#5570,#5571,#5572,#5573,#5574,#5575,
#5576),(#5577,#5578,#5579,#5580,#5581,#5582,#5583,#5584,#5585),(#5586,#5587,
#5588,#5589,#5590,#5591,#5592,#5593,#5594),(#5595,#5596,#5597,#5598,#5599,
#5600,#5601,#5602,#5603),(#5604,#5605,#5606,#5607,#5608,#5609,#5610,#5611,
#5612),(#5613,#5614,#5615,#5616,#5617,#5618,#5619,#5620,#5621),(#5622,#5623,
#5624,#5625,#5626,#5627,#5628,#5629,#5630),(#5631,#5632,#5633,#5634,#5635,
#5636,#5637,#5638,#5639),(#5640,#5641,#5642,#5643,#5644,#5645,#5646,#5647,
#5648),(#5649,#5650,#5651,#5652,#5653,#5654,#5655,#5656,#5657),(#5658,#5659,
#5660,#5661,#5662,#5663,#5664,#5665,#5666),(#5667,#5668,#5669,#5670,#5671,
#5672,#5673,#5674,#5675),(#5676,#5677,#5678,#5679,#5680,#5681,#5682,#5683,
#5684),(#5685,#5686,#5687,#5688,#5689,#5690,#5691,#5692,#5693),(#5694,#5695,
#5696,#5697,#5698,#5699,#5700,#5701,#5702),(#5703,#5704,#5705,#5706,#5707,
#5708,#5709,#5710,#5711),(#5712,#5713,#5714,#5715,#5716,#5717,#5718,#5719,
#5720),(#5721,#5722,#5723,#5724,#5725,#5726,#5727,#5728,#5729),(#5730,#5731,
#5732,#5733,#5734,#5735,#5736,#5737,#5738),(#5739,#5740,#5741,#5742,#5743,
#5744,#5745,#5746,#5747),(#5748,#5749,#5750,#5751,#5752,#5753,#5754,#5755,
#5756),(#5757,#5758,#5759,#5760,#5761,#5762,#5763,#5764,#5765),(#5766,#5767,
#5768,#5769,#5770,#5771,#5772,#5773,#5774),(#5775,#5776,#5777,#5778,#5779,
#5780,#5781,#5782,#5783),(#5784,#5785,#5786,#5787,#5788,#5789,#5790,#5791,
#5792),(#5793,#5794,#5795,#5796,#5797,#5798,#5799,#5800,#5801),(#5802,#5803,
#5804,#5805,#5806,#5807,#5808,#5809,#5810),(#5811,#5812,#5813,#5814,#5815,
#5816,#5817,#5818,#5819),(#5820,#5821,#5822,#5823,#5824,#5825,#5826,#5827,
#5828),(#5829,#5830,#5831,#5832,#5833,#5834,#5835,#5836,#5837),(#5838,#5839,
#5840,#5841,#5842,#5843,#5844,#5845,#5846),(#5847,#5848,#5849,#5850,#5851,
#5852,#5853,#5854,#5855),(#5856,#5857,#5858,#5859,#5860,#5861,#5862,#5863,
#5864),(#5865,#5866,#5867,#5868,#5869,#5870,#5871,#5872,#5873),(#5874,#5875,
#5876,#5877,#5878,#5879,#5880,#5881,#5882),(#5883,#5884,#5885,#5886,#5887,
#5888,#5889,#5890,#5891),(#5892,#5893,#5894,#5895,#5896,#5897,#5898,#5899,
#5900),(#5901,#5902,#5903,#5904,#5905,#5906,#5907,#5908,#5909),(#5910,#5911,
#5912,#5913,#5914,#5915,#5916,#5917,#5918),(#5919,#5920,#5921,#5922,#5923,
#5924,#5925,#5926,#5927),(#5928,#5929,#5930,#5931,#5932,#5933,#5934,#5935,
#5936),(#5937,#5938,#5939,#5940,#5941,#5942,#5943,#5944,#5945),(#5946,#5947,
#5948,#5949,#5950,#5951,#5952,#5953,#5954),(#5955,#5956,#5957,#5958,#5959,
#5960,#5961,#5962,#5963),(#5964,#5965,#5966,#5967,#5968,#5969,#5970,#5971,
#5972),(#5973,#5974,#5975,#5976,#5977,#5978,#5979,#5980,#5981),(#5982,#5983,
#5984,#5985,#5986,#5987,#5988,#5989,#5990),(#5991,#5992,#5993,#5994,#5995,
#5996,#5997,#5998,#5999),(#6000,#6001,#6002,#6003,#6004,#6005,#6006,#6007,
#6008),(#6009,#6010,#6011,#6012,#6013,#6014,#6015,#6016,#6017),(#6018,#6019,
#6020,#6021,#6022,#6023,#6024,#6025,#6026),(#6027,#6028,#6029,#6030,#6031,
#6032,#6033,#6034,#6035),(#6036,#6037,#6038,#6039,#6040,#6041,#6042,#6043,
#6044),(#6045,#6046,#6047,#6048,#6049,#6050,#6051,#6052,#6053),(#6054,#6055,
#6056,#6057,#6058,#6059,#6060,#6061,#6062),(#6063,#6064,#6065,#6066,#6067,
#6068,#6069,#6070,#6071),(#6072,#6073,#6074,#6075,#6076,#6077,#6078,#6079,
#6080),(#6081,#6082,#6083,#6084,#6085,#6086,#6087,#6088,#6089),(#6090,#6091,
#6092,#6093,#6094,#6095,#6096,#6097,#6098),(#6099,#6100,#6101,#6102,#6103,
#6104,#6105,#6106,#6107),(#6108,#6109,#6110,#6111,#6112,#6113,#6114,#6115,
#6116),(#6117,#6118,#6119,#6120,#6121,#6122,#6123,#6124,#6125),(#6126,#6127,
#6128,#6129,#6130,#6131,#6132,#6133,#6134),(#6135,#6136,#6137,#6138,#6139,
#6140,#6141,#6142,#6143),(#6144,#6145,#6146,#6147,#6148,#6149,#6150,#6151,
#6152),(#6153,#6154,#6155,#6156,#6157,#6158,#6159,#6160,#6161),(#6162,#6163,
#6164,#6165,#6166,#6167,#6168,#6169,#6170),(#6171,#6172,#6173,#6174,#6175,
#6176,#6177,#6178,#6179),(#6180,#6181,#6182,#6183,#6184,#6185,#6186,#6187,
#6188),(#6189,#6190,#6191,#6192,#6193,#6194,#6195,#6196,#6197),(#6198,#6199,
#6200,#6201,#6202,#6203,#6204,#6205,#6206),(#6207,#6208,#6209,#6210,#6211,
#6212,#6213,#6214,#6215),(#6216,#6217,#6218,#6219,#6220,#6221,#6222,#6223,
#6224),(#6225,#6226,#6227,#6228,#6229,#6230,#6231,#6232,#6233),(#6234,#6235,
#6236,#6237,#6238,#6239,#6240,#6241,#6242),(#6243,#6244,#6245,#6246,#6247,
#6248,#6249,#6250,#6251),(#6252,#6253,#6254,#6255,#6256,#6257,#6258,#6259,
#6260),(#6261,#6262,#6263,#6264,#6265,#6266,#6267,#6268,#6269),(#6270,#6271,
#6272,#6273,#6274,#6275,#6276,#6277,#6278),(#6279,#6280,#6281,#6282,#6283,
#6284,#6285,#6286,#6287),(#6288,#6289,#6290,#6291,#6292,#6293,#6294,#6295,
#6296),(#6297,#6298,#6299,#6300,#6301,#6302,#6303,#6304,#6305),(#6306,#6307,
#6308,#6309,#6310,#6311,#6312,#6313,#6314),(#6315,#6316,#6317,#6318,#6319,
#6320,#6321,#6322,#6323),(#6324,#6325,#6326,#6327,#6328,#6329,#6330,#6331,
#6332),(#6333,#6334,#6335,#6336,#6337,#6338,#6339,#6340,#6341),(#6342,#6343,
#6344,#6345,#6346,#6347,#6348,#6349,#6350),(#6351,#6352,#6353,#6354,#6355,
#6356,#6357,#6358,#6359),(#6360,#6361,#6362,#6363,#6364,#6365,#6366,#6367,
#6368),(#6369,#6370,#6371,#6372,#6373,#6374,#6375,#6376,#6377),(#6378,#6379,
#6380,#6381,#6382,#6383,#6384,#6385,#6386),(#6387,#6388,#6389,#6390,#6391,
#6392,#6393,#6394,#6395),(#6396,#6397,#6398,#6399,#6400,#6401,#6402,#6403,
#6404),(#6405,#6406,#6407,#6408,#6409,#6410,#6411,#6412,#6413),(#6414,#6415,
#6416,#6417,#6418,#6419,#6420,#6421,#6422),(#6423,#6424,#6425,#6426,#6427,
#6428,#6429,#6430,#6431),(#6432,#6433,#6434,#6435,#6436,#6437,#6438,#6439,
#6440),(#6441,#6442,#6443,#6444,#6445,#6446,#6447,#6448,#6449),(#6450,#6451,
#6452,#6453,#6454,#6455,#6456,#6457,#6458),(#6459,#6460,#6461,#6462,#6463,
#6464,#6465,#6466,#6467),(#6468,#6469,#6470,#6471,#6472,#6473,#6474,#6475,
#6476),(#6477,#6478,#6479,#6480,#6481,#6482,#6483,#6484,#6485),(#6486,#6487,
#6488,#6489,#6490,#6491,#6492,#6493,#6494),(#6495,#6496,#6497,#6498,#6499,
#6500,#6501,#6502,#6503),(#6504,#6505,#6506,#6507,#6508,#6509,#6510,#6511,
#6512),(#6513,#6514,#6515,#6516,#6517,#6518,#6519,#6520,#6521),(#6522,#6523,
#6524,#6525,#6526,#6527,#6528,#6529,#6530),(#6531,#6532,#6533,#6534,#6535,
#6536,#6537,#6538,#6539),(#6540,#6541,#6542,#6543,#6544,#6545,#6546,#6547,
#6548),(#6549,#6550,#6551,#6552,#6553,#6554,#6555,#6556,#6557),(#6558,#6559,
#6560,#6561,#6562,#6563,#6564,#6565,#6566),(#6567,#6568,#6569,#6570,#6571,
#6572,#6573,#6574,#6575),(#6576,#6577,#6578,#6579,#6580,#6581,#6582,#6583,
#6584),(#6585,#6586,#6587,#6588,#6589,#6590,#6591,#6592,#6593),(#6594,#6595,
#6596,#6597,#6598,#6599,#6600,#6601,#6602),(#6603,#6604,#6605,#6606,#6607,
#6608,#6609,#6610,#6611),(#6612,#6613,#6614,#6615,#6616,#6617,#6618,#6619,
#6620),(#6621,#6622,#6623,#6624,#6625,#6626,#6627,#6628,#6629),(#6630,#6631,
#6632,#6633,#6634,#6635,#6636,#6637,#6638),(#6639,#6640,#6641,#6642,#6643,
#6644,#6645,#6646,#6647),(#6648,#6649,#6650,#6651,#6652,#6653,#6654,#6655,
#6656),(#6657,#6658,#6659,#6660,#6661,#6662,#6663,#6664,#6665),(#6666,#6667,
#6668,#6669,#6670,#6671,#6672,#6673,#6674),(#6675,#6676,#6677,#6678,#6679,
#6680,#6681,#6682,#6683),(#6684,#6685,#6686,#6687,#6688,#6689,#6690,#6691,
#6692),(#6693,#6694,#6695,#6696,#6697,#6698,#6699,#6700,#6701),(#6702,#6703,
#6704,#6705,#6706,#6707,#6708,#6709,#6710),(#6711,#6712,#6713,#6714,#6715,
#6716,#6717,#6718,#6719),(#6720,#6721,#6722,#6723,#6724,#6725,#6726,#6727,
#6728),(#6729,#6730,#6731,#6732,#6733,#6734,#6735,#6736,#6737),(#6738,#6739,
#6740,#6741,#6742,#6743,#6744,#6745,#6746),(#6747,#6748,#6749,#6750,#6751,
#6752,#6753,#6754,#6755),(#6756,#6757,#6758,#6759,#6760,#6761,#6762,#6763,
#6764),(#6765,#6766,#6767,#6768,#6769,#6770,#6771,#6772,#6773),(#6774,#6775,
#6776,#6777,#6778,#6779,#6780,#6781,#6782),(#6783,#6784,#6785,#6786,#6787,
#6788,#6789,#6790,#6791),(#6792,#6793,#6794,#6795,#6796,#6797,#6798,#6799,
#6800),(#6801,#6802,#6803,#6804,#6805,#6806,#6807,#6808,#6809),(#6810,#6811,
#6812,#6813,#6814,#6815,#6816,#6817,#6818),(#6819,#6820,#6821,#6822,#6823,
#6824,#6825,#6826,#6827),(#6828,#6829,#6830,#6831,#6832,#6833,#6834,#6835,
#6836),(#6837,#6838,#6839,#6840,#6841,#6842,#6843,#6844,#6845),(#6846,#6847,
#6848,#6849,#6850,#6851,#6852,#6853,#6854),(#6855,#6856,#6857,#6858,#6859,
#6860,#6861,#6862,#6863),(#6864,#6865,#6866,#6867,#6868,#6869,#6870,#6871,
#6872),(#6873,#6874,#6875,#6876,#6877,#6878,#6879,#6880,#6881),(#6882,#6883,
#6884,#6885,#6886,#6887,#6888,#6889,#6890),(#6891,#6892,#6893,#6894,#6895,
#6896,#6897,#6898,#6899),(#6900,#6901,#6902,#6903,#6904,#6905,#6906,#6907,
#6908),(#6909,#6910,#6911,#6912,#6913,#6914,#6915,#6916,#6917),(#6918,#6919,
#6920,#6921,#6922,#6923,#6924,#6925,#6926),(#6927,#6928,#6929,#6930,#6931,
#6932,#6933,#6934,#6935),(#6936,#6937,#6938,#6939,#6940,#6941,#6942,#6943,
#6944),(#6945,#6946,#6947,#6948,#6949,#6950,#6951,#6952,#6953),(#6954,#6955,
#6956,#6957,#6958,#6959,#6960,#6961,#6962),(#6963,#6964,#6965,#6966,#6967,
#6968,#6969,#6970,#6971),(#6972,#6973,#6974,#6975,#6976,#6977,#6978,#6979,
#6980),(#6981,#6982,#6983,#6984,#6985,#6986,#6987,#6988,#6989),(#6990,#6991,
#6992,#6993,#6994,#6995,#6996,#6997,#6998),(#6999,#7000,#7001,#7002,#7003,
#7004,#7005,#7006,#7007),(#7008,#7009,#7010,#7011,#7012,#7013,#7014,#7015,
#7016),(#7017,#7018,#7019,#7020,#7021,#7022,#7023,#7024,#7025),(#7026,#7027,
#7028,#7029,#7030,#7031,#7032,#7033,#7034),(#7035,#7036,#7037,#7038,#7039,
#7040,#7041,#7042,#7043),(#7044,#7045,#7046,#7047,#7048,#7049,#7050,#7051,
#7052),(#7053,#7054,#7055,#7056,#7057,#7058,#7059,#7060,#7061),(#7062,#7063,
#7064,#7065,#7066,#7067,#7068,#7069,#7070),(#7071,#7072,#7073,#7074,#7075,
#7076,#7077,#7078,#7079),(#7080,#7081,#7082,#7083,#7084,#7085,#7086,#7087,
#7088),(#7089,#7090,#7091,#7092,#7093,#7094,#7095,#7096,#7097),(#7098,#7099,
#7100,#7101,#7102,#7103,#7104,#7105,#7106),(#7107,#7108,#7109,#7110,#7111,
#7112,#7113,#7114,#7115),(#7116,#7117,#7118,#7119,#7120,#7121,#7122,#7123,
#7124),(#7125,#7126,#7127,#7128,#7129,#7130,#7131,#7132,#7133),(#7134,#7135,
#7136,#7137,#7138,#7139,#7140,#7141,#7142),(#7143,#7144,#7145,#7146,#7147,
#7148,#7149,#7150,#7151),(#7152,#7153,#7154,#7155,#7156,#7157,#7158,#7159,
#7160),(#7161,#7162,#7163,#7164,#7165,#7166,#7167,#7168,#7169),(#7170,#7171,
#7172,#7173,#7174,#7175,#7176,#7177,#7178),(#7179,#7180,#7181,#7182,#7183,
#7184,#7185,#7186,#7187),(#7188,#7189,#7190,#7191,#7192,#7193,#7194,#7195,
#7196),(#7197,#7198,#7199,#7200,#7201,#7202,#7203,#7204,#7205),(#7206,#7207,
#7208,#7209,#7210,#7211,#7212,#7213,#7214),(#7215,#7216,#7217,#7218,#7219,
#7220,#7221,#7222,#7223),(#7224,#7225,#7226,#7227,#7228,#7229,#7230,#7231,
#7232),(#7233,#7234,#7235,#7236,#7237,#7238,#7239,#7240,#7241),(#7242,#7243,
#7244,#7245,#7246,#7247,#7248,#7249,#7250),(#7251,#7252,#7253,#7254,#7255,
#7256,#7257,#7258,#7259),(#7260,#7261,#7262,#7263,#7264,#7265,#7266,#7267,
#7268),(#7269,#7270,#7271,#7272,#7273,#7274,#7275,#7276,#7277),(#7278,#7279,
#7280,#7281,#7282,#7283,#7284,#7285,#7286),(#7287,#7288,#7289,#7290,#7291,
#7292,#7293,#7294,#7295),(#7296,#7297,#7298,#7299,#7300,#7301,#7302,#7303,
#7304)),.UNSPECIFIED.,.F.,.T.,.F.)
B_SPLINE_SURFACE_WITH_KNOTS((6,1,1,1,1,1,1,1,1,1,1,1,1,1,1,1,1,1,1,1,1,
1,1,1,1,1,1,1,1,1,1,1,1,1,1,1,1,1,1,1,1,1,1,1,1,1,1,1,1,1,1,1,1,1,1,1,1,
1,1,1,1,1,1,1,1,1,1,1,1,1,1,1,1,1,1,1,1,1,1,1,1,1,1,1,1,1,1,1,1,1,1,1,1,
1,1,1,1,1,1,1,1,1,1,1,1,1,1,1,1,1,1,1,1,1,1,1,1,1,1,1,1,1,1,1,1,1,1,1,1,
1,1,1,1,1,1,1,1,1,1,1,1,1,1,1,1,1,1,1,1,1,1,1,1,1,1,1,1,1,1,1,1,1,1,1,1,
1,1,1,1,1,1,1,1,1,1,1,1,1,1,1,1,1,1,1,1,1,1,1,1,1,1,1,1,1,1,1,1,1,1,1,1,
1,1,1,1,1,1,1,1,1,1,1,1,1,1,1,1,1,1,1,1,1,1,1,1,1,1,1,1,1,1,1,1,1,1,1,1,
1,1,1,1,1,1,1,1,1,1,1,1,1,1,1,1,1,1,1,1,1,1,1,1,1,1,1,1,1,1,1,1,1,1,1,1,
1,1,1,1,1,1,1,1,1,1,1,1,1,1,1,1,1,1,1,1,1,1,1,1,1,1,1,1,1,1,1,1,1,1,1,1,
1,1,1,1,1,1,1,1,1,1,1,1,1,1,1,1,1,1,1,1,1,1,1,1,1,1,1,1,1,1,1,1,1,1,1,1,
1,1,1,1,1,1,1,1,1,1,1,1,1,1,1,1,1,1,1,1,1,1,1,1,1,1,1,1,1,1,1,1,1,1,1,1,
1,1,1,1,1,1,1,1,1,1,1,1,1,1,1,1,1,1,1,1,1,1,1,1,1,1,1,1,1,1,1,1,1,1,1,1,
1,1,1,1,1,1,1,1,1,1,1,1,1,1,1,1,1,1,1,1,1,1,1,1,1,1,1,1,1,1,1,1,1,1,1,1,
1,1,1,1,1,1,1,1,1,1,1,1,1,1,1,1,1,1,1,1,1,1,1,1,1,1,1,1,1,1,1,1,1,1,1,1,
1,1,1,1,1,1,1,1,1,1,1,6),(3,2,2,2,3),(0.,0.002,0.004,0.006,0.008,0.01,0.012,
0.014,0.016,0.018,0.02,0.022,0.024,0.026,0.028,0.03,0.032,0.034,0.036,0.038,
0.04,0.042,0.044,0.046,0.048,0.05,0.052,0.054,0.056,0.058,0.06,0.062,0.064,
0.066,0.068,0.07,0.0720000000000001,0.0740000000000001,0.0760000000000001,
0.0780000000000001,0.0800000000000001,0.0820000000000001,0.0840000000000001,
0.0860000000000001,0.0880000000000001,0.0900000000000001,0.0920000000000001,
0.0940000000000001,0.0960000000000001,0.0980000000000001,0.1,0.102,0.104,
0.106,0.108,0.11,0.112,0.114,0.116,0.118,0.12,0.122,0.124,0.126,0.128,0.13,
0.132,0.134,0.136,0.138,0.14,0.142,0.144,0.146,0.148,0.15,0.152,0.154,0.156,
0.158,0.16,0.162,0.164,0.166,0.168,0.17,0.172,0.174,0.176,0.178,0.18,0.182,
0.184,0.186,0.188,0.19,0.192,0.194,0.196,0.198,0.2,0.202,0.204,0.206,0.208,
0.21,0.212,0.214,0.216,0.218,0.22,0.222,0.224,0.226,0.228,0.23,0.232,0.234,
0.236,0.238,0.24,0.242,0.244,0.246,0.248,0.25,0.252,0.254,0.256,0.258,0.26,
0.262,0.264,0.266,0.268,0.27,0.272,0.274,0.276,0.278,0.28,0.282,0.284,0.286,
0.288,0.29,0.292,0.294,0.296,0.298,0.3,0.302,0.304,0.306,0.308,0.31,0.312,
0.314,0.316,0.318,0.32,0.322,0.324,0.326,0.328,0.33,0.332,0.334,0.336,0.338,
0.34,0.342,0.344,0.346,0.348,0.35,0.352,0.354,0.356,0.358,0.36,0.362,0.364,
0.366,0.368,0.37,0.372,0.374,0.376,0.378,0.38,0.382,0.384,0.386,0.388,0.39,
0.392,0.394,0.396,0.398,0.4,0.402,0.404,0.406,0.408,0.41,0.412,0.414,0.416,
0.418,0.42,0.422,0.424,0.426,0.428,0.43,0.432,0.434,0.436,0.438,0.44,0.442,
0.444,0.446,0.448,0.45,0.452,0.454,0.456,0.458,0.46,0.462,0.464,0.466,0.468,
0.47,0.472,0.474,0.476,0.478,0.48,0.482,0.484,0.486,0.488,0.49,0.492,0.494,
0.496,0.498,0.5,0.502,0.504,0.506,0.508,0.51,0.512,0.514,0.516,0.518,0.52,
0.522,0.524,0.526,0.528,0.53,0.532,0.534,0.536,0.538,0.54,0.542,0.544,0.546,
0.548,0.55,0.552,0.554,0.556,0.558,0.56,0.562,0.564,0.566,0.568,0.57,0.572,
0.574,0.576,0.578,0.58,0.582,0.584,0.586,0.588,0.59,0.592,0.594,0.596,0.598,
0.6,0.602,0.604,0.606,0.608,0.61,0.612,0.614,0.616,0.618,0.62,0.622,0.624,
0.626,0.628,0.63,0.632,0.634,0.636,0.638,0.64,0.642,0.644,0.646,0.648,0.65,
0.652,0.654,0.656,0.658,0.66,0.662,0.664,0.666,0.668,0.67,0.672,0.674,0.676,
0.678,0.68,0.682,0.684,0.686,0.688000000000001,0.690000000000001,0.692000000000001,
0.694000000000001,0.696000000000001,0.698000000000001,0.700000000000001,
0.702000000000001,0.704000000000001,0.706000000000001,0.708000000000001,
0.710000000000001,0.712000000000001,0.714000000000001,0.716000000000001,
0.718000000000001,0.720000000000001,0.722000000000001,0.724000000000001,
0.726000000000001,0.728000000000001,0.730000000000001,0.732000000000001,
0.734000000000001,0.736000000000001,0.738000000000001,0.740000000000001,
0.742000000000001,0.744000000000001,0.746000000000001,0.748000000000001,
0.750000000000001,0.752000000000001,0.754000000000001,0.756000000000001,
0.758000000000001,0.760000000000001,0.762000000000001,0.764000000000001,
0.766000000000001,0.768000000000001,0.770000000000001,0.772000000000001,
0.774000000000001,0.776000000000001,0.778000000000001,0.780000000000001,
0.782000000000001,0.784000000000001,0.786000000000001,0.788000000000001,
0.790000000000001,0.792000000000001,0.794000000000001,0.796000000000001,
0.798000000000001,0.800000000000001,0.802000000000001,0.804000000000001,
0.806000000000001,0.808000000000001,0.810000000000001,0.812000000000001,
0.814000000000001,0.816000000000001,0.818000000000001,0.820000000000001,
0.822000000000001,0.824000000000001,0.826000000000001,0.828000000000001,
0.830000000000001,0.832000000000001,0.834000000000001,0.836000000000001,
0.838000000000001,0.840000000000001,0.842000000000001,0.844000000000001,
0.846000000000001,0.848000000000001,0.850000000000001,0.852000000000001,
0.854000000000001,0.856000000000001,0.858000000000001,0.860000000000001,
0.862000000000001,0.864000000000001,0.866000000000001,0.868000000000001,
0.870000000000001,0.872000000000001,0.874000000000001,0.876000000000001,
0.878000000000001,0.880000000000001,0.882000000000001,0.884000000000001,
0.886000000000001,0.888000000000001,0.890000000000001,0.892000000000001,
0.894000000000001,0.896000000000001,0.898000000000001,0.900000000000001,
0.902000000000001,0.904000000000001,0.906000000000001,0.908000000000001,
0.910000000000001,0.912000000000001,0.914000000000001,0.916000000000001,
0.918000000000001,0.920000000000001,0.922000000000001,0.924000000000001,
0.926000000000001,0.928000000000001,0.930000000000001,0.932000000000001,
0.934000000000001,0.936000000000001,0.938000000000001,0.940000000000001,
0.942000000000001,0.944000000000001,0.946000000000001,0.948000000000001,
0.950000000000001,0.952000000000001,0.954000000000001,0.956000000000001,
0.958000000000001,0.960000000000001,0.962000000000001,0.964000000000001,
0.966000000000001,0.968000000000001,0.970000000000001,0.972000000000001,
0.974000000000001,0.976000000000001,0.978000000000001,0.980000000000001,
0.982000000000001,0.984000000000001,0.986000000000001,0.988000000000001,
0.990000000000001,0.992000000000001,0.994000000000001,0.996000000000001,
0.998000000000001,1.),(0.,1.5707963267949,3.14159265358979,4.71238898038469,
6.28318530717959),.UNSPECIFIED.)
GEOMETRIC_REPRESENTATION_ITEM()
RATIONAL_B_SPLINE_SURFACE(((1.,0.707106781186548,1.,0.707106781186548,1.,
0.707106781186548,1.,0.707106781186548,1.),(1.,0.707106781186548,1.,0.707106781186548,
1.,0.707106781186548,1.,0.707106781186548,1.),(1.,0.707106781186548,1.,
0.707106781186548,1.,0.707106781186548,1.,0.707106781186548,1.),(1.,0.707106781186548,
1.,0.707106781186548,1.,0.707106781186548,1.,0.707106781186548,1.),(1.,
0.707106781186548,1.,0.707106781186548,1.,0.707106781186548,1.,0.707106781186548,
1.),(1.,0.707106781186548,1.,0.707106781186548,1.,0.707106781186548,1.,
0.707106781186548,1.),(1.,0.707106781186548,1.,0.707106781186548,1.,0.707106781186548,
1.,0.707106781186548,1.),(1.,0.707106781186548,1.,0.707106781186548,1.,
0.707106781186548,1.,0.707106781186548,1.),(1.,0.707106781186548,1.,0.707106781186548,
1.,0.707106781186548,1.,0.707106781186548,1.),(1.,0.707106781186548,1.,
0.707106781186548,1.,0.707106781186548,1.,0.707106781186548,1.),(1.,0.707106781186548,
1.,0.707106781186548,1.,0.707106781186548,1.,0.707106781186548,1.),(1.,
0.707106781186548,1.,0.707106781186548,1.,0.707106781186548,1.,0.707106781186548,
1.),(1.,0.707106781186548,1.,0.707106781186548,1.,0.707106781186548,1.,
0.707106781186548,1.),(1.,0.707106781186548,1.,0.707106781186548,1.,0.707106781186548,
1.,0.707106781186548,1.),(1.,0.707106781186548,1.,0.707106781186548,1.,
0.707106781186548,1.,0.707106781186548,1.),(1.,0.707106781186548,1.,0.707106781186548,
1.,0.707106781186548,1.,0.707106781186548,1.),(1.,0.707106781186548,1.,
0.707106781186548,1.,0.707106781186548,1.,0.707106781186548,1.),(1.,0.707106781186548,
1.,0.707106781186548,1.,0.707106781186548,1.,0.707106781186548,1.),(1.,
0.707106781186548,1.,0.707106781186548,1.,0.707106781186548,1.,0.707106781186548,
1.),(1.,0.707106781186548,1.,0.707106781186548,1.,0.707106781186548,1.,
0.707106781186548,1.),(1.,0.707106781186548,1.,0.707106781186548,1.,0.707106781186548,
1.,0.707106781186548,1.),(1.,0.707106781186548,1.,0.707106781186548,1.,
0.707106781186548,1.,0.707106781186548,1.),(1.,0.707106781186548,1.,0.707106781186548,
1.,0.707106781186548,1.,0.707106781186548,1.),(1.,0.707106781186548,1.,
0.707106781186548,1.,0.707106781186548,1.,0.707106781186548,1.),(1.,0.707106781186548,
1.,0.707106781186548,1.,0.707106781186548,1.,0.707106781186548,1.),(1.,
0.707106781186548,1.,0.707106781186548,1.,0.707106781186548,1.,0.707106781186548,
1.),(1.,0.707106781186548,1.,0.707106781186548,1.,0.707106781186548,1.,
0.707106781186548,1.),(1.,0.707106781186548,1.,0.707106781186548,1.,0.707106781186548,
1.,0.707106781186548,1.),(1.,0.707106781186548,1.,0.707106781186548,1.,
0.707106781186548,1.,0.707106781186548,1.),(1.,0.707106781186548,1.,0.707106781186548,
1.,0.707106781186548,1.,0.707106781186548,1.),(1.,0.707106781186548,1.,
0.707106781186548,1.,0.707106781186548,1.,0.707106781186548,1.),(1.,0.707106781186548,
1.,0.707106781186548,1.,0.707106781186548,1.,0.707106781186548,1.),(1.,
0.707106781186548,1.,0.707106781186548,1.,0.707106781186548,1.,0.707106781186548,
1.),(1.,0.707106781186548,1.,0.707106781186548,1.,0.707106781186548,1.,
0.707106781186548,1.),(1.,0.707106781186548,1.,0.707106781186548,1.,0.707106781186548,
1.,0.707106781186548,1.),(1.,0.707106781186548,1.,0.707106781186548,1.,
0.707106781186548,1.,0.707106781186548,1.),(1.,0.707106781186548,1.,0.707106781186548,
1.,0.707106781186548,1.,0.707106781186548,1.),(1.,0.707106781186548,1.,
0.707106781186548,1.,0.707106781186548,1.,0.707106781186548,1.),(1.,0.707106781186548,
1.,0.707106781186548,1.,0.707106781186548,1.,0.707106781186548,1.),(1.,
0.707106781186548,1.,0.707106781186548,1.,0.707106781186548,1.,0.707106781186548,
1.),(1.,0.707106781186548,1.,0.707106781186548,1.,0.707106781186548,1.,
0.707106781186548,1.),(1.,0.707106781186548,1.,0.707106781186548,1.,0.707106781186548,
1.,0.707106781186548,1.),(1.,0.707106781186548,1.,0.707106781186548,1.,
0.707106781186548,1.,0.707106781186548,1.),(1.,0.707106781186548,1.,0.707106781186548,
1.,0.707106781186548,1.,0.707106781186548,1.),(1.,0.707106781186548,1.,
0.707106781186548,1.,0.707106781186548,1.,0.707106781186548,1.),(1.,0.707106781186548,
1.,0.707106781186548,1.,0.707106781186548,1.,0.707106781186548,1.),(1.,
0.707106781186548,1.,0.707106781186548,1.,0.707106781186548,1.,0.707106781186548,
1.),(1.,0.707106781186548,1.,0.707106781186548,1.,0.707106781186548,1.,
0.707106781186548,1.),(1.,0.707106781186548,1.,0.707106781186548,1.,0.707106781186548,
1.,0.707106781186548,1.),(1.,0.707106781186548,1.,0.707106781186548,1.,
0.707106781186548,1.,0.707106781186548,1.),(1.,0.707106781186548,1.,0.707106781186548,
1.,0.707106781186548,1.,0.707106781186548,1.),(1.,0.707106781186548,1.,
0.707106781186548,1.,0.707106781186548,1.,0.707106781186548,1.),(1.,0.707106781186548,
1.,0.707106781186548,1.,0.707106781186548,1.,0.707106781186548,1.),(1.,
0.707106781186548,1.,0.707106781186548,1.,0.707106781186548,1.,0.707106781186548,
1.),(1.,0.707106781186548,1.,0.707106781186548,1.,0.707106781186548,1.,
0.707106781186548,1.),(1.,0.707106781186548,1.,0.707106781186548,1.,0.707106781186548,
1.,0.707106781186548,1.),(1.,0.707106781186548,1.,0.707106781186548,1.,
0.707106781186548,1.,0.707106781186548,1.),(1.,0.707106781186548,1.,0.707106781186548,
1.,0.707106781186548,1.,0.707106781186548,1.),(1.,0.707106781186548,1.,
0.707106781186548,1.,0.707106781186548,1.,0.707106781186548,1.),(1.,0.707106781186548,
1.,0.707106781186548,1.,0.707106781186548,1.,0.707106781186548,1.),(1.,
0.707106781186548,1.,0.707106781186548,1.,0.707106781186548,1.,0.707106781186548,
1.),(1.,0.707106781186548,1.,0.707106781186548,1.,0.707106781186548,1.,
0.707106781186548,1.),(1.,0.707106781186548,1.,0.707106781186548,1.,0.707106781186548,
1.,0.707106781186548,1.),(1.,0.707106781186548,1.,0.707106781186548,1.,
0.707106781186548,1.,0.707106781186548,1.),(1.,0.707106781186548,1.,0.707106781186548,
1.,0.707106781186548,1.,0.707106781186548,1.),(1.,0.707106781186548,1.,
0.707106781186548,1.,0.707106781186548,1.,0.707106781186548,1.),(1.,0.707106781186548,
1.,0.707106781186548,1.,0.707106781186548,1.,0.707106781186548,1.),(1.,
0.707106781186548,1.,0.707106781186548,1.,0.707106781186548,1.,0.707106781186548,
1.),(1.,0.707106781186548,1.,0.707106781186548,1.,0.707106781186548,1.,
0.707106781186548,1.),(1.,0.707106781186548,1.,0.707106781186548,1.,0.707106781186548,
1.,0.707106781186548,1.),(1.,0.707106781186548,1.,0.707106781186548,1.,
0.707106781186548,1.,0.707106781186548,1.),(1.,0.707106781186548,1.,0.707106781186548,
1.,0.707106781186548,1.,0.707106781186548,1.),(1.,0.707106781186548,1.,
0.707106781186548,1.,0.707106781186548,1.,0.707106781186548,1.),(1.,0.707106781186548,
1.,0.707106781186548,1.,0.707106781186548,1.,0.707106781186548,1.),(1.,
0.707106781186548,1.,0.707106781186548,1.,0.707106781186548,1.,0.707106781186548,
1.),(1.,0.707106781186548,1.,0.707106781186548,1.,0.707106781186548,1.,
0.707106781186548,1.),(1.,0.707106781186548,1.,0.707106781186548,1.,0.707106781186548,
1.,0.707106781186548,1.),(1.,0.707106781186548,1.,0.707106781186548,1.,
0.707106781186548,1.,0.707106781186548,1.),(1.,0.707106781186548,1.,0.707106781186548,
1.,0.707106781186548,1.,0.707106781186548,1.),(1.,0.707106781186548,1.,
0.707106781186548,1.,0.707106781186548,1.,0.707106781186548,1.),(1.,0.707106781186548,
1.,0.707106781186548,1.,0.707106781186548,1.,0.707106781186548,1.),(1.,
0.707106781186548,1.,0.707106781186548,1.,0.707106781186548,1.,0.707106781186548,
1.),(1.,0.707106781186548,1.,0.707106781186548,1.,0.707106781186548,1.,
0.707106781186548,1.),(1.,0.707106781186548,1.,0.707106781186548,1.,0.707106781186548,
1.,0.707106781186548,1.),(1.,0.707106781186548,1.,0.707106781186548,1.,
0.707106781186548,1.,0.707106781186548,1.),(1.,0.707106781186548,1.,0.707106781186548,
1.,0.707106781186548,1.,0.707106781186548,1.),(1.,0.707106781186548,1.,
0.707106781186548,1.,0.707106781186548,1.,0.707106781186548,1.),(1.,0.707106781186548,
1.,0.707106781186548,1.,0.707106781186548,1.,0.707106781186548,1.),(1.,
0.707106781186548,1.,0.707106781186548,1.,0.707106781186548,1.,0.707106781186548,
1.),(1.,0.707106781186548,1.,0.707106781186548,1.,0.707106781186548,1.,
0.707106781186548,1.),(1.,0.707106781186548,1.,0.707106781186548,1.,0.707106781186548,
1.,0.707106781186548,1.),(1.,0.707106781186548,1.,0.707106781186548,1.,
0.707106781186548,1.,0.707106781186548,1.),(1.,0.707106781186548,1.,0.707106781186548,
1.,0.707106781186548,1.,0.707106781186548,1.),(1.,0.707106781186548,1.,
0.707106781186548,1.,0.707106781186548,1.,0.707106781186548,1.),(1.,0.707106781186548,
1.,0.707106781186548,1.,0.707106781186548,1.,0.707106781186548,1.),(1.,
0.707106781186548,1.,0.707106781186548,1.,0.707106781186548,1.,0.707106781186548,
1.),(1.,0.707106781186548,1.,0.707106781186548,1.,0.707106781186548,1.,
0.707106781186548,1.),(1.,0.707106781186548,1.,0.707106781186548,1.,0.707106781186548,
1.,0.707106781186548,1.),(1.,0.707106781186548,1.,0.707106781186548,1.,
0.707106781186548,1.,0.707106781186548,1.),(1.,0.707106781186548,1.,0.707106781186548,
1.,0.707106781186548,1.,0.707106781186548,1.),(1.,0.707106781186548,1.,
0.707106781186548,1.,0.707106781186548,1.,0.707106781186548,1.),(1.,0.707106781186548,
1.,0.707106781186548,1.,0.707106781186548,1.,0.707106781186548,1.),(1.,
0.707106781186548,1.,0.707106781186548,1.,0.707106781186548,1.,0.707106781186548,
1.),(1.,0.707106781186548,1.,0.707106781186548,1.,0.707106781186548,1.,
0.707106781186548,1.),(1.,0.707106781186548,1.,0.707106781186548,1.,0.707106781186548,
1.,0.707106781186548,1.),(1.,0.707106781186548,1.,0.707106781186548,1.,
0.707106781186548,1.,0.707106781186548,1.),(1.,0.707106781186548,1.,0.707106781186548,
1.,0.707106781186548,1.,0.707106781186548,1.),(1.,0.707106781186548,1.,
0.707106781186548,1.,0.707106781186548,1.,0.707106781186548,1.),(1.,0.707106781186548,
1.,0.707106781186548,1.,0.707106781186548,1.,0.707106781186548,1.),(1.,
0.707106781186548,1.,0.707106781186548,1.,0.707106781186548,1.,0.707106781186548,
1.),(1.,0.707106781186548,1.,0.707106781186548,1.,0.707106781186548,1.,
0.707106781186548,1.),(1.,0.707106781186548,1.,0.707106781186548,1.,0.707106781186548,
1.,0.707106781186548,1.),(1.,0.707106781186548,1.,0.707106781186548,1.,
0.707106781186548,1.,0.707106781186548,1.),(1.,0.707106781186548,1.,0.707106781186548,
1.,0.707106781186548,1.,0.707106781186548,1.),(1.,0.707106781186548,1.,
0.707106781186548,1.,0.707106781186548,1.,0.707106781186548,1.),(1.,0.707106781186548,
1.,0.707106781186548,1.,0.707106781186548,1.,0.707106781186548,1.),(1.,
0.707106781186548,1.,0.707106781186548,1.,0.707106781186548,1.,0.707106781186548,
1.),(1.,0.707106781186548,1.,0.707106781186548,1.,0.707106781186548,1.,
0.707106781186548,1.),(1.,0.707106781186548,1.,0.707106781186548,1.,0.707106781186548,
1.,0.707106781186548,1.),(1.,0.707106781186548,1.,0.707106781186548,1.,
0.707106781186548,1.,0.707106781186548,1.),(1.,0.707106781186548,1.,0.707106781186548,
1.,0.707106781186548,1.,0.707106781186548,1.),(1.,0.707106781186548,1.,
0.707106781186548,1.,0.707106781186548,1.,0.707106781186548,1.),(1.,0.707106781186548,
1.,0.707106781186548,1.,0.707106781186548,1.,0.707106781186548,1.),(1.,
0.707106781186548,1.,0.707106781186548,1.,0.707106781186548,1.,0.707106781186548,
1.),(1.,0.707106781186548,1.,0.707106781186548,1.,0.707106781186548,1.,
0.707106781186548,1.),(1.,0.707106781186548,1.,0.707106781186548,1.,0.707106781186548,
1.,0.707106781186548,1.),(1.,0.707106781186548,1.,0.707106781186548,1.,
0.707106781186548,1.,0.707106781186548,1.),(1.,0.707106781186548,1.,0.707106781186548,
1.,0.707106781186548,1.,0.707106781186548,1.),(1.,0.707106781186548,1.,
0.707106781186548,1.,0.707106781186548,1.,0.707106781186548,1.),(1.,0.707106781186548,
1.,0.707106781186548,1.,0.707106781186548,1.,0.707106781186548,1.),(1.,
0.707106781186548,1.,0.707106781186548,1.,0.707106781186548,1.,0.707106781186548,
1.),(1.,0.707106781186548,1.,0.707106781186548,1.,0.707106781186548,1.,
0.707106781186548,1.),(1.,0.707106781186548,1.,0.707106781186548,1.,0.707106781186548,
1.,0.707106781186548,1.),(1.,0.707106781186548,1.,0.707106781186548,1.,
0.707106781186548,1.,0.707106781186548,1.),(1.,0.707106781186548,1.,0.707106781186548,
1.,0.707106781186548,1.,0.707106781186548,1.),(1.,0.707106781186548,1.,
0.707106781186548,1.,0.707106781186548,1.,0.707106781186548,1.),(1.,0.707106781186548,
1.,0.707106781186548,1.,0.707106781186548,1.,0.707106781186548,1.),(1.,
0.707106781186548,1.,0.707106781186548,1.,0.707106781186548,1.,0.707106781186548,
1.),(1.,0.707106781186548,1.,0.707106781186548,1.,0.707106781186548,1.,
0.707106781186548,1.),(1.,0.707106781186548,1.,0.707106781186548,1.,0.707106781186548,
1.,0.707106781186548,1.),(1.,0.707106781186548,1.,0.707106781186548,1.,
0.707106781186548,1.,0.707106781186548,1.),(1.,0.707106781186548,1.,0.707106781186548,
1.,0.707106781186548,1.,0.707106781186548,1.),(1.,0.707106781186548,1.,
0.707106781186548,1.,0.707106781186548,1.,0.707106781186548,1.),(1.,0.707106781186548,
1.,0.707106781186548,1.,0.707106781186548,1.,0.707106781186548,1.),(1.,
0.707106781186548,1.,0.707106781186548,1.,0.707106781186548,1.,0.707106781186548,
1.),(1.,0.707106781186548,1.,0.707106781186548,1.,0.707106781186548,1.,
0.707106781186548,1.),(1.,0.707106781186548,1.,0.707106781186548,1.,0.707106781186548,
1.,0.707106781186548,1.),(1.,0.707106781186548,1.,0.707106781186548,1.,
0.707106781186548,1.,0.707106781186548,1.),(1.,0.707106781186548,1.,0.707106781186548,
1.,0.707106781186548,1.,0.707106781186548,1.),(1.,0.707106781186548,1.,
0.707106781186548,1.,0.707106781186548,1.,0.707106781186548,1.),(1.,0.707106781186548,
1.,0.707106781186548,1.,0.707106781186548,1.,0.707106781186548,1.),(1.,
0.707106781186548,1.,0.707106781186548,1.,0.707106781186548,1.,0.707106781186548,
1.),(1.,0.707106781186548,1.,0.707106781186548,1.,0.707106781186548,1.,
0.707106781186548,1.),(1.,0.707106781186548,1.,0.707106781186548,1.,0.707106781186548,
1.,0.707106781186548,1.),(1.,0.707106781186548,1.,0.707106781186548,1.,
0.707106781186548,1.,0.707106781186548,1.),(1.,0.707106781186548,1.,0.707106781186548,
1.,0.707106781186548,1.,0.707106781186548,1.),(1.,0.707106781186548,1.,
0.707106781186548,1.,0.707106781186548,1.,0.707106781186548,1.),(1.,0.707106781186548,
1.,0.707106781186548,1.,0.707106781186548,1.,0.707106781186548,1.),(1.,
0.707106781186548,1.,0.707106781186548,1.,0.707106781186548,1.,0.707106781186548,
1.),(1.,0.707106781186548,1.,0.707106781186548,1.,0.707106781186548,1.,
0.707106781186548,1.),(1.,0.707106781186548,1.,0.707106781186548,1.,0.707106781186548,
1.,0.707106781186548,1.),(1.,0.707106781186548,1.,0.707106781186548,1.,
0.707106781186548,1.,0.707106781186548,1.),(1.,0.707106781186548,1.,0.707106781186548,
1.,0.707106781186548,1.,0.707106781186548,1.),(1.,0.707106781186548,1.,
0.707106781186548,1.,0.707106781186548,1.,0.707106781186548,1.),(1.,0.707106781186548,
1.,0.707106781186548,1.,0.707106781186548,1.,0.707106781186548,1.),(1.,
0.707106781186548,1.,0.707106781186548,1.,0.707106781186548,1.,0.707106781186548,
1.),(1.,0.707106781186548,1.,0.707106781186548,1.,0.707106781186548,1.,
0.707106781186548,1.),(1.,0.707106781186548,1.,0.707106781186548,1.,0.707106781186548,
1.,0.707106781186548,1.),(1.,0.707106781186548,1.,0.707106781186548,1.,
0.707106781186548,1.,0.707106781186548,1.),(1.,0.707106781186548,1.,0.707106781186548,
1.,0.707106781186548,1.,0.707106781186548,1.),(1.,0.707106781186548,1.,
0.707106781186548,1.,0.707106781186548,1.,0.707106781186548,1.),(1.,0.707106781186548,
1.,0.707106781186548,1.,0.707106781186548,1.,0.707106781186548,1.),(1.,
0.707106781186548,1.,0.707106781186548,1.,0.707106781186548,1.,0.707106781186548,
1.),(1.,0.707106781186548,1.,0.707106781186548,1.,0.707106781186548,1.,
0.707106781186548,1.),(1.,0.707106781186548,1.,0.707106781186548,1.,0.707106781186548,
1.,0.707106781186548,1.),(1.,0.707106781186548,1.,0.707106781186548,1.,
0.707106781186548,1.,0.707106781186548,1.),(1.,0.707106781186548,1.,0.707106781186548,
1.,0.707106781186548,1.,0.707106781186548,1.),(1.,0.707106781186548,1.,
0.707106781186548,1.,0.707106781186548,1.,0.707106781186548,1.),(1.,0.707106781186548,
1.,0.707106781186548,1.,0.707106781186548,1.,0.707106781186548,1.),(1.,
0.707106781186548,1.,0.707106781186548,1.,0.707106781186548,1.,0.707106781186548,
1.),(1.,0.707106781186548,1.,0.707106781186548,1.,0.707106781186548,1.,
0.707106781186548,1.),(1.,0.707106781186548,1.,0.707106781186548,1.,0.707106781186548,
1.,0.707106781186548,1.),(1.,0.707106781186548,1.,0.707106781186548,1.,
0.707106781186548,1.,0.707106781186548,1.),(1.,0.707106781186548,1.,0.707106781186548,
1.,0.707106781186548,1.,0.707106781186548,1.),(1.,0.707106781186548,1.,
0.707106781186548,1.,0.707106781186548,1.,0.707106781186548,1.),(1.,0.707106781186548,
1.,0.707106781186548,1.,0.707106781186548,1.,0.707106781186548,1.),(1.,
0.707106781186548,1.,0.707106781186548,1.,0.707106781186548,1.,0.707106781186548,
1.),(1.,0.707106781186548,1.,0.707106781186548,1.,0.707106781186548,1.,
0.707106781186548,1.),(1.,0.707106781186548,1.,0.707106781186548,1.,0.707106781186548,
1.,0.707106781186548,1.),(1.,0.707106781186548,1.,0.707106781186548,1.,
0.707106781186548,1.,0.707106781186548,1.),(1.,0.707106781186548,1.,0.707106781186548,
1.,0.707106781186548,1.,0.707106781186548,1.),(1.,0.707106781186548,1.,
0.707106781186548,1.,0.707106781186548,1.,0.707106781186548,1.),(1.,0.707106781186548,
1.,0.707106781186548,1.,0.707106781186548,1.,0.707106781186548,1.),(1.,
0.707106781186548,1.,0.707106781186548,1.,0.707106781186548,1.,0.707106781186548,
1.),(1.,0.707106781186548,1.,0.707106781186548,1.,0.707106781186548,1.,
0.707106781186548,1.),(1.,0.707106781186548,1.,0.707106781186548,1.,0.707106781186548,
1.,0.707106781186548,1.),(1.,0.707106781186548,1.,0.707106781186548,1.,
0.707106781186548,1.,0.707106781186548,1.),(1.,0.707106781186548,1.,0.707106781186548,
1.,0.707106781186548,1.,0.707106781186548,1.),(1.,0.707106781186548,1.,
0.707106781186548,1.,0.707106781186548,1.,0.707106781186548,1.),(1.,0.707106781186548,
1.,0.707106781186548,1.,0.707106781186548,1.,0.707106781186548,1.),(1.,
0.707106781186548,1.,0.707106781186548,1.,0.707106781186548,1.,0.707106781186548,
1.),(1.,0.707106781186548,1.,0.707106781186548,1.,0.707106781186548,1.,
0.707106781186548,1.),(1.,0.707106781186548,1.,0.707106781186548,1.,0.707106781186548,
1.,0.707106781186548,1.),(1.,0.707106781186548,1.,0.707106781186548,1.,
0.707106781186548,1.,0.707106781186548,1.),(1.,0.707106781186548,1.,0.707106781186548,
1.,0.707106781186548,1.,0.707106781186548,1.),(1.,0.707106781186548,1.,
0.707106781186548,1.,0.707106781186548,1.,0.707106781186548,1.),(1.,0.707106781186548,
1.,0.707106781186548,1.,0.707106781186548,1.,0.707106781186548,1.),(1.,
0.707106781186548,1.,0.707106781186548,1.,0.707106781186548,1.,0.707106781186548,
1.),(1.,0.707106781186548,1.,0.707106781186548,1.,0.707106781186548,1.,
0.707106781186548,1.),(1.,0.707106781186548,1.,0.707106781186548,1.,0.707106781186548,
1.,0.707106781186548,1.),(1.,0.707106781186548,1.,0.707106781186548,1.,
0.707106781186548,1.,0.707106781186548,1.),(1.,0.707106781186548,1.,0.707106781186548,
1.,0.707106781186548,1.,0.707106781186548,1.),(1.,0.707106781186548,1.,
0.707106781186548,1.,0.707106781186548,1.,0.707106781186548,1.),(1.,0.707106781186548,
1.,0.707106781186548,1.,0.707106781186548,1.,0.707106781186548,1.),(1.,
0.707106781186548,1.,0.707106781186548,1.,0.707106781186548,1.,0.707106781186548,
1.),(1.,0.707106781186548,1.,0.707106781186548,1.,0.707106781186548,1.,
0.707106781186548,1.),(1.,0.707106781186548,1.,0.707106781186548,1.,0.707106781186548,
1.,0.707106781186548,1.),(1.,0.707106781186548,1.,0.707106781186548,1.,
0.707106781186548,1.,0.707106781186548,1.),(1.,0.707106781186548,1.,0.707106781186548,
1.,0.707106781186548,1.,0.707106781186548,1.),(1.,0.707106781186548,1.,
0.707106781186548,1.,0.707106781186548,1.,0.707106781186548,1.),(1.,0.707106781186548,
1.,0.707106781186548,1.,0.707106781186548,1.,0.707106781186548,1.),(1.,
0.707106781186548,1.,0.707106781186548,1.,0.707106781186548,1.,0.707106781186548,
1.),(1.,0.707106781186548,1.,0.707106781186548,1.,0.707106781186548,1.,
0.707106781186548,1.),(1.,0.707106781186548,1.,0.707106781186548,1.,0.707106781186548,
1.,0.707106781186548,1.),(1.,0.707106781186548,1.,0.707106781186548,1.,
0.707106781186548,1.,0.707106781186548,1.),(1.,0.707106781186548,1.,0.707106781186548,
1.,0.707106781186548,1.,0.707106781186548,1.),(1.,0.707106781186548,1.,
0.707106781186548,1.,0.707106781186548,1.,0.707106781186548,1.),(1.,0.707106781186548,
1.,0.707106781186548,1.,0.707106781186548,1.,0.707106781186548,1.),(1.,
0.707106781186548,1.,0.707106781186548,1.,0.707106781186548,1.,0.707106781186548,
1.),(1.,0.707106781186548,1.,0.707106781186548,1.,0.707106781186548,1.,
0.707106781186548,1.),(1.,0.707106781186548,1.,0.707106781186548,1.,0.707106781186548,
1.,0.707106781186548,1.),(1.,0.707106781186548,1.,0.707106781186548,1.,
0.707106781186548,1.,0.707106781186548,1.),(1.,0.707106781186548,1.,0.707106781186548,
1.,0.707106781186548,1.,0.707106781186548,1.),(1.,0.707106781186548,1.,
0.707106781186548,1.,0.707106781186548,1.,0.707106781186548,1.),(1.,0.707106781186548,
1.,0.707106781186548,1.,0.707106781186548,1.,0.707106781186548,1.),(1.,
0.707106781186548,1.,0.707106781186548,1.,0.707106781186548,1.,0.707106781186548,
1.),(1.,0.707106781186548,1.,0.707106781186548,1.,0.707106781186548,1.,
0.707106781186548,1.),(1.,0.707106781186548,1.,0.707106781186548,1.,0.707106781186548,
1.,0.707106781186548,1.),(1.,0.707106781186548,1.,0.707106781186548,1.,
0.707106781186548,1.,0.707106781186548,1.),(1.,0.707106781186548,1.,0.707106781186548,
1.,0.707106781186548,1.,0.707106781186548,1.),(1.,0.707106781186548,1.,
0.707106781186548,1.,0.707106781186548,1.,0.707106781186548,1.),(1.,0.707106781186548,
1.,0.707106781186548,1.,0.707106781186548,1.,0.707106781186548,1.),(1.,
0.707106781186548,1.,0.707106781186548,1.,0.707106781186548,1.,0.707106781186548,
1.),(1.,0.707106781186548,1.,0.707106781186548,1.,0.707106781186548,1.,
0.707106781186548,1.),(1.,0.707106781186548,1.,0.707106781186548,1.,0.707106781186548,
1.,0.707106781186548,1.),(1.,0.707106781186548,1.,0.707106781186548,1.,
0.707106781186548,1.,0.707106781186548,1.),(1.,0.707106781186548,1.,0.707106781186548,
1.,0.707106781186548,1.,0.707106781186548,1.),(1.,0.707106781186548,1.,
0.707106781186548,1.,0.707106781186548,1.,0.707106781186548,1.),(1.,0.707106781186548,
1.,0.707106781186548,1.,0.707106781186548,1.,0.707106781186548,1.),(1.,
0.707106781186548,1.,0.707106781186548,1.,0.707106781186548,1.,0.707106781186548,
1.),(1.,0.707106781186548,1.,0.707106781186548,1.,0.707106781186548,1.,
0.707106781186548,1.),(1.,0.707106781186548,1.,0.707106781186548,1.,0.707106781186548,
1.,0.707106781186548,1.),(1.,0.707106781186548,1.,0.707106781186548,1.,
0.707106781186548,1.,0.707106781186548,1.),(1.,0.707106781186548,1.,0.707106781186548,
1.,0.707106781186548,1.,0.707106781186548,1.),(1.,0.707106781186548,1.,
0.707106781186548,1.,0.707106781186548,1.,0.707106781186548,1.),(1.,0.707106781186548,
1.,0.707106781186548,1.,0.707106781186548,1.,0.707106781186548,1.),(1.,
0.707106781186548,1.,0.707106781186548,1.,0.707106781186548,1.,0.707106781186548,
1.),(1.,0.707106781186548,1.,0.707106781186548,1.,0.707106781186548,1.,
0.707106781186548,1.),(1.,0.707106781186548,1.,0.707106781186548,1.,0.707106781186548,
1.,0.707106781186548,1.),(1.,0.707106781186548,1.,0.707106781186548,1.,
0.707106781186548,1.,0.707106781186548,1.),(1.,0.707106781186548,1.,0.707106781186548,
1.,0.707106781186548,1.,0.707106781186548,1.),(1.,0.707106781186548,1.,
0.707106781186548,1.,0.707106781186548,1.,0.707106781186548,1.),(1.,0.707106781186548,
1.,0.707106781186548,1.,0.707106781186548,1.,0.707106781186548,1.),(1.,
0.707106781186548,1.,0.707106781186548,1.,0.707106781186548,1.,0.707106781186548,
1.),(1.,0.707106781186548,1.,0.707106781186548,1.,0.707106781186548,1.,
0.707106781186548,1.),(1.,0.707106781186548,1.,0.707106781186548,1.,0.707106781186548,
1.,0.707106781186548,1.),(1.,0.707106781186548,1.,0.707106781186548,1.,
0.707106781186548,1.,0.707106781186548,1.),(1.,0.707106781186548,1.,0.707106781186548,
1.,0.707106781186548,1.,0.707106781186548,1.),(1.,0.707106781186548,1.,
0.707106781186548,1.,0.707106781186548,1.,0.707106781186548,1.),(1.,0.707106781186548,
1.,0.707106781186548,1.,0.707106781186548,1.,0.707106781186548,1.),(1.,
0.707106781186548,1.,0.707106781186548,1.,0.707106781186548,1.,0.707106781186548,
1.),(1.,0.707106781186548,1.,0.707106781186548,1.,0.707106781186548,1.,
0.707106781186548,1.),(1.,0.707106781186548,1.,0.707106781186548,1.,0.707106781186548,
1.,0.707106781186548,1.),(1.,0.707106781186548,1.,0.707106781186548,1.,
0.707106781186548,1.,0.707106781186548,1.),(1.,0.707106781186548,1.,0.707106781186548,
1.,0.707106781186548,1.,0.707106781186548,1.),(1.,0.707106781186548,1.,
0.707106781186548,1.,0.707106781186548,1.,0.707106781186548,1.),(1.,0.707106781186548,
1.,0.707106781186548,1.,0.707106781186548,1.,0.707106781186548,1.),(1.,
0.707106781186548,1.,0.707106781186548,1.,0.707106781186548,1.,0.707106781186548,
1.),(1.,0.707106781186548,1.,0.707106781186548,1.,0.707106781186548,1.,
0.707106781186548,1.),(1.,0.707106781186548,1.,0.707106781186548,1.,0.707106781186548,
1.,0.707106781186548,1.),(1.,0.707106781186548,1.,0.707106781186548,1.,
0.707106781186548,1.,0.707106781186548,1.),(1.,0.707106781186548,1.,0.707106781186548,
1.,0.707106781186548,1.,0.707106781186548,1.),(1.,0.707106781186548,1.,
0.707106781186548,1.,0.707106781186548,1.,0.707106781186548,1.),(1.,0.707106781186548,
1.,0.707106781186548,1.,0.707106781186548,1.,0.707106781186548,1.),(1.,
0.707106781186548,1.,0.707106781186548,1.,0.707106781186548,1.,0.707106781186548,
1.),(1.,0.707106781186548,1.,0.707106781186548,1.,0.707106781186548,1.,
0.707106781186548,1.),(1.,0.707106781186548,1.,0.707106781186548,1.,0.707106781186548,
1.,0.707106781186548,1.),(1.,0.707106781186548,1.,0.707106781186548,1.,
0.707106781186548,1.,0.707106781186548,1.),(1.,0.707106781186548,1.,0.707106781186548,
1.,0.707106781186548,1.,0.707106781186548,1.),(1.,0.707106781186548,1.,
0.707106781186548,1.,0.707106781186548,1.,0.707106781186548,1.),(1.,0.707106781186548,
1.,0.707106781186548,1.,0.707106781186548,1.,0.707106781186548,1.),(1.,
0.707106781186548,1.,0.707106781186548,1.,0.707106781186548,1.,0.707106781186548,
1.),(1.,0.707106781186548,1.,0.707106781186548,1.,0.707106781186548,1.,
0.707106781186548,1.),(1.,0.707106781186548,1.,0.707106781186548,1.,0.707106781186548,
1.,0.707106781186548,1.),(1.,0.707106781186548,1.,0.707106781186548,1.,
0.707106781186548,1.,0.707106781186548,1.),(1.,0.707106781186548,1.,0.707106781186548,
1.,0.707106781186548,1.,0.707106781186548,1.),(1.,0.707106781186548,1.,
0.707106781186548,1.,0.707106781186548,1.,0.707106781186548,1.),(1.,0.707106781186548,
1.,0.707106781186548,1.,0.707106781186548,1.,0.707106781186548,1.),(1.,
0.707106781186548,1.,0.707106781186548,1.,0.707106781186548,1.,0.707106781186548,
1.),(1.,0.707106781186548,1.,0.707106781186548,1.,0.707106781186548,1.,
0.707106781186548,1.),(1.,0.707106781186548,1.,0.707106781186548,1.,0.707106781186548,
1.,0.707106781186548,1.),(1.,0.707106781186548,1.,0.707106781186548,1.,
0.707106781186548,1.,0.707106781186548,1.),(1.,0.707106781186548,1.,0.707106781186548,
1.,0.707106781186548,1.,0.707106781186548,1.),(1.,0.707106781186548,1.,
0.707106781186548,1.,0.707106781186548,1.,0.707106781186548,1.),(1.,0.707106781186548,
1.,0.707106781186548,1.,0.707106781186548,1.,0.707106781186548,1.),(1.,
0.707106781186548,1.,0.707106781186548,1.,0.707106781186548,1.,0.707106781186548,
1.),(1.,0.707106781186548,1.,0.707106781186548,1.,0.707106781186548,1.,
0.707106781186548,1.),(1.,0.707106781186548,1.,0.707106781186548,1.,0.707106781186548,
1.,0.707106781186548,1.),(1.,0.707106781186548,1.,0.707106781186548,1.,
0.707106781186548,1.,0.707106781186548,1.),(1.,0.707106781186548,1.,0.707106781186548,
1.,0.707106781186548,1.,0.707106781186548,1.),(1.,0.707106781186548,1.,
0.707106781186548,1.,0.707106781186548,1.,0.707106781186548,1.),(1.,0.707106781186548,
1.,0.707106781186548,1.,0.707106781186548,1.,0.707106781186548,1.),(1.,
0.707106781186548,1.,0.707106781186548,1.,0.707106781186548,1.,0.707106781186548,
1.),(1.,0.707106781186548,1.,0.707106781186548,1.,0.707106781186548,1.,
0.707106781186548,1.),(1.,0.707106781186548,1.,0.707106781186548,1.,0.707106781186548,
1.,0.707106781186548,1.),(1.,0.707106781186548,1.,0.707106781186548,1.,
0.707106781186548,1.,0.707106781186548,1.),(1.,0.707106781186548,1.,0.707106781186548,
1.,0.707106781186548,1.,0.707106781186548,1.),(1.,0.707106781186548,1.,
0.707106781186548,1.,0.707106781186548,1.,0.707106781186548,1.),(1.,0.707106781186548,
1.,0.707106781186548,1.,0.707106781186548,1.,0.707106781186548,1.),(1.,
0.707106781186548,1.,0.707106781186548,1.,0.707106781186548,1.,0.707106781186548,
1.),(1.,0.707106781186548,1.,0.707106781186548,1.,0.707106781186548,1.,
0.707106781186548,1.),(1.,0.707106781186548,1.,0.707106781186548,1.,0.707106781186548,
1.,0.707106781186548,1.),(1.,0.707106781186548,1.,0.707106781186548,1.,
0.707106781186548,1.,0.707106781186548,1.),(1.,0.707106781186548,1.,0.707106781186548,
1.,0.707106781186548,1.,0.707106781186548,1.),(1.,0.707106781186548,1.,
0.707106781186548,1.,0.707106781186548,1.,0.707106781186548,1.),(1.,0.707106781186548,
1.,0.707106781186548,1.,0.707106781186548,1.,0.707106781186548,1.),(1.,
0.707106781186548,1.,0.707106781186548,1.,0.707106781186548,1.,0.707106781186548,
1.),(1.,0.707106781186548,1.,0.707106781186548,1.,0.707106781186548,1.,
0.707106781186548,1.),(1.,0.707106781186548,1.,0.707106781186548,1.,0.707106781186548,
1.,0.707106781186548,1.),(1.,0.707106781186548,1.,0.707106781186548,1.,
0.707106781186548,1.,0.707106781186548,1.),(1.,0.707106781186548,1.,0.707106781186548,
1.,0.707106781186548,1.,0.707106781186548,1.),(1.,0.707106781186548,1.,
0.707106781186548,1.,0.707106781186548,1.,0.707106781186548,1.),(1.,0.707106781186548,
1.,0.707106781186548,1.,0.707106781186548,1.,0.707106781186548,1.),(1.,
0.707106781186548,1.,0.707106781186548,1.,0.707106781186548,1.,0.707106781186548,
1.),(1.,0.707106781186548,1.,0.707106781186548,1.,0.707106781186548,1.,
0.707106781186548,1.),(1.,0.707106781186548,1.,0.707106781186548,1.,0.707106781186548,
1.,0.707106781186548,1.),(1.,0.707106781186548,1.,0.707106781186548,1.,
0.707106781186548,1.,0.707106781186548,1.),(1.,0.707106781186548,1.,0.707106781186548,
1.,0.707106781186548,1.,0.707106781186548,1.),(1.,0.707106781186548,1.,
0.707106781186548,1.,0.707106781186548,1.,0.707106781186548,1.),(1.,0.707106781186548,
1.,0.707106781186548,1.,0.707106781186548,1.,0.707106781186548,1.),(1.,
0.707106781186548,1.,0.707106781186548,1.,0.707106781186548,1.,0.707106781186548,
1.),(1.,0.707106781186548,1.,0.707106781186548,1.,0.707106781186548,1.,
0.707106781186548,1.),(1.,0.707106781186548,1.,0.707106781186548,1.,0.707106781186548,
1.,0.707106781186548,1.),(1.,0.707106781186548,1.,0.707106781186548,1.,
0.707106781186548,1.,0.707106781186548,1.),(1.,0.707106781186548,1.,0.707106781186548,
1.,0.707106781186548,1.,0.707106781186548,1.),(1.,0.707106781186548,1.,
0.707106781186548,1.,0.707106781186548,1.,0.707106781186548,1.),(1.,0.707106781186548,
1.,0.707106781186548,1.,0.707106781186548,1.,0.707106781186548,1.),(1.,
0.707106781186548,1.,0.707106781186548,1.,0.707106781186548,1.,0.707106781186548,
1.),(1.,0.707106781186548,1.,0.707106781186548,1.,0.707106781186548,1.,
0.707106781186548,1.),(1.,0.707106781186548,1.,0.707106781186548,1.,0.707106781186548,
1.,0.707106781186548,1.),(1.,0.707106781186548,1.,0.707106781186548,1.,
0.707106781186548,1.,0.707106781186548,1.),(1.,0.707106781186548,1.,0.707106781186548,
1.,0.707106781186548,1.,0.707106781186548,1.),(1.,0.707106781186548,1.,
0.707106781186548,1.,0.707106781186548,1.,0.707106781186548,1.),(1.,0.707106781186548,
1.,0.707106781186548,1.,0.707106781186548,1.,0.707106781186548,1.),(1.,
0.707106781186548,1.,0.707106781186548,1.,0.707106781186548,1.,0.707106781186548,
1.),(1.,0.707106781186548,1.,0.707106781186548,1.,0.707106781186548,1.,
0.707106781186548,1.),(1.,0.707106781186548,1.,0.707106781186548,1.,0.707106781186548,
1.,0.707106781186548,1.),(1.,0.707106781186548,1.,0.707106781186548,1.,
0.707106781186548,1.,0.707106781186548,1.),(1.,0.707106781186548,1.,0.707106781186548,
1.,0.707106781186548,1.,0.707106781186548,1.),(1.,0.707106781186548,1.,
0.707106781186548,1.,0.707106781186548,1.,0.707106781186548,1.),(1.,0.707106781186548,
1.,0.707106781186548,1.,0.707106781186548,1.,0.707106781186548,1.),(1.,
0.707106781186548,1.,0.707106781186548,1.,0.707106781186548,1.,0.707106781186548,
1.),(1.,0.707106781186548,1.,0.707106781186548,1.,0.707106781186548,1.,
0.707106781186548,1.),(1.,0.707106781186548,1.,0.707106781186548,1.,0.707106781186548,
1.,0.707106781186548,1.),(1.,0.707106781186548,1.,0.707106781186548,1.,
0.707106781186548,1.,0.707106781186548,1.),(1.,0.707106781186548,1.,0.707106781186548,
1.,0.707106781186548,1.,0.707106781186548,1.),(1.,0.707106781186548,1.,
0.707106781186548,1.,0.707106781186548,1.,0.707106781186548,1.),(1.,0.707106781186548,
1.,0.707106781186548,1.,0.707106781186548,1.,0.707106781186548,1.),(1.,
0.707106781186548,1.,0.707106781186548,1.,0.707106781186548,1.,0.707106781186548,
1.),(1.,0.707106781186548,1.,0.707106781186548,1.,0.707106781186548,1.,
0.707106781186548,1.),(1.,0.707106781186548,1.,0.707106781186548,1.,0.707106781186548,
1.,0.707106781186548,1.),(1.,0.707106781186548,1.,0.707106781186548,1.,
0.707106781186548,1.,0.707106781186548,1.),(1.,0.707106781186548,1.,0.707106781186548,
1.,0.707106781186548,1.,0.707106781186548,1.),(1.,0.707106781186548,1.,
0.707106781186548,1.,0.707106781186548,1.,0.707106781186548,1.),(1.,0.707106781186548,
1.,0.707106781186548,1.,0.707106781186548,1.,0.707106781186548,1.),(1.,
0.707106781186548,1.,0.707106781186548,1.,0.707106781186548,1.,0.707106781186548,
1.),(1.,0.707106781186548,1.,0.707106781186548,1.,0.707106781186548,1.,
0.707106781186548,1.),(1.,0.707106781186548,1.,0.707106781186548,1.,0.707106781186548,
1.,0.707106781186548,1.),(1.,0.707106781186548,1.,0.707106781186548,1.,
0.707106781186548,1.,0.707106781186548,1.),(1.,0.707106781186548,1.,0.707106781186548,
1.,0.707106781186548,1.,0.707106781186548,1.),(1.,0.707106781186548,1.,
0.707106781186548,1.,0.707106781186548,1.,0.707106781186548,1.),(1.,0.707106781186548,
1.,0.707106781186548,1.,0.707106781186548,1.,0.707106781186548,1.),(1.,
0.707106781186548,1.,0.707106781186548,1.,0.707106781186548,1.,0.707106781186548,
1.),(1.,0.707106781186548,1.,0.707106781186548,1.,0.707106781186548,1.,
0.707106781186548,1.),(1.,0.707106781186548,1.,0.707106781186548,1.,0.707106781186548,
1.,0.707106781186548,1.),(1.,0.707106781186548,1.,0.707106781186548,1.,
0.707106781186548,1.,0.707106781186548,1.),(1.,0.707106781186548,1.,0.707106781186548,
1.,0.707106781186548,1.,0.707106781186548,1.),(1.,0.707106781186548,1.,
0.707106781186548,1.,0.707106781186548,1.,0.707106781186548,1.),(1.,0.707106781186548,
1.,0.707106781186548,1.,0.707106781186548,1.,0.707106781186548,1.),(1.,
0.707106781186548,1.,0.707106781186548,1.,0.707106781186548,1.,0.707106781186548,
1.),(1.,0.707106781186548,1.,0.707106781186548,1.,0.707106781186548,1.,
0.707106781186548,1.),(1.,0.707106781186548,1.,0.707106781186548,1.,0.707106781186548,
1.,0.707106781186548,1.),(1.,0.707106781186548,1.,0.707106781186548,1.,
0.707106781186548,1.,0.707106781186548,1.),(1.,0.707106781186548,1.,0.707106781186548,
1.,0.707106781186548,1.,0.707106781186548,1.),(1.,0.707106781186548,1.,
0.707106781186548,1.,0.707106781186548,1.,0.707106781186548,1.),(1.,0.707106781186548,
1.,0.707106781186548,1.,0.707106781186548,1.,0.707106781186548,1.),(1.,
0.707106781186548,1.,0.707106781186548,1.,0.707106781186548,1.,0.707106781186548,
1.),(1.,0.707106781186548,1.,0.707106781186548,1.,0.707106781186548,1.,
0.707106781186548,1.),(1.,0.707106781186548,1.,0.707106781186548,1.,0.707106781186548,
1.,0.707106781186548,1.),(1.,0.707106781186548,1.,0.707106781186548,1.,
0.707106781186548,1.,0.707106781186548,1.),(1.,0.707106781186548,1.,0.707106781186548,
1.,0.707106781186548,1.,0.707106781186548,1.),(1.,0.707106781186548,1.,
0.707106781186548,1.,0.707106781186548,1.,0.707106781186548,1.),(1.,0.707106781186548,
1.,0.707106781186548,1.,0.707106781186548,1.,0.707106781186548,1.),(1.,
0.707106781186548,1.,0.707106781186548,1.,0.707106781186548,1.,0.707106781186548,
1.),(1.,0.707106781186548,1.,0.707106781186548,1.,0.707106781186548,1.,
0.707106781186548,1.),(1.,0.707106781186548,1.,0.707106781186548,1.,0.707106781186548,
1.,0.707106781186548,1.),(1.,0.707106781186548,1.,0.707106781186548,1.,
0.707106781186548,1.,0.707106781186548,1.),(1.,0.707106781186548,1.,0.707106781186548,
1.,0.707106781186548,1.,0.707106781186548,1.),(1.,0.707106781186548,1.,
0.707106781186548,1.,0.707106781186548,1.,0.707106781186548,1.),(1.,0.707106781186548,
1.,0.707106781186548,1.,0.707106781186548,1.,0.707106781186548,1.),(1.,
0.707106781186548,1.,0.707106781186548,1.,0.707106781186548,1.,0.707106781186548,
1.),(1.,0.707106781186548,1.,0.707106781186548,1.,0.707106781186548,1.,
0.707106781186548,1.),(1.,0.707106781186548,1.,0.707106781186548,1.,0.707106781186548,
1.,0.707106781186548,1.),(1.,0.707106781186548,1.,0.707106781186548,1.,
0.707106781186548,1.,0.707106781186548,1.),(1.,0.707106781186548,1.,0.707106781186548,
1.,0.707106781186548,1.,0.707106781186548,1.),(1.,0.707106781186548,1.,
0.707106781186548,1.,0.707106781186548,1.,0.707106781186548,1.),(1.,0.707106781186548,
1.,0.707106781186548,1.,0.707106781186548,1.,0.707106781186548,1.),(1.,
0.707106781186548,1.,0.707106781186548,1.,0.707106781186548,1.,0.707106781186548,
1.),(1.,0.707106781186548,1.,0.707106781186548,1.,0.707106781186548,1.,
0.707106781186548,1.),(1.,0.707106781186548,1.,0.707106781186548,1.,0.707106781186548,
1.,0.707106781186548,1.),(1.,0.707106781186548,1.,0.707106781186548,1.,
0.707106781186548,1.,0.707106781186548,1.),(1.,0.707106781186548,1.,0.707106781186548,
1.,0.707106781186548,1.,0.707106781186548,1.),(1.,0.707106781186548,1.,
0.707106781186548,1.,0.707106781186548,1.,0.707106781186548,1.),(1.,0.707106781186548,
1.,0.707106781186548,1.,0.707106781186548,1.,0.707106781186548,1.),(1.,
0.707106781186548,1.,0.707106781186548,1.,0.707106781186548,1.,0.707106781186548,
1.),(1.,0.707106781186548,1.,0.707106781186548,1.,0.707106781186548,1.,
0.707106781186548,1.),(1.,0.707106781186548,1.,0.707106781186548,1.,0.707106781186548,
1.,0.707106781186548,1.),(1.,0.707106781186548,1.,0.707106781186548,1.,
0.707106781186548,1.,0.707106781186548,1.),(1.,0.707106781186548,1.,0.707106781186548,
1.,0.707106781186548,1.,0.707106781186548,1.),(1.,0.707106781186548,1.,
0.707106781186548,1.,0.707106781186548,1.,0.707106781186548,1.),(1.,0.707106781186548,
1.,0.707106781186548,1.,0.707106781186548,1.,0.707106781186548,1.),(1.,
0.707106781186548,1.,0.707106781186548,1.,0.707106781186548,1.,0.707106781186548,
1.),(1.,0.707106781186548,1.,0.707106781186548,1.,0.707106781186548,1.,
0.707106781186548,1.),(1.,0.707106781186548,1.,0.707106781186548,1.,0.707106781186548,
1.,0.707106781186548,1.),(1.,0.707106781186548,1.,0.707106781186548,1.,
0.707106781186548,1.,0.707106781186548,1.),(1.,0.707106781186548,1.,0.707106781186548,
1.,0.707106781186548,1.,0.707106781186548,1.),(1.,0.707106781186548,1.,
0.707106781186548,1.,0.707106781186548,1.,0.707106781186548,1.),(1.,0.707106781186548,
1.,0.707106781186548,1.,0.707106781186548,1.,0.707106781186548,1.),(1.,
0.707106781186548,1.,0.707106781186548,1.,0.707106781186548,1.,0.707106781186548,
1.),(1.,0.707106781186548,1.,0.707106781186548,1.,0.707106781186548,1.,
0.707106781186548,1.),(1.,0.707106781186548,1.,0.707106781186548,1.,0.707106781186548,
1.,0.707106781186548,1.),(1.,0.707106781186548,1.,0.707106781186548,1.,
0.707106781186548,1.,0.707106781186548,1.),(1.,0.707106781186548,1.,0.707106781186548,
1.,0.707106781186548,1.,0.707106781186548,1.),(1.,0.707106781186548,1.,
0.707106781186548,1.,0.707106781186548,1.,0.707106781186548,1.),(1.,0.707106781186548,
1.,0.707106781186548,1.,0.707106781186548,1.,0.707106781186548,1.),(1.,
0.707106781186548,1.,0.707106781186548,1.,0.707106781186548,1.,0.707106781186548,
1.),(1.,0.707106781186548,1.,0.707106781186548,1.,0.707106781186548,1.,
0.707106781186548,1.),(1.,0.707106781186548,1.,0.707106781186548,1.,0.707106781186548,
1.,0.707106781186548,1.),(1.,0.707106781186548,1.,0.707106781186548,1.,
0.707106781186548,1.,0.707106781186548,1.),(1.,0.707106781186548,1.,0.707106781186548,
1.,0.707106781186548,1.,0.707106781186548,1.),(1.,0.707106781186548,1.,
0.707106781186548,1.,0.707106781186548,1.,0.707106781186548,1.),(1.,0.707106781186548,
1.,0.707106781186548,1.,0.707106781186548,1.,0.707106781186548,1.),(1.,
0.707106781186548,1.,0.707106781186548,1.,0.707106781186548,1.,0.707106781186548,
1.),(1.,0.707106781186548,1.,0.707106781186548,1.,0.707106781186548,1.,
0.707106781186548,1.),(1.,0.707106781186548,1.,0.707106781186548,1.,0.707106781186548,
1.,0.707106781186548,1.),(1.,0.707106781186548,1.,0.707106781186548,1.,
0.707106781186548,1.,0.707106781186548,1.),(1.,0.707106781186548,1.,0.707106781186548,
1.,0.707106781186548,1.,0.707106781186548,1.),(1.,0.707106781186548,1.,
0.707106781186548,1.,0.707106781186548,1.,0.707106781186548,1.),(1.,0.707106781186548,
1.,0.707106781186548,1.,0.707106781186548,1.,0.707106781186548,1.),(1.,
0.707106781186548,1.,0.707106781186548,1.,0.707106781186548,1.,0.707106781186548,
1.),(1.,0.707106781186548,1.,0.707106781186548,1.,0.707106781186548,1.,
0.707106781186548,1.),(1.,0.707106781186548,1.,0.707106781186548,1.,0.707106781186548,
1.,0.707106781186548,1.),(1.,0.707106781186548,1.,0.707106781186548,1.,
0.707106781186548,1.,0.707106781186548,1.),(1.,0.707106781186548,1.,0.707106781186548,
1.,0.707106781186548,1.,0.707106781186548,1.),(1.,0.707106781186548,1.,
0.707106781186548,1.,0.707106781186548,1.,0.707106781186548,1.),(1.,0.707106781186548,
1.,0.707106781186548,1.,0.707106781186548,1.,0.707106781186548,1.),(1.,
0.707106781186548,1.,0.707106781186548,1.,0.707106781186548,1.,0.707106781186548,
1.),(1.,0.707106781186548,1.,0.707106781186548,1.,0.707106781186548,1.,
0.707106781186548,1.),(1.,0.707106781186548,1.,0.707106781186548,1.,0.707106781186548,
1.,0.707106781186548,1.),(1.,0.707106781186548,1.,0.707106781186548,1.,
0.707106781186548,1.,0.707106781186548,1.),(1.,0.707106781186548,1.,0.707106781186548,
1.,0.707106781186548,1.,0.707106781186548,1.),(1.,0.707106781186548,1.,
0.707106781186548,1.,0.707106781186548,1.,0.707106781186548,1.),(1.,0.707106781186548,
1.,0.707106781186548,1.,0.707106781186548,1.,0.707106781186548,1.),(1.,
0.707106781186548,1.,0.707106781186548,1.,0.707106781186548,1.,0.707106781186548,
1.),(1.,0.707106781186548,1.,0.707106781186548,1.,0.707106781186548,1.,
0.707106781186548,1.),(1.,0.707106781186548,1.,0.707106781186548,1.,0.707106781186548,
1.,0.707106781186548,1.),(1.,0.707106781186548,1.,0.707106781186548,1.,
0.707106781186548,1.,0.707106781186548,1.),(1.,0.707106781186548,1.,0.707106781186548,
1.,0.707106781186548,1.,0.707106781186548,1.),(1.,0.707106781186548,1.,
0.707106781186548,1.,0.707106781186548,1.,0.707106781186548,1.),(1.,0.707106781186548,
1.,0.707106781186548,1.,0.707106781186548,1.,0.707106781186548,1.),(1.,
0.707106781186548,1.,0.707106781186548,1.,0.707106781186548,1.,0.707106781186548,
1.),(1.,0.707106781186548,1.,0.707106781186548,1.,0.707106781186548,1.,
0.707106781186548,1.),(1.,0.707106781186548,1.,0.707106781186548,1.,0.707106781186548,
1.,0.707106781186548,1.),(1.,0.707106781186548,1.,0.707106781186548,1.,
0.707106781186548,1.,0.707106781186548,1.),(1.,0.707106781186548,1.,0.707106781186548,
1.,0.707106781186548,1.,0.707106781186548,1.),(1.,0.707106781186548,1.,
0.707106781186548,1.,0.707106781186548,1.,0.707106781186548,1.),(1.,0.707106781186548,
1.,0.707106781186548,1.,0.707106781186548,1.,0.707106781186548,1.),(1.,
0.707106781186548,1.,0.707106781186548,1.,0.707106781186548,1.,0.707106781186548,
1.),(1.,0.707106781186548,1.,0.707106781186548,1.,0.707106781186548,1.,
0.707106781186548,1.),(1.,0.707106781186548,1.,0.707106781186548,1.,0.707106781186548,
1.,0.707106781186548,1.),(1.,0.707106781186548,1.,0.707106781186548,1.,
0.707106781186548,1.,0.707106781186548,1.),(1.,0.707106781186548,1.,0.707106781186548,
1.,0.707106781186548,1.,0.707106781186548,1.),(1.,0.707106781186548,1.,
0.707106781186548,1.,0.707106781186548,1.,0.707106781186548,1.),(1.,0.707106781186548,
1.,0.707106781186548,1.,0.707106781186548,1.,0.707106781186548,1.),(1.,
0.707106781186548,1.,0.707106781186548,1.,0.707106781186548,1.,0.707106781186548,
1.),(1.,0.707106781186548,1.,0.707106781186548,1.,0.707106781186548,1.,
0.707106781186548,1.),(1.,0.707106781186548,1.,0.707106781186548,1.,0.707106781186548,
1.,0.707106781186548,1.),(1.,0.707106781186548,1.,0.707106781186548,1.,
0.707106781186548,1.,0.707106781186548,1.),(1.,0.707106781186548,1.,0.707106781186548,
1.,0.707106781186548,1.,0.707106781186548,1.),(1.,0.707106781186548,1.,
0.707106781186548,1.,0.707106781186548,1.,0.707106781186548,1.),(1.,0.707106781186548,
1.,0.707106781186548,1.,0.707106781186548,1.,0.707106781186548,1.),(1.,
0.707106781186548,1.,0.707106781186548,1.,0.707106781186548,1.,0.707106781186548,
1.),(1.,0.707106781186548,1.,0.707106781186548,1.,0.707106781186548,1.,
0.707106781186548,1.),(1.,0.707106781186548,1.,0.707106781186548,1.,0.707106781186548,
1.,0.707106781186548,1.),(1.,0.707106781186548,1.,0.707106781186548,1.,
0.707106781186548,1.,0.707106781186548,1.)))
REPRESENTATION_ITEM('')
SURFACE()
);
#32=(
BOUNDED_SURFACE()
B_SPLINE_SURFACE(3,2,((#7859,#7860,#7861,#7862,#7863,#7864,#7865,#7866,
#7867),(#7868,#7869,#7870,#7871,#7872,#7873,#7874,#7875,#7876),(#7877,#7878,
#7879,#7880,#7881,#7882,#7883,#7884,#7885),(#7886,#7887,#7888,#7889,#7890,
#7891,#7892,#7893,#7894),(#7895,#7896,#7897,#7898,#7899,#7900,#7901,#7902,
#7903),(#7904,#7905,#7906,#7907,#7908,#7909,#7910,#7911,#7912),(#7913,#7914,
#7915,#7916,#7917,#7918,#7919,#7920,#7921),(#7922,#7923,#7924,#7925,#7926,
#7927,#7928,#7929,#7930),(#7931,#7932,#7933,#7934,#7935,#7936,#7937,#7938,
#7939),(#7940,#7941,#7942,#7943,#7944,#7945,#7946,#7947,#7948),(#7949,#7950,
#7951,#7952,#7953,#7954,#7955,#7956,#7957),(#7958,#7959,#7960,#7961,#7962,
#7963,#7964,#7965,#7966),(#7967,#7968,#7969,#7970,#7971,#7972,#7973,#7974,
#7975),(#7976,#7977,#7978,#7979,#7980,#7981,#7982,#7983,#7984),(#7985,#7986,
#7987,#7988,#7989,#7990,#7991,#7992,#7993),(#7994,#7995,#7996,#7997,#7998,
#7999,#8000,#8001,#8002),(#8003,#8004,#8005,#8006,#8007,#8008,#8009,#8010,
#8011),(#8012,#8013,#8014,#8015,#8016,#8017,#8018,#8019,#8020),(#8021,#8022,
#8023,#8024,#8025,#8026,#8027,#8028,#8029),(#8030,#8031,#8032,#8033,#8034,
#8035,#8036,#8037,#8038),(#8039,#8040,#8041,#8042,#8043,#8044,#8045,#8046,
#8047),(#8048,#8049,#8050,#8051,#8052,#8053,#8054,#8055,#8056),(#8057,#8058,
#8059,#8060,#8061,#8062,#8063,#8064,#8065),(#8066,#8067,#8068,#8069,#8070,
#8071,#8072,#8073,#8074),(#8075,#8076,#8077,#8078,#8079,#8080,#8081,#8082,
#8083),(#8084,#8085,#8086,#8087,#8088,#8089,#8090,#8091,#8092),(#8093,#8094,
#8095,#8096,#8097,#8098,#8099,#8100,#8101),(#8102,#8103,#8104,#8105,#8106,
#8107,#8108,#8109,#8110),(#8111,#8112,#8113,#8114,#8115,#8116,#8117,#8118,
#8119),(#8120,#8121,#8122,#8123,#8124,#8125,#8126,#8127,#8128),(#8129,#8130,
#8131,#8132,#8133,#8134,#8135,#8136,#8137),(#8138,#8139,#8140,#8141,#8142,
#8143,#8144,#8145,#8146),(#8147,#8148,#8149,#8150,#8151,#8152,#8153,#8154,
#8155),(#8156,#8157,#8158,#8159,#8160,#8161,#8162,#8163,#8164),(#8165,#8166,
#8167,#8168,#8169,#8170,#8171,#8172,#8173),(#8174,#8175,#8176,#8177,#8178,
#8179,#8180,#8181,#8182),(#8183,#8184,#8185,#8186,#8187,#8188,#8189,#8190,
#8191)),.UNSPECIFIED.,.F.,.T.,.F.)
B_SPLINE_SURFACE_WITH_KNOTS((4,3,3,3,3,3,3,3,3,3,3,3,4),(3,2,2,2,3),(0.0305531064785218,
0.0686886043089496,0.145262138648301,0.269108920691442,0.470490872623513,
0.677497677911784,0.814929661096148,0.907464830548074,0.953732415274037,
0.976866207637018,0.988433103818509,0.996763600362624,1.),(0.,1.5707963267949,
3.14159265358979,4.71238898038469,6.28318530717959),.UNSPECIFIED.)
GEOMETRIC_REPRESENTATION_ITEM()
RATIONAL_B_SPLINE_SURFACE(((1.,0.707106781186548,1.,0.707106781186548,1.,
0.707106781186548,1.,0.707106781186548,1.),(1.,0.707106781186548,1.,0.707106781186548,
1.,0.707106781186548,1.,0.707106781186548,1.),(1.,0.707106781186548,1.,
0.707106781186548,1.,0.707106781186548,1.,0.707106781186548,1.),(1.,0.707106781186548,
1.,0.707106781186548,1.,0.707106781186548,1.,0.707106781186548,1.),(1.,
0.707106781186548,1.,0.707106781186548,1.,0.707106781186548,1.,0.707106781186548,
1.),(1.,0.707106781186548,1.,0.707106781186548,1.,0.707106781186548,1.,
0.707106781186548,1.),(1.,0.707106781186548,1.,0.707106781186548,1.,0.707106781186548,
1.,0.707106781186548,1.),(1.,0.707106781186548,1.,0.707106781186548,1.,
0.707106781186548,1.,0.707106781186548,1.),(1.,0.707106781186548,1.,0.707106781186548,
1.,0.707106781186548,1.,0.707106781186548,1.),(1.,0.707106781186548,1.,
0.707106781186548,1.,0.707106781186548,1.,0.707106781186548,1.),(1.,0.707106781186548,
1.,0.707106781186548,1.,0.707106781186548,1.,0.707106781186548,1.),(1.,
0.707106781186548,1.,0.707106781186548,1.,0.707106781186548,1.,0.707106781186548,
1.),(1.,0.707106781186548,1.,0.707106781186548,1.,0.707106781186548,1.,
0.707106781186548,1.),(1.,0.707106781186548,1.,0.707106781186548,1.,0.707106781186548,
1.,0.707106781186548,1.),(1.,0.707106781186548,1.,0.707106781186548,1.,
0.707106781186548,1.,0.707106781186548,1.),(1.,0.707106781186548,1.,0.707106781186548,
1.,0.707106781186548,1.,0.707106781186548,1.),(1.,0.707106781186548,1.,
0.707106781186548,1.,0.707106781186548,1.,0.707106781186548,1.),(1.,0.707106781186548,
1.,0.707106781186548,1.,0.707106781186548,1.,0.707106781186548,1.),(1.,
0.707106781186548,1.,0.707106781186548,1.,0.707106781186548,1.,0.707106781186548,
1.),(1.,0.707106781186548,1.,0.707106781186548,1.,0.707106781186548,1.,
0.707106781186548,1.),(1.,0.707106781186548,1.,0.707106781186548,1.,0.707106781186548,
1.,0.707106781186548,1.),(1.,0.707106781186548,1.,0.707106781186548,1.,
0.707106781186548,1.,0.707106781186548,1.),(1.,0.707106781186548,1.,0.707106781186548,
1.,0.707106781186548,1.,0.707106781186548,1.),(1.,0.707106781186548,1.,
0.707106781186548,1.,0.707106781186548,1.,0.707106781186548,1.),(1.,0.707106781186548,
1.,0.707106781186548,1.,0.707106781186548,1.,0.707106781186548,1.),(1.,
0.707106781186548,1.,0.707106781186548,1.,0.707106781186548,1.,0.707106781186548,
1.),(1.,0.707106781186548,1.,0.707106781186548,1.,0.707106781186548,1.,
0.707106781186548,1.),(1.,0.707106781186548,1.,0.707106781186548,1.,0.707106781186548,
1.,0.707106781186548,1.),(1.,0.707106781186548,1.,0.707106781186548,1.,
0.707106781186548,1.,0.707106781186548,1.),(1.,0.707106781186548,1.,0.707106781186548,
1.,0.707106781186548,1.,0.707106781186548,1.),(1.,0.707106781186548,1.,
0.707106781186548,1.,0.707106781186548,1.,0.707106781186548,1.),(1.,0.707106781186548,
1.,0.707106781186548,1.,0.707106781186548,1.,0.707106781186548,1.),(1.,
0.707106781186548,1.,0.707106781186548,1.,0.707106781186548,1.,0.707106781186548,
1.),(1.,0.707106781186548,1.,0.707106781186548,1.,0.707106781186548,1.,
0.707106781186548,1.),(1.,0.707106781186548,1.,0.707106781186548,1.,0.707106781186548,
1.,0.707106781186548,1.),(1.,0.707106781186548,1.,0.707106781186548,1.,
0.707106781186548,1.,0.707106781186548,1.),(1.,0.707106781186548,1.,0.707106781186548,
1.,0.707106781186548,1.,0.707106781186548,1.)))
REPRESENTATION_ITEM('')
SURFACE()
);
#33=BREP_WITH_VOIDS('Nose Cone',#1766,(#27));
#34=SHAPE_REPRESENTATION_RELATIONSHIP('SRR','None',#8465,#38);
#35=SHAPE_REPRESENTATION_RELATIONSHIP('SRR','None',#8466,#39);
#36=SHAPE_REPRESENTATION_RELATIONSHIP('SRR','None',#8467,#40);
#37=SHAPE_REPRESENTATION_RELATIONSHIP('SRR','None',#8468,#41);
#38=ADVANCED_BREP_SHAPE_REPRESENTATION('',(#49),#8441);
#39=ADVANCED_BREP_SHAPE_REPRESENTATION('',(#50),#8442);
#40=ADVANCED_BREP_SHAPE_REPRESENTATION('',(#33),#8443);
#41=ADVANCED_BREP_SHAPE_REPRESENTATION('',(#51,#52,#53,#54),#8444);
#42=STYLED_ITEM('',(#8495),#49);
#43=STYLED_ITEM('',(#8493),#50);
#44=STYLED_ITEM('',(#8494),#33);
#45=STYLED_ITEM('',(#8493),#51);
#46=STYLED_ITEM('',(#8493),#52);
#47=STYLED_ITEM('',(#8493),#53);
#48=STYLED_ITEM('',(#8493),#54);
#49=MANIFOLD_SOLID_BREP('Body1',#1764);
#50=MANIFOLD_SOLID_BREP('Body1',#1765);
#51=MANIFOLD_SOLID_BREP('Body1',#1768);
#52=MANIFOLD_SOLID_BREP('Body2',#1769);
#53=MANIFOLD_SOLID_BREP('Body3',#1770);
#54=MANIFOLD_SOLID_BREP('Body4',#1771);
#55=FACE_BOUND('',#201,.T.);
#56=FACE_BOUND('',#203,.T.);
#57=FACE_BOUND('',#206,.T.);
#58=FACE_BOUND('',#208,.T.);
#59=FACE_BOUND('',#211,.T.);
#60=FACE_BOUND('',#213,.T.);
#61=FACE_BOUND('',#214,.T.);
#62=FACE_BOUND('',#215,.T.);
#63=FACE_BOUND('',#217,.T.);
#64=FACE_BOUND('',#218,.T.);
#65=FACE_BOUND('',#219,.T.);
#66=FACE_BOUND('',#238,.T.);
#67=FACE_BOUND('',#240,.T.);
#68=FACE_BOUND('',#241,.T.);
#69=FACE_BOUND('',#242,.T.);
#70=FACE_BOUND('',#244,.T.);
#71=FACE_BOUND('',#245,.T.);
#72=FACE_BOUND('',#246,.T.);
#73=FACE_BOUND('',#248,.T.);
#74=FACE_BOUND('',#250,.T.);
#75=FACE_BOUND('',#252,.T.);
#76=FACE_BOUND('',#257,.T.);
#77=CYLINDRICAL_SURFACE('',#1855,14.5);
#78=CYLINDRICAL_SURFACE('',#1862,31.);
#79=CYLINDRICAL_SURFACE('',#1869,31.000000461936);
#80=CYLINDRICAL_SURFACE('',#1873,10.5);
#81=CYLINDRICAL_SURFACE('',#1874,14.5);
#82=CYLINDRICAL_SURFACE('',#1912,31.000000461936);
#83=CYLINDRICAL_SURFACE('',#1917,30.85);
#84=CYLINDRICAL_SURFACE('',#1919,32.4999992735684);
#85=CYLINDRICAL_SURFACE('',#1928,30.85);
#86=CYLINDRICAL_SURFACE('',#1933,29.25);
#87=FACE_OUTER_BOUND('',#183,.T.);
#88=FACE_OUTER_BOUND('',#184,.T.);
#89=FACE_OUTER_BOUND('',#185,.T.);
#90=FACE_OUTER_BOUND('',#186,.T.);
#91=FACE_OUTER_BOUND('',#187,.T.);
#92=FACE_OUTER_BOUND('',#188,.T.);
#93=FACE_OUTER_BOUND('',#189,.T.);
#94=FACE_OUTER_BOUND('',#190,.T.);
#95=FACE_OUTER_BOUND('',#191,.T.);
#96=FACE_OUTER_BOUND('',#192,.T.);
#97=FACE_OUTER_BOUND('',#193,.T.);
#98=FACE_OUTER_BOUND('',#194,.T.);
#99=FACE_OUTER_BOUND('',#195,.T.);
#100=FACE_OUTER_BOUND('',#196,.T.);
#101=FACE_OUTER_BOUND('',#197,.T.);
#102=FACE_OUTER_BOUND('',#198,.T.);
#103=FACE_OUTER_BOUND('',#199,.T.);
#104=FACE_OUTER_BOUND('',#200,.T.);
#105=FACE_OUTER_BOUND('',#202,.T.);
#106=FACE_OUTER_BOUND('',#204,.T.);
#107=FACE_OUTER_BOUND('',#205,.T.);
#108=FACE_OUTER_BOUND('',#207,.T.);
#109=FACE_OUTER_BOUND('',#209,.T.);
#110=FACE_OUTER_BOUND('',#210,.T.);
#111=FACE_OUTER_BOUND('',#212,.T.);
#112=FACE_OUTER_BOUND('',#216,.T.);
#113=FACE_OUTER_BOUND('',#220,.T.);
#114=FACE_OUTER_BOUND('',#221,.T.);
#115=FACE_OUTER_BOUND('',#222,.T.);
#116=FACE_OUTER_BOUND('',#223,.T.);
#117=FACE_OUTER_BOUND('',#224,.T.);
#118=FACE_OUTER_BOUND('',#225,.T.);
#119=FACE_OUTER_BOUND('',#226,.T.);
#120=FACE_OUTER_BOUND('',#227,.T.);
#121=FACE_OUTER_BOUND('',#228,.T.);
#122=FACE_OUTER_BOUND('',#229,.T.);
#123=FACE_OUTER_BOUND('',#230,.T.);
#124=FACE_OUTER_BOUND('',#231,.T.);
#125=FACE_OUTER_BOUND('',#232,.T.);
#126=FACE_OUTER_BOUND('',#233,.T.);
#127=FACE_OUTER_BOUND('',#234,.T.);
#128=FACE_OUTER_BOUND('',#235,.T.);
#129=FACE_OUTER_BOUND('',#236,.T.);
#130=FACE_OUTER_BOUND('',#237,.T.);
#131=FACE_OUTER_BOUND('',#239,.T.);
#132=FACE_OUTER_BOUND('',#243,.T.);
#133=FACE_OUTER_BOUND('',#247,.T.);
#134=FACE_OUTER_BOUND('',#249,.T.);
#135=FACE_OUTER_BOUND('',#251,.T.);
#136=FACE_OUTER_BOUND('',#253,.T.);
#137=FACE_OUTER_BOUND('',#254,.T.);
#138=FACE_OUTER_BOUND('',#255,.T.);
#139=FACE_OUTER_BOUND('',#256,.T.);
#140=FACE_OUTER_BOUND('',#258,.T.);
#141=FACE_OUTER_BOUND('',#259,.T.);
#142=FACE_OUTER_BOUND('',#260,.T.);
#143=FACE_OUTER_BOUND('',#261,.T.);
#144=FACE_OUTER_BOUND('',#262,.T.);
#145=FACE_OUTER_BOUND('',#263,.T.);
#146=FACE_OUTER_BOUND('',#264,.T.);
#147=FACE_OUTER_BOUND('',#265,.T.);
#148=FACE_OUTER_BOUND('',#266,.T.);
#149=FACE_OUTER_BOUND('',#267,.T.);
#150=FACE_OUTER_BOUND('',#268,.T.);
#151=FACE_OUTER_BOUND('',#269,.T.);
#152=FACE_OUTER_BOUND('',#270,.T.);
#153=FACE_OUTER_BOUND('',#271,.T.);
#154=FACE_OUTER_BOUND('',#272,.T.);
#155=FACE_OUTER_BOUND('',#273,.T.);
#156=FACE_OUTER_BOUND('',#274,.T.);
#157=FACE_OUTER_BOUND('',#275,.T.);
#158=FACE_OUTER_BOUND('',#276,.T.);
#159=FACE_OUTER_BOUND('',#277,.T.);
#160=FACE_OUTER_BOUND('',#278,.T.);
#161=FACE_OUTER_BOUND('',#279,.T.);
#162=FACE_OUTER_BOUND('',#280,.T.);
#163=FACE_OUTER_BOUND('',#281,.T.);
#164=FACE_OUTER_BOUND('',#282,.T.);
#165=FACE_OUTER_BOUND('',#283,.T.);
#166=FACE_OUTER_BOUND('',#284,.T.);
#167=FACE_OUTER_BOUND('',#285,.T.);
#168=FACE_OUTER_BOUND('',#286,.T.);
#169=FACE_OUTER_BOUND('',#287,.T.);
#170=FACE_OUTER_BOUND('',#288,.T.);
#171=FACE_OUTER_BOUND('',#289,.T.);
#172=FACE_OUTER_BOUND('',#290,.T.);
#173=FACE_OUTER_BOUND('',#291,.T.);
#174=FACE_OUTER_BOUND('',#292,.T.);
#175=FACE_OUTER_BOUND('',#293,.T.);
#176=FACE_OUTER_BOUND('',#294,.T.);
#177=FACE_OUTER_BOUND('',#295,.T.);
#178=FACE_OUTER_BOUND('',#296,.T.);
#179=FACE_OUTER_BOUND('',#297,.T.);
#180=FACE_OUTER_BOUND('',#298,.T.);
#181=FACE_OUTER_BOUND('',#299,.T.);
#182=FACE_OUTER_BOUND('',#300,.T.);
#183=EDGE_LOOP('',(#1108,#1109,#1110,#1111,#1112,#1113));
#184=EDGE_LOOP('',(#1114,#1115,#1116,#1117));
#185=EDGE_LOOP('',(#1118,#1119,#1120,#1121));
#186=EDGE_LOOP('',(#1122,#1123,#1124,#1125));
#187=EDGE_LOOP('',(#1126,#1127,#1128,#1129));
#188=EDGE_LOOP('',(#1130,#1131,#1132,#1133,#1134,#1135));
#189=EDGE_LOOP('',(#1136,#1137,#1138,#1139));
#190=EDGE_LOOP('',(#1140,#1141,#1142,#1143));
#191=EDGE_LOOP('',(#1144,#1145,#1146,#1147));
#192=EDGE_LOOP('',(#1148,#1149,#1150,#1151));
#193=EDGE_LOOP('',(#1152,#1153,#1154,#1155));
#194=EDGE_LOOP('',(#1156,#1157,#1158,#1159));
#195=EDGE_LOOP('',(#1160,#1161,#1162,#1163));
#196=EDGE_LOOP('',(#1164,#1165,#1166,#1167));
#197=EDGE_LOOP('',(#1168,#1169,#1170,#1171));
#198=EDGE_LOOP('',(#1172,#1173,#1174,#1175));
#199=EDGE_LOOP('',(#1176,#1177,#1178,#1179));
#200=EDGE_LOOP('',(#1180));
#201=EDGE_LOOP('',(#1181));
#202=EDGE_LOOP('',(#1182));
#203=EDGE_LOOP('',(#1183));
#204=EDGE_LOOP('',(#1184,#1185,#1186,#1187));
#205=EDGE_LOOP('',(#1188));
#206=EDGE_LOOP('',(#1189));
#207=EDGE_LOOP('',(#1190));
#208=EDGE_LOOP('',(#1191));
#209=EDGE_LOOP('',(#1192,#1193,#1194,#1195));
#210=EDGE_LOOP('',(#1196));
#211=EDGE_LOOP('',(#1197));
#212=EDGE_LOOP('',(#1198,#1199,#1200,#1201,#1202,#1203,#1204,#1205,#1206,
#1207,#1208,#1209));
#213=EDGE_LOOP('',(#1210,#1211,#1212,#1213));
#214=EDGE_LOOP('',(#1214,#1215,#1216,#1217));
#215=EDGE_LOOP('',(#1218,#1219,#1220,#1221));
#216=EDGE_LOOP('',(#1222,#1223,#1224,#1225,#1226,#1227,#1228,#1229,#1230,
#1231,#1232,#1233));
#217=EDGE_LOOP('',(#1234,#1235,#1236,#1237));
#218=EDGE_LOOP('',(#1238,#1239,#1240,#1241));
#219=EDGE_LOOP('',(#1242,#1243,#1244,#1245));
#220=EDGE_LOOP('',(#1246,#1247,#1248,#1249));
#221=EDGE_LOOP('',(#1250,#1251,#1252,#1253));
#222=EDGE_LOOP('',(#1254,#1255,#1256,#1257,#1258,#1259));
#223=EDGE_LOOP('',(#1260,#1261,#1262,#1263));
#224=EDGE_LOOP('',(#1264,#1265,#1266,#1267,#1268,#1269));
#225=EDGE_LOOP('',(#1270,#1271,#1272,#1273));
#226=EDGE_LOOP('',(#1274,#1275,#1276,#1277));
#227=EDGE_LOOP('',(#1278,#1279,#1280,#1281));
#228=EDGE_LOOP('',(#1282,#1283,#1284,#1285));
#229=EDGE_LOOP('',(#1286,#1287,#1288,#1289));
#230=EDGE_LOOP('',(#1290,#1291,#1292,#1293));
#231=EDGE_LOOP('',(#1294,#1295,#1296,#1297));
#232=EDGE_LOOP('',(#1298,#1299,#1300,#1301));
#233=EDGE_LOOP('',(#1302,#1303,#1304,#1305));
#234=EDGE_LOOP('',(#1306,#1307,#1308,#1309));
#235=EDGE_LOOP('',(#1310,#1311,#1312,#1313));
#236=EDGE_LOOP('',(#1314,#1315,#1316,#1317));
#237=EDGE_LOOP('',(#1318));
#238=EDGE_LOOP('',(#1319));
#239=EDGE_LOOP('',(#1320,#1321,#1322,#1323,#1324,#1325,#1326,#1327,#1328,
#1329,#1330,#1331));
#240=EDGE_LOOP('',(#1332,#1333,#1334,#1335));
#241=EDGE_LOOP('',(#1336,#1337,#1338,#1339));
#242=EDGE_LOOP('',(#1340,#1341,#1342,#1343));
#243=EDGE_LOOP('',(#1344,#1345,#1346,#1347,#1348,#1349,#1350,#1351,#1352,
#1353,#1354,#1355));
#244=EDGE_LOOP('',(#1356,#1357,#1358,#1359));
#245=EDGE_LOOP('',(#1360,#1361,#1362,#1363));
#246=EDGE_LOOP('',(#1364,#1365,#1366,#1367));
#247=EDGE_LOOP('',(#1368));
#248=EDGE_LOOP('',(#1369));
#249=EDGE_LOOP('',(#1370));
#250=EDGE_LOOP('',(#1371));
#251=EDGE_LOOP('',(#1372));
#252=EDGE_LOOP('',(#1373));
#253=EDGE_LOOP('',(#1374,#1375,#1376));
#254=EDGE_LOOP('',(#1377,#1378,#1379,#1380));
#255=EDGE_LOOP('',(#1381));
#256=EDGE_LOOP('',(#1382));
#257=EDGE_LOOP('',(#1383));
#258=EDGE_LOOP('',(#1384,#1385,#1386));
#259=EDGE_LOOP('',(#1387,#1388,#1389,#1390));
#260=EDGE_LOOP('',(#1391));
#261=EDGE_LOOP('',(#1392,#1393,#1394,#1395,#1396,#1397,#1398,#1399));
#262=EDGE_LOOP('',(#1400,#1401,#1402,#1403));
#263=EDGE_LOOP('',(#1404,#1405,#1406,#1407));
#264=EDGE_LOOP('',(#1408,#1409,#1410,#1411));
#265=EDGE_LOOP('',(#1412,#1413,#1414,#1415));
#266=EDGE_LOOP('',(#1416,#1417,#1418,#1419));
#267=EDGE_LOOP('',(#1420,#1421,#1422,#1423));
#268=EDGE_LOOP('',(#1424,#1425,#1426,#1427));
#269=EDGE_LOOP('',(#1428,#1429,#1430,#1431));
#270=EDGE_LOOP('',(#1432,#1433,#1434,#1435,#1436,#1437,#1438,#1439));
#271=EDGE_LOOP('',(#1440,#1441,#1442,#1443,#1444,#1445,#1446,#1447));
#272=EDGE_LOOP('',(#1448,#1449,#1450,#1451));
#273=EDGE_LOOP('',(#1452,#1453,#1454,#1455));
#274=EDGE_LOOP('',(#1456,#1457,#1458,#1459));
#275=EDGE_LOOP('',(#1460,#1461,#1462,#1463));
#276=EDGE_LOOP('',(#1464,#1465,#1466,#1467));
#277=EDGE_LOOP('',(#1468,#1469,#1470,#1471));
#278=EDGE_LOOP('',(#1472,#1473,#1474,#1475));
#279=EDGE_LOOP('',(#1476,#1477,#1478,#1479));
#280=EDGE_LOOP('',(#1480,#1481,#1482,#1483,#1484,#1485,#1486,#1487));
#281=EDGE_LOOP('',(#1488,#1489,#1490,#1491,#1492,#1493,#1494,#1495));
#282=EDGE_LOOP('',(#1496,#1497,#1498,#1499));
#283=EDGE_LOOP('',(#1500,#1501,#1502,#1503));
#284=EDGE_LOOP('',(#1504,#1505,#1506,#1507));
#285=EDGE_LOOP('',(#1508,#1509,#1510,#1511));
#286=EDGE_LOOP('',(#1512,#1513,#1514,#1515));
#287=EDGE_LOOP('',(#1516,#1517,#1518,#1519));
#288=EDGE_LOOP('',(#1520,#1521,#1522,#1523));
#289=EDGE_LOOP('',(#1524,#1525,#1526,#1527));
#290=EDGE_LOOP('',(#1528,#1529,#1530,#1531,#1532,#1533,#1534,#1535));
#291=EDGE_LOOP('',(#1536,#1537,#1538,#1539,#1540,#1541,#1542,#1543));
#292=EDGE_LOOP('',(#1544,#1545,#1546,#1547));
#293=EDGE_LOOP('',(#1548,#1549,#1550,#1551));
#294=EDGE_LOOP('',(#1552,#1553,#1554,#1555));
#295=EDGE_LOOP('',(#1556,#1557,#1558,#1559));
#296=EDGE_LOOP('',(#1560,#1561,#1562,#1563));
#297=EDGE_LOOP('',(#1564,#1565,#1566,#1567));
#298=EDGE_LOOP('',(#1568,#1569,#1570,#1571));
#299=EDGE_LOOP('',(#1572,#1573,#1574,#1575));
#300=EDGE_LOOP('',(#1576,#1577,#1578,#1579,#1580,#1581,#1582,#1583));
#301=LINE('',#2490,#475);
#302=LINE('',#2496,#476);
#303=LINE('',#2503,#477);
#304=LINE('',#2506,#478);
#305=LINE('',#2509,#479);
#306=LINE('',#2511,#480);
#307=LINE('',#2512,#481);
#308=LINE('',#2515,#482);
#309=LINE('',#2517,#483);
#310=LINE('',#2518,#484);
#311=LINE('',#2521,#485);
#312=LINE('',#2523,#486);
#313=LINE('',#2524,#487);
#314=LINE('',#2537,#488);
#315=LINE('',#2539,#489);
#316=LINE('',#2540,#490);
#317=LINE('',#2546,#491);
#318=LINE('',#2549,#492);
#319=LINE('',#2555,#493);
#320=LINE('',#2558,#494);
#321=LINE('',#2561,#495);
#322=LINE('',#2563,#496);
#323=LINE('',#2564,#497);
#324=LINE('',#2567,#498);
#325=LINE('',#2569,#499);
#326=LINE('',#2570,#500);
#327=LINE('',#2573,#501);
#328=LINE('',#2575,#502);
#329=LINE('',#2576,#503);
#330=LINE('',#2585,#504);
#331=LINE('',#2587,#505);
#332=LINE('',#2588,#506);
#333=LINE('',#2593,#507);
#334=LINE('',#2604,#508);
#335=LINE('',#2616,#509);
#336=LINE('',#2621,#510);
#337=LINE('',#2622,#511);
#338=LINE('',#2624,#512);
#339=LINE('',#2625,#513);
#340=LINE('',#2630,#514);
#341=LINE('',#2632,#515);
#342=LINE('',#2634,#516);
#343=LINE('',#2635,#517);
#344=LINE('',#2639,#518);
#345=LINE('',#2641,#519);
#346=LINE('',#2643,#520);
#347=LINE('',#2644,#521);
#348=LINE('',#2650,#522);
#349=LINE('',#2657,#523);
#350=LINE('',#2659,#524);
#351=LINE('',#2660,#525);
#352=LINE('',#2672,#526);
#353=LINE('',#2679,#527);
#354=LINE('',#2681,#528);
#355=LINE('',#2682,#529);
#356=LINE('',#2686,#530);
#357=LINE('',#2688,#531);
#358=LINE('',#2690,#532);
#359=LINE('',#2691,#533);
#360=LINE('',#2695,#534);
#361=LINE('',#2697,#535);
#362=LINE('',#2699,#536);
#363=LINE('',#2700,#537);
#364=LINE('',#2705,#538);
#365=LINE('',#2709,#539);
#366=LINE('',#2711,#540);
#367=LINE('',#2712,#541);
#368=LINE('',#2720,#542);
#369=LINE('',#2727,#543);
#370=LINE('',#2729,#544);
#371=LINE('',#2730,#545);
#372=LINE('',#2735,#546);
#373=LINE('',#2741,#547);
#374=LINE('',#2743,#548);
#375=LINE('',#2748,#549);
#376=LINE('',#2750,#550);
#377=LINE('',#7813,#551);
#378=LINE('',#8227,#552);
#379=LINE('',#8233,#553);
#380=LINE('',#8235,#554);
#381=LINE('',#8237,#555);
#382=LINE('',#8239,#556);
#383=LINE('',#8241,#557);
#384=LINE('',#8243,#558);
#385=LINE('',#8245,#559);
#386=LINE('',#8246,#560);
#387=LINE('',#8249,#561);
#388=LINE('',#8251,#562);
#389=LINE('',#8252,#563);
#390=LINE('',#8255,#564);
#391=LINE('',#8256,#565);
#392=LINE('',#8259,#566);
#393=LINE('',#8260,#567);
#394=LINE('',#8263,#568);
#395=LINE('',#8264,#569);
#396=LINE('',#8267,#570);
#397=LINE('',#8268,#571);
#398=LINE('',#8271,#572);
#399=LINE('',#8272,#573);
#400=LINE('',#8275,#574);
#401=LINE('',#8276,#575);
#402=LINE('',#8278,#576);
#403=LINE('',#8283,#577);
#404=LINE('',#8285,#578);
#405=LINE('',#8287,#579);
#406=LINE('',#8289,#580);
#407=LINE('',#8291,#581);
#408=LINE('',#8293,#582);
#409=LINE('',#8295,#583);
#410=LINE('',#8296,#584);
#411=LINE('',#8299,#585);
#412=LINE('',#8301,#586);
#413=LINE('',#8302,#587);
#414=LINE('',#8305,#588);
#415=LINE('',#8306,#589);
#416=LINE('',#8309,#590);
#417=LINE('',#8310,#591);
#418=LINE('',#8313,#592);
#419=LINE('',#8314,#593);
#420=LINE('',#8317,#594);
#421=LINE('',#8318,#595);
#422=LINE('',#8321,#596);
#423=LINE('',#8322,#597);
#424=LINE('',#8325,#598);
#425=LINE('',#8326,#599);
#426=LINE('',#8328,#600);
#427=LINE('',#8333,#601);
#428=LINE('',#8335,#602);
#429=LINE('',#8337,#603);
#430=LINE('',#8339,#604);
#431=LINE('',#8341,#605);
#432=LINE('',#8343,#606);
#433=LINE('',#8345,#607);
#434=LINE('',#8346,#608);
#435=LINE('',#8349,#609);
#436=LINE('',#8351,#610);
#437=LINE('',#8352,#611);
#438=LINE('',#8355,#612);
#439=LINE('',#8356,#613);
#440=LINE('',#8359,#614);
#441=LINE('',#8360,#615);
#442=LINE('',#8363,#616);
#443=LINE('',#8364,#617);
#444=LINE('',#8367,#618);
#445=LINE('',#8368,#619);
#446=LINE('',#8371,#620);
#447=LINE('',#8372,#621);
#448=LINE('',#8375,#622);
#449=LINE('',#8376,#623);
#450=LINE('',#8378,#624);
#451=LINE('',#8383,#625);
#452=LINE('',#8385,#626);
#453=LINE('',#8387,#627);
#454=LINE('',#8389,#628);
#455=LINE('',#8391,#629);
#456=LINE('',#8393,#630);
#457=LINE('',#8395,#631);
#458=LINE('',#8396,#632);
#459=LINE('',#8399,#633);
#460=LINE('',#8401,#634);
#461=LINE('',#8402,#635);
#462=LINE('',#8405,#636);
#463=LINE('',#8406,#637);
#464=LINE('',#8409,#638);
#465=LINE('',#8410,#639);
#466=LINE('',#8413,#640);
#467=LINE('',#8414,#641);
#468=LINE('',#8417,#642);
#469=LINE('',#8418,#643);
#470=LINE('',#8421,#644);
#471=LINE('',#8422,#645);
#472=LINE('',#8425,#646);
#473=LINE('',#8426,#647);
#474=LINE('',#8428,#648);
#475=VECTOR('',#1989,10.);
#476=VECTOR('',#1994,10.);
#477=VECTOR('',#2001,10.);
#478=VECTOR('',#2004,10.);
#479=VECTOR('',#2007,10.);
#480=VECTOR('',#2008,10.);
#481=VECTOR('',#2009,10.);
#482=VECTOR('',#2012,10.);
#483=VECTOR('',#2013,10.);
#484=VECTOR('',#2014,10.);
#485=VECTOR('',#2017,10.);
#486=VECTOR('',#2018,10.);
#487=VECTOR('',#2019,10.);
#488=VECTOR('',#2036,10.);
#489=VECTOR('',#2039,10.);
#490=VECTOR('',#2040,10.);
#491=VECTOR('',#2045,10.);
#492=VECTOR('',#2048,10.);
#493=VECTOR('',#2053,10.);
#494=VECTOR('',#2056,10.);
#495=VECTOR('',#2059,10.);
#496=VECTOR('',#2060,10.);
#497=VECTOR('',#2061,10.);
#498=VECTOR('',#2064,10.);
#499=VECTOR('',#2065,10.);
#500=VECTOR('',#2066,10.);
#501=VECTOR('',#2069,10.);
#502=VECTOR('',#2070,10.);
#503=VECTOR('',#2071,10.);
#504=VECTOR('',#2084,10.);
#505=VECTOR('',#2087,10.);
#506=VECTOR('',#2088,10.);
#507=VECTOR('',#2093,14.5);
#508=VECTOR('',#2108,31.);
#509=VECTOR('',#2123,31.000000461936);
#510=VECTOR('',#2130,10.5);
#511=VECTOR('',#2131,10.5);
#512=VECTOR('',#2134,14.5);
#513=VECTOR('',#2135,14.5);
#514=VECTOR('',#2140,10.);
#515=VECTOR('',#2141,10.);
#516=VECTOR('',#2142,10.);
#517=VECTOR('',#2143,10.);
#518=VECTOR('',#2146,10.);
#519=VECTOR('',#2147,10.);
#520=VECTOR('',#2148,10.);
#521=VECTOR('',#2149,10.);
#522=VECTOR('',#2154,10.);
#523=VECTOR('',#2163,10.);
#524=VECTOR('',#2164,10.);
#525=VECTOR('',#2165,10.);
#526=VECTOR('',#2180,10.);
#527=VECTOR('',#2189,10.);
#528=VECTOR('',#2192,10.);
#529=VECTOR('',#2193,10.);
#530=VECTOR('',#2196,10.);
#531=VECTOR('',#2197,10.);
#532=VECTOR('',#2198,10.);
#533=VECTOR('',#2199,10.);
#534=VECTOR('',#2202,10.);
#535=VECTOR('',#2203,10.);
#536=VECTOR('',#2204,10.);
#537=VECTOR('',#2205,10.);
#538=VECTOR('',#2210,10.);
#539=VECTOR('',#2215,10.);
#540=VECTOR('',#2216,10.);
#541=VECTOR('',#2217,10.);
#542=VECTOR('',#2228,10.);
#543=VECTOR('',#2237,10.);
#544=VECTOR('',#2240,10.);
#545=VECTOR('',#2241,10.);
#546=VECTOR('',#2246,31.000000461936);
#547=VECTOR('',#2255,30.85);
#548=VECTOR('',#2256,30.85);
#549=VECTOR('',#2263,32.4999992735684);
#550=VECTOR('',#2264,32.4999992735684);
#551=VECTOR('',#2281,30.85);
#552=VECTOR('',#2294,30.85);
#553=VECTOR('',#2301,10.);
#554=VECTOR('',#2302,10.);
#555=VECTOR('',#2303,10.);
#556=VECTOR('',#2304,10.);
#557=VECTOR('',#2305,10.);
#558=VECTOR('',#2306,10.);
#559=VECTOR('',#2307,10.);
#560=VECTOR('',#2308,10.);
#561=VECTOR('',#2311,10.);
#562=VECTOR('',#2312,10.);
#563=VECTOR('',#2313,10.);
#564=VECTOR('',#2316,10.);
#565=VECTOR('',#2317,10.);
#566=VECTOR('',#2320,10.);
#567=VECTOR('',#2321,10.);
#568=VECTOR('',#2324,10.);
#569=VECTOR('',#2325,10.);
#570=VECTOR('',#2328,10.);
#571=VECTOR('',#2329,10.);
#572=VECTOR('',#2332,10.);
#573=VECTOR('',#2333,10.);
#574=VECTOR('',#2336,10.);
#575=VECTOR('',#2337,10.);
#576=VECTOR('',#2340,10.);
#577=VECTOR('',#2345,10.);
#578=VECTOR('',#2346,10.);
#579=VECTOR('',#2347,10.);
#580=VECTOR('',#2348,10.);
#581=VECTOR('',#2349,10.);
#582=VECTOR('',#2350,10.);
#583=VECTOR('',#2351,10.);
#584=VECTOR('',#2352,10.);
#585=VECTOR('',#2355,10.);
#586=VECTOR('',#2356,10.);
#587=VECTOR('',#2357,10.);
#588=VECTOR('',#2360,10.);
#589=VECTOR('',#2361,10.);
#590=VECTOR('',#2364,10.);
#591=VECTOR('',#2365,10.);
#592=VECTOR('',#2368,10.);
#593=VECTOR('',#2369,10.);
#594=VECTOR('',#2372,10.);
#595=VECTOR('',#2373,10.);
#596=VECTOR('',#2376,10.);
#597=VECTOR('',#2377,10.);
#598=VECTOR('',#2380,10.);
#599=VECTOR('',#2381,10.);
#600=VECTOR('',#2384,10.);
#601=VECTOR('',#2389,10.);
#602=VECTOR('',#2390,10.);
#603=VECTOR('',#2391,10.);
#604=VECTOR('',#2392,10.);
#605=VECTOR('',#2393,10.);
#606=VECTOR('',#2394,10.);
#607=VECTOR('',#2395,10.);
#608=VECTOR('',#2396,10.);
#609=VECTOR('',#2399,10.);
#610=VECTOR('',#2400,10.);
#611=VECTOR('',#2401,10.);
#612=VECTOR('',#2404,10.);
#613=VECTOR('',#2405,10.);
#614=VECTOR('',#2408,10.);
#615=VECTOR('',#2409,10.);
#616=VECTOR('',#2412,10.);
#617=VECTOR('',#2413,10.);
#618=VECTOR('',#2416,10.);
#619=VECTOR('',#2417,10.);
#620=VECTOR('',#2420,10.);
#621=VECTOR('',#2421,10.);
#622=VECTOR('',#2424,10.);
#623=VECTOR('',#2425,10.);
#624=VECTOR('',#2428,10.);
#625=VECTOR('',#2433,10.);
#626=VECTOR('',#2434,10.);
#627=VECTOR('',#2435,10.);
#628=VECTOR('',#2436,10.);
#629=VECTOR('',#2437,10.);
#630=VECTOR('',#2438,10.);
#631=VECTOR('',#2439,10.);
#632=VECTOR('',#2440,10.);
#633=VECTOR('',#2443,10.);
#634=VECTOR('',#2444,10.);
#635=VECTOR('',#2445,10.);
#636=VECTOR('',#2448,10.);
#637=VECTOR('',#2449,10.);
#638=VECTOR('',#2452,10.);
#639=VECTOR('',#2453,10.);
#640=VECTOR('',#2456,10.);
#641=VECTOR('',#2457,10.);
#642=VECTOR('',#2460,10.);
#643=VECTOR('',#2461,10.);
#644=VECTOR('',#2464,10.);
#645=VECTOR('',#2465,10.);
#646=VECTOR('',#2468,10.);
#647=VECTOR('',#2469,10.);
#648=VECTOR('',#2472,10.);
#649=CIRCLE('',#1820,10.5);
#650=CIRCLE('',#1821,14.5);
#651=CIRCLE('',#1822,14.5);
#652=CIRCLE('',#1823,10.5);
#653=CIRCLE('',#1825,10.5);
#654=CIRCLE('',#1826,14.5);
#655=CIRCLE('',#1831,10.5);
#656=CIRCLE('',#1832,14.5);
#657=CIRCLE('',#1833,14.5);
#658=CIRCLE('',#1834,10.5);
#659=CIRCLE('',#1836,10.5);
#660=CIRCLE('',#1837,14.5);
#661=CIRCLE('',#1840,10.5);
#662=CIRCLE('',#1841,14.5);
#663=CIRCLE('',#1843,10.5);
#664=CIRCLE('',#1844,14.5);
#665=CIRCLE('',#1849,10.5);
#666=CIRCLE('',#1850,14.5);
#667=CIRCLE('',#1852,10.5);
#668=CIRCLE('',#1853,14.5);
#669=CIRCLE('',#1856,14.5);
#670=CIRCLE('',#1857,14.5);
#671=CIRCLE('',#1859,10.5);
#672=CIRCLE('',#1861,31.);
#673=CIRCLE('',#1863,31.);
#674=CIRCLE('',#1865,14.5);
#675=CIRCLE('',#1867,31.000000461936);
#676=CIRCLE('',#1868,10.5);
#677=CIRCLE('',#1870,31.000000461936);
#678=CIRCLE('',#1872,14.5);
#679=CIRCLE('',#1879,30.85);
#680=CIRCLE('',#1880,32.4999992735684);
#681=CIRCLE('',#1881,32.4999992735684);
#682=CIRCLE('',#1882,30.85);
#683=CIRCLE('',#1885,30.85);
#684=CIRCLE('',#1886,32.4999992735684);
#685=CIRCLE('',#1887,32.4999992735684);
#686=CIRCLE('',#1888,30.85);
#687=CIRCLE('',#1890,30.85);
#688=CIRCLE('',#1891,32.4999992735684);
#689=CIRCLE('',#1893,30.85);
#690=CIRCLE('',#1894,32.4999992735684);
#691=CIRCLE('',#1899,30.85);
#692=CIRCLE('',#1900,32.4999992735684);
#693=CIRCLE('',#1903,30.85);
#694=CIRCLE('',#1904,32.4999992735684);
#695=CIRCLE('',#1906,30.85);
#696=CIRCLE('',#1907,32.4999992735684);
#697=CIRCLE('',#1909,30.85);
#698=CIRCLE('',#1910,32.4999992735684);
#699=CIRCLE('',#1913,31.000000461936);
#700=CIRCLE('',#1914,31.000000461936);
#701=CIRCLE('',#1916,30.85);
#702=CIRCLE('',#1918,30.85);
#703=CIRCLE('',#1920,32.4999992735684);
#704=CIRCLE('',#1921,32.4999992735684);
#705=CIRCLE('',#1926,32.5);
#706=CIRCLE('',#1927,30.85);
#707=CIRCLE('',#1929,30.85);
#708=CIRCLE('',#1932,29.25);
#709=CIRCLE('',#1934,29.25);
#710=VERTEX_POINT('',#2486);
#711=VERTEX_POINT('',#2487);
#712=VERTEX_POINT('',#2489);
#713=VERTEX_POINT('',#2491);
#714=VERTEX_POINT('',#2493);
#715=VERTEX_POINT('',#2495);
#716=VERTEX_POINT('',#2499);
#717=VERTEX_POINT('',#2500);
#718=VERTEX_POINT('',#2502);
#719=VERTEX_POINT('',#2504);
#720=VERTEX_POINT('',#2508);
#721=VERTEX_POINT('',#2510);
#722=VERTEX_POINT('',#2514);
#723=VERTEX_POINT('',#2516);
#724=VERTEX_POINT('',#2520);
#725=VERTEX_POINT('',#2522);
#726=VERTEX_POINT('',#2526);
#727=VERTEX_POINT('',#2528);
#728=VERTEX_POINT('',#2533);
#729=VERTEX_POINT('',#2535);
#730=VERTEX_POINT('',#2542);
#731=VERTEX_POINT('',#2543);
#732=VERTEX_POINT('',#2545);
#733=VERTEX_POINT('',#2547);
#734=VERTEX_POINT('',#2551);
#735=VERTEX_POINT('',#2552);
#736=VERTEX_POINT('',#2554);
#737=VERTEX_POINT('',#2556);
#738=VERTEX_POINT('',#2560);
#739=VERTEX_POINT('',#2562);
#740=VERTEX_POINT('',#2566);
#741=VERTEX_POINT('',#2568);
#742=VERTEX_POINT('',#2572);
#743=VERTEX_POINT('',#2574);
#744=VERTEX_POINT('',#2581);
#745=VERTEX_POINT('',#2583);
#746=VERTEX_POINT('',#2590);
#747=VERTEX_POINT('',#2592);
#748=VERTEX_POINT('',#2596);
#749=VERTEX_POINT('',#2599);
#750=VERTEX_POINT('',#2602);
#751=VERTEX_POINT('',#2606);
#752=VERTEX_POINT('',#2609);
#753=VERTEX_POINT('',#2611);
#754=VERTEX_POINT('',#2614);
#755=VERTEX_POINT('',#2618);
#756=VERTEX_POINT('',#2628);
#757=VERTEX_POINT('',#2629);
#758=VERTEX_POINT('',#2631);
#759=VERTEX_POINT('',#2633);
#760=VERTEX_POINT('',#2637);
#761=VERTEX_POINT('',#2638);
#762=VERTEX_POINT('',#2640);
#763=VERTEX_POINT('',#2642);
#764=VERTEX_POINT('',#2646);
#765=VERTEX_POINT('',#2647);
#766=VERTEX_POINT('',#2649);
#767=VERTEX_POINT('',#2651);
#768=VERTEX_POINT('',#2656);
#769=VERTEX_POINT('',#2658);
#770=VERTEX_POINT('',#2662);
#771=VERTEX_POINT('',#2664);
#772=VERTEX_POINT('',#2669);
#773=VERTEX_POINT('',#2671);
#774=VERTEX_POINT('',#2675);
#775=VERTEX_POINT('',#2677);
#776=VERTEX_POINT('',#2684);
#777=VERTEX_POINT('',#2685);
#778=VERTEX_POINT('',#2687);
#779=VERTEX_POINT('',#2689);
#780=VERTEX_POINT('',#2693);
#781=VERTEX_POINT('',#2694);
#782=VERTEX_POINT('',#2696);
#783=VERTEX_POINT('',#2698);
#784=VERTEX_POINT('',#2702);
#785=VERTEX_POINT('',#2704);
#786=VERTEX_POINT('',#2708);
#787=VERTEX_POINT('',#2710);
#788=VERTEX_POINT('',#2717);
#789=VERTEX_POINT('',#2719);
#790=VERTEX_POINT('',#2723);
#791=VERTEX_POINT('',#2725);
#792=VERTEX_POINT('',#2732);
#793=VERTEX_POINT('',#2734);
#794=VERTEX_POINT('',#2738);
#795=VERTEX_POINT('',#2742);
#796=VERTEX_POINT('',#2746);
#797=VERTEX_POINT('',#2749);
#798=VERTEX_POINT('',#2756);
#799=VERTEX_POINT('',#2758);
#800=VERTEX_POINT('',#7305);
#801=VERTEX_POINT('',#7812);
#802=VERTEX_POINT('',#7817);
#803=VERTEX_POINT('',#7857);
#804=VERTEX_POINT('',#8192);
#805=VERTEX_POINT('',#8225);
#806=VERTEX_POINT('',#8231);
#807=VERTEX_POINT('',#8232);
#808=VERTEX_POINT('',#8234);
#809=VERTEX_POINT('',#8236);
#810=VERTEX_POINT('',#8238);
#811=VERTEX_POINT('',#8240);
#812=VERTEX_POINT('',#8242);
#813=VERTEX_POINT('',#8244);
#814=VERTEX_POINT('',#8248);
#815=VERTEX_POINT('',#8250);
#816=VERTEX_POINT('',#8254);
#817=VERTEX_POINT('',#8258);
#818=VERTEX_POINT('',#8262);
#819=VERTEX_POINT('',#8266);
#820=VERTEX_POINT('',#8270);
#821=VERTEX_POINT('',#8274);
#822=VERTEX_POINT('',#8281);
#823=VERTEX_POINT('',#8282);
#824=VERTEX_POINT('',#8284);
#825=VERTEX_POINT('',#8286);
#826=VERTEX_POINT('',#8288);
#827=VERTEX_POINT('',#8290);
#828=VERTEX_POINT('',#8292);
#829=VERTEX_POINT('',#8294);
#830=VERTEX_POINT('',#8298);
#831=VERTEX_POINT('',#8300);
#832=VERTEX_POINT('',#8304);
#833=VERTEX_POINT('',#8308);
#834=VERTEX_POINT('',#8312);
#835=VERTEX_POINT('',#8316);
#836=VERTEX_POINT('',#8320);
#837=VERTEX_POINT('',#8324);
#838=VERTEX_POINT('',#8331);
#839=VERTEX_POINT('',#8332);
#840=VERTEX_POINT('',#8334);
#841=VERTEX_POINT('',#8336);
#842=VERTEX_POINT('',#8338);
#843=VERTEX_POINT('',#8340);
#844=VERTEX_POINT('',#8342);
#845=VERTEX_POINT('',#8344);
#846=VERTEX_POINT('',#8348);
#847=VERTEX_POINT('',#8350);
#848=VERTEX_POINT('',#8354);
#849=VERTEX_POINT('',#8358);
#850=VERTEX_POINT('',#8362);
#851=VERTEX_POINT('',#8366);
#852=VERTEX_POINT('',#8370);
#853=VERTEX_POINT('',#8374);
#854=VERTEX_POINT('',#8381);
#855=VERTEX_POINT('',#8382);
#856=VERTEX_POINT('',#8384);
#857=VERTEX_POINT('',#8386);
#858=VERTEX_POINT('',#8388);
#859=VERTEX_POINT('',#8390);
#860=VERTEX_POINT('',#8392);
#861=VERTEX_POINT('',#8394);
#862=VERTEX_POINT('',#8398);
#863=VERTEX_POINT('',#8400);
#864=VERTEX_POINT('',#8404);
#865=VERTEX_POINT('',#8408);
#866=VERTEX_POINT('',#8412);
#867=VERTEX_POINT('',#8416);
#868=VERTEX_POINT('',#8420);
#869=VERTEX_POINT('',#8424);
#870=EDGE_CURVE('',#710,#711,#649,.T.);
#871=EDGE_CURVE('',#712,#710,#301,.T.);
#872=EDGE_CURVE('',#713,#712,#650,.T.);
#873=EDGE_CURVE('',#714,#713,#651,.T.);
#874=EDGE_CURVE('',#714,#715,#302,.T.);
#875=EDGE_CURVE('',#711,#715,#652,.T.);
#876=EDGE_CURVE('',#716,#717,#653,.T.);
#877=EDGE_CURVE('',#716,#718,#303,.T.);
#878=EDGE_CURVE('',#719,#718,#654,.T.);
#879=EDGE_CURVE('',#717,#719,#304,.T.);
#880=EDGE_CURVE('',#715,#720,#305,.T.);
#881=EDGE_CURVE('',#721,#714,#306,.T.);
#882=EDGE_CURVE('',#721,#720,#307,.T.);
#883=EDGE_CURVE('',#722,#710,#308,.T.);
#884=EDGE_CURVE('',#723,#722,#309,.T.);
#885=EDGE_CURVE('',#712,#723,#310,.T.);
#886=EDGE_CURVE('',#717,#724,#311,.T.);
#887=EDGE_CURVE('',#725,#719,#312,.T.);
#888=EDGE_CURVE('',#724,#725,#313,.T.);
#889=EDGE_CURVE('',#720,#726,#655,.T.);
#890=EDGE_CURVE('',#727,#721,#656,.T.);
#891=EDGE_CURVE('',#723,#727,#657,.T.);
#892=EDGE_CURVE('',#726,#722,#658,.T.);
#893=EDGE_CURVE('',#724,#728,#659,.T.);
#894=EDGE_CURVE('',#729,#725,#660,.T.);
#895=EDGE_CURVE('',#728,#729,#314,.T.);
#896=EDGE_CURVE('',#728,#716,#315,.T.);
#897=EDGE_CURVE('',#718,#729,#316,.T.);
#898=EDGE_CURVE('',#730,#731,#661,.T.);
#899=EDGE_CURVE('',#732,#730,#317,.T.);
#900=EDGE_CURVE('',#733,#732,#662,.T.);
#901=EDGE_CURVE('',#733,#731,#318,.T.);
#902=EDGE_CURVE('',#734,#735,#663,.T.);
#903=EDGE_CURVE('',#734,#736,#319,.T.);
#904=EDGE_CURVE('',#737,#736,#664,.T.);
#905=EDGE_CURVE('',#735,#737,#320,.T.);
#906=EDGE_CURVE('',#738,#730,#321,.T.);
#907=EDGE_CURVE('',#739,#738,#322,.T.);
#908=EDGE_CURVE('',#732,#739,#323,.T.);
#909=EDGE_CURVE('',#735,#740,#324,.T.);
#910=EDGE_CURVE('',#741,#737,#325,.T.);
#911=EDGE_CURVE('',#740,#741,#326,.T.);
#912=EDGE_CURVE('',#731,#742,#327,.T.);
#913=EDGE_CURVE('',#743,#733,#328,.T.);
#914=EDGE_CURVE('',#743,#742,#329,.T.);
#915=EDGE_CURVE('',#742,#738,#665,.T.);
#916=EDGE_CURVE('',#739,#743,#666,.T.);
#917=EDGE_CURVE('',#740,#744,#667,.T.);
#918=EDGE_CURVE('',#745,#741,#668,.T.);
#919=EDGE_CURVE('',#744,#745,#330,.T.);
#920=EDGE_CURVE('',#744,#734,#331,.T.);
#921=EDGE_CURVE('',#736,#745,#332,.T.);
#922=EDGE_CURVE('',#746,#746,#669,.T.);
#923=EDGE_CURVE('',#746,#747,#333,.T.);
#924=EDGE_CURVE('',#747,#747,#670,.T.);
#925=EDGE_CURVE('',#748,#748,#671,.T.);
#926=EDGE_CURVE('',#749,#749,#672,.T.);
#927=EDGE_CURVE('',#750,#750,#673,.T.);
#928=EDGE_CURVE('',#750,#749,#334,.T.);
#929=EDGE_CURVE('',#751,#751,#674,.T.);
#930=EDGE_CURVE('',#752,#752,#675,.T.);
#931=EDGE_CURVE('',#753,#753,#676,.T.);
#932=EDGE_CURVE('',#754,#754,#677,.T.);
#933=EDGE_CURVE('',#754,#752,#335,.T.);
#934=EDGE_CURVE('',#755,#755,#678,.T.);
#935=EDGE_CURVE('',#748,#711,#336,.T.);
#936=EDGE_CURVE('',#726,#753,#337,.T.);
#937=EDGE_CURVE('',#751,#713,#338,.T.);
#938=EDGE_CURVE('',#727,#755,#339,.T.);
#939=EDGE_CURVE('',#756,#757,#340,.T.);
#940=EDGE_CURVE('',#758,#756,#341,.T.);
#941=EDGE_CURVE('',#759,#758,#342,.T.);
#942=EDGE_CURVE('',#759,#757,#343,.T.);
#943=EDGE_CURVE('',#760,#761,#344,.T.);
#944=EDGE_CURVE('',#760,#762,#345,.T.);
#945=EDGE_CURVE('',#763,#762,#346,.T.);
#946=EDGE_CURVE('',#761,#763,#347,.T.);
#947=EDGE_CURVE('',#764,#765,#679,.T.);
#948=EDGE_CURVE('',#766,#764,#348,.T.);
#949=EDGE_CURVE('',#767,#766,#680,.T.);
#950=EDGE_CURVE('',#758,#767,#681,.T.);
#951=EDGE_CURVE('',#765,#756,#682,.T.);
#952=EDGE_CURVE('',#768,#764,#349,.T.);
#953=EDGE_CURVE('',#769,#768,#350,.T.);
#954=EDGE_CURVE('',#766,#769,#351,.T.);
#955=EDGE_CURVE('',#757,#770,#683,.T.);
#956=EDGE_CURVE('',#771,#759,#684,.T.);
#957=EDGE_CURVE('',#769,#771,#685,.T.);
#958=EDGE_CURVE('',#770,#768,#686,.T.);
#959=EDGE_CURVE('',#772,#760,#687,.T.);
#960=EDGE_CURVE('',#772,#773,#352,.T.);
#961=EDGE_CURVE('',#762,#773,#688,.T.);
#962=EDGE_CURVE('',#761,#774,#689,.T.);
#963=EDGE_CURVE('',#775,#763,#690,.T.);
#964=EDGE_CURVE('',#774,#775,#353,.T.);
#965=EDGE_CURVE('',#774,#772,#354,.T.);
#966=EDGE_CURVE('',#773,#775,#355,.T.);
#967=EDGE_CURVE('',#776,#777,#356,.T.);
#968=EDGE_CURVE('',#778,#776,#357,.T.);
#969=EDGE_CURVE('',#779,#778,#358,.T.);
#970=EDGE_CURVE('',#779,#777,#359,.T.);
#971=EDGE_CURVE('',#780,#781,#360,.T.);
#972=EDGE_CURVE('',#780,#782,#361,.T.);
#973=EDGE_CURVE('',#783,#782,#362,.T.);
#974=EDGE_CURVE('',#781,#783,#363,.T.);
#975=EDGE_CURVE('',#784,#776,#691,.T.);
#976=EDGE_CURVE('',#785,#784,#364,.T.);
#977=EDGE_CURVE('',#778,#785,#692,.T.);
#978=EDGE_CURVE('',#786,#784,#365,.T.);
#979=EDGE_CURVE('',#787,#786,#366,.T.);
#980=EDGE_CURVE('',#785,#787,#367,.T.);
#981=EDGE_CURVE('',#777,#786,#693,.T.);
#982=EDGE_CURVE('',#787,#779,#694,.T.);
#983=EDGE_CURVE('',#788,#780,#695,.T.);
#984=EDGE_CURVE('',#788,#789,#368,.T.);
#985=EDGE_CURVE('',#782,#789,#696,.T.);
#986=EDGE_CURVE('',#781,#790,#697,.T.);
#987=EDGE_CURVE('',#791,#783,#698,.T.);
#988=EDGE_CURVE('',#790,#791,#369,.T.);
#989=EDGE_CURVE('',#790,#788,#370,.T.);
#990=EDGE_CURVE('',#789,#791,#371,.T.);
#991=EDGE_CURVE('',#792,#792,#699,.T.);
#992=EDGE_CURVE('',#792,#793,#372,.T.);
#993=EDGE_CURVE('',#793,#793,#700,.T.);
#994=EDGE_CURVE('',#794,#794,#701,.T.);
#995=EDGE_CURVE('',#794,#765,#373,.T.);
#996=EDGE_CURVE('',#770,#795,#374,.T.);
#997=EDGE_CURVE('',#795,#795,#702,.T.);
#998=EDGE_CURVE('',#796,#796,#703,.T.);
#999=EDGE_CURVE('',#796,#767,#375,.T.);
#1000=EDGE_CURVE('',#771,#797,#376,.T.);
#1001=EDGE_CURVE('',#797,#797,#704,.T.);
#1002=EDGE_CURVE('',#798,#798,#705,.T.);
#1003=EDGE_CURVE('',#799,#799,#706,.T.);
#1004=EDGE_CURVE('',#800,#798,#30,.T.);
#1005=EDGE_CURVE('',#799,#801,#377,.T.);
#1006=EDGE_CURVE('',#801,#801,#707,.T.);
#1007=EDGE_CURVE('',#802,#802,#28,.F.);
#1008=EDGE_CURVE('',#803,#803,#708,.F.);
#1009=EDGE_CURVE('',#804,#802,#29,.T.);
#1010=EDGE_CURVE('',#805,#805,#709,.F.);
#1011=EDGE_CURVE('',#805,#803,#378,.T.);
#1012=EDGE_CURVE('',#806,#807,#379,.T.);
#1013=EDGE_CURVE('',#807,#808,#380,.T.);
#1014=EDGE_CURVE('',#808,#809,#381,.T.);
#1015=EDGE_CURVE('',#809,#810,#382,.T.);
#1016=EDGE_CURVE('',#810,#811,#383,.T.);
#1017=EDGE_CURVE('',#811,#812,#384,.T.);
#1018=EDGE_CURVE('',#812,#813,#385,.T.);
#1019=EDGE_CURVE('',#813,#806,#386,.T.);
#1020=EDGE_CURVE('',#814,#807,#387,.T.);
#1021=EDGE_CURVE('',#815,#814,#388,.T.);
#1022=EDGE_CURVE('',#808,#815,#389,.T.);
#1023=EDGE_CURVE('',#816,#815,#390,.T.);
#1024=EDGE_CURVE('',#809,#816,#391,.T.);
#1025=EDGE_CURVE('',#817,#816,#392,.T.);
#1026=EDGE_CURVE('',#810,#817,#393,.T.);
#1027=EDGE_CURVE('',#818,#817,#394,.T.);
#1028=EDGE_CURVE('',#811,#818,#395,.T.);
#1029=EDGE_CURVE('',#819,#818,#396,.T.);
#1030=EDGE_CURVE('',#812,#819,#397,.T.);
#1031=EDGE_CURVE('',#820,#819,#398,.T.);
#1032=EDGE_CURVE('',#813,#820,#399,.T.);
#1033=EDGE_CURVE('',#821,#820,#400,.T.);
#1034=EDGE_CURVE('',#806,#821,#401,.T.);
#1035=EDGE_CURVE('',#814,#821,#402,.T.);
#1036=EDGE_CURVE('',#822,#823,#403,.T.);
#1037=EDGE_CURVE('',#823,#824,#404,.T.);
#1038=EDGE_CURVE('',#824,#825,#405,.T.);
#1039=EDGE_CURVE('',#825,#826,#406,.T.);
#1040=EDGE_CURVE('',#826,#827,#407,.T.);
#1041=EDGE_CURVE('',#827,#828,#408,.T.);
#1042=EDGE_CURVE('',#828,#829,#409,.T.);
#1043=EDGE_CURVE('',#829,#822,#410,.T.);
#1044=EDGE_CURVE('',#830,#823,#411,.T.);
#1045=EDGE_CURVE('',#831,#830,#412,.T.);
#1046=EDGE_CURVE('',#824,#831,#413,.T.);
#1047=EDGE_CURVE('',#832,#831,#414,.T.);
#1048=EDGE_CURVE('',#825,#832,#415,.T.);
#1049=EDGE_CURVE('',#833,#832,#416,.T.);
#1050=EDGE_CURVE('',#826,#833,#417,.T.);
#1051=EDGE_CURVE('',#834,#833,#418,.T.);
#1052=EDGE_CURVE('',#827,#834,#419,.T.);
#1053=EDGE_CURVE('',#835,#834,#420,.T.);
#1054=EDGE_CURVE('',#828,#835,#421,.T.);
#1055=EDGE_CURVE('',#836,#835,#422,.T.);
#1056=EDGE_CURVE('',#829,#836,#423,.T.);
#1057=EDGE_CURVE('',#837,#836,#424,.T.);
#1058=EDGE_CURVE('',#822,#837,#425,.T.);
#1059=EDGE_CURVE('',#830,#837,#426,.T.);
#1060=EDGE_CURVE('',#838,#839,#427,.T.);
#1061=EDGE_CURVE('',#839,#840,#428,.T.);
#1062=EDGE_CURVE('',#840,#841,#429,.T.);
#1063=EDGE_CURVE('',#841,#842,#430,.T.);
#1064=EDGE_CURVE('',#842,#843,#431,.T.);
#1065=EDGE_CURVE('',#843,#844,#432,.T.);
#1066=EDGE_CURVE('',#844,#845,#433,.T.);
#1067=EDGE_CURVE('',#845,#838,#434,.T.);
#1068=EDGE_CURVE('',#846,#839,#435,.T.);
#1069=EDGE_CURVE('',#847,#846,#436,.T.);
#1070=EDGE_CURVE('',#840,#847,#437,.T.);
#1071=EDGE_CURVE('',#848,#847,#438,.T.);
#1072=EDGE_CURVE('',#841,#848,#439,.T.);
#1073=EDGE_CURVE('',#849,#848,#440,.T.);
#1074=EDGE_CURVE('',#842,#849,#441,.T.);
#1075=EDGE_CURVE('',#850,#849,#442,.T.);
#1076=EDGE_CURVE('',#843,#850,#443,.T.);
#1077=EDGE_CURVE('',#851,#850,#444,.T.);
#1078=EDGE_CURVE('',#844,#851,#445,.T.);
#1079=EDGE_CURVE('',#852,#851,#446,.T.);
#1080=EDGE_CURVE('',#845,#852,#447,.T.);
#1081=EDGE_CURVE('',#853,#852,#448,.T.);
#1082=EDGE_CURVE('',#838,#853,#449,.T.);
#1083=EDGE_CURVE('',#846,#853,#450,.T.);
#1084=EDGE_CURVE('',#854,#855,#451,.T.);
#1085=EDGE_CURVE('',#855,#856,#452,.T.);
#1086=EDGE_CURVE('',#856,#857,#453,.T.);
#1087=EDGE_CURVE('',#857,#858,#454,.T.);
#1088=EDGE_CURVE('',#858,#859,#455,.T.);
#1089=EDGE_CURVE('',#859,#860,#456,.T.);
#1090=EDGE_CURVE('',#860,#861,#457,.T.);
#1091=EDGE_CURVE('',#861,#854,#458,.T.);
#1092=EDGE_CURVE('',#862,#855,#459,.T.);
#1093=EDGE_CURVE('',#863,#862,#460,.T.);
#1094=EDGE_CURVE('',#856,#863,#461,.T.);
#1095=EDGE_CURVE('',#864,#863,#462,.T.);
#1096=EDGE_CURVE('',#857,#864,#463,.T.);
#1097=EDGE_CURVE('',#865,#864,#464,.T.);
#1098=EDGE_CURVE('',#858,#865,#465,.T.);
#1099=EDGE_CURVE('',#866,#865,#466,.T.);
#1100=EDGE_CURVE('',#859,#866,#467,.T.);
#1101=EDGE_CURVE('',#867,#866,#468,.T.);
#1102=EDGE_CURVE('',#860,#867,#469,.T.);
#1103=EDGE_CURVE('',#868,#867,#470,.T.);
#1104=EDGE_CURVE('',#861,#868,#471,.T.);
#1105=EDGE_CURVE('',#869,#868,#472,.T.);
#1106=EDGE_CURVE('',#854,#869,#473,.T.);
#1107=EDGE_CURVE('',#862,#869,#474,.T.);
#1108=ORIENTED_EDGE('',*,*,#870,.F.);
#1109=ORIENTED_EDGE('',*,*,#871,.F.);
#1110=ORIENTED_EDGE('',*,*,#872,.F.);
#1111=ORIENTED_EDGE('',*,*,#873,.F.);
#1112=ORIENTED_EDGE('',*,*,#874,.T.);
#1113=ORIENTED_EDGE('',*,*,#875,.F.);
#1114=ORIENTED_EDGE('',*,*,#876,.F.);
#1115=ORIENTED_EDGE('',*,*,#877,.T.);
#1116=ORIENTED_EDGE('',*,*,#878,.F.);
#1117=ORIENTED_EDGE('',*,*,#879,.F.);
#1118=ORIENTED_EDGE('',*,*,#880,.F.);
#1119=ORIENTED_EDGE('',*,*,#874,.F.);
#1120=ORIENTED_EDGE('',*,*,#881,.F.);
#1121=ORIENTED_EDGE('',*,*,#882,.T.);
#1122=ORIENTED_EDGE('',*,*,#883,.F.);
#1123=ORIENTED_EDGE('',*,*,#884,.F.);
#1124=ORIENTED_EDGE('',*,*,#885,.F.);
#1125=ORIENTED_EDGE('',*,*,#871,.T.);
#1126=ORIENTED_EDGE('',*,*,#886,.F.);
#1127=ORIENTED_EDGE('',*,*,#879,.T.);
#1128=ORIENTED_EDGE('',*,*,#887,.F.);
#1129=ORIENTED_EDGE('',*,*,#888,.F.);
#1130=ORIENTED_EDGE('',*,*,#889,.F.);
#1131=ORIENTED_EDGE('',*,*,#882,.F.);
#1132=ORIENTED_EDGE('',*,*,#890,.F.);
#1133=ORIENTED_EDGE('',*,*,#891,.F.);
#1134=ORIENTED_EDGE('',*,*,#884,.T.);
#1135=ORIENTED_EDGE('',*,*,#892,.F.);
#1136=ORIENTED_EDGE('',*,*,#893,.F.);
#1137=ORIENTED_EDGE('',*,*,#888,.T.);
#1138=ORIENTED_EDGE('',*,*,#894,.F.);
#1139=ORIENTED_EDGE('',*,*,#895,.F.);
#1140=ORIENTED_EDGE('',*,*,#896,.F.);
#1141=ORIENTED_EDGE('',*,*,#895,.T.);
#1142=ORIENTED_EDGE('',*,*,#897,.F.);
#1143=ORIENTED_EDGE('',*,*,#877,.F.);
#1144=ORIENTED_EDGE('',*,*,#898,.F.);
#1145=ORIENTED_EDGE('',*,*,#899,.F.);
#1146=ORIENTED_EDGE('',*,*,#900,.F.);
#1147=ORIENTED_EDGE('',*,*,#901,.T.);
#1148=ORIENTED_EDGE('',*,*,#902,.F.);
#1149=ORIENTED_EDGE('',*,*,#903,.T.);
#1150=ORIENTED_EDGE('',*,*,#904,.F.);
#1151=ORIENTED_EDGE('',*,*,#905,.F.);
#1152=ORIENTED_EDGE('',*,*,#906,.F.);
#1153=ORIENTED_EDGE('',*,*,#907,.F.);
#1154=ORIENTED_EDGE('',*,*,#908,.F.);
#1155=ORIENTED_EDGE('',*,*,#899,.T.);
#1156=ORIENTED_EDGE('',*,*,#909,.F.);
#1157=ORIENTED_EDGE('',*,*,#905,.T.);
#1158=ORIENTED_EDGE('',*,*,#910,.F.);
#1159=ORIENTED_EDGE('',*,*,#911,.F.);
#1160=ORIENTED_EDGE('',*,*,#912,.F.);
#1161=ORIENTED_EDGE('',*,*,#901,.F.);
#1162=ORIENTED_EDGE('',*,*,#913,.F.);
#1163=ORIENTED_EDGE('',*,*,#914,.T.);
#1164=ORIENTED_EDGE('',*,*,#915,.F.);
#1165=ORIENTED_EDGE('',*,*,#914,.F.);
#1166=ORIENTED_EDGE('',*,*,#916,.F.);
#1167=ORIENTED_EDGE('',*,*,#907,.T.);
#1168=ORIENTED_EDGE('',*,*,#917,.F.);
#1169=ORIENTED_EDGE('',*,*,#911,.T.);
#1170=ORIENTED_EDGE('',*,*,#918,.F.);
#1171=ORIENTED_EDGE('',*,*,#919,.F.);
#1172=ORIENTED_EDGE('',*,*,#920,.F.);
#1173=ORIENTED_EDGE('',*,*,#919,.T.);
#1174=ORIENTED_EDGE('',*,*,#921,.F.);
#1175=ORIENTED_EDGE('',*,*,#903,.F.);
#1176=ORIENTED_EDGE('',*,*,#922,.F.);
#1177=ORIENTED_EDGE('',*,*,#923,.T.);
#1178=ORIENTED_EDGE('',*,*,#924,.F.);
#1179=ORIENTED_EDGE('',*,*,#923,.F.);
#1180=ORIENTED_EDGE('',*,*,#922,.T.);
#1181=ORIENTED_EDGE('',*,*,#925,.T.);
#1182=ORIENTED_EDGE('',*,*,#926,.F.);
#1183=ORIENTED_EDGE('',*,*,#924,.T.);
#1184=ORIENTED_EDGE('',*,*,#927,.F.);
#1185=ORIENTED_EDGE('',*,*,#928,.T.);
#1186=ORIENTED_EDGE('',*,*,#926,.T.);
#1187=ORIENTED_EDGE('',*,*,#928,.F.);
#1188=ORIENTED_EDGE('',*,*,#927,.T.);
#1189=ORIENTED_EDGE('',*,*,#929,.F.);
#1190=ORIENTED_EDGE('',*,*,#930,.F.);
#1191=ORIENTED_EDGE('',*,*,#931,.F.);
#1192=ORIENTED_EDGE('',*,*,#932,.F.);
#1193=ORIENTED_EDGE('',*,*,#933,.T.);
#1194=ORIENTED_EDGE('',*,*,#930,.T.);
#1195=ORIENTED_EDGE('',*,*,#933,.F.);
#1196=ORIENTED_EDGE('',*,*,#932,.T.);
#1197=ORIENTED_EDGE('',*,*,#934,.F.);
#1198=ORIENTED_EDGE('',*,*,#925,.F.);
#1199=ORIENTED_EDGE('',*,*,#935,.T.);
#1200=ORIENTED_EDGE('',*,*,#875,.T.);
#1201=ORIENTED_EDGE('',*,*,#880,.T.);
#1202=ORIENTED_EDGE('',*,*,#889,.T.);
#1203=ORIENTED_EDGE('',*,*,#936,.T.);
#1204=ORIENTED_EDGE('',*,*,#931,.T.);
#1205=ORIENTED_EDGE('',*,*,#936,.F.);
#1206=ORIENTED_EDGE('',*,*,#892,.T.);
#1207=ORIENTED_EDGE('',*,*,#883,.T.);
#1208=ORIENTED_EDGE('',*,*,#870,.T.);
#1209=ORIENTED_EDGE('',*,*,#935,.F.);
#1210=ORIENTED_EDGE('',*,*,#893,.T.);
#1211=ORIENTED_EDGE('',*,*,#896,.T.);
#1212=ORIENTED_EDGE('',*,*,#876,.T.);
#1213=ORIENTED_EDGE('',*,*,#886,.T.);
#1214=ORIENTED_EDGE('',*,*,#917,.T.);
#1215=ORIENTED_EDGE('',*,*,#920,.T.);
#1216=ORIENTED_EDGE('',*,*,#902,.T.);
#1217=ORIENTED_EDGE('',*,*,#909,.T.);
#1218=ORIENTED_EDGE('',*,*,#915,.T.);
#1219=ORIENTED_EDGE('',*,*,#906,.T.);
#1220=ORIENTED_EDGE('',*,*,#898,.T.);
#1221=ORIENTED_EDGE('',*,*,#912,.T.);
#1222=ORIENTED_EDGE('',*,*,#929,.T.);
#1223=ORIENTED_EDGE('',*,*,#937,.T.);
#1224=ORIENTED_EDGE('',*,*,#872,.T.);
#1225=ORIENTED_EDGE('',*,*,#885,.T.);
#1226=ORIENTED_EDGE('',*,*,#891,.T.);
#1227=ORIENTED_EDGE('',*,*,#938,.T.);
#1228=ORIENTED_EDGE('',*,*,#934,.T.);
#1229=ORIENTED_EDGE('',*,*,#938,.F.);
#1230=ORIENTED_EDGE('',*,*,#890,.T.);
#1231=ORIENTED_EDGE('',*,*,#881,.T.);
#1232=ORIENTED_EDGE('',*,*,#873,.T.);
#1233=ORIENTED_EDGE('',*,*,#937,.F.);
#1234=ORIENTED_EDGE('',*,*,#894,.T.);
#1235=ORIENTED_EDGE('',*,*,#887,.T.);
#1236=ORIENTED_EDGE('',*,*,#878,.T.);
#1237=ORIENTED_EDGE('',*,*,#897,.T.);
#1238=ORIENTED_EDGE('',*,*,#916,.T.);
#1239=ORIENTED_EDGE('',*,*,#913,.T.);
#1240=ORIENTED_EDGE('',*,*,#900,.T.);
#1241=ORIENTED_EDGE('',*,*,#908,.T.);
#1242=ORIENTED_EDGE('',*,*,#918,.T.);
#1243=ORIENTED_EDGE('',*,*,#910,.T.);
#1244=ORIENTED_EDGE('',*,*,#904,.T.);
#1245=ORIENTED_EDGE('',*,*,#921,.T.);
#1246=ORIENTED_EDGE('',*,*,#939,.F.);
#1247=ORIENTED_EDGE('',*,*,#940,.F.);
#1248=ORIENTED_EDGE('',*,*,#941,.F.);
#1249=ORIENTED_EDGE('',*,*,#942,.T.);
#1250=ORIENTED_EDGE('',*,*,#943,.F.);
#1251=ORIENTED_EDGE('',*,*,#944,.T.);
#1252=ORIENTED_EDGE('',*,*,#945,.F.);
#1253=ORIENTED_EDGE('',*,*,#946,.F.);
#1254=ORIENTED_EDGE('',*,*,#947,.F.);
#1255=ORIENTED_EDGE('',*,*,#948,.F.);
#1256=ORIENTED_EDGE('',*,*,#949,.F.);
#1257=ORIENTED_EDGE('',*,*,#950,.F.);
#1258=ORIENTED_EDGE('',*,*,#940,.T.);
#1259=ORIENTED_EDGE('',*,*,#951,.F.);
#1260=ORIENTED_EDGE('',*,*,#952,.F.);
#1261=ORIENTED_EDGE('',*,*,#953,.F.);
#1262=ORIENTED_EDGE('',*,*,#954,.F.);
#1263=ORIENTED_EDGE('',*,*,#948,.T.);
#1264=ORIENTED_EDGE('',*,*,#955,.F.);
#1265=ORIENTED_EDGE('',*,*,#942,.F.);
#1266=ORIENTED_EDGE('',*,*,#956,.F.);
#1267=ORIENTED_EDGE('',*,*,#957,.F.);
#1268=ORIENTED_EDGE('',*,*,#953,.T.);
#1269=ORIENTED_EDGE('',*,*,#958,.F.);
#1270=ORIENTED_EDGE('',*,*,#959,.F.);
#1271=ORIENTED_EDGE('',*,*,#960,.T.);
#1272=ORIENTED_EDGE('',*,*,#961,.F.);
#1273=ORIENTED_EDGE('',*,*,#944,.F.);
#1274=ORIENTED_EDGE('',*,*,#962,.F.);
#1275=ORIENTED_EDGE('',*,*,#946,.T.);
#1276=ORIENTED_EDGE('',*,*,#963,.F.);
#1277=ORIENTED_EDGE('',*,*,#964,.F.);
#1278=ORIENTED_EDGE('',*,*,#965,.F.);
#1279=ORIENTED_EDGE('',*,*,#964,.T.);
#1280=ORIENTED_EDGE('',*,*,#966,.F.);
#1281=ORIENTED_EDGE('',*,*,#960,.F.);
#1282=ORIENTED_EDGE('',*,*,#967,.F.);
#1283=ORIENTED_EDGE('',*,*,#968,.F.);
#1284=ORIENTED_EDGE('',*,*,#969,.F.);
#1285=ORIENTED_EDGE('',*,*,#970,.T.);
#1286=ORIENTED_EDGE('',*,*,#971,.F.);
#1287=ORIENTED_EDGE('',*,*,#972,.T.);
#1288=ORIENTED_EDGE('',*,*,#973,.F.);
#1289=ORIENTED_EDGE('',*,*,#974,.F.);
#1290=ORIENTED_EDGE('',*,*,#975,.F.);
#1291=ORIENTED_EDGE('',*,*,#976,.F.);
#1292=ORIENTED_EDGE('',*,*,#977,.F.);
#1293=ORIENTED_EDGE('',*,*,#968,.T.);
#1294=ORIENTED_EDGE('',*,*,#978,.F.);
#1295=ORIENTED_EDGE('',*,*,#979,.F.);
#1296=ORIENTED_EDGE('',*,*,#980,.F.);
#1297=ORIENTED_EDGE('',*,*,#976,.T.);
#1298=ORIENTED_EDGE('',*,*,#981,.F.);
#1299=ORIENTED_EDGE('',*,*,#970,.F.);
#1300=ORIENTED_EDGE('',*,*,#982,.F.);
#1301=ORIENTED_EDGE('',*,*,#979,.T.);
#1302=ORIENTED_EDGE('',*,*,#983,.F.);
#1303=ORIENTED_EDGE('',*,*,#984,.T.);
#1304=ORIENTED_EDGE('',*,*,#985,.F.);
#1305=ORIENTED_EDGE('',*,*,#972,.F.);
#1306=ORIENTED_EDGE('',*,*,#986,.F.);
#1307=ORIENTED_EDGE('',*,*,#974,.T.);
#1308=ORIENTED_EDGE('',*,*,#987,.F.);
#1309=ORIENTED_EDGE('',*,*,#988,.F.);
#1310=ORIENTED_EDGE('',*,*,#989,.F.);
#1311=ORIENTED_EDGE('',*,*,#988,.T.);
#1312=ORIENTED_EDGE('',*,*,#990,.F.);
#1313=ORIENTED_EDGE('',*,*,#984,.F.);
#1314=ORIENTED_EDGE('',*,*,#991,.F.);
#1315=ORIENTED_EDGE('',*,*,#992,.T.);
#1316=ORIENTED_EDGE('',*,*,#993,.T.);
#1317=ORIENTED_EDGE('',*,*,#992,.F.);
#1318=ORIENTED_EDGE('',*,*,#993,.F.);
#1319=ORIENTED_EDGE('',*,*,#994,.F.);
#1320=ORIENTED_EDGE('',*,*,#994,.T.);
#1321=ORIENTED_EDGE('',*,*,#995,.T.);
#1322=ORIENTED_EDGE('',*,*,#951,.T.);
#1323=ORIENTED_EDGE('',*,*,#939,.T.);
#1324=ORIENTED_EDGE('',*,*,#955,.T.);
#1325=ORIENTED_EDGE('',*,*,#996,.T.);
#1326=ORIENTED_EDGE('',*,*,#997,.F.);
#1327=ORIENTED_EDGE('',*,*,#996,.F.);
#1328=ORIENTED_EDGE('',*,*,#958,.T.);
#1329=ORIENTED_EDGE('',*,*,#952,.T.);
#1330=ORIENTED_EDGE('',*,*,#947,.T.);
#1331=ORIENTED_EDGE('',*,*,#995,.F.);
#1332=ORIENTED_EDGE('',*,*,#962,.T.);
#1333=ORIENTED_EDGE('',*,*,#965,.T.);
#1334=ORIENTED_EDGE('',*,*,#959,.T.);
#1335=ORIENTED_EDGE('',*,*,#943,.T.);
#1336=ORIENTED_EDGE('',*,*,#986,.T.);
#1337=ORIENTED_EDGE('',*,*,#989,.T.);
#1338=ORIENTED_EDGE('',*,*,#983,.T.);
#1339=ORIENTED_EDGE('',*,*,#971,.T.);
#1340=ORIENTED_EDGE('',*,*,#975,.T.);
#1341=ORIENTED_EDGE('',*,*,#967,.T.);
#1342=ORIENTED_EDGE('',*,*,#981,.T.);
#1343=ORIENTED_EDGE('',*,*,#978,.T.);
#1344=ORIENTED_EDGE('',*,*,#998,.F.);
#1345=ORIENTED_EDGE('',*,*,#999,.T.);
#1346=ORIENTED_EDGE('',*,*,#949,.T.);
#1347=ORIENTED_EDGE('',*,*,#954,.T.);
#1348=ORIENTED_EDGE('',*,*,#957,.T.);
#1349=ORIENTED_EDGE('',*,*,#1000,.T.);
#1350=ORIENTED_EDGE('',*,*,#1001,.F.);
#1351=ORIENTED_EDGE('',*,*,#1000,.F.);
#1352=ORIENTED_EDGE('',*,*,#956,.T.);
#1353=ORIENTED_EDGE('',*,*,#941,.T.);
#1354=ORIENTED_EDGE('',*,*,#950,.T.);
#1355=ORIENTED_EDGE('',*,*,#999,.F.);
#1356=ORIENTED_EDGE('',*,*,#963,.T.);
#1357=ORIENTED_EDGE('',*,*,#945,.T.);
#1358=ORIENTED_EDGE('',*,*,#961,.T.);
#1359=ORIENTED_EDGE('',*,*,#966,.T.);
#1360=ORIENTED_EDGE('',*,*,#987,.T.);
#1361=ORIENTED_EDGE('',*,*,#973,.T.);
#1362=ORIENTED_EDGE('',*,*,#985,.T.);
#1363=ORIENTED_EDGE('',*,*,#990,.T.);
#1364=ORIENTED_EDGE('',*,*,#982,.T.);
#1365=ORIENTED_EDGE('',*,*,#969,.T.);
#1366=ORIENTED_EDGE('',*,*,#977,.T.);
#1367=ORIENTED_EDGE('',*,*,#980,.T.);
#1368=ORIENTED_EDGE('',*,*,#1001,.T.);
#1369=ORIENTED_EDGE('',*,*,#997,.T.);
#1370=ORIENTED_EDGE('',*,*,#998,.T.);
#1371=ORIENTED_EDGE('',*,*,#991,.T.);
#1372=ORIENTED_EDGE('',*,*,#1002,.F.);
#1373=ORIENTED_EDGE('',*,*,#1003,.T.);
#1374=ORIENTED_EDGE('',*,*,#1004,.T.);
#1375=ORIENTED_EDGE('',*,*,#1002,.T.);
#1376=ORIENTED_EDGE('',*,*,#1004,.F.);
#1377=ORIENTED_EDGE('',*,*,#1003,.F.);
#1378=ORIENTED_EDGE('',*,*,#1005,.T.);
#1379=ORIENTED_EDGE('',*,*,#1006,.T.);
#1380=ORIENTED_EDGE('',*,*,#1005,.F.);
#1381=ORIENTED_EDGE('',*,*,#1006,.F.);
#1382=ORIENTED_EDGE('',*,*,#1007,.T.);
#1383=ORIENTED_EDGE('',*,*,#1008,.F.);
#1384=ORIENTED_EDGE('',*,*,#1009,.F.);
#1385=ORIENTED_EDGE('',*,*,#1009,.T.);
#1386=ORIENTED_EDGE('',*,*,#1007,.F.);
#1387=ORIENTED_EDGE('',*,*,#1010,.F.);
#1388=ORIENTED_EDGE('',*,*,#1011,.T.);
#1389=ORIENTED_EDGE('',*,*,#1008,.T.);
#1390=ORIENTED_EDGE('',*,*,#1011,.F.);
#1391=ORIENTED_EDGE('',*,*,#1010,.T.);
#1392=ORIENTED_EDGE('',*,*,#1012,.T.);
#1393=ORIENTED_EDGE('',*,*,#1013,.T.);
#1394=ORIENTED_EDGE('',*,*,#1014,.T.);
#1395=ORIENTED_EDGE('',*,*,#1015,.T.);
#1396=ORIENTED_EDGE('',*,*,#1016,.T.);
#1397=ORIENTED_EDGE('',*,*,#1017,.T.);
#1398=ORIENTED_EDGE('',*,*,#1018,.T.);
#1399=ORIENTED_EDGE('',*,*,#1019,.T.);
#1400=ORIENTED_EDGE('',*,*,#1020,.F.);
#1401=ORIENTED_EDGE('',*,*,#1021,.F.);
#1402=ORIENTED_EDGE('',*,*,#1022,.F.);
#1403=ORIENTED_EDGE('',*,*,#1013,.F.);
#1404=ORIENTED_EDGE('',*,*,#1022,.T.);
#1405=ORIENTED_EDGE('',*,*,#1023,.F.);
#1406=ORIENTED_EDGE('',*,*,#1024,.F.);
#1407=ORIENTED_EDGE('',*,*,#1014,.F.);
#1408=ORIENTED_EDGE('',*,*,#1024,.T.);
#1409=ORIENTED_EDGE('',*,*,#1025,.F.);
#1410=ORIENTED_EDGE('',*,*,#1026,.F.);
#1411=ORIENTED_EDGE('',*,*,#1015,.F.);
#1412=ORIENTED_EDGE('',*,*,#1026,.T.);
#1413=ORIENTED_EDGE('',*,*,#1027,.F.);
#1414=ORIENTED_EDGE('',*,*,#1028,.F.);
#1415=ORIENTED_EDGE('',*,*,#1016,.F.);
#1416=ORIENTED_EDGE('',*,*,#1028,.T.);
#1417=ORIENTED_EDGE('',*,*,#1029,.F.);
#1418=ORIENTED_EDGE('',*,*,#1030,.F.);
#1419=ORIENTED_EDGE('',*,*,#1017,.F.);
#1420=ORIENTED_EDGE('',*,*,#1030,.T.);
#1421=ORIENTED_EDGE('',*,*,#1031,.F.);
#1422=ORIENTED_EDGE('',*,*,#1032,.F.);
#1423=ORIENTED_EDGE('',*,*,#1018,.F.);
#1424=ORIENTED_EDGE('',*,*,#1032,.T.);
#1425=ORIENTED_EDGE('',*,*,#1033,.F.);
#1426=ORIENTED_EDGE('',*,*,#1034,.F.);
#1427=ORIENTED_EDGE('',*,*,#1019,.F.);
#1428=ORIENTED_EDGE('',*,*,#1034,.T.);
#1429=ORIENTED_EDGE('',*,*,#1035,.F.);
#1430=ORIENTED_EDGE('',*,*,#1020,.T.);
#1431=ORIENTED_EDGE('',*,*,#1012,.F.);
#1432=ORIENTED_EDGE('',*,*,#1035,.T.);
#1433=ORIENTED_EDGE('',*,*,#1033,.T.);
#1434=ORIENTED_EDGE('',*,*,#1031,.T.);
#1435=ORIENTED_EDGE('',*,*,#1029,.T.);
#1436=ORIENTED_EDGE('',*,*,#1027,.T.);
#1437=ORIENTED_EDGE('',*,*,#1025,.T.);
#1438=ORIENTED_EDGE('',*,*,#1023,.T.);
#1439=ORIENTED_EDGE('',*,*,#1021,.T.);
#1440=ORIENTED_EDGE('',*,*,#1036,.T.);
#1441=ORIENTED_EDGE('',*,*,#1037,.T.);
#1442=ORIENTED_EDGE('',*,*,#1038,.T.);
#1443=ORIENTED_EDGE('',*,*,#1039,.T.);
#1444=ORIENTED_EDGE('',*,*,#1040,.T.);
#1445=ORIENTED_EDGE('',*,*,#1041,.T.);
#1446=ORIENTED_EDGE('',*,*,#1042,.T.);
#1447=ORIENTED_EDGE('',*,*,#1043,.T.);
#1448=ORIENTED_EDGE('',*,*,#1044,.F.);
#1449=ORIENTED_EDGE('',*,*,#1045,.F.);
#1450=ORIENTED_EDGE('',*,*,#1046,.F.);
#1451=ORIENTED_EDGE('',*,*,#1037,.F.);
#1452=ORIENTED_EDGE('',*,*,#1046,.T.);
#1453=ORIENTED_EDGE('',*,*,#1047,.F.);
#1454=ORIENTED_EDGE('',*,*,#1048,.F.);
#1455=ORIENTED_EDGE('',*,*,#1038,.F.);
#1456=ORIENTED_EDGE('',*,*,#1048,.T.);
#1457=ORIENTED_EDGE('',*,*,#1049,.F.);
#1458=ORIENTED_EDGE('',*,*,#1050,.F.);
#1459=ORIENTED_EDGE('',*,*,#1039,.F.);
#1460=ORIENTED_EDGE('',*,*,#1050,.T.);
#1461=ORIENTED_EDGE('',*,*,#1051,.F.);
#1462=ORIENTED_EDGE('',*,*,#1052,.F.);
#1463=ORIENTED_EDGE('',*,*,#1040,.F.);
#1464=ORIENTED_EDGE('',*,*,#1052,.T.);
#1465=ORIENTED_EDGE('',*,*,#1053,.F.);
#1466=ORIENTED_EDGE('',*,*,#1054,.F.);
#1467=ORIENTED_EDGE('',*,*,#1041,.F.);
#1468=ORIENTED_EDGE('',*,*,#1054,.T.);
#1469=ORIENTED_EDGE('',*,*,#1055,.F.);
#1470=ORIENTED_EDGE('',*,*,#1056,.F.);
#1471=ORIENTED_EDGE('',*,*,#1042,.F.);
#1472=ORIENTED_EDGE('',*,*,#1056,.T.);
#1473=ORIENTED_EDGE('',*,*,#1057,.F.);
#1474=ORIENTED_EDGE('',*,*,#1058,.F.);
#1475=ORIENTED_EDGE('',*,*,#1043,.F.);
#1476=ORIENTED_EDGE('',*,*,#1058,.T.);
#1477=ORIENTED_EDGE('',*,*,#1059,.F.);
#1478=ORIENTED_EDGE('',*,*,#1044,.T.);
#1479=ORIENTED_EDGE('',*,*,#1036,.F.);
#1480=ORIENTED_EDGE('',*,*,#1059,.T.);
#1481=ORIENTED_EDGE('',*,*,#1057,.T.);
#1482=ORIENTED_EDGE('',*,*,#1055,.T.);
#1483=ORIENTED_EDGE('',*,*,#1053,.T.);
#1484=ORIENTED_EDGE('',*,*,#1051,.T.);
#1485=ORIENTED_EDGE('',*,*,#1049,.T.);
#1486=ORIENTED_EDGE('',*,*,#1047,.T.);
#1487=ORIENTED_EDGE('',*,*,#1045,.T.);
#1488=ORIENTED_EDGE('',*,*,#1060,.T.);
#1489=ORIENTED_EDGE('',*,*,#1061,.T.);
#1490=ORIENTED_EDGE('',*,*,#1062,.T.);
#1491=ORIENTED_EDGE('',*,*,#1063,.T.);
#1492=ORIENTED_EDGE('',*,*,#1064,.T.);
#1493=ORIENTED_EDGE('',*,*,#1065,.T.);
#1494=ORIENTED_EDGE('',*,*,#1066,.T.);
#1495=ORIENTED_EDGE('',*,*,#1067,.T.);
#1496=ORIENTED_EDGE('',*,*,#1068,.F.);
#1497=ORIENTED_EDGE('',*,*,#1069,.F.);
#1498=ORIENTED_EDGE('',*,*,#1070,.F.);
#1499=ORIENTED_EDGE('',*,*,#1061,.F.);
#1500=ORIENTED_EDGE('',*,*,#1070,.T.);
#1501=ORIENTED_EDGE('',*,*,#1071,.F.);
#1502=ORIENTED_EDGE('',*,*,#1072,.F.);
#1503=ORIENTED_EDGE('',*,*,#1062,.F.);
#1504=ORIENTED_EDGE('',*,*,#1072,.T.);
#1505=ORIENTED_EDGE('',*,*,#1073,.F.);
#1506=ORIENTED_EDGE('',*,*,#1074,.F.);
#1507=ORIENTED_EDGE('',*,*,#1063,.F.);
#1508=ORIENTED_EDGE('',*,*,#1074,.T.);
#1509=ORIENTED_EDGE('',*,*,#1075,.F.);
#1510=ORIENTED_EDGE('',*,*,#1076,.F.);
#1511=ORIENTED_EDGE('',*,*,#1064,.F.);
#1512=ORIENTED_EDGE('',*,*,#1076,.T.);
#1513=ORIENTED_EDGE('',*,*,#1077,.F.);
#1514=ORIENTED_EDGE('',*,*,#1078,.F.);
#1515=ORIENTED_EDGE('',*,*,#1065,.F.);
#1516=ORIENTED_EDGE('',*,*,#1078,.T.);
#1517=ORIENTED_EDGE('',*,*,#1079,.F.);
#1518=ORIENTED_EDGE('',*,*,#1080,.F.);
#1519=ORIENTED_EDGE('',*,*,#1066,.F.);
#1520=ORIENTED_EDGE('',*,*,#1080,.T.);
#1521=ORIENTED_EDGE('',*,*,#1081,.F.);
#1522=ORIENTED_EDGE('',*,*,#1082,.F.);
#1523=ORIENTED_EDGE('',*,*,#1067,.F.);
#1524=ORIENTED_EDGE('',*,*,#1082,.T.);
#1525=ORIENTED_EDGE('',*,*,#1083,.F.);
#1526=ORIENTED_EDGE('',*,*,#1068,.T.);
#1527=ORIENTED_EDGE('',*,*,#1060,.F.);
#1528=ORIENTED_EDGE('',*,*,#1083,.T.);
#1529=ORIENTED_EDGE('',*,*,#1081,.T.);
#1530=ORIENTED_EDGE('',*,*,#1079,.T.);
#1531=ORIENTED_EDGE('',*,*,#1077,.T.);
#1532=ORIENTED_EDGE('',*,*,#1075,.T.);
#1533=ORIENTED_EDGE('',*,*,#1073,.T.);
#1534=ORIENTED_EDGE('',*,*,#1071,.T.);
#1535=ORIENTED_EDGE('',*,*,#1069,.T.);
#1536=ORIENTED_EDGE('',*,*,#1084,.T.);
#1537=ORIENTED_EDGE('',*,*,#1085,.T.);
#1538=ORIENTED_EDGE('',*,*,#1086,.T.);
#1539=ORIENTED_EDGE('',*,*,#1087,.T.);
#1540=ORIENTED_EDGE('',*,*,#1088,.T.);
#1541=ORIENTED_EDGE('',*,*,#1089,.T.);
#1542=ORIENTED_EDGE('',*,*,#1090,.T.);
#1543=ORIENTED_EDGE('',*,*,#1091,.T.);
#1544=ORIENTED_EDGE('',*,*,#1092,.F.);
#1545=ORIENTED_EDGE('',*,*,#1093,.F.);
#1546=ORIENTED_EDGE('',*,*,#1094,.F.);
#1547=ORIENTED_EDGE('',*,*,#1085,.F.);
#1548=ORIENTED_EDGE('',*,*,#1094,.T.);
#1549=ORIENTED_EDGE('',*,*,#1095,.F.);
#1550=ORIENTED_EDGE('',*,*,#1096,.F.);
#1551=ORIENTED_EDGE('',*,*,#1086,.F.);
#1552=ORIENTED_EDGE('',*,*,#1096,.T.);
#1553=ORIENTED_EDGE('',*,*,#1097,.F.);
#1554=ORIENTED_EDGE('',*,*,#1098,.F.);
#1555=ORIENTED_EDGE('',*,*,#1087,.F.);
#1556=ORIENTED_EDGE('',*,*,#1098,.T.);
#1557=ORIENTED_EDGE('',*,*,#1099,.F.);
#1558=ORIENTED_EDGE('',*,*,#1100,.F.);
#1559=ORIENTED_EDGE('',*,*,#1088,.F.);
#1560=ORIENTED_EDGE('',*,*,#1100,.T.);
#1561=ORIENTED_EDGE('',*,*,#1101,.F.);
#1562=ORIENTED_EDGE('',*,*,#1102,.F.);
#1563=ORIENTED_EDGE('',*,*,#1089,.F.);
#1564=ORIENTED_EDGE('',*,*,#1102,.T.);
#1565=ORIENTED_EDGE('',*,*,#1103,.F.);
#1566=ORIENTED_EDGE('',*,*,#1104,.F.);
#1567=ORIENTED_EDGE('',*,*,#1090,.F.);
#1568=ORIENTED_EDGE('',*,*,#1104,.T.);
#1569=ORIENTED_EDGE('',*,*,#1105,.F.);
#1570=ORIENTED_EDGE('',*,*,#1106,.F.);
#1571=ORIENTED_EDGE('',*,*,#1091,.F.);
#1572=ORIENTED_EDGE('',*,*,#1106,.T.);
#1573=ORIENTED_EDGE('',*,*,#1107,.F.);
#1574=ORIENTED_EDGE('',*,*,#1092,.T.);
#1575=ORIENTED_EDGE('',*,*,#1084,.F.);
#1576=ORIENTED_EDGE('',*,*,#1107,.T.);
#1577=ORIENTED_EDGE('',*,*,#1105,.T.);
#1578=ORIENTED_EDGE('',*,*,#1103,.T.);
#1579=ORIENTED_EDGE('',*,*,#1101,.T.);
#1580=ORIENTED_EDGE('',*,*,#1099,.T.);
#1581=ORIENTED_EDGE('',*,*,#1097,.T.);
#1582=ORIENTED_EDGE('',*,*,#1095,.T.);
#1583=ORIENTED_EDGE('',*,*,#1093,.T.);
#1584=PLANE('',#1819);
#1585=PLANE('',#1824);
#1586=PLANE('',#1827);
#1587=PLANE('',#1828);
#1588=PLANE('',#1829);
#1589=PLANE('',#1830);
#1590=PLANE('',#1835);
#1591=PLANE('',#1838);
#1592=PLANE('',#1839);
#1593=PLANE('',#1842);
#1594=PLANE('',#1845);
#1595=PLANE('',#1846);
#1596=PLANE('',#1847);
#1597=PLANE('',#1848);
#1598=PLANE('',#1851);
#1599=PLANE('',#1854);
#1600=PLANE('',#1858);
#1601=PLANE('',#1860);
#1602=PLANE('',#1864);
#1603=PLANE('',#1866);
#1604=PLANE('',#1871);
#1605=PLANE('',#1876);
#1606=PLANE('',#1877);
#1607=PLANE('',#1878);
#1608=PLANE('',#1883);
#1609=PLANE('',#1884);
#1610=PLANE('',#1889);
#1611=PLANE('',#1892);
#1612=PLANE('',#1895);
#1613=PLANE('',#1896);
#1614=PLANE('',#1897);
#1615=PLANE('',#1898);
#1616=PLANE('',#1901);
#1617=PLANE('',#1902);
#1618=PLANE('',#1905);
#1619=PLANE('',#1908);
#1620=PLANE('',#1911);
#1621=PLANE('',#1915);
#1622=PLANE('',#1922);
#1623=PLANE('',#1923);
#1624=PLANE('',#1925);
#1625=PLANE('',#1930);
#1626=PLANE('',#1931);
#1627=PLANE('',#1935);
#1628=PLANE('',#1937);
#1629=PLANE('',#1938);
#1630=PLANE('',#1939);
#1631=PLANE('',#1940);
#1632=PLANE('',#1941);
#1633=PLANE('',#1942);
#1634=PLANE('',#1943);
#1635=PLANE('',#1944);
#1636=PLANE('',#1945);
#1637=PLANE('',#1946);
#1638=PLANE('',#1947);
#1639=PLANE('',#1948);
#1640=PLANE('',#1949);
#1641=PLANE('',#1950);
#1642=PLANE('',#1951);
#1643=PLANE('',#1952);
#1644=PLANE('',#1953);
#1645=PLANE('',#1954);
#1646=PLANE('',#1955);
#1647=PLANE('',#1956);
#1648=PLANE('',#1957);
#1649=PLANE('',#1958);
#1650=PLANE('',#1959);
#1651=PLANE('',#1960);
#1652=PLANE('',#1961);
#1653=PLANE('',#1962);
#1654=PLANE('',#1963);
#1655=PLANE('',#1964);
#1656=PLANE('',#1965);
#1657=PLANE('',#1966);
#1658=PLANE('',#1967);
#1659=PLANE('',#1968);
#1660=PLANE('',#1969);
#1661=PLANE('',#1970);
#1662=PLANE('',#1971);
#1663=PLANE('',#1972);
#1664=PLANE('',#1973);
#1665=PLANE('',#1974);
#1666=PLANE('',#1975);
#1667=PLANE('',#1976);
#1668=ADVANCED_FACE('',(#87),#1584,.F.);
#1669=ADVANCED_FACE('',(#88),#1585,.F.);
#1670=ADVANCED_FACE('',(#89),#1586,.F.);
#1671=ADVANCED_FACE('',(#90),#1587,.F.);
#1672=ADVANCED_FACE('',(#91),#1588,.F.);
#1673=ADVANCED_FACE('',(#92),#1589,.F.);
#1674=ADVANCED_FACE('',(#93),#1590,.F.);
#1675=ADVANCED_FACE('',(#94),#1591,.F.);
#1676=ADVANCED_FACE('',(#95),#1592,.F.);
#1677=ADVANCED_FACE('',(#96),#1593,.F.);
#1678=ADVANCED_FACE('',(#97),#1594,.F.);
#1679=ADVANCED_FACE('',(#98),#1595,.F.);
#1680=ADVANCED_FACE('',(#99),#1596,.F.);
#1681=ADVANCED_FACE('',(#100),#1597,.F.);
#1682=ADVANCED_FACE('',(#101),#1598,.F.);
#1683=ADVANCED_FACE('',(#102),#1599,.F.);
#1684=ADVANCED_FACE('',(#103),#77,.T.);
#1685=ADVANCED_FACE('',(#104,#55),#1600,.T.);
#1686=ADVANCED_FACE('',(#105,#56),#1601,.F.);
#1687=ADVANCED_FACE('',(#106),#78,.T.);
#1688=ADVANCED_FACE('',(#107,#57),#1602,.F.);
#1689=ADVANCED_FACE('',(#108,#58),#1603,.T.);
#1690=ADVANCED_FACE('',(#109),#79,.T.);
#1691=ADVANCED_FACE('',(#110,#59),#1604,.F.);
#1692=ADVANCED_FACE('',(#111,#60,#61,#62),#80,.F.);
#1693=ADVANCED_FACE('',(#112,#63,#64,#65),#81,.T.);
#1694=ADVANCED_FACE('',(#113),#1605,.F.);
#1695=ADVANCED_FACE('',(#114),#1606,.F.);
#1696=ADVANCED_FACE('',(#115),#1607,.F.);
#1697=ADVANCED_FACE('',(#116),#1608,.F.);
#1698=ADVANCED_FACE('',(#117),#1609,.F.);
#1699=ADVANCED_FACE('',(#118),#1610,.F.);
#1700=ADVANCED_FACE('',(#119),#1611,.F.);
#1701=ADVANCED_FACE('',(#120),#1612,.F.);
#1702=ADVANCED_FACE('',(#121),#1613,.F.);
#1703=ADVANCED_FACE('',(#122),#1614,.F.);
#1704=ADVANCED_FACE('',(#123),#1615,.F.);
#1705=ADVANCED_FACE('',(#124),#1616,.F.);
#1706=ADVANCED_FACE('',(#125),#1617,.F.);
#1707=ADVANCED_FACE('',(#126),#1618,.F.);
#1708=ADVANCED_FACE('',(#127),#1619,.F.);
#1709=ADVANCED_FACE('',(#128),#1620,.F.);
#1710=ADVANCED_FACE('',(#129),#82,.F.);
#1711=ADVANCED_FACE('',(#130,#66),#1621,.T.);
#1712=ADVANCED_FACE('',(#131,#67,#68,#69),#83,.F.);
#1713=ADVANCED_FACE('',(#132,#70,#71,#72),#84,.T.);
#1714=ADVANCED_FACE('',(#133,#73),#1622,.T.);
#1715=ADVANCED_FACE('',(#134,#74),#1623,.F.);
#1716=ADVANCED_FACE('',(#135,#75),#1624,.T.);
#1717=ADVANCED_FACE('',(#136),#31,.T.);
#1718=ADVANCED_FACE('',(#137),#85,.T.);
#1719=ADVANCED_FACE('',(#138),#1625,.F.);
#1720=ADVANCED_FACE('',(#139,#76),#1626,.F.);
#1721=ADVANCED_FACE('',(#140),#32,.F.);
#1722=ADVANCED_FACE('',(#141),#86,.F.);
#1723=ADVANCED_FACE('',(#142),#1627,.T.);
#1724=ADVANCED_FACE('',(#143),#1628,.T.);
#1725=ADVANCED_FACE('',(#144),#1629,.T.);
#1726=ADVANCED_FACE('',(#145),#1630,.T.);
#1727=ADVANCED_FACE('',(#146),#1631,.T.);
#1728=ADVANCED_FACE('',(#147),#1632,.T.);
#1729=ADVANCED_FACE('',(#148),#1633,.T.);
#1730=ADVANCED_FACE('',(#149),#1634,.T.);
#1731=ADVANCED_FACE('',(#150),#1635,.T.);
#1732=ADVANCED_FACE('',(#151),#1636,.T.);
#1733=ADVANCED_FACE('',(#152),#1637,.T.);
#1734=ADVANCED_FACE('',(#153),#1638,.T.);
#1735=ADVANCED_FACE('',(#154),#1639,.T.);
#1736=ADVANCED_FACE('',(#155),#1640,.T.);
#1737=ADVANCED_FACE('',(#156),#1641,.T.);
#1738=ADVANCED_FACE('',(#157),#1642,.T.);
#1739=ADVANCED_FACE('',(#158),#1643,.T.);
#1740=ADVANCED_FACE('',(#159),#1644,.T.);
#1741=ADVANCED_FACE('',(#160),#1645,.T.);
#1742=ADVANCED_FACE('',(#161),#1646,.T.);
#1743=ADVANCED_FACE('',(#162),#1647,.T.);
#1744=ADVANCED_FACE('',(#163),#1648,.T.);
#1745=ADVANCED_FACE('',(#164),#1649,.T.);
#1746=ADVANCED_FACE('',(#165),#1650,.T.);
#1747=ADVANCED_FACE('',(#166),#1651,.T.);
#1748=ADVANCED_FACE('',(#167),#1652,.T.);
#1749=ADVANCED_FACE('',(#168),#1653,.T.);
#1750=ADVANCED_FACE('',(#169),#1654,.T.);
#1751=ADVANCED_FACE('',(#170),#1655,.T.);
#1752=ADVANCED_FACE('',(#171),#1656,.T.);
#1753=ADVANCED_FACE('',(#172),#1657,.T.);
#1754=ADVANCED_FACE('',(#173),#1658,.T.);
#1755=ADVANCED_FACE('',(#174),#1659,.T.);
#1756=ADVANCED_FACE('',(#175),#1660,.T.);
#1757=ADVANCED_FACE('',(#176),#1661,.T.);
#1758=ADVANCED_FACE('',(#177),#1662,.T.);
#1759=ADVANCED_FACE('',(#178),#1663,.T.);
#1760=ADVANCED_FACE('',(#179),#1664,.T.);
#1761=ADVANCED_FACE('',(#180),#1665,.T.);
#1762=ADVANCED_FACE('',(#181),#1666,.T.);
#1763=ADVANCED_FACE('',(#182),#1667,.T.);
#1764=CLOSED_SHELL('',(#1668,#1669,#1670,#1671,#1672,#1673,#1674,#1675,
#1676,#1677,#1678,#1679,#1680,#1681,#1682,#1683,#1684,#1685,#1686,#1687,
#1688,#1689,#1690,#1691,#1692,#1693));
#1765=CLOSED_SHELL('',(#1694,#1695,#1696,#1697,#1698,#1699,#1700,#1701,
#1702,#1703,#1704,#1705,#1706,#1707,#1708,#1709,#1710,#1711,#1712,#1713,
#1714,#1715));
#1766=CLOSED_SHELL('',(#1716,#1717,#1718,#1719));
#1767=CLOSED_SHELL('',(#1720,#1721,#1722,#1723));
#1768=CLOSED_SHELL('',(#1724,#1725,#1726,#1727,#1728,#1729,#1730,#1731,
#1732,#1733));
#1769=CLOSED_SHELL('',(#1734,#1735,#1736,#1737,#1738,#1739,#1740,#1741,
#1742,#1743));
#1770=CLOSED_SHELL('',(#1744,#1745,#1746,#1747,#1748,#1749,#1750,#1751,
#1752,#1753));
#1771=CLOSED_SHELL('',(#1754,#1755,#1756,#1757,#1758,#1759,#1760,#1761,
#1762,#1763));
#1772=DERIVED_UNIT_ELEMENT(#1780,1.);
#1773=DERIVED_UNIT_ELEMENT(#8447,-3.);
#1774=DERIVED_UNIT_ELEMENT(#1780,1.);
#1775=DERIVED_UNIT_ELEMENT(#8447,-3.);
#1776=DERIVED_UNIT_ELEMENT(#1780,1.);
#1777=DERIVED_UNIT_ELEMENT(#8447,-3.);
#1778=DERIVED_UNIT_ELEMENT(#1780,1.);
#1779=DERIVED_UNIT_ELEMENT(#8447,-3.);
#1780=(
MASS_UNIT()
NAMED_UNIT(*)
SI_UNIT(.KILO.,.GRAM.)
);
#1781=DERIVED_UNIT((#1772,#1773));
#1782=DERIVED_UNIT((#1774,#1775));
#1783=DERIVED_UNIT((#1776,#1777));
#1784=DERIVED_UNIT((#1778,#1779));
#1785=MEASURE_REPRESENTATION_ITEM('density measure',
POSITIVE_RATIO_MEASURE(952.),#1781);
#1786=MEASURE_REPRESENTATION_ITEM('density measure',
POSITIVE_RATIO_MEASURE(952.),#1782);
#1787=MEASURE_REPRESENTATION_ITEM('density measure',
POSITIVE_RATIO_MEASURE(952.),#1783);
#1788=MEASURE_REPRESENTATION_ITEM('density measure',
POSITIVE_RATIO_MEASURE(673.),#1784);
#1789=PROPERTY_DEFINITION_REPRESENTATION(#1809,#1797);
#1790=PROPERTY_DEFINITION_REPRESENTATION(#1810,#1798);
#1791=PROPERTY_DEFINITION_REPRESENTATION(#1811,#1799);
#1792=PROPERTY_DEFINITION_REPRESENTATION(#1812,#1800);
#1793=PROPERTY_DEFINITION_REPRESENTATION(#1813,#1801);
#1794=PROPERTY_DEFINITION_REPRESENTATION(#1814,#1802);
#1795=PROPERTY_DEFINITION_REPRESENTATION(#1815,#1803);
#1796=PROPERTY_DEFINITION_REPRESENTATION(#1816,#1804);
#1797=REPRESENTATION('material name',(#1805),#8441);
#1798=REPRESENTATION('density',(#1785),#8441);
#1799=REPRESENTATION('material name',(#1806),#8442);
#1800=REPRESENTATION('density',(#1786),#8442);
#1801=REPRESENTATION('material name',(#1807),#8443);
#1802=REPRESENTATION('density',(#1787),#8443);
#1803=REPRESENTATION('material name',(#1808),#8444);
#1804=REPRESENTATION('density',(#1788),#8444);
#1805=DESCRIPTIVE_REPRESENTATION_ITEM('Plastic, Opaque White',
'Plastic, Opaque White');
#1806=DESCRIPTIVE_REPRESENTATION_ITEM('Plastic, Opaque White',
'Plastic, Opaque White');
#1807=DESCRIPTIVE_REPRESENTATION_ITEM('Plastic, Opaque White',
'Plastic, Opaque White');
#1808=DESCRIPTIVE_REPRESENTATION_ITEM('Oak, Red','Oak, Red');
#1809=PROPERTY_DEFINITION('material property','material name',#8471);
#1810=PROPERTY_DEFINITION('material property','density of part',#8471);
#1811=PROPERTY_DEFINITION('material property','material name',#8472);
#1812=PROPERTY_DEFINITION('material property','density of part',#8472);
#1813=PROPERTY_DEFINITION('material property','material name',#8473);
#1814=PROPERTY_DEFINITION('material property','density of part',#8473);
#1815=PROPERTY_DEFINITION('material property','material name',#8474);
#1816=PROPERTY_DEFINITION('material property','density of part',#8474);
#1817=AXIS2_PLACEMENT_3D('',#2483,#1981,#1982);
#1818=AXIS2_PLACEMENT_3D('',#2484,#1983,#1984);
#1819=AXIS2_PLACEMENT_3D('',#2485,#1985,#1986);
#1820=AXIS2_PLACEMENT_3D('',#2488,#1987,#1988);
#1821=AXIS2_PLACEMENT_3D('',#2492,#1990,#1991);
#1822=AXIS2_PLACEMENT_3D('',#2494,#1992,#1993);
#1823=AXIS2_PLACEMENT_3D('',#2497,#1995,#1996);
#1824=AXIS2_PLACEMENT_3D('',#2498,#1997,#1998);
#1825=AXIS2_PLACEMENT_3D('',#2501,#1999,#2000);
#1826=AXIS2_PLACEMENT_3D('',#2505,#2002,#2003);
#1827=AXIS2_PLACEMENT_3D('',#2507,#2005,#2006);
#1828=AXIS2_PLACEMENT_3D('',#2513,#2010,#2011);
#1829=AXIS2_PLACEMENT_3D('',#2519,#2015,#2016);
#1830=AXIS2_PLACEMENT_3D('',#2525,#2020,#2021);
#1831=AXIS2_PLACEMENT_3D('',#2527,#2022,#2023);
#1832=AXIS2_PLACEMENT_3D('',#2529,#2024,#2025);
#1833=AXIS2_PLACEMENT_3D('',#2530,#2026,#2027);
#1834=AXIS2_PLACEMENT_3D('',#2531,#2028,#2029);
#1835=AXIS2_PLACEMENT_3D('',#2532,#2030,#2031);
#1836=AXIS2_PLACEMENT_3D('',#2534,#2032,#2033);
#1837=AXIS2_PLACEMENT_3D('',#2536,#2034,#2035);
#1838=AXIS2_PLACEMENT_3D('',#2538,#2037,#2038);
#1839=AXIS2_PLACEMENT_3D('',#2541,#2041,#2042);
#1840=AXIS2_PLACEMENT_3D('',#2544,#2043,#2044);
#1841=AXIS2_PLACEMENT_3D('',#2548,#2046,#2047);
#1842=AXIS2_PLACEMENT_3D('',#2550,#2049,#2050);
#1843=AXIS2_PLACEMENT_3D('',#2553,#2051,#2052);
#1844=AXIS2_PLACEMENT_3D('',#2557,#2054,#2055);
#1845=AXIS2_PLACEMENT_3D('',#2559,#2057,#2058);
#1846=AXIS2_PLACEMENT_3D('',#2565,#2062,#2063);
#1847=AXIS2_PLACEMENT_3D('',#2571,#2067,#2068);
#1848=AXIS2_PLACEMENT_3D('',#2577,#2072,#2073);
#1849=AXIS2_PLACEMENT_3D('',#2578,#2074,#2075);
#1850=AXIS2_PLACEMENT_3D('',#2579,#2076,#2077);
#1851=AXIS2_PLACEMENT_3D('',#2580,#2078,#2079);
#1852=AXIS2_PLACEMENT_3D('',#2582,#2080,#2081);
#1853=AXIS2_PLACEMENT_3D('',#2584,#2082,#2083);
#1854=AXIS2_PLACEMENT_3D('',#2586,#2085,#2086);
#1855=AXIS2_PLACEMENT_3D('',#2589,#2089,#2090);
#1856=AXIS2_PLACEMENT_3D('',#2591,#2091,#2092);
#1857=AXIS2_PLACEMENT_3D('',#2594,#2094,#2095);
#1858=AXIS2_PLACEMENT_3D('',#2595,#2096,#2097);
#1859=AXIS2_PLACEMENT_3D('',#2597,#2098,#2099);
#1860=AXIS2_PLACEMENT_3D('',#2598,#2100,#2101);
#1861=AXIS2_PLACEMENT_3D('',#2600,#2102,#2103);
#1862=AXIS2_PLACEMENT_3D('',#2601,#2104,#2105);
#1863=AXIS2_PLACEMENT_3D('',#2603,#2106,#2107);
#1864=AXIS2_PLACEMENT_3D('',#2605,#2109,#2110);
#1865=AXIS2_PLACEMENT_3D('',#2607,#2111,#2112);
#1866=AXIS2_PLACEMENT_3D('',#2608,#2113,#2114);
#1867=AXIS2_PLACEMENT_3D('',#2610,#2115,#2116);
#1868=AXIS2_PLACEMENT_3D('',#2612,#2117,#2118);
#1869=AXIS2_PLACEMENT_3D('',#2613,#2119,#2120);
#1870=AXIS2_PLACEMENT_3D('',#2615,#2121,#2122);
#1871=AXIS2_PLACEMENT_3D('',#2617,#2124,#2125);
#1872=AXIS2_PLACEMENT_3D('',#2619,#2126,#2127);
#1873=AXIS2_PLACEMENT_3D('',#2620,#2128,#2129);
#1874=AXIS2_PLACEMENT_3D('',#2623,#2132,#2133);
#1875=AXIS2_PLACEMENT_3D('',#2626,#2136,#2137);
#1876=AXIS2_PLACEMENT_3D('',#2627,#2138,#2139);
#1877=AXIS2_PLACEMENT_3D('',#2636,#2144,#2145);
#1878=AXIS2_PLACEMENT_3D('',#2645,#2150,#2151);
#1879=AXIS2_PLACEMENT_3D('',#2648,#2152,#2153);
#1880=AXIS2_PLACEMENT_3D('',#2652,#2155,#2156);
#1881=AXIS2_PLACEMENT_3D('',#2653,#2157,#2158);
#1882=AXIS2_PLACEMENT_3D('',#2654,#2159,#2160);
#1883=AXIS2_PLACEMENT_3D('',#2655,#2161,#2162);
#1884=AXIS2_PLACEMENT_3D('',#2661,#2166,#2167);
#1885=AXIS2_PLACEMENT_3D('',#2663,#2168,#2169);
#1886=AXIS2_PLACEMENT_3D('',#2665,#2170,#2171);
#1887=AXIS2_PLACEMENT_3D('',#2666,#2172,#2173);
#1888=AXIS2_PLACEMENT_3D('',#2667,#2174,#2175);
#1889=AXIS2_PLACEMENT_3D('',#2668,#2176,#2177);
#1890=AXIS2_PLACEMENT_3D('',#2670,#2178,#2179);
#1891=AXIS2_PLACEMENT_3D('',#2673,#2181,#2182);
#1892=AXIS2_PLACEMENT_3D('',#2674,#2183,#2184);
#1893=AXIS2_PLACEMENT_3D('',#2676,#2185,#2186);
#1894=AXIS2_PLACEMENT_3D('',#2678,#2187,#2188);
#1895=AXIS2_PLACEMENT_3D('',#2680,#2190,#2191);
#1896=AXIS2_PLACEMENT_3D('',#2683,#2194,#2195);
#1897=AXIS2_PLACEMENT_3D('',#2692,#2200,#2201);
#1898=AXIS2_PLACEMENT_3D('',#2701,#2206,#2207);
#1899=AXIS2_PLACEMENT_3D('',#2703,#2208,#2209);
#1900=AXIS2_PLACEMENT_3D('',#2706,#2211,#2212);
#1901=AXIS2_PLACEMENT_3D('',#2707,#2213,#2214);
#1902=AXIS2_PLACEMENT_3D('',#2713,#2218,#2219);
#1903=AXIS2_PLACEMENT_3D('',#2714,#2220,#2221);
#1904=AXIS2_PLACEMENT_3D('',#2715,#2222,#2223);
#1905=AXIS2_PLACEMENT_3D('',#2716,#2224,#2225);
#1906=AXIS2_PLACEMENT_3D('',#2718,#2226,#2227);
#1907=AXIS2_PLACEMENT_3D('',#2721,#2229,#2230);
#1908=AXIS2_PLACEMENT_3D('',#2722,#2231,#2232);
#1909=AXIS2_PLACEMENT_3D('',#2724,#2233,#2234);
#1910=AXIS2_PLACEMENT_3D('',#2726,#2235,#2236);
#1911=AXIS2_PLACEMENT_3D('',#2728,#2238,#2239);
#1912=AXIS2_PLACEMENT_3D('',#2731,#2242,#2243);
#1913=AXIS2_PLACEMENT_3D('',#2733,#2244,#2245);
#1914=AXIS2_PLACEMENT_3D('',#2736,#2247,#2248);
#1915=AXIS2_PLACEMENT_3D('',#2737,#2249,#2250);
#1916=AXIS2_PLACEMENT_3D('',#2739,#2251,#2252);
#1917=AXIS2_PLACEMENT_3D('',#2740,#2253,#2254);
#1918=AXIS2_PLACEMENT_3D('',#2744,#2257,#2258);
#1919=AXIS2_PLACEMENT_3D('',#2745,#2259,#2260);
#1920=AXIS2_PLACEMENT_3D('',#2747,#2261,#2262);
#1921=AXIS2_PLACEMENT_3D('',#2751,#2265,#2266);
#1922=AXIS2_PLACEMENT_3D('',#2752,#2267,#2268);
#1923=AXIS2_PLACEMENT_3D('',#2753,#2269,#2270);
#1924=AXIS2_PLACEMENT_3D('',#2754,#2271,#2272);
#1925=AXIS2_PLACEMENT_3D('',#2755,#2273,#2274);
#1926=AXIS2_PLACEMENT_3D('',#2757,#2275,#2276);
#1927=AXIS2_PLACEMENT_3D('',#2759,#2277,#2278);
#1928=AXIS2_PLACEMENT_3D('',#7811,#2279,#2280);
#1929=AXIS2_PLACEMENT_3D('',#7814,#2282,#2283);
#1930=AXIS2_PLACEMENT_3D('',#7815,#2284,#2285);
#1931=AXIS2_PLACEMENT_3D('',#7816,#2286,#2287);
#1932=AXIS2_PLACEMENT_3D('',#7858,#2288,#2289);
#1933=AXIS2_PLACEMENT_3D('',#8224,#2290,#2291);
#1934=AXIS2_PLACEMENT_3D('',#8226,#2292,#2293);
#1935=AXIS2_PLACEMENT_3D('',#8228,#2295,#2296);
#1936=AXIS2_PLACEMENT_3D('',#8229,#2297,#2298);
#1937=AXIS2_PLACEMENT_3D('',#8230,#2299,#2300);
#1938=AXIS2_PLACEMENT_3D('',#8247,#2309,#2310);
#1939=AXIS2_PLACEMENT_3D('',#8253,#2314,#2315);
#1940=AXIS2_PLACEMENT_3D('',#8257,#2318,#2319);
#1941=AXIS2_PLACEMENT_3D('',#8261,#2322,#2323);
#1942=AXIS2_PLACEMENT_3D('',#8265,#2326,#2327);
#1943=AXIS2_PLACEMENT_3D('',#8269,#2330,#2331);
#1944=AXIS2_PLACEMENT_3D('',#8273,#2334,#2335);
#1945=AXIS2_PLACEMENT_3D('',#8277,#2338,#2339);
#1946=AXIS2_PLACEMENT_3D('',#8279,#2341,#2342);
#1947=AXIS2_PLACEMENT_3D('',#8280,#2343,#2344);
#1948=AXIS2_PLACEMENT_3D('',#8297,#2353,#2354);
#1949=AXIS2_PLACEMENT_3D('',#8303,#2358,#2359);
#1950=AXIS2_PLACEMENT_3D('',#8307,#2362,#2363);
#1951=AXIS2_PLACEMENT_3D('',#8311,#2366,#2367);
#1952=AXIS2_PLACEMENT_3D('',#8315,#2370,#2371);
#1953=AXIS2_PLACEMENT_3D('',#8319,#2374,#2375);
#1954=AXIS2_PLACEMENT_3D('',#8323,#2378,#2379);
#1955=AXIS2_PLACEMENT_3D('',#8327,#2382,#2383);
#1956=AXIS2_PLACEMENT_3D('',#8329,#2385,#2386);
#1957=AXIS2_PLACEMENT_3D('',#8330,#2387,#2388);
#1958=AXIS2_PLACEMENT_3D('',#8347,#2397,#2398);
#1959=AXIS2_PLACEMENT_3D('',#8353,#2402,#2403);
#1960=AXIS2_PLACEMENT_3D('',#8357,#2406,#2407);
#1961=AXIS2_PLACEMENT_3D('',#8361,#2410,#2411);
#1962=AXIS2_PLACEMENT_3D('',#8365,#2414,#2415);
#1963=AXIS2_PLACEMENT_3D('',#8369,#2418,#2419);
#1964=AXIS2_PLACEMENT_3D('',#8373,#2422,#2423);
#1965=AXIS2_PLACEMENT_3D('',#8377,#2426,#2427);
#1966=AXIS2_PLACEMENT_3D('',#8379,#2429,#2430);
#1967=AXIS2_PLACEMENT_3D('',#8380,#2431,#2432);
#1968=AXIS2_PLACEMENT_3D('',#8397,#2441,#2442);
#1969=AXIS2_PLACEMENT_3D('',#8403,#2446,#2447);
#1970=AXIS2_PLACEMENT_3D('',#8407,#2450,#2451);
#1971=AXIS2_PLACEMENT_3D('',#8411,#2454,#2455);
#1972=AXIS2_PLACEMENT_3D('',#8415,#2458,#2459);
#1973=AXIS2_PLACEMENT_3D('',#8419,#2462,#2463);
#1974=AXIS2_PLACEMENT_3D('',#8423,#2466,#2467);
#1975=AXIS2_PLACEMENT_3D('',#8427,#2470,#2471);
#1976=AXIS2_PLACEMENT_3D('',#8429,#2473,#2474);
#1977=AXIS2_PLACEMENT_3D('',#8430,#2475,#2476);
#1978=AXIS2_PLACEMENT_3D('',#8431,#2477,#2478);
#1979=AXIS2_PLACEMENT_3D('',#8432,#2479,#2480);
#1980=AXIS2_PLACEMENT_3D('',#8433,#2481,#2482);
#1981=DIRECTION('axis',(0.,0.,1.));
#1982=DIRECTION('refdir',(1.,0.,0.));
#1983=DIRECTION('axis',(0.,0.,1.));
#1984=DIRECTION('refdir',(1.,0.,0.));
#1985=DIRECTION('center_axis',(0.,0.,1.));
#1986=DIRECTION('ref_axis',(1.83697019872103E-16,-1.,0.));
#1987=DIRECTION('center_axis',(0.,0.,-1.));
#1988=DIRECTION('ref_axis',(1.,0.,0.));
#1989=DIRECTION('',(1.,1.83186799063151E-16,0.));
#1990=DIRECTION('center_axis',(0.,0.,1.));
#1991=DIRECTION('ref_axis',(1.,0.,0.));
#1992=DIRECTION('center_axis',(0.,0.,1.));
#1993=DIRECTION('ref_axis',(1.,0.,0.));
#1994=DIRECTION('',(1.,1.83186799063151E-16,0.));
#1995=DIRECTION('center_axis',(0.,0.,-1.));
#1996=DIRECTION('ref_axis',(1.,0.,0.));
#1997=DIRECTION('center_axis',(0.,0.,1.));
#1998=DIRECTION('ref_axis',(1.83697019872103E-16,-1.,0.));
#1999=DIRECTION('center_axis',(0.,0.,-1.));
#2000=DIRECTION('ref_axis',(1.,0.,0.));
#2001=DIRECTION('',(1.,1.83186799063151E-16,0.));
#2002=DIRECTION('center_axis',(0.,0.,1.));
#2003=DIRECTION('ref_axis',(1.,0.,0.));
#2004=DIRECTION('',(1.,1.83186799063151E-16,0.));
#2005=DIRECTION('center_axis',(-1.83186799063151E-16,1.,0.));
#2006=DIRECTION('ref_axis',(0.,0.,1.));
#2007=DIRECTION('',(0.,0.,-1.));
#2008=DIRECTION('',(0.,0.,1.));
#2009=DIRECTION('',(1.,1.83186799063151E-16,0.));
#2010=DIRECTION('center_axis',(1.83186799063151E-16,-1.,0.));
#2011=DIRECTION('ref_axis',(0.,0.,-1.));
#2012=DIRECTION('',(0.,0.,1.));
#2013=DIRECTION('',(1.,1.83186799063151E-16,0.));
#2014=DIRECTION('',(0.,0.,-1.));
#2015=DIRECTION('center_axis',(1.83186799063151E-16,-1.,0.));
#2016=DIRECTION('ref_axis',(0.,0.,-1.));
#2017=DIRECTION('',(0.,0.,-1.));
#2018=DIRECTION('',(0.,0.,1.));
#2019=DIRECTION('',(1.,1.83186799063151E-16,0.));
#2020=DIRECTION('center_axis',(0.,0.,-1.));
#2021=DIRECTION('ref_axis',(-1.83697019872103E-16,1.,0.));
#2022=DIRECTION('center_axis',(0.,0.,1.));
#2023=DIRECTION('ref_axis',(1.,0.,0.));
#2024=DIRECTION('center_axis',(0.,0.,-1.));
#2025=DIRECTION('ref_axis',(1.,0.,0.));
#2026=DIRECTION('center_axis',(0.,0.,-1.));
#2027=DIRECTION('ref_axis',(1.,0.,0.));
#2028=DIRECTION('center_axis',(0.,0.,1.));
#2029=DIRECTION('ref_axis',(1.,0.,0.));
#2030=DIRECTION('center_axis',(0.,0.,-1.));
#2031=DIRECTION('ref_axis',(-1.83697019872103E-16,1.,0.));
#2032=DIRECTION('center_axis',(0.,0.,1.));
#2033=DIRECTION('ref_axis',(1.,0.,0.));
#2034=DIRECTION('center_axis',(0.,0.,-1.));
#2035=DIRECTION('ref_axis',(1.,0.,0.));
#2036=DIRECTION('',(1.,1.83186799063151E-16,0.));
#2037=DIRECTION('center_axis',(-1.83186799063151E-16,1.,0.));
#2038=DIRECTION('ref_axis',(0.,0.,1.));
#2039=DIRECTION('',(0.,0.,1.));
#2040=DIRECTION('',(0.,0.,-1.));
#2041=DIRECTION('center_axis',(0.,0.,1.));
#2042=DIRECTION('ref_axis',(-1.,0.,0.));
#2043=DIRECTION('center_axis',(0.,0.,-1.));
#2044=DIRECTION('ref_axis',(1.,0.,0.));
#2045=DIRECTION('',(0.,-1.,0.));
#2046=DIRECTION('center_axis',(0.,0.,1.));
#2047=DIRECTION('ref_axis',(1.,0.,0.));
#2048=DIRECTION('',(0.,-1.,0.));
#2049=DIRECTION('center_axis',(0.,0.,1.));
#2050=DIRECTION('ref_axis',(-1.,0.,0.));
#2051=DIRECTION('center_axis',(0.,0.,-1.));
#2052=DIRECTION('ref_axis',(1.,0.,0.));
#2053=DIRECTION('',(0.,-1.,0.));
#2054=DIRECTION('center_axis',(0.,0.,1.));
#2055=DIRECTION('ref_axis',(1.,0.,0.));
#2056=DIRECTION('',(0.,-1.,0.));
#2057=DIRECTION('center_axis',(-1.,0.,0.));
#2058=DIRECTION('ref_axis',(0.,0.,-1.));
#2059=DIRECTION('',(0.,0.,1.));
#2060=DIRECTION('',(0.,-1.,0.));
#2061=DIRECTION('',(0.,0.,-1.));
#2062=DIRECTION('center_axis',(-1.,0.,0.));
#2063=DIRECTION('ref_axis',(0.,0.,-1.));
#2064=DIRECTION('',(0.,0.,-1.));
#2065=DIRECTION('',(0.,0.,1.));
#2066=DIRECTION('',(0.,-1.,0.));
#2067=DIRECTION('center_axis',(1.,0.,0.));
#2068=DIRECTION('ref_axis',(0.,0.,1.));
#2069=DIRECTION('',(0.,0.,-1.));
#2070=DIRECTION('',(0.,0.,1.));
#2071=DIRECTION('',(0.,-1.,0.));
#2072=DIRECTION('center_axis',(0.,0.,-1.));
#2073=DIRECTION('ref_axis',(1.,0.,0.));
#2074=DIRECTION('center_axis',(0.,0.,1.));
#2075=DIRECTION('ref_axis',(1.,0.,0.));
#2076=DIRECTION('center_axis',(0.,0.,-1.));
#2077=DIRECTION('ref_axis',(1.,0.,0.));
#2078=DIRECTION('center_axis',(0.,0.,-1.));
#2079=DIRECTION('ref_axis',(1.,0.,0.));
#2080=DIRECTION('center_axis',(0.,0.,1.));
#2081=DIRECTION('ref_axis',(1.,0.,0.));
#2082=DIRECTION('center_axis',(0.,0.,-1.));
#2083=DIRECTION('ref_axis',(1.,0.,0.));
#2084=DIRECTION('',(0.,-1.,0.));
#2085=DIRECTION('center_axis',(1.,0.,0.));
#2086=DIRECTION('ref_axis',(0.,0.,1.));
#2087=DIRECTION('',(0.,0.,1.));
#2088=DIRECTION('',(0.,0.,-1.));
#2089=DIRECTION('center_axis',(0.,0.,1.));
#2090=DIRECTION('ref_axis',(-1.,0.,0.));
#2091=DIRECTION('center_axis',(0.,0.,1.));
#2092=DIRECTION('ref_axis',(-1.,0.,0.));
#2093=DIRECTION('',(0.,0.,-1.));
#2094=DIRECTION('center_axis',(0.,0.,-1.));
#2095=DIRECTION('ref_axis',(-1.,0.,0.));
#2096=DIRECTION('center_axis',(0.,0.,1.));
#2097=DIRECTION('ref_axis',(-1.,0.,0.));
#2098=DIRECTION('center_axis',(0.,0.,-1.));
#2099=DIRECTION('ref_axis',(-1.,0.,0.));
#2100=DIRECTION('center_axis',(0.,0.,-1.));
#2101=DIRECTION('ref_axis',(1.,0.,0.));
#2102=DIRECTION('center_axis',(0.,0.,-1.));
#2103=DIRECTION('ref_axis',(-1.,0.,0.));
#2104=DIRECTION('center_axis',(0.,0.,-1.));
#2105=DIRECTION('ref_axis',(-1.,0.,0.));
#2106=DIRECTION('center_axis',(0.,0.,-1.));
#2107=DIRECTION('ref_axis',(-1.,0.,0.));
#2108=DIRECTION('',(0.,0.,1.));
#2109=DIRECTION('center_axis',(0.,0.,1.));
#2110=DIRECTION('ref_axis',(-1.,0.,0.));
#2111=DIRECTION('center_axis',(0.,0.,-1.));
#2112=DIRECTION('ref_axis',(1.,0.,0.));
#2113=DIRECTION('center_axis',(0.,0.,-1.));
#2114=DIRECTION('ref_axis',(1.,0.,0.));
#2115=DIRECTION('center_axis',(0.,0.,1.));
#2116=DIRECTION('ref_axis',(1.,0.,0.));
#2117=DIRECTION('center_axis',(0.,0.,-1.));
#2118=DIRECTION('ref_axis',(1.,0.,0.));
#2119=DIRECTION('center_axis',(0.,0.,1.));
#2120=DIRECTION('ref_axis',(1.,0.,0.));
#2121=DIRECTION('center_axis',(0.,0.,1.));
#2122=DIRECTION('ref_axis',(1.,0.,0.));
#2123=DIRECTION('',(0.,0.,-1.));
#2124=DIRECTION('center_axis',(0.,0.,-1.));
#2125=DIRECTION('ref_axis',(1.,0.,0.));
#2126=DIRECTION('center_axis',(0.,0.,1.));
#2127=DIRECTION('ref_axis',(1.,0.,0.));
#2128=DIRECTION('center_axis',(0.,0.,1.));
#2129=DIRECTION('ref_axis',(1.,0.,0.));
#2130=DIRECTION('',(0.,0.,-1.));
#2131=DIRECTION('',(0.,0.,-1.));
#2132=DIRECTION('center_axis',(0.,0.,1.));
#2133=DIRECTION('ref_axis',(1.,0.,0.));
#2134=DIRECTION('',(0.,0.,-1.));
#2135=DIRECTION('',(0.,0.,-1.));
#2136=DIRECTION('axis',(0.,0.,1.));
#2137=DIRECTION('refdir',(1.,0.,0.));
#2138=DIRECTION('center_axis',(1.83186799063151E-16,-1.,0.));
#2139=DIRECTION('ref_axis',(0.,0.,-1.));
#2140=DIRECTION('',(0.,0.,1.));
#2141=DIRECTION('',(1.,1.83186799063151E-16,0.));
#2142=DIRECTION('',(0.,0.,-1.));
#2143=DIRECTION('',(1.,1.83186799063151E-16,0.));
#2144=DIRECTION('center_axis',(1.83186799063151E-16,-1.,0.));
#2145=DIRECTION('ref_axis',(0.,0.,-1.));
#2146=DIRECTION('',(0.,0.,-1.));
#2147=DIRECTION('',(1.,1.83186799063151E-16,0.));
#2148=DIRECTION('',(0.,0.,1.));
#2149=DIRECTION('',(1.,1.83186799063151E-16,0.));
#2150=DIRECTION('center_axis',(0.,0.,-1.));
#2151=DIRECTION('ref_axis',(-1.83697019872103E-16,1.,0.));
#2152=DIRECTION('center_axis',(0.,0.,1.));
#2153=DIRECTION('ref_axis',(1.,0.,0.));
#2154=DIRECTION('',(1.,1.83186799063151E-16,0.));
#2155=DIRECTION('center_axis',(0.,0.,-1.));
#2156=DIRECTION('ref_axis',(1.,0.,0.));
#2157=DIRECTION('center_axis',(0.,0.,-1.));
#2158=DIRECTION('ref_axis',(1.,0.,0.));
#2159=DIRECTION('center_axis',(0.,0.,1.));
#2160=DIRECTION('ref_axis',(1.,0.,0.));
#2161=DIRECTION('center_axis',(-1.83186799063151E-16,1.,0.));
#2162=DIRECTION('ref_axis',(0.,0.,1.));
#2163=DIRECTION('',(0.,0.,-1.));
#2164=DIRECTION('',(1.,1.83186799063151E-16,0.));
#2165=DIRECTION('',(0.,0.,1.));
#2166=DIRECTION('center_axis',(0.,0.,1.));
#2167=DIRECTION('ref_axis',(1.83697019872103E-16,-1.,0.));
#2168=DIRECTION('center_axis',(0.,0.,-1.));
#2169=DIRECTION('ref_axis',(1.,0.,0.));
#2170=DIRECTION('center_axis',(0.,0.,1.));
#2171=DIRECTION('ref_axis',(1.,0.,0.));
#2172=DIRECTION('center_axis',(0.,0.,1.));
#2173=DIRECTION('ref_axis',(1.,0.,0.));
#2174=DIRECTION('center_axis',(0.,0.,-1.));
#2175=DIRECTION('ref_axis',(1.,0.,0.));
#2176=DIRECTION('center_axis',(0.,0.,1.));
#2177=DIRECTION('ref_axis',(1.83697019872103E-16,-1.,0.));
#2178=DIRECTION('center_axis',(0.,0.,-1.));
#2179=DIRECTION('ref_axis',(1.,0.,0.));
#2180=DIRECTION('',(1.,1.83186799063151E-16,0.));
#2181=DIRECTION('center_axis',(0.,0.,1.));
#2182=DIRECTION('ref_axis',(1.,0.,0.));
#2183=DIRECTION('center_axis',(0.,0.,-1.));
#2184=DIRECTION('ref_axis',(-1.83697019872103E-16,1.,0.));
#2185=DIRECTION('center_axis',(0.,0.,1.));
#2186=DIRECTION('ref_axis',(1.,0.,0.));
#2187=DIRECTION('center_axis',(0.,0.,-1.));
#2188=DIRECTION('ref_axis',(1.,0.,0.));
#2189=DIRECTION('',(1.,1.83186799063151E-16,0.));
#2190=DIRECTION('center_axis',(-1.83186799063151E-16,1.,0.));
#2191=DIRECTION('ref_axis',(0.,0.,1.));
#2192=DIRECTION('',(0.,0.,1.));
#2193=DIRECTION('',(0.,0.,-1.));
#2194=DIRECTION('center_axis',(-1.,0.,0.));
#2195=DIRECTION('ref_axis',(0.,0.,-1.));
#2196=DIRECTION('',(0.,0.,1.));
#2197=DIRECTION('',(0.,-1.,0.));
#2198=DIRECTION('',(0.,0.,-1.));
#2199=DIRECTION('',(0.,-1.,0.));
#2200=DIRECTION('center_axis',(-1.,0.,0.));
#2201=DIRECTION('ref_axis',(0.,0.,-1.));
#2202=DIRECTION('',(0.,0.,-1.));
#2203=DIRECTION('',(0.,-1.,0.));
#2204=DIRECTION('',(0.,0.,1.));
#2205=DIRECTION('',(0.,-1.,0.));
#2206=DIRECTION('center_axis',(0.,0.,-1.));
#2207=DIRECTION('ref_axis',(1.,0.,0.));
#2208=DIRECTION('center_axis',(0.,0.,1.));
#2209=DIRECTION('ref_axis',(1.,0.,0.));
#2210=DIRECTION('',(0.,-1.,0.));
#2211=DIRECTION('center_axis',(0.,0.,-1.));
#2212=DIRECTION('ref_axis',(1.,0.,0.));
#2213=DIRECTION('center_axis',(1.,0.,0.));
#2214=DIRECTION('ref_axis',(0.,0.,1.));
#2215=DIRECTION('',(0.,0.,-1.));
#2216=DIRECTION('',(0.,-1.,0.));
#2217=DIRECTION('',(0.,0.,1.));
#2218=DIRECTION('center_axis',(0.,0.,1.));
#2219=DIRECTION('ref_axis',(-1.,0.,0.));
#2220=DIRECTION('center_axis',(0.,0.,-1.));
#2221=DIRECTION('ref_axis',(1.,0.,0.));
#2222=DIRECTION('center_axis',(0.,0.,1.));
#2223=DIRECTION('ref_axis',(1.,0.,0.));
#2224=DIRECTION('center_axis',(0.,0.,1.));
#2225=DIRECTION('ref_axis',(-1.,0.,0.));
#2226=DIRECTION('center_axis',(0.,0.,-1.));
#2227=DIRECTION('ref_axis',(1.,0.,0.));
#2228=DIRECTION('',(0.,-1.,0.));
#2229=DIRECTION('center_axis',(0.,0.,1.));
#2230=DIRECTION('ref_axis',(1.,0.,0.));
#2231=DIRECTION('center_axis',(0.,0.,-1.));
#2232=DIRECTION('ref_axis',(1.,0.,0.));
#2233=DIRECTION('center_axis',(0.,0.,1.));
#2234=DIRECTION('ref_axis',(1.,0.,0.));
#2235=DIRECTION('center_axis',(0.,0.,-1.));
#2236=DIRECTION('ref_axis',(1.,0.,0.));
#2237=DIRECTION('',(0.,-1.,0.));
#2238=DIRECTION('center_axis',(1.,0.,0.));
#2239=DIRECTION('ref_axis',(0.,0.,1.));
#2240=DIRECTION('',(0.,0.,1.));
#2241=DIRECTION('',(0.,0.,-1.));
#2242=DIRECTION('center_axis',(0.,0.,1.));
#2243=DIRECTION('ref_axis',(1.,0.,0.));
#2244=DIRECTION('center_axis',(0.,0.,1.));
#2245=DIRECTION('ref_axis',(1.,0.,0.));
#2246=DIRECTION('',(0.,0.,1.));
#2247=DIRECTION('center_axis',(0.,0.,1.));
#2248=DIRECTION('ref_axis',(1.,0.,0.));
#2249=DIRECTION('center_axis',(0.,0.,-1.));
#2250=DIRECTION('ref_axis',(1.,0.,0.));
#2251=DIRECTION('center_axis',(0.,0.,-1.));
#2252=DIRECTION('ref_axis',(1.,0.,0.));
#2253=DIRECTION('center_axis',(0.,0.,-1.));
#2254=DIRECTION('ref_axis',(1.,0.,0.));
#2255=DIRECTION('',(0.,0.,1.));
#2256=DIRECTION('',(0.,0.,1.));
#2257=DIRECTION('center_axis',(0.,0.,-1.));
#2258=DIRECTION('ref_axis',(1.,0.,0.));
#2259=DIRECTION('center_axis',(0.,0.,-1.));
#2260=DIRECTION('ref_axis',(1.,0.,0.));
#2261=DIRECTION('center_axis',(0.,0.,-1.));
#2262=DIRECTION('ref_axis',(1.,0.,0.));
#2263=DIRECTION('',(0.,0.,1.));
#2264=DIRECTION('',(0.,0.,1.));
#2265=DIRECTION('center_axis',(0.,0.,1.));
#2266=DIRECTION('ref_axis',(1.,0.,0.));
#2267=DIRECTION('center_axis',(0.,0.,1.));
#2268=DIRECTION('ref_axis',(1.,0.,0.));
#2269=DIRECTION('center_axis',(0.,0.,1.));
#2270=DIRECTION('ref_axis',(1.,0.,0.));
#2271=DIRECTION('axis',(0.,0.,1.));
#2272=DIRECTION('refdir',(1.,0.,0.));
#2273=DIRECTION('center_axis',(0.,0.,-1.));
#2274=DIRECTION('ref_axis',(-1.,0.,0.));
#2275=DIRECTION('center_axis',(0.,0.,1.));
#2276=DIRECTION('ref_axis',(1.,0.,0.));
#2277=DIRECTION('center_axis',(0.,0.,1.));
#2278=DIRECTION('ref_axis',(1.,0.,0.));
#2279=DIRECTION('center_axis',(0.,0.,1.));
#2280=DIRECTION('ref_axis',(1.,0.,0.));
#2281=DIRECTION('',(0.,0.,-1.));
#2282=DIRECTION('center_axis',(0.,0.,1.));
#2283=DIRECTION('ref_axis',(1.,0.,0.));
#2284=DIRECTION('center_axis',(0.,0.,1.));
#2285=DIRECTION('ref_axis',(1.,0.,0.));
#2286=DIRECTION('center_axis',(0.,0.,-1.));
#2287=DIRECTION('ref_axis',(-1.,0.,0.));
#2288=DIRECTION('center_axis',(0.,0.,-1.));
#2289=DIRECTION('ref_axis',(1.,0.,0.));
#2290=DIRECTION('center_axis',(0.,0.,1.));
#2291=DIRECTION('ref_axis',(1.,0.,0.));
#2292=DIRECTION('center_axis',(0.,0.,-1.));
#2293=DIRECTION('ref_axis',(1.,0.,0.));
#2294=DIRECTION('',(0.,0.,1.));
#2295=DIRECTION('center_axis',(0.,0.,1.));
#2296=DIRECTION('ref_axis',(1.,0.,0.));
#2297=DIRECTION('axis',(0.,0.,1.));
#2298=DIRECTION('refdir',(1.,0.,0.));
#2299=DIRECTION('center_axis',(-1.,0.,0.));
#2300=DIRECTION('ref_axis',(0.,0.,1.));
#2301=DIRECTION('',(0.,-0.891206071096017,0.45359865392393));
#2302=DIRECTION('',(0.,1.00893295579662E-8,1.));
#2303=DIRECTION('',(0.,-1.,0.));
#2304=DIRECTION('',(0.,0.,1.));
#2305=DIRECTION('',(0.,1.,0.));
#2306=DIRECTION('',(0.,1.00893295579662E-8,1.));
#2307=DIRECTION('',(0.,0.438371146789077,-0.898794046299167));
#2308=DIRECTION('',(0.,0.,-1.));
#2309=DIRECTION('center_axis',(0.,-1.,1.00893295579662E-8));
#2310=DIRECTION('ref_axis',(0.,-1.00893295579662E-8,-1.));
#2311=DIRECTION('',(-1.,0.,0.));
#2312=DIRECTION('',(0.,-1.00893295579662E-8,-1.));
#2313=DIRECTION('',(1.,0.,0.));
#2314=DIRECTION('center_axis',(0.,0.,-1.));
#2315=DIRECTION('ref_axis',(0.,1.,0.));
#2316=DIRECTION('',(0.,1.,0.));
#2317=DIRECTION('',(1.,0.,0.));
#2318=DIRECTION('center_axis',(0.,-1.,0.));
#2319=DIRECTION('ref_axis',(0.,0.,-1.));
#2320=DIRECTION('',(0.,0.,-1.));
#2321=DIRECTION('',(1.,0.,0.));
#2322=DIRECTION('center_axis',(0.,0.,1.));
#2323=DIRECTION('ref_axis',(0.,-1.,0.));
#2324=DIRECTION('',(0.,-1.,0.));
#2325=DIRECTION('',(1.,0.,0.));
#2326=DIRECTION('center_axis',(0.,-1.,1.00893295579662E-8));
#2327=DIRECTION('ref_axis',(0.,-1.00893295579662E-8,-1.));
#2328=DIRECTION('',(0.,-1.00893295579662E-8,-1.));
#2329=DIRECTION('',(1.,0.,0.));
#2330=DIRECTION('center_axis',(0.,0.898794046299167,0.438371146789077));
#2331=DIRECTION('ref_axis',(0.,-0.438371146789077,0.898794046299167));
#2332=DIRECTION('',(0.,-0.438371146789077,0.898794046299167));
#2333=DIRECTION('',(1.,0.,0.));
#2334=DIRECTION('center_axis',(0.,1.,0.));
#2335=DIRECTION('ref_axis',(0.,0.,1.));
#2336=DIRECTION('',(0.,0.,1.));
#2337=DIRECTION('',(1.,0.,0.));
#2338=DIRECTION('center_axis',(0.,-0.45359865392393,-0.891206071096017));
#2339=DIRECTION('ref_axis',(0.,0.891206071096017,-0.45359865392393));
#2340=DIRECTION('',(0.,0.891206071096017,-0.45359865392393));
#2341=DIRECTION('center_axis',(1.,0.,0.));
#2342=DIRECTION('ref_axis',(0.,0.,-1.));
#2343=DIRECTION('center_axis',(-6.12323399573677E-17,-1.,0.));
#2344=DIRECTION('ref_axis',(0.,0.,1.));
#2345=DIRECTION('',(0.891206071096017,-5.45706331174213E-17,0.45359865392393));
#2346=DIRECTION('',(-1.00893295579662E-8,6.17793257435306E-25,1.));
#2347=DIRECTION('',(1.,-6.12323399573677E-17,0.));
#2348=DIRECTION('',(0.,0.,1.));
#2349=DIRECTION('',(-1.,6.12323399573677E-17,0.));
#2350=DIRECTION('',(-1.00893295579662E-8,6.17793257435306E-25,1.));
#2351=DIRECTION('',(-0.438371146789077,2.68424910876899E-17,-0.898794046299167));
#2352=DIRECTION('',(0.,0.,-1.));
#2353=DIRECTION('center_axis',(1.,-6.12323399573677E-17,1.00893295579662E-8));
#2354=DIRECTION('ref_axis',(1.00893295579662E-8,-6.17793257435306E-25,-1.));
#2355=DIRECTION('',(-6.12323399573677E-17,-1.,0.));
#2356=DIRECTION('',(1.00893295579662E-8,-6.17793257435306E-25,-1.));
#2357=DIRECTION('',(6.12323399573677E-17,1.,0.));
#2358=DIRECTION('center_axis',(0.,0.,-1.));
#2359=DIRECTION('ref_axis',(-1.,6.12323399573677E-17,0.));
#2360=DIRECTION('',(-1.,6.12323399573677E-17,0.));
#2361=DIRECTION('',(6.12323399573677E-17,1.,0.));
#2362=DIRECTION('center_axis',(1.,-6.12323399573677E-17,0.));
#2363=DIRECTION('ref_axis',(0.,0.,-1.));
#2364=DIRECTION('',(0.,0.,-1.));
#2365=DIRECTION('',(6.12323399573677E-17,1.,0.));
#2366=DIRECTION('center_axis',(0.,0.,1.));
#2367=DIRECTION('ref_axis',(1.,-6.12323399573677E-17,0.));
#2368=DIRECTION('',(1.,-6.12323399573677E-17,0.));
#2369=DIRECTION('',(6.12323399573677E-17,1.,0.));
#2370=DIRECTION('center_axis',(1.,-6.12323399573677E-17,1.00893295579662E-8));
#2371=DIRECTION('ref_axis',(1.00893295579662E-8,-6.17793257435306E-25,-1.));
#2372=DIRECTION('',(1.00893295579662E-8,-6.17793257435306E-25,-1.));
#2373=DIRECTION('',(6.12323399573677E-17,1.,0.));
#2374=DIRECTION('center_axis',(-0.898794046299167,5.50352625946486E-17,
0.438371146789077));
#2375=DIRECTION('ref_axis',(0.438371146789077,-2.68424910876899E-17,0.898794046299167));
#2376=DIRECTION('',(0.438371146789077,-2.68424910876899E-17,0.898794046299167));
#2377=DIRECTION('',(6.12323399573677E-17,1.,0.));
#2378=DIRECTION('center_axis',(-1.,6.12323399573677E-17,0.));
#2379=DIRECTION('ref_axis',(0.,0.,1.));
#2380=DIRECTION('',(0.,0.,1.));
#2381=DIRECTION('',(6.12323399573677E-17,1.,0.));
#2382=DIRECTION('center_axis',(0.45359865392393,-2.77749069812744E-17,-0.891206071096017));
#2383=DIRECTION('ref_axis',(-0.891206071096017,5.45706331174213E-17,-0.45359865392393));
#2384=DIRECTION('',(-0.891206071096017,5.45706331174213E-17,-0.45359865392393));
#2385=DIRECTION('center_axis',(6.12323399573677E-17,1.,0.));
#2386=DIRECTION('ref_axis',(0.,0.,-1.));
#2387=DIRECTION('center_axis',(1.,-1.22464679914735E-16,0.));
#2388=DIRECTION('ref_axis',(0.,0.,1.));
#2389=DIRECTION('',(1.09141266234843E-16,0.891206071096017,0.45359865392393));
#2390=DIRECTION('',(-1.23558651487061E-24,-1.00893295579662E-8,1.));
#2391=DIRECTION('',(1.22464679914735E-16,1.,0.));
#2392=DIRECTION('',(0.,0.,1.));
#2393=DIRECTION('',(-1.22464679914735E-16,-1.,0.));
#2394=DIRECTION('',(-1.23558651487061E-24,-1.00893295579662E-8,1.));
#2395=DIRECTION('',(-5.36849821753798E-17,-0.438371146789077,-0.898794046299167));
#2396=DIRECTION('',(0.,0.,-1.));
#2397=DIRECTION('center_axis',(1.22464679914735E-16,1.,1.00893295579662E-8));
#2398=DIRECTION('ref_axis',(1.23558651487061E-24,1.00893295579662E-8,-1.));
#2399=DIRECTION('',(1.,-1.22464679914735E-16,0.));
#2400=DIRECTION('',(1.23558651487061E-24,1.00893295579662E-8,-1.));
#2401=DIRECTION('',(-1.,1.22464679914735E-16,0.));
#2402=DIRECTION('center_axis',(0.,0.,-1.));
#2403=DIRECTION('ref_axis',(-1.22464679914735E-16,-1.,0.));
#2404=DIRECTION('',(-1.22464679914735E-16,-1.,0.));
#2405=DIRECTION('',(-1.,1.22464679914735E-16,0.));
#2406=DIRECTION('center_axis',(1.22464679914735E-16,1.,0.));
#2407=DIRECTION('ref_axis',(0.,0.,-1.));
#2408=DIRECTION('',(0.,0.,-1.));
#2409=DIRECTION('',(-1.,1.22464679914735E-16,0.));
#2410=DIRECTION('center_axis',(0.,0.,1.));
#2411=DIRECTION('ref_axis',(1.22464679914735E-16,1.,0.));
#2412=DIRECTION('',(1.22464679914735E-16,1.,0.));
#2413=DIRECTION('',(-1.,1.22464679914735E-16,0.));
#2414=DIRECTION('center_axis',(1.22464679914735E-16,1.,1.00893295579662E-8));
#2415=DIRECTION('ref_axis',(1.23558651487061E-24,1.00893295579662E-8,-1.));
#2416=DIRECTION('',(1.23558651487061E-24,1.00893295579662E-8,-1.));
#2417=DIRECTION('',(-1.,1.22464679914735E-16,0.));
#2418=DIRECTION('center_axis',(-1.10070525189297E-16,-0.898794046299167,
0.438371146789077));
#2419=DIRECTION('ref_axis',(5.36849821753798E-17,0.438371146789077,0.898794046299167));
#2420=DIRECTION('',(5.36849821753798E-17,0.438371146789077,0.898794046299167));
#2421=DIRECTION('',(-1.,1.22464679914735E-16,0.));
#2422=DIRECTION('center_axis',(-1.22464679914735E-16,-1.,0.));
#2423=DIRECTION('ref_axis',(0.,0.,1.));
#2424=DIRECTION('',(0.,0.,1.));
#2425=DIRECTION('',(-1.,1.22464679914735E-16,0.));
#2426=DIRECTION('center_axis',(5.55498139625489E-17,0.45359865392393,-0.891206071096017));
#2427=DIRECTION('ref_axis',(-1.09141266234843E-16,-0.891206071096017,-0.45359865392393));
#2428=DIRECTION('',(-1.09141266234843E-16,-0.891206071096017,-0.45359865392393));
#2429=DIRECTION('center_axis',(-1.,1.22464679914735E-16,0.));
#2430=DIRECTION('ref_axis',(0.,0.,-1.));
#2431=DIRECTION('center_axis',(1.83697019872103E-16,1.,0.));
#2432=DIRECTION('ref_axis',(0.,0.,1.));
#2433=DIRECTION('',(-0.891206071096017,1.63711899352264E-16,0.45359865392393));
#2434=DIRECTION('',(1.00893295579662E-8,-1.85337977230592E-24,1.));
#2435=DIRECTION('',(-1.,1.83697019872103E-16,0.));
#2436=DIRECTION('',(0.,0.,1.));
#2437=DIRECTION('',(1.,-1.83697019872103E-16,0.));
#2438=DIRECTION('',(1.00893295579662E-8,-1.85337977230592E-24,1.));
#2439=DIRECTION('',(0.438371146789077,-8.05274732630697E-17,-0.898794046299167));
#2440=DIRECTION('',(0.,0.,-1.));
#2441=DIRECTION('center_axis',(-1.,1.83697019872103E-16,1.00893295579662E-8));
#2442=DIRECTION('ref_axis',(-1.00893295579662E-8,1.85337977230592E-24,-1.));
#2443=DIRECTION('',(1.83697019872103E-16,1.,0.));
#2444=DIRECTION('',(-1.00893295579662E-8,1.85337977230592E-24,-1.));
#2445=DIRECTION('',(-1.83697019872103E-16,-1.,0.));
#2446=DIRECTION('center_axis',(0.,0.,-1.));
#2447=DIRECTION('ref_axis',(1.,-1.83697019872103E-16,0.));
#2448=DIRECTION('',(1.,-1.83697019872103E-16,0.));
#2449=DIRECTION('',(-1.83697019872103E-16,-1.,0.));
#2450=DIRECTION('center_axis',(-1.,1.83697019872103E-16,0.));
#2451=DIRECTION('ref_axis',(0.,0.,-1.));
#2452=DIRECTION('',(0.,0.,-1.));
#2453=DIRECTION('',(-1.83697019872103E-16,-1.,0.));
#2454=DIRECTION('center_axis',(0.,0.,1.));
#2455=DIRECTION('ref_axis',(-1.,1.83697019872103E-16,0.));
#2456=DIRECTION('',(-1.,1.83697019872103E-16,0.));
#2457=DIRECTION('',(-1.83697019872103E-16,-1.,0.));
#2458=DIRECTION('center_axis',(-1.,1.83697019872103E-16,1.00893295579662E-8));
#2459=DIRECTION('ref_axis',(-1.00893295579662E-8,1.85337977230592E-24,-1.));
#2460=DIRECTION('',(-1.00893295579662E-8,1.85337977230592E-24,-1.));
#2461=DIRECTION('',(-1.83697019872103E-16,-1.,0.));
#2462=DIRECTION('center_axis',(0.898794046299167,-1.65105787783946E-16,
0.438371146789077));
#2463=DIRECTION('ref_axis',(-0.438371146789077,8.05274732630697E-17,0.898794046299167));
#2464=DIRECTION('',(-0.438371146789077,8.05274732630697E-17,0.898794046299167));
#2465=DIRECTION('',(-1.83697019872103E-16,-1.,0.));
#2466=DIRECTION('center_axis',(1.,-1.83697019872103E-16,0.));
#2467=DIRECTION('ref_axis',(0.,0.,1.));
#2468=DIRECTION('',(0.,0.,1.));
#2469=DIRECTION('',(-1.83697019872103E-16,-1.,0.));
#2470=DIRECTION('center_axis',(-0.45359865392393,8.33247209438233E-17,-0.891206071096017));
#2471=DIRECTION('ref_axis',(0.891206071096017,-1.63711899352264E-16,-0.45359865392393));
#2472=DIRECTION('',(0.891206071096017,-1.63711899352264E-16,-0.45359865392393));
#2473=DIRECTION('center_axis',(-1.83697019872103E-16,-1.,0.));
#2474=DIRECTION('ref_axis',(0.,0.,-1.));
#2475=DIRECTION('',(0.,0.,1.));
#2476=DIRECTION('',(1.,0.,0.));
#2477=DIRECTION('',(0.,0.,1.));
#2478=DIRECTION('',(1.,0.,0.));
#2479=DIRECTION('',(0.,0.,1.));
#2480=DIRECTION('',(1.,0.,0.));
#2481=DIRECTION('',(0.,0.,1.));
#2482=DIRECTION('',(1.,0.,0.));
#2483=CARTESIAN_POINT('',(0.,0.,0.));
#2484=CARTESIAN_POINT('',(0.,0.,0.));
#2485=CARTESIAN_POINT('Origin',(-32.4999992735684,1.50000002235174,-499.999986588955));
#2486=CARTESIAN_POINT('',(-10.3923048486395,-1.49999997764826,-499.999986588955));
#2487=CARTESIAN_POINT('',(-10.5,-1.28587913910472E-15,-499.999986588955));
#2488=CARTESIAN_POINT('Origin',(0.,0.,-499.999986588955));
#2489=CARTESIAN_POINT('',(-14.4222051041807,-1.49999997764826,-499.999986588955));
#2490=CARTESIAN_POINT('',(-32.4999992735684,-1.49999997764826,-499.999986588955));
#2491=CARTESIAN_POINT('',(-14.5,-1.77573785876366E-15,-499.999986588955));
#2492=CARTESIAN_POINT('Origin',(0.,0.,-499.999986588955));
#2493=CARTESIAN_POINT('',(-14.4222050995312,1.50000002235174,-499.999986588955));
#2494=CARTESIAN_POINT('Origin',(0.,0.,-499.999986588955));
#2495=CARTESIAN_POINT('',(-10.3923048421871,1.50000002235174,-499.999986588955));
#2496=CARTESIAN_POINT('',(-32.4999992735684,1.50000002235174,-499.999986588955));
#2497=CARTESIAN_POINT('Origin',(0.,0.,-499.999986588955));
#2498=CARTESIAN_POINT('Origin',(-32.4999992735684,1.50000002235174,-499.999986588955));
#2499=CARTESIAN_POINT('',(10.3923048421871,1.50000002235174,-499.999986588955));
#2500=CARTESIAN_POINT('',(10.3923048486395,-1.49999997764826,-499.999986588955));
#2501=CARTESIAN_POINT('Origin',(0.,0.,-499.999986588955));
#2502=CARTESIAN_POINT('',(14.4222050995312,1.50000002235174,-499.999986588955));
#2503=CARTESIAN_POINT('',(-32.4999992735684,1.50000002235174,-499.999986588955));
#2504=CARTESIAN_POINT('',(14.4222051041807,-1.49999997764826,-499.999986588955));
#2505=CARTESIAN_POINT('Origin',(0.,0.,-499.999986588955));
#2506=CARTESIAN_POINT('',(-32.4999992735684,-1.49999997764826,-499.999986588955));
#2507=CARTESIAN_POINT('Origin',(-32.4999992735684,1.50000002235174,-579.999986588955));
#2508=CARTESIAN_POINT('',(-10.3923048421871,1.50000002235174,-579.999986588955));
#2509=CARTESIAN_POINT('',(-10.3923048421871,1.50000002235174,-600.));
#2510=CARTESIAN_POINT('',(-14.4222050995312,1.50000002235174,-579.999986588955));
#2511=CARTESIAN_POINT('',(-14.4222050995312,1.50000002235174,-600.));
#2512=CARTESIAN_POINT('',(-32.4999992735684,1.50000002235174,-579.999986588955));
#2513=CARTESIAN_POINT('Origin',(-32.4999992735684,-1.49999997764826,-499.999986588955));
#2514=CARTESIAN_POINT('',(-10.3923048486395,-1.49999997764826,-579.999986588955));
#2515=CARTESIAN_POINT('',(-10.3923048486395,-1.49999997764826,-600.));
#2516=CARTESIAN_POINT('',(-14.4222051041807,-1.49999997764826,-579.999986588955));
#2517=CARTESIAN_POINT('',(-32.4999992735684,-1.49999997764826,-579.999986588955));
#2518=CARTESIAN_POINT('',(-14.4222051041807,-1.49999997764826,-600.));
#2519=CARTESIAN_POINT('Origin',(-32.4999992735684,-1.49999997764826,-499.999986588955));
#2520=CARTESIAN_POINT('',(10.3923048486395,-1.49999997764826,-579.999986588955));
#2521=CARTESIAN_POINT('',(10.3923048486395,-1.49999997764826,-600.));
#2522=CARTESIAN_POINT('',(14.4222051041807,-1.49999997764826,-579.999986588955));
#2523=CARTESIAN_POINT('',(14.4222051041807,-1.49999997764826,-600.));
#2524=CARTESIAN_POINT('',(-32.4999992735684,-1.49999997764826,-579.999986588955));
#2525=CARTESIAN_POINT('Origin',(-32.4999992735684,-1.49999997764826,-579.999986588955));
#2526=CARTESIAN_POINT('',(-10.5,-1.28587913910472E-15,-579.999986588955));
#2527=CARTESIAN_POINT('Origin',(0.,0.,-579.999986588955));
#2528=CARTESIAN_POINT('',(-14.5,-1.77573785876366E-15,-579.999986588955));
#2529=CARTESIAN_POINT('Origin',(0.,0.,-579.999986588955));
#2530=CARTESIAN_POINT('Origin',(0.,0.,-579.999986588955));
#2531=CARTESIAN_POINT('Origin',(0.,0.,-579.999986588955));
#2532=CARTESIAN_POINT('Origin',(-32.4999992735684,-1.49999997764826,-579.999986588955));
#2533=CARTESIAN_POINT('',(10.3923048421871,1.50000002235174,-579.999986588955));
#2534=CARTESIAN_POINT('Origin',(0.,0.,-579.999986588955));
#2535=CARTESIAN_POINT('',(14.4222050995312,1.50000002235174,-579.999986588955));
#2536=CARTESIAN_POINT('Origin',(0.,0.,-579.999986588955));
#2537=CARTESIAN_POINT('',(-32.4999992735684,1.50000002235174,-579.999986588955));
#2538=CARTESIAN_POINT('Origin',(-32.4999992735684,1.50000002235174,-579.999986588955));
#2539=CARTESIAN_POINT('',(10.3923048421871,1.50000002235174,-600.));
#2540=CARTESIAN_POINT('',(14.4222050995312,1.50000002235174,-600.));
#2541=CARTESIAN_POINT('Origin',(1.5,32.4999992735684,-499.999986588955));
#2542=CARTESIAN_POINT('',(-1.5,10.3923048454133,-499.999986588955));
#2543=CARTESIAN_POINT('',(1.5,10.3923048454133,-499.999986588955));
#2544=CARTESIAN_POINT('Origin',(0.,0.,-499.999986588955));
#2545=CARTESIAN_POINT('',(-1.5,14.422205101856,-499.999986588955));
#2546=CARTESIAN_POINT('',(-1.5,32.4999992735684,-499.999986588955));
#2547=CARTESIAN_POINT('',(1.5,14.422205101856,-499.999986588955));
#2548=CARTESIAN_POINT('Origin',(0.,0.,-499.999986588955));
#2549=CARTESIAN_POINT('',(1.5,32.4999992735684,-499.999986588955));
#2550=CARTESIAN_POINT('Origin',(1.5,32.4999992735684,-499.999986588955));
#2551=CARTESIAN_POINT('',(1.5,-10.3923048454133,-499.999986588955));
#2552=CARTESIAN_POINT('',(-1.5,-10.3923048454133,-499.999986588955));
#2553=CARTESIAN_POINT('Origin',(0.,0.,-499.999986588955));
#2554=CARTESIAN_POINT('',(1.5,-14.422205101856,-499.999986588955));
#2555=CARTESIAN_POINT('',(1.5,32.4999992735684,-499.999986588955));
#2556=CARTESIAN_POINT('',(-1.5,-14.422205101856,-499.999986588955));
#2557=CARTESIAN_POINT('Origin',(0.,0.,-499.999986588955));
#2558=CARTESIAN_POINT('',(-1.5,32.4999992735684,-499.999986588955));
#2559=CARTESIAN_POINT('Origin',(-1.5,32.4999992735684,-499.999986588955));
#2560=CARTESIAN_POINT('',(-1.5,10.3923048454133,-579.999986588955));
#2561=CARTESIAN_POINT('',(-1.5,10.3923048454133,-600.));
#2562=CARTESIAN_POINT('',(-1.5,14.422205101856,-579.999986588955));
#2563=CARTESIAN_POINT('',(-1.5,32.4999992735684,-579.999986588955));
#2564=CARTESIAN_POINT('',(-1.5,14.422205101856,-600.));
#2565=CARTESIAN_POINT('Origin',(-1.5,32.4999992735684,-499.999986588955));
#2566=CARTESIAN_POINT('',(-1.5,-10.3923048454133,-579.999986588955));
#2567=CARTESIAN_POINT('',(-1.5,-10.3923048454133,-600.));
#2568=CARTESIAN_POINT('',(-1.5,-14.422205101856,-579.999986588955));
#2569=CARTESIAN_POINT('',(-1.5,-14.422205101856,-600.));
#2570=CARTESIAN_POINT('',(-1.5,32.4999992735684,-579.999986588955));
#2571=CARTESIAN_POINT('Origin',(1.5,32.4999992735684,-579.999986588955));
#2572=CARTESIAN_POINT('',(1.5,10.3923048454133,-579.999986588955));
#2573=CARTESIAN_POINT('',(1.5,10.3923048454133,-600.));
#2574=CARTESIAN_POINT('',(1.5,14.422205101856,-579.999986588955));
#2575=CARTESIAN_POINT('',(1.5,14.422205101856,-600.));
#2576=CARTESIAN_POINT('',(1.5,32.4999992735684,-579.999986588955));
#2577=CARTESIAN_POINT('Origin',(-1.5,32.4999992735684,-579.999986588955));
#2578=CARTESIAN_POINT('Origin',(0.,0.,-579.999986588955));
#2579=CARTESIAN_POINT('Origin',(0.,0.,-579.999986588955));
#2580=CARTESIAN_POINT('Origin',(-1.5,32.4999992735684,-579.999986588955));
#2581=CARTESIAN_POINT('',(1.5,-10.3923048454133,-579.999986588955));
#2582=CARTESIAN_POINT('Origin',(0.,0.,-579.999986588955));
#2583=CARTESIAN_POINT('',(1.5,-14.422205101856,-579.999986588955));
#2584=CARTESIAN_POINT('Origin',(0.,0.,-579.999986588955));
#2585=CARTESIAN_POINT('',(1.5,32.4999992735684,-579.999986588955));
#2586=CARTESIAN_POINT('Origin',(1.5,32.4999992735684,-579.999986588955));
#2587=CARTESIAN_POINT('',(1.5,-10.3923048454133,-600.));
#2588=CARTESIAN_POINT('',(1.5,-14.422205101856,-600.));
#2589=CARTESIAN_POINT('Origin',(0.,0.,-458.));
#2590=CARTESIAN_POINT('',(14.5,1.77573785876366E-15,-448.));
#2591=CARTESIAN_POINT('Origin',(0.,0.,-448.));
#2592=CARTESIAN_POINT('',(14.5,1.77573785876366E-15,-458.));
#2593=CARTESIAN_POINT('',(14.5,1.77573785876366E-15,-458.));
#2594=CARTESIAN_POINT('Origin',(0.,0.,-458.));
#2595=CARTESIAN_POINT('Origin',(0.,0.,-448.));
#2596=CARTESIAN_POINT('',(-10.5,-1.28587913910472E-15,-448.));
#2597=CARTESIAN_POINT('Origin',(0.,0.,-448.));
#2598=CARTESIAN_POINT('Origin',(0.,0.,-458.));
#2599=CARTESIAN_POINT('',(31.,3.7964050773568E-15,-458.));
#2600=CARTESIAN_POINT('Origin',(0.,0.,-458.));
#2601=CARTESIAN_POINT('Origin',(0.,0.,-448.));
#2602=CARTESIAN_POINT('',(31.,3.7964050773568E-15,-468.));
#2603=CARTESIAN_POINT('Origin',(0.,0.,-468.));
#2604=CARTESIAN_POINT('',(31.,-3.7964050773568E-15,-448.));
#2605=CARTESIAN_POINT('Origin',(0.,0.,-468.));
#2606=CARTESIAN_POINT('',(-14.5,-1.77573785876366E-15,-468.));
#2607=CARTESIAN_POINT('Origin',(0.,0.,-468.));
#2608=CARTESIAN_POINT('Origin',(0.,0.,-590.));
#2609=CARTESIAN_POINT('',(-31.000000461936,3.79640513392764E-15,-590.));
#2610=CARTESIAN_POINT('Origin',(0.,0.,-590.));
#2611=CARTESIAN_POINT('',(-10.5,1.28587913910472E-15,-590.));
#2612=CARTESIAN_POINT('Origin',(0.,0.,-590.));
#2613=CARTESIAN_POINT('Origin',(0.,0.,-600.));
#2614=CARTESIAN_POINT('',(-31.000000461936,3.79640513392764E-15,-580.));
#2615=CARTESIAN_POINT('Origin',(0.,0.,-580.));
#2616=CARTESIAN_POINT('',(-31.000000461936,-3.79640513392764E-15,-600.));
#2617=CARTESIAN_POINT('Origin',(0.,0.,-580.));
#2618=CARTESIAN_POINT('',(-14.5,1.77573785876366E-15,-580.));
#2619=CARTESIAN_POINT('Origin',(0.,0.,-580.));
#2620=CARTESIAN_POINT('Origin',(0.,0.,-600.));
#2621=CARTESIAN_POINT('',(-10.5,-1.28587913910472E-15,-600.));
#2622=CARTESIAN_POINT('',(-10.5,-1.28587913910472E-15,-600.));
#2623=CARTESIAN_POINT('Origin',(0.,0.,-600.));
#2624=CARTESIAN_POINT('',(-14.5,-1.77573785876366E-15,-600.));
#2625=CARTESIAN_POINT('',(-14.5,-1.77573785876366E-15,-600.));
#2626=CARTESIAN_POINT('',(0.,0.,0.));
#2627=CARTESIAN_POINT('Origin',(-32.4999992735684,-1.49999997764826,-499.999986588955));
#2628=CARTESIAN_POINT('',(-30.8135116477667,-1.49999997764826,-579.999986588955));
#2629=CARTESIAN_POINT('',(-30.8135116477667,-1.49999997764826,-499.999986588955));
#2630=CARTESIAN_POINT('',(-30.8135116477667,-1.49999997764826,0.));
#2631=CARTESIAN_POINT('',(-32.465365435322,-1.49999997764826,-579.999986588955));
#2632=CARTESIAN_POINT('',(-32.4999992735684,-1.49999997764826,-579.999986588955));
#2633=CARTESIAN_POINT('',(-32.465365435322,-1.49999997764826,-499.999986588955));
#2634=CARTESIAN_POINT('',(-32.465365435322,-1.49999997764826,0.));
#2635=CARTESIAN_POINT('',(-32.4999992735684,-1.49999997764826,-499.999986588955));
#2636=CARTESIAN_POINT('Origin',(-32.4999992735684,-1.49999997764826,-499.999986588955));
#2637=CARTESIAN_POINT('',(30.8135116477667,-1.49999997764825,-499.999986588955));
#2638=CARTESIAN_POINT('',(30.8135116477667,-1.49999997764825,-579.999986588955));
#2639=CARTESIAN_POINT('',(30.8135116477667,-1.49999997764825,0.));
#2640=CARTESIAN_POINT('',(32.465365435322,-1.49999997764825,-499.999986588955));
#2641=CARTESIAN_POINT('',(-32.4999992735684,-1.49999997764826,-499.999986588955));
#2642=CARTESIAN_POINT('',(32.465365435322,-1.49999997764825,-579.999986588955));
#2643=CARTESIAN_POINT('',(32.465365435322,-1.49999997764825,0.));
#2644=CARTESIAN_POINT('',(-32.4999992735684,-1.49999997764826,-579.999986588955));
#2645=CARTESIAN_POINT('Origin',(-32.4999992735684,-1.49999997764826,-579.999986588955));
#2646=CARTESIAN_POINT('',(-30.8135116455906,1.50000002235174,-579.999986588955));
#2647=CARTESIAN_POINT('',(-30.85,3.77803537536959E-15,-579.999986588955));
#2648=CARTESIAN_POINT('Origin',(0.,0.,-579.999986588955));
#2649=CARTESIAN_POINT('',(-32.4653654332566,1.50000002235174,-579.999986588955));
#2650=CARTESIAN_POINT('',(-32.4999992735684,1.50000002235174,-579.999986588955));
#2651=CARTESIAN_POINT('',(-32.4999992735684,3.98010200826668E-15,-579.999986588955));
#2652=CARTESIAN_POINT('Origin',(0.,0.,-579.999986588955));
#2653=CARTESIAN_POINT('Origin',(0.,0.,-579.999986588955));
#2654=CARTESIAN_POINT('Origin',(0.,0.,-579.999986588955));
#2655=CARTESIAN_POINT('Origin',(-32.4999992735684,1.50000002235174,-579.999986588955));
#2656=CARTESIAN_POINT('',(-30.8135116455906,1.50000002235174,-499.999986588955));
#2657=CARTESIAN_POINT('',(-30.8135116455906,1.50000002235174,0.));
#2658=CARTESIAN_POINT('',(-32.4653654332566,1.50000002235174,-499.999986588955));
#2659=CARTESIAN_POINT('',(-32.4999992735684,1.50000002235174,-499.999986588955));
#2660=CARTESIAN_POINT('',(-32.4653654332566,1.50000002235174,0.));
#2661=CARTESIAN_POINT('Origin',(-32.4999992735684,1.50000002235174,-499.999986588955));
#2662=CARTESIAN_POINT('',(-30.85,3.77803537536959E-15,-499.999986588955));
#2663=CARTESIAN_POINT('Origin',(0.,0.,-499.999986588955));
#2664=CARTESIAN_POINT('',(-32.4999992735684,3.98010200826668E-15,-499.999986588955));
#2665=CARTESIAN_POINT('Origin',(0.,0.,-499.999986588955));
#2666=CARTESIAN_POINT('Origin',(0.,0.,-499.999986588955));
#2667=CARTESIAN_POINT('Origin',(0.,0.,-499.999986588955));
#2668=CARTESIAN_POINT('Origin',(-32.4999992735684,1.50000002235174,-499.999986588955));
#2669=CARTESIAN_POINT('',(30.8135116455906,1.50000002235175,-499.999986588955));
#2670=CARTESIAN_POINT('Origin',(0.,0.,-499.999986588955));
#2671=CARTESIAN_POINT('',(32.4653654332566,1.50000002235175,-499.999986588955));
#2672=CARTESIAN_POINT('',(-32.4999992735684,1.50000002235174,-499.999986588955));
#2673=CARTESIAN_POINT('Origin',(0.,0.,-499.999986588955));
#2674=CARTESIAN_POINT('Origin',(-32.4999992735684,-1.49999997764826,-579.999986588955));
#2675=CARTESIAN_POINT('',(30.8135116455906,1.50000002235175,-579.999986588955));
#2676=CARTESIAN_POINT('Origin',(0.,0.,-579.999986588955));
#2677=CARTESIAN_POINT('',(32.4653654332566,1.50000002235175,-579.999986588955));
#2678=CARTESIAN_POINT('Origin',(0.,0.,-579.999986588955));
#2679=CARTESIAN_POINT('',(-32.4999992735684,1.50000002235174,-579.999986588955));
#2680=CARTESIAN_POINT('Origin',(-32.4999992735684,1.50000002235174,-579.999986588955));
#2681=CARTESIAN_POINT('',(30.8135116455906,1.50000002235175,0.));
#2682=CARTESIAN_POINT('',(32.4653654332566,1.50000002235175,0.));
#2683=CARTESIAN_POINT('Origin',(-1.5,32.4999992735684,-499.999986588955));
#2684=CARTESIAN_POINT('',(-1.5,30.8135116466786,-579.999986588955));
#2685=CARTESIAN_POINT('',(-1.5,30.8135116466786,-499.999986588955));
#2686=CARTESIAN_POINT('',(-1.5,30.8135116466786,0.));
#2687=CARTESIAN_POINT('',(-1.5,32.4653654342893,-579.999986588955));
#2688=CARTESIAN_POINT('',(-1.5,32.4999992735684,-579.999986588955));
#2689=CARTESIAN_POINT('',(-1.5,32.4653654342893,-499.999986588955));
#2690=CARTESIAN_POINT('',(-1.5,32.4653654342893,0.));
#2691=CARTESIAN_POINT('',(-1.5,32.4999992735684,-499.999986588955));
#2692=CARTESIAN_POINT('Origin',(-1.5,32.4999992735684,-499.999986588955));
#2693=CARTESIAN_POINT('',(-1.5,-30.8135116466786,-499.999986588955));
#2694=CARTESIAN_POINT('',(-1.5,-30.8135116466786,-579.999986588955));
#2695=CARTESIAN_POINT('',(-1.5,-30.8135116466786,0.));
#2696=CARTESIAN_POINT('',(-1.5,-32.4653654342893,-499.999986588955));
#2697=CARTESIAN_POINT('',(-1.5,32.4999992735684,-499.999986588955));
#2698=CARTESIAN_POINT('',(-1.5,-32.4653654342893,-579.999986588955));
#2699=CARTESIAN_POINT('',(-1.5,-32.4653654342893,0.));
#2700=CARTESIAN_POINT('',(-1.5,32.4999992735684,-579.999986588955));
#2701=CARTESIAN_POINT('Origin',(-1.5,32.4999992735684,-579.999986588955));
#2702=CARTESIAN_POINT('',(1.5,30.8135116466786,-579.999986588955));
#2703=CARTESIAN_POINT('Origin',(0.,0.,-579.999986588955));
#2704=CARTESIAN_POINT('',(1.5,32.4653654342893,-579.999986588955));
#2705=CARTESIAN_POINT('',(1.5,32.4999992735684,-579.999986588955));
#2706=CARTESIAN_POINT('Origin',(0.,0.,-579.999986588955));
#2707=CARTESIAN_POINT('Origin',(1.5,32.4999992735684,-579.999986588955));
#2708=CARTESIAN_POINT('',(1.5,30.8135116466786,-499.999986588955));
#2709=CARTESIAN_POINT('',(1.5,30.8135116466786,0.));
#2710=CARTESIAN_POINT('',(1.5,32.4653654342893,-499.999986588955));
#2711=CARTESIAN_POINT('',(1.5,32.4999992735684,-499.999986588955));
#2712=CARTESIAN_POINT('',(1.5,32.4653654342893,0.));
#2713=CARTESIAN_POINT('Origin',(1.5,32.4999992735684,-499.999986588955));
#2714=CARTESIAN_POINT('Origin',(0.,0.,-499.999986588955));
#2715=CARTESIAN_POINT('Origin',(0.,0.,-499.999986588955));
#2716=CARTESIAN_POINT('Origin',(1.5,32.4999992735684,-499.999986588955));
#2717=CARTESIAN_POINT('',(1.5,-30.8135116466786,-499.999986588955));
#2718=CARTESIAN_POINT('Origin',(0.,0.,-499.999986588955));
#2719=CARTESIAN_POINT('',(1.5,-32.4653654342893,-499.999986588955));
#2720=CARTESIAN_POINT('',(1.5,32.4999992735684,-499.999986588955));
#2721=CARTESIAN_POINT('Origin',(0.,0.,-499.999986588955));
#2722=CARTESIAN_POINT('Origin',(-1.5,32.4999992735684,-579.999986588955));
#2723=CARTESIAN_POINT('',(1.5,-30.8135116466786,-579.999986588955));
#2724=CARTESIAN_POINT('Origin',(0.,0.,-579.999986588955));
#2725=CARTESIAN_POINT('',(1.5,-32.4653654342893,-579.999986588955));
#2726=CARTESIAN_POINT('Origin',(0.,0.,-579.999986588955));
#2727=CARTESIAN_POINT('',(1.5,32.4999992735684,-579.999986588955));
#2728=CARTESIAN_POINT('Origin',(1.5,32.4999992735684,-579.999986588955));
#2729=CARTESIAN_POINT('',(1.5,-30.8135116466786,0.));
#2730=CARTESIAN_POINT('',(1.5,-32.4653654342893,0.));
#2731=CARTESIAN_POINT('Origin',(0.,0.,-600.));
#2732=CARTESIAN_POINT('',(-31.000000461936,3.79640513392764E-15,-600.));
#2733=CARTESIAN_POINT('Origin',(0.,0.,-600.));
#2734=CARTESIAN_POINT('',(-31.000000461936,3.79640513392764E-15,-590.));
#2735=CARTESIAN_POINT('',(-31.000000461936,-3.79640513392764E-15,-600.));
#2736=CARTESIAN_POINT('Origin',(0.,0.,-590.));
#2737=CARTESIAN_POINT('Origin',(0.,0.,-590.));
#2738=CARTESIAN_POINT('',(-30.85,3.77803537536959E-15,-590.));
#2739=CARTESIAN_POINT('Origin',(0.,0.,-590.));
#2740=CARTESIAN_POINT('Origin',(0.,0.,0.));
#2741=CARTESIAN_POINT('',(-30.85,3.77803537536959E-15,0.));
#2742=CARTESIAN_POINT('',(-30.85,-3.77803537536959E-15,0.));
#2743=CARTESIAN_POINT('',(-30.85,3.77803537536959E-15,0.));
#2744=CARTESIAN_POINT('Origin',(0.,0.,0.));
#2745=CARTESIAN_POINT('Origin',(0.,0.,0.));
#2746=CARTESIAN_POINT('',(-32.4999992735684,-3.98010200826668E-15,-600.));
#2747=CARTESIAN_POINT('Origin',(0.,0.,-600.));
#2748=CARTESIAN_POINT('',(-32.4999992735684,3.98010200826668E-15,0.));
#2749=CARTESIAN_POINT('',(-32.4999992735684,-3.98010200826668E-15,0.));
#2750=CARTESIAN_POINT('',(-32.4999992735684,3.98010200826668E-15,0.));
#2751=CARTESIAN_POINT('Origin',(0.,0.,0.));
#2752=CARTESIAN_POINT('Origin',(0.,0.,0.));
#2753=CARTESIAN_POINT('Origin',(0.,0.,-600.));
#2754=CARTESIAN_POINT('',(0.,0.,0.));
#2755=CARTESIAN_POINT('Origin',(32.5,3.9801020972289E-15,50.));
#2756=CARTESIAN_POINT('',(32.5,3.9801020972289E-15,50.));
#2757=CARTESIAN_POINT('Origin',(0.,0.,50.));
#2758=CARTESIAN_POINT('',(-30.85,-3.77803537536959E-15,50.));
#2759=CARTESIAN_POINT('Origin',(0.,0.,50.));
#2760=CARTESIAN_POINT('Ctrl Pts',(0.,0.,300.));
#2761=CARTESIAN_POINT('Ctrl Pts',(0.,0.,300.));
#2762=CARTESIAN_POINT('Ctrl Pts',(0.,0.,300.));
#2763=CARTESIAN_POINT('Ctrl Pts',(0.,0.,300.));
#2764=CARTESIAN_POINT('Ctrl Pts',(0.,0.,300.));
#2765=CARTESIAN_POINT('Ctrl Pts',(0.,0.,300.));
#2766=CARTESIAN_POINT('Ctrl Pts',(0.,0.,300.));
#2767=CARTESIAN_POINT('Ctrl Pts',(0.,0.,300.));
#2768=CARTESIAN_POINT('Ctrl Pts',(0.,0.,300.));
#2769=CARTESIAN_POINT('Ctrl Pts',(0.0123581088159931,1.51343184050206E-18,
299.99483081999));
#2770=CARTESIAN_POINT('Ctrl Pts',(0.0123581088159931,0.0123581088159931,
299.99483081999));
#2771=CARTESIAN_POINT('Ctrl Pts',(-1.51343184050206E-18,0.0123581088159931,
299.99483081999));
#2772=CARTESIAN_POINT('Ctrl Pts',(-0.0123581088159931,0.0123581088159931,
299.99483081999));
#2773=CARTESIAN_POINT('Ctrl Pts',(-0.0123581088159931,-1.51343184050206E-18,
299.99483081999));
#2774=CARTESIAN_POINT('Ctrl Pts',(-0.0123581088159931,-0.0123581088159931,
299.99483081999));
#2775=CARTESIAN_POINT('Ctrl Pts',(1.51343184050206E-18,-0.0123581088159931,
299.99483081999));
#2776=CARTESIAN_POINT('Ctrl Pts',(0.0123581088159931,-0.0123581088159931,
299.99483081999));
#2777=CARTESIAN_POINT('Ctrl Pts',(0.0123581088159931,1.51343184050206E-18,
299.99483081999));
#2778=CARTESIAN_POINT('Ctrl Pts',(0.038862816662971,4.75932240321578E-18,
299.979715438252));
#2779=CARTESIAN_POINT('Ctrl Pts',(0.0388628166629709,0.038862816662971,
299.979715438252));
#2780=CARTESIAN_POINT('Ctrl Pts',(-4.75932240321578E-18,0.038862816662971,
299.979715438252));
#2781=CARTESIAN_POINT('Ctrl Pts',(-0.038862816662971,0.0388628166629709,
299.979715438252));
#2782=CARTESIAN_POINT('Ctrl Pts',(-0.038862816662971,-4.75932240321578E-18,
299.979715438252));
#2783=CARTESIAN_POINT('Ctrl Pts',(-0.0388628166629709,-0.038862816662971,
299.979715438252));
#2784=CARTESIAN_POINT('Ctrl Pts',(4.75932240321578E-18,-0.038862816662971,
299.979715438252));
#2785=CARTESIAN_POINT('Ctrl Pts',(0.038862816662971,-0.0388628166629709,
299.979715438252));
#2786=CARTESIAN_POINT('Ctrl Pts',(0.038862816662971,4.75932240321578E-18,
299.979715438252));
#2787=CARTESIAN_POINT('Ctrl Pts',(0.083956856880426,1.02817496045086E-17,
299.942756062466));
#2788=CARTESIAN_POINT('Ctrl Pts',(0.083956856880426,0.083956856880426,299.942756062466));
#2789=CARTESIAN_POINT('Ctrl Pts',(-1.02817496045086E-17,0.083956856880426,
299.942756062466));
#2790=CARTESIAN_POINT('Ctrl Pts',(-0.083956856880426,0.083956856880426,
299.942756062466));
#2791=CARTESIAN_POINT('Ctrl Pts',(-0.083956856880426,-1.02817496045086E-17,
299.942756062466));
#2792=CARTESIAN_POINT('Ctrl Pts',(-0.083956856880426,-0.083956856880426,
299.942756062466));
#2793=CARTESIAN_POINT('Ctrl Pts',(1.02817496045086E-17,-0.083956856880426,
299.942756062466));
#2794=CARTESIAN_POINT('Ctrl Pts',(0.083956856880426,-0.083956856880426,
299.942756062466));
#2795=CARTESIAN_POINT('Ctrl Pts',(0.083956856880426,1.02817496045086E-17,
299.942756062466));
#2796=CARTESIAN_POINT('Ctrl Pts',(0.155019408495575,1.89844022419822E-17,
299.86449044738));
#2797=CARTESIAN_POINT('Ctrl Pts',(0.155019408495575,0.155019408495575,299.86449044738));
#2798=CARTESIAN_POINT('Ctrl Pts',(-1.89844022419822E-17,0.155019408495575,
299.86449044738));
#2799=CARTESIAN_POINT('Ctrl Pts',(-0.155019408495575,0.155019408495575,
299.86449044738));
#2800=CARTESIAN_POINT('Ctrl Pts',(-0.155019408495575,-1.89844022419822E-17,
299.86449044738));
#2801=CARTESIAN_POINT('Ctrl Pts',(-0.155019408495575,-0.155019408495575,
299.86449044738));
#2802=CARTESIAN_POINT('Ctrl Pts',(1.89844022419822E-17,-0.155019408495575,
299.86449044738));
#2803=CARTESIAN_POINT('Ctrl Pts',(0.155019408495575,-0.155019408495575,
299.86449044738));
#2804=CARTESIAN_POINT('Ctrl Pts',(0.155019408495575,1.89844022419822E-17,
299.86449044738));
#2805=CARTESIAN_POINT('Ctrl Pts',(0.252483288225032,3.09202850762985E-17,
299.734028073476));
#2806=CARTESIAN_POINT('Ctrl Pts',(0.252483288225032,0.252483288225032,299.734028073476));
#2807=CARTESIAN_POINT('Ctrl Pts',(-3.09202850762985E-17,0.252483288225032,
299.734028073476));
#2808=CARTESIAN_POINT('Ctrl Pts',(-0.252483288225032,0.252483288225032,
299.734028073476));
#2809=CARTESIAN_POINT('Ctrl Pts',(-0.252483288225032,-3.09202850762985E-17,
299.734028073476));
#2810=CARTESIAN_POINT('Ctrl Pts',(-0.252483288225032,-0.252483288225032,
299.734028073476));
#2811=CARTESIAN_POINT('Ctrl Pts',(3.09202850762985E-17,-0.252483288225032,
299.734028073476));
#2812=CARTESIAN_POINT('Ctrl Pts',(0.252483288225032,-0.252483288225032,
299.734028073476));
#2813=CARTESIAN_POINT('Ctrl Pts',(0.252483288225032,3.09202850762985E-17,
299.734028073476));
#2814=CARTESIAN_POINT('Ctrl Pts',(0.349204136981187,4.27651728603025E-17,
299.587257927546));
#2815=CARTESIAN_POINT('Ctrl Pts',(0.349204136981187,0.349204136981187,299.587257927546));
#2816=CARTESIAN_POINT('Ctrl Pts',(-4.27651728603025E-17,0.349204136981187,
299.587257927546));
#2817=CARTESIAN_POINT('Ctrl Pts',(-0.349204136981187,0.349204136981187,
299.587257927546));
#2818=CARTESIAN_POINT('Ctrl Pts',(-0.349204136981187,-4.27651728603025E-17,
299.587257927546));
#2819=CARTESIAN_POINT('Ctrl Pts',(-0.349204136981187,-0.349204136981187,
299.587257927546));
#2820=CARTESIAN_POINT('Ctrl Pts',(4.27651728603025E-17,-0.349204136981187,
299.587257927546));
#2821=CARTESIAN_POINT('Ctrl Pts',(0.349204136981187,-0.349204136981187,
299.587257927546));
#2822=CARTESIAN_POINT('Ctrl Pts',(0.349204136981187,4.27651728603025E-17,
299.587257927546));
#2823=CARTESIAN_POINT('Ctrl Pts',(0.445893483495493,5.46062027323419E-17,
299.425718164276));
#2824=CARTESIAN_POINT('Ctrl Pts',(0.445893483495493,0.445893483495493,299.425718164276));
#2825=CARTESIAN_POINT('Ctrl Pts',(-5.46062027323419E-17,0.445893483495493,
299.425718164276));
#2826=CARTESIAN_POINT('Ctrl Pts',(-0.445893483495493,0.445893483495493,
299.425718164276));
#2827=CARTESIAN_POINT('Ctrl Pts',(-0.445893483495493,-5.46062027323419E-17,
299.425718164276));
#2828=CARTESIAN_POINT('Ctrl Pts',(-0.445893483495493,-0.445893483495493,
299.425718164276));
#2829=CARTESIAN_POINT('Ctrl Pts',(5.46062027323419E-17,-0.445893483495493,
299.425718164276));
#2830=CARTESIAN_POINT('Ctrl Pts',(0.445893483495493,-0.445893483495493,
299.425718164276));
#2831=CARTESIAN_POINT('Ctrl Pts',(0.445893483495493,5.46062027323419E-17,
299.425718164276));
#2832=CARTESIAN_POINT('Ctrl Pts',(0.544972242902907,6.67398512895199E-17,
299.24798856314));
#2833=CARTESIAN_POINT('Ctrl Pts',(0.544972242902907,0.544972242902907,299.24798856314));
#2834=CARTESIAN_POINT('Ctrl Pts',(-6.67398512895199E-17,0.544972242902907,
299.24798856314));
#2835=CARTESIAN_POINT('Ctrl Pts',(-0.544972242902907,0.544972242902907,
299.24798856314));
#2836=CARTESIAN_POINT('Ctrl Pts',(-0.544972242902907,-6.67398512895199E-17,
299.24798856314));
#2837=CARTESIAN_POINT('Ctrl Pts',(-0.544972242902907,-0.544972242902907,
299.24798856314));
#2838=CARTESIAN_POINT('Ctrl Pts',(6.67398512895199E-17,-0.544972242902907,
299.24798856314));
#2839=CARTESIAN_POINT('Ctrl Pts',(0.544972242902907,-0.544972242902907,
299.24798856314));
#2840=CARTESIAN_POINT('Ctrl Pts',(0.544972242902907,6.67398512895199E-17,
299.24798856314));
#2841=CARTESIAN_POINT('Ctrl Pts',(0.645926072266358,7.91031296886818E-17,
299.056076640138));
#2842=CARTESIAN_POINT('Ctrl Pts',(0.645926072266358,0.645926072266358,299.056076640138));
#2843=CARTESIAN_POINT('Ctrl Pts',(-7.91031296886818E-17,0.645926072266358,
299.056076640138));
#2844=CARTESIAN_POINT('Ctrl Pts',(-0.645926072266358,0.645926072266358,
299.056076640138));
#2845=CARTESIAN_POINT('Ctrl Pts',(-0.645926072266358,-7.91031296886818E-17,
299.056076640138));
#2846=CARTESIAN_POINT('Ctrl Pts',(-0.645926072266358,-0.645926072266358,
299.056076640138));
#2847=CARTESIAN_POINT('Ctrl Pts',(7.91031296886818E-17,-0.645926072266358,
299.056076640138));
#2848=CARTESIAN_POINT('Ctrl Pts',(0.645926072266358,-0.645926072266358,
299.056076640138));
#2849=CARTESIAN_POINT('Ctrl Pts',(0.645926072266358,7.91031296886818E-17,
299.056076640138));
#2850=CARTESIAN_POINT('Ctrl Pts',(0.747307722016106,9.15188009745124E-17,
298.852922797257));
#2851=CARTESIAN_POINT('Ctrl Pts',(0.747307722016105,0.747307722016106,298.852922797257));
#2852=CARTESIAN_POINT('Ctrl Pts',(-9.15188009745124E-17,0.747307722016106,
298.852922797257));
#2853=CARTESIAN_POINT('Ctrl Pts',(-0.747307722016106,0.747307722016105,
298.852922797257));
#2854=CARTESIAN_POINT('Ctrl Pts',(-0.747307722016106,-9.15188009745124E-17,
298.852922797257));
#2855=CARTESIAN_POINT('Ctrl Pts',(-0.747307722016105,-0.747307722016106,
298.852922797257));
#2856=CARTESIAN_POINT('Ctrl Pts',(9.15188009745124E-17,-0.747307722016106,
298.852922797257));
#2857=CARTESIAN_POINT('Ctrl Pts',(0.747307722016106,-0.747307722016105,
298.852922797257));
#2858=CARTESIAN_POINT('Ctrl Pts',(0.747307722016106,9.15188009745124E-17,
298.852922797257));
#2859=CARTESIAN_POINT('Ctrl Pts',(0.848634500526721,1.03927752471606E-16,
298.640007748427));
#2860=CARTESIAN_POINT('Ctrl Pts',(0.848634500526721,0.848634500526721,298.640007748427));
#2861=CARTESIAN_POINT('Ctrl Pts',(-1.03927752471606E-16,0.848634500526721,
298.640007748427));
#2862=CARTESIAN_POINT('Ctrl Pts',(-0.848634500526721,0.848634500526721,
298.640007748427));
#2863=CARTESIAN_POINT('Ctrl Pts',(-0.848634500526721,-1.03927752471606E-16,
298.640007748427));
#2864=CARTESIAN_POINT('Ctrl Pts',(-0.848634500526721,-0.848634500526721,
298.640007748427));
#2865=CARTESIAN_POINT('Ctrl Pts',(1.03927752471606E-16,-0.848634500526721,
298.640007748427));
#2866=CARTESIAN_POINT('Ctrl Pts',(0.848634500526721,-0.848634500526721,
298.640007748427));
#2867=CARTESIAN_POINT('Ctrl Pts',(0.848634500526721,1.03927752471606E-16,
298.640007748427));
#2868=CARTESIAN_POINT('Ctrl Pts',(0.950225454189387,1.16369056094137E-16,
298.417617449049));
#2869=CARTESIAN_POINT('Ctrl Pts',(0.950225454189386,0.950225454189387,298.417617449049));
#2870=CARTESIAN_POINT('Ctrl Pts',(-1.16369056094137E-16,0.950225454189387,
298.417617449049));
#2871=CARTESIAN_POINT('Ctrl Pts',(-0.950225454189387,0.950225454189386,
298.417617449049));
#2872=CARTESIAN_POINT('Ctrl Pts',(-0.950225454189387,-1.16369056094137E-16,
298.417617449049));
#2873=CARTESIAN_POINT('Ctrl Pts',(-0.950225454189386,-0.950225454189387,
298.417617449049));
#2874=CARTESIAN_POINT('Ctrl Pts',(1.16369056094137E-16,-0.950225454189387,
298.417617449049));
#2875=CARTESIAN_POINT('Ctrl Pts',(0.950225454189387,-0.950225454189386,
298.417617449049));
#2876=CARTESIAN_POINT('Ctrl Pts',(0.950225454189387,1.16369056094137E-16,
298.417617449049));
#2877=CARTESIAN_POINT('Ctrl Pts',(1.05240630939353,1.28882601820126E-16,
298.185914658219));
#2878=CARTESIAN_POINT('Ctrl Pts',(1.05240630939353,1.05240630939353,298.185914658219));
#2879=CARTESIAN_POINT('Ctrl Pts',(-1.28882601820126E-16,1.05240630939353,
298.185914658219));
#2880=CARTESIAN_POINT('Ctrl Pts',(-1.05240630939353,1.05240630939353,298.185914658219));
#2881=CARTESIAN_POINT('Ctrl Pts',(-1.05240630939353,-1.28882601820126E-16,
298.185914658219));
#2882=CARTESIAN_POINT('Ctrl Pts',(-1.05240630939353,-1.05240630939353,298.185914658219));
#2883=CARTESIAN_POINT('Ctrl Pts',(1.28882601820126E-16,-1.05240630939353,
298.185914658219));
#2884=CARTESIAN_POINT('Ctrl Pts',(1.05240630939353,-1.05240630939353,298.185914658219));
#2885=CARTESIAN_POINT('Ctrl Pts',(1.05240630939353,1.28882601820126E-16,
298.185914658219));
#2886=CARTESIAN_POINT('Ctrl Pts',(1.1551006700594,1.41459033828121E-16,
297.945508709991));
#2887=CARTESIAN_POINT('Ctrl Pts',(1.1551006700594,1.1551006700594,297.945508709991));
#2888=CARTESIAN_POINT('Ctrl Pts',(-1.41459033828121E-16,1.1551006700594,
297.945508709991));
#2889=CARTESIAN_POINT('Ctrl Pts',(-1.1551006700594,1.1551006700594,297.945508709991));
#2890=CARTESIAN_POINT('Ctrl Pts',(-1.1551006700594,-1.41459033828121E-16,
297.945508709991));
#2891=CARTESIAN_POINT('Ctrl Pts',(-1.1551006700594,-1.1551006700594,297.945508709991));
#2892=CARTESIAN_POINT('Ctrl Pts',(1.41459033828121E-16,-1.1551006700594,
297.945508709991));
#2893=CARTESIAN_POINT('Ctrl Pts',(1.1551006700594,-1.1551006700594,297.945508709991));
#2894=CARTESIAN_POINT('Ctrl Pts',(1.1551006700594,1.41459033828121E-16,
297.945508709991));
#2895=CARTESIAN_POINT('Ctrl Pts',(1.25807530268846,1.54069789252377E-16,
297.697144673883));
#2896=CARTESIAN_POINT('Ctrl Pts',(1.25807530268846,1.25807530268846,297.697144673883));
#2897=CARTESIAN_POINT('Ctrl Pts',(-1.54069789252377E-16,1.25807530268846,
297.697144673883));
#2898=CARTESIAN_POINT('Ctrl Pts',(-1.25807530268846,1.25807530268846,297.697144673883));
#2899=CARTESIAN_POINT('Ctrl Pts',(-1.25807530268846,-1.54069789252377E-16,
297.697144673883));
#2900=CARTESIAN_POINT('Ctrl Pts',(-1.25807530268846,-1.25807530268846,297.697144673883));
#2901=CARTESIAN_POINT('Ctrl Pts',(1.54069789252377E-16,-1.25807530268846,
297.697144673883));
#2902=CARTESIAN_POINT('Ctrl Pts',(1.25807530268846,-1.25807530268846,297.697144673883));
#2903=CARTESIAN_POINT('Ctrl Pts',(1.25807530268846,1.54069789252377E-16,
297.697144673883));
#2904=CARTESIAN_POINT('Ctrl Pts',(1.36115002222585,1.66692801787824E-16,
297.441444332104));
#2905=CARTESIAN_POINT('Ctrl Pts',(1.36115002222585,1.36115002222585,297.441444332104));
#2906=CARTESIAN_POINT('Ctrl Pts',(-1.66692801787824E-16,1.36115002222585,
297.441444332104));
#2907=CARTESIAN_POINT('Ctrl Pts',(-1.36115002222585,1.36115002222585,297.441444332104));
#2908=CARTESIAN_POINT('Ctrl Pts',(-1.36115002222585,-1.66692801787824E-16,
297.441444332104));
#2909=CARTESIAN_POINT('Ctrl Pts',(-1.36115002222585,-1.36115002222585,297.441444332104));
#2910=CARTESIAN_POINT('Ctrl Pts',(1.66692801787824E-16,-1.36115002222585,
297.441444332104));
#2911=CARTESIAN_POINT('Ctrl Pts',(1.36115002222585,-1.36115002222585,297.441444332104));
#2912=CARTESIAN_POINT('Ctrl Pts',(1.36115002222585,1.66692801787824E-16,
297.441444332104));
#2913=CARTESIAN_POINT('Ctrl Pts',(1.46431282016036,1.79326600815982E-16,
297.178766212011));
#2914=CARTESIAN_POINT('Ctrl Pts',(1.46431282016036,1.46431282016036,297.178766212011));
#2915=CARTESIAN_POINT('Ctrl Pts',(-1.79326600815982E-16,1.46431282016036,
297.178766212011));
#2916=CARTESIAN_POINT('Ctrl Pts',(-1.46431282016036,1.46431282016036,297.178766212011));
#2917=CARTESIAN_POINT('Ctrl Pts',(-1.46431282016036,-1.79326600815982E-16,
297.178766212011));
#2918=CARTESIAN_POINT('Ctrl Pts',(-1.46431282016036,-1.46431282016036,297.178766212011));
#2919=CARTESIAN_POINT('Ctrl Pts',(1.79326600815982E-16,-1.46431282016036,
297.178766212011));
#2920=CARTESIAN_POINT('Ctrl Pts',(1.46431282016036,-1.46431282016036,297.178766212011));
#2921=CARTESIAN_POINT('Ctrl Pts',(1.46431282016036,1.79326600815982E-16,
297.178766212011));
#2922=CARTESIAN_POINT('Ctrl Pts',(1.56761055580698,1.91976924947862E-16,
296.909354181796));
#2923=CARTESIAN_POINT('Ctrl Pts',(1.56761055580698,1.56761055580698,296.909354181796));
#2924=CARTESIAN_POINT('Ctrl Pts',(-1.91976924947862E-16,1.56761055580698,
296.909354181796));
#2925=CARTESIAN_POINT('Ctrl Pts',(-1.56761055580698,1.56761055580698,296.909354181796));
#2926=CARTESIAN_POINT('Ctrl Pts',(-1.56761055580698,-1.91976924947862E-16,
296.909354181796));
#2927=CARTESIAN_POINT('Ctrl Pts',(-1.56761055580698,-1.56761055580698,296.909354181796));
#2928=CARTESIAN_POINT('Ctrl Pts',(1.91976924947862E-16,-1.56761055580698,
296.909354181796));
#2929=CARTESIAN_POINT('Ctrl Pts',(1.56761055580698,-1.56761055580698,296.909354181796));
#2930=CARTESIAN_POINT('Ctrl Pts',(1.56761055580698,1.91976924947862E-16,
296.909354181796));
#2931=CARTESIAN_POINT('Ctrl Pts',(1.67108138104125,2.0464844644069E-16,
296.63343273889));
#2932=CARTESIAN_POINT('Ctrl Pts',(1.67108138104125,1.67108138104125,296.63343273889));
#2933=CARTESIAN_POINT('Ctrl Pts',(-2.0464844644069E-16,1.67108138104125,
296.63343273889));
#2934=CARTESIAN_POINT('Ctrl Pts',(-1.67108138104125,1.67108138104125,296.63343273889));
#2935=CARTESIAN_POINT('Ctrl Pts',(-1.67108138104125,-2.0464844644069E-16,
296.63343273889));
#2936=CARTESIAN_POINT('Ctrl Pts',(-1.67108138104125,-1.67108138104125,296.63343273889));
#2937=CARTESIAN_POINT('Ctrl Pts',(2.0464844644069E-16,-1.67108138104125,
296.63343273889));
#2938=CARTESIAN_POINT('Ctrl Pts',(1.67108138104125,-1.67108138104125,296.63343273889));
#2939=CARTESIAN_POINT('Ctrl Pts',(1.67108138104125,2.0464844644069E-16,
296.63343273889));
#2940=CARTESIAN_POINT('Ctrl Pts',(1.7747012114327,2.17338215802398E-16,
296.351282413757));
#2941=CARTESIAN_POINT('Ctrl Pts',(1.77470121143269,1.7747012114327,296.351282413757));
#2942=CARTESIAN_POINT('Ctrl Pts',(-2.17338215802398E-16,1.7747012114327,
296.351282413757));
#2943=CARTESIAN_POINT('Ctrl Pts',(-1.7747012114327,1.77470121143269,296.351282413757));
#2944=CARTESIAN_POINT('Ctrl Pts',(-1.7747012114327,-2.17338215802398E-16,
296.351282413757));
#2945=CARTESIAN_POINT('Ctrl Pts',(-1.77470121143269,-1.7747012114327,296.351282413757));
#2946=CARTESIAN_POINT('Ctrl Pts',(2.17338215802398E-16,-1.7747012114327,
296.351282413757));
#2947=CARTESIAN_POINT('Ctrl Pts',(1.7747012114327,-1.77470121143269,296.351282413757));
#2948=CARTESIAN_POINT('Ctrl Pts',(1.7747012114327,2.17338215802398E-16,
296.351282413757));
#2949=CARTESIAN_POINT('Ctrl Pts',(1.87842479554187,2.30040691329937E-16,
296.063188778454));
#2950=CARTESIAN_POINT('Ctrl Pts',(1.87842479554186,1.87842479554187,296.063188778454));
#2951=CARTESIAN_POINT('Ctrl Pts',(-2.30040691329937E-16,1.87842479554187,
296.063188778454));
#2952=CARTESIAN_POINT('Ctrl Pts',(-1.87842479554187,1.87842479554186,296.063188778454));
#2953=CARTESIAN_POINT('Ctrl Pts',(-1.87842479554187,-2.30040691329937E-16,
296.063188778454));
#2954=CARTESIAN_POINT('Ctrl Pts',(-1.87842479554186,-1.87842479554187,296.063188778454));
#2955=CARTESIAN_POINT('Ctrl Pts',(2.30040691329937E-16,-1.87842479554187,
296.063188778454));
#2956=CARTESIAN_POINT('Ctrl Pts',(1.87842479554187,-1.87842479554186,296.063188778454));
#2957=CARTESIAN_POINT('Ctrl Pts',(1.87842479554187,2.30040691329937E-16,
296.063188778454));
#2958=CARTESIAN_POINT('Ctrl Pts',(1.9822064921672,2.42750283588166E-16,
295.769418502568));
#2959=CARTESIAN_POINT('Ctrl Pts',(1.9822064921672,1.9822064921672,295.769418502568));
#2960=CARTESIAN_POINT('Ctrl Pts',(-2.42750283588166E-16,1.9822064921672,
295.769418502568));
#2961=CARTESIAN_POINT('Ctrl Pts',(-1.9822064921672,1.9822064921672,295.769418502568));
#2962=CARTESIAN_POINT('Ctrl Pts',(-1.9822064921672,-2.42750283588166E-16,
295.769418502568));
#2963=CARTESIAN_POINT('Ctrl Pts',(-1.9822064921672,-1.9822064921672,295.769418502568));
#2964=CARTESIAN_POINT('Ctrl Pts',(2.42750283588166E-16,-1.9822064921672,
295.769418502568));
#2965=CARTESIAN_POINT('Ctrl Pts',(1.9822064921672,-1.9822064921672,295.769418502568));
#2966=CARTESIAN_POINT('Ctrl Pts',(1.9822064921672,2.42750283588166E-16,
295.769418502568));
#2967=CARTESIAN_POINT('Ctrl Pts',(2.0860282668492,2.55464783992777E-16,
295.470185715797));
#2968=CARTESIAN_POINT('Ctrl Pts',(2.0860282668492,2.0860282668492,295.470185715797));
#2969=CARTESIAN_POINT('Ctrl Pts',(-2.55464783992777E-16,2.0860282668492,
295.470185715797));
#2970=CARTESIAN_POINT('Ctrl Pts',(-2.0860282668492,2.0860282668492,295.470185715797));
#2971=CARTESIAN_POINT('Ctrl Pts',(-2.0860282668492,-2.55464783992777E-16,
295.470185715797));
#2972=CARTESIAN_POINT('Ctrl Pts',(-2.0860282668492,-2.0860282668492,295.470185715797));
#2973=CARTESIAN_POINT('Ctrl Pts',(2.55464783992777E-16,-2.0860282668492,
295.470185715797));
#2974=CARTESIAN_POINT('Ctrl Pts',(2.0860282668492,-2.0860282668492,295.470185715797));
#2975=CARTESIAN_POINT('Ctrl Pts',(2.0860282668492,2.55464783992777E-16,
295.470185715797));
#2976=CARTESIAN_POINT('Ctrl Pts',(2.189887189768,2.68183833744317E-16,295.165670033288));
#2977=CARTESIAN_POINT('Ctrl Pts',(2.189887189768,2.189887189768,295.165670033288));
#2978=CARTESIAN_POINT('Ctrl Pts',(-2.68183833744317E-16,2.189887189768,
295.165670033288));
#2979=CARTESIAN_POINT('Ctrl Pts',(-2.189887189768,2.189887189768,295.165670033288));
#2980=CARTESIAN_POINT('Ctrl Pts',(-2.189887189768,-2.68183833744317E-16,
295.165670033288));
#2981=CARTESIAN_POINT('Ctrl Pts',(-2.189887189768,-2.189887189768,295.165670033288));
#2982=CARTESIAN_POINT('Ctrl Pts',(2.68183833744317E-16,-2.189887189768,
295.165670033288));
#2983=CARTESIAN_POINT('Ctrl Pts',(2.189887189768,-2.189887189768,295.165670033288));
#2984=CARTESIAN_POINT('Ctrl Pts',(2.189887189768,2.68183833744317E-16,295.165670033288));
#2985=CARTESIAN_POINT('Ctrl Pts',(2.29378666188868,2.80907849340886E-16,
294.856029665087));
#2986=CARTESIAN_POINT('Ctrl Pts',(2.29378666188868,2.29378666188868,294.856029665087));
#2987=CARTESIAN_POINT('Ctrl Pts',(-2.80907849340886E-16,2.29378666188868,
294.856029665087));
#2988=CARTESIAN_POINT('Ctrl Pts',(-2.29378666188868,2.29378666188868,294.856029665087));
#2989=CARTESIAN_POINT('Ctrl Pts',(-2.29378666188868,-2.80907849340886E-16,
294.856029665087));
#2990=CARTESIAN_POINT('Ctrl Pts',(-2.29378666188868,-2.29378666188868,294.856029665087));
#2991=CARTESIAN_POINT('Ctrl Pts',(2.80907849340886E-16,-2.29378666188868,
294.856029665087));
#2992=CARTESIAN_POINT('Ctrl Pts',(2.29378666188868,-2.29378666188868,294.856029665087));
#2993=CARTESIAN_POINT('Ctrl Pts',(2.29378666188868,2.80907849340886E-16,
294.856029665087));
#2994=CARTESIAN_POINT('Ctrl Pts',(2.39772408222307,2.93636512253301E-16,
294.541419303295));
#2995=CARTESIAN_POINT('Ctrl Pts',(2.39772408222307,2.39772408222307,294.541419303295));
#2996=CARTESIAN_POINT('Ctrl Pts',(-2.93636512253301E-16,2.39772408222307,
294.541419303295));
#2997=CARTESIAN_POINT('Ctrl Pts',(-2.39772408222307,2.39772408222307,294.541419303295));
#2998=CARTESIAN_POINT('Ctrl Pts',(-2.39772408222307,-2.93636512253301E-16,
294.541419303295));
#2999=CARTESIAN_POINT('Ctrl Pts',(-2.39772408222307,-2.39772408222307,294.541419303295));
#3000=CARTESIAN_POINT('Ctrl Pts',(2.93636512253301E-16,-2.39772408222307,
294.541419303295));
#3001=CARTESIAN_POINT('Ctrl Pts',(2.39772408222307,-2.39772408222307,294.541419303295));
#3002=CARTESIAN_POINT('Ctrl Pts',(2.39772408222307,2.93636512253301E-16,
294.541419303295));
#3003=CARTESIAN_POINT('Ctrl Pts',(2.50168910929303,3.0636855601575E-16,
294.221993635581));
#3004=CARTESIAN_POINT('Ctrl Pts',(2.50168910929303,2.50168910929303,294.221993635581));
#3005=CARTESIAN_POINT('Ctrl Pts',(-3.0636855601575E-16,2.50168910929303,
294.221993635581));
#3006=CARTESIAN_POINT('Ctrl Pts',(-2.50168910929303,2.50168910929303,294.221993635581));
#3007=CARTESIAN_POINT('Ctrl Pts',(-2.50168910929303,-3.0636855601575E-16,
294.221993635581));
#3008=CARTESIAN_POINT('Ctrl Pts',(-2.50168910929303,-2.50168910929303,294.221993635581));
#3009=CARTESIAN_POINT('Ctrl Pts',(3.0636855601575E-16,-2.50168910929303,
294.221993635581));
#3010=CARTESIAN_POINT('Ctrl Pts',(2.50168910929303,-2.50168910929303,294.221993635581));
#3011=CARTESIAN_POINT('Ctrl Pts',(2.50168910929303,3.0636855601575E-16,
294.221993635581));
#3012=CARTESIAN_POINT('Ctrl Pts',(2.60566879839869,3.19102395359708E-16,
293.897901507693));
#3013=CARTESIAN_POINT('Ctrl Pts',(2.60566879839869,2.60566879839869,293.897901507693));
#3014=CARTESIAN_POINT('Ctrl Pts',(-3.19102395359708E-16,2.60566879839869,
293.897901507693));
#3015=CARTESIAN_POINT('Ctrl Pts',(-2.60566879839869,2.60566879839869,293.897901507693));
#3016=CARTESIAN_POINT('Ctrl Pts',(-2.60566879839869,-3.19102395359708E-16,
293.897901507693));
#3017=CARTESIAN_POINT('Ctrl Pts',(-2.60566879839869,-2.60566879839869,293.897901507693));
#3018=CARTESIAN_POINT('Ctrl Pts',(3.19102395359708E-16,-2.60566879839869,
293.897901507693));
#3019=CARTESIAN_POINT('Ctrl Pts',(2.60566879839869,-2.60566879839869,293.897901507693));
#3020=CARTESIAN_POINT('Ctrl Pts',(2.60566879839869,3.19102395359708E-16,
293.897901507693));
#3021=CARTESIAN_POINT('Ctrl Pts',(2.70965066577101,3.31836501464396E-16,
293.569282898561));
#3022=CARTESIAN_POINT('Ctrl Pts',(2.70965066577101,2.70965066577101,293.569282898561));
#3023=CARTESIAN_POINT('Ctrl Pts',(-3.31836501464396E-16,2.70965066577101,
293.569282898561));
#3024=CARTESIAN_POINT('Ctrl Pts',(-2.70965066577101,2.70965066577101,293.569282898561));
#3025=CARTESIAN_POINT('Ctrl Pts',(-2.70965066577101,-3.31836501464396E-16,
293.569282898561));
#3026=CARTESIAN_POINT('Ctrl Pts',(-2.70965066577101,-2.70965066577101,293.569282898561));
#3027=CARTESIAN_POINT('Ctrl Pts',(3.31836501464396E-16,-2.70965066577101,
293.569282898561));
#3028=CARTESIAN_POINT('Ctrl Pts',(2.70965066577101,-2.70965066577101,293.569282898561));
#3029=CARTESIAN_POINT('Ctrl Pts',(2.70965066577101,3.31836501464396E-16,
293.569282898561));
#3030=CARTESIAN_POINT('Ctrl Pts',(2.81362678222294,3.4456990328446E-16,
293.23626451866));
#3031=CARTESIAN_POINT('Ctrl Pts',(2.81362678222294,2.81362678222294,293.23626451866));
#3032=CARTESIAN_POINT('Ctrl Pts',(-3.4456990328446E-16,2.81362678222294,
293.23626451866));
#3033=CARTESIAN_POINT('Ctrl Pts',(-2.81362678222294,2.81362678222294,293.23626451866));
#3034=CARTESIAN_POINT('Ctrl Pts',(-2.81362678222294,-3.4456990328446E-16,
293.23626451866));
#3035=CARTESIAN_POINT('Ctrl Pts',(-2.81362678222294,-2.81362678222294,293.23626451866));
#3036=CARTESIAN_POINT('Ctrl Pts',(3.4456990328446E-16,-2.81362678222294,
293.23626451866));
#3037=CARTESIAN_POINT('Ctrl Pts',(2.81362678222294,-2.81362678222294,293.23626451866));
#3038=CARTESIAN_POINT('Ctrl Pts',(2.81362678222294,3.4456990328446E-16,
293.23626451866));
#3039=CARTESIAN_POINT('Ctrl Pts',(2.91759229948499,3.57302007078125E-16,
292.898962326342));
#3040=CARTESIAN_POINT('Ctrl Pts',(2.91759229948498,2.91759229948499,292.898962326342));
#3041=CARTESIAN_POINT('Ctrl Pts',(-3.57302007078125E-16,2.91759229948499,
292.898962326342));
#3042=CARTESIAN_POINT('Ctrl Pts',(-2.91759229948499,2.91759229948498,292.898962326342));
#3043=CARTESIAN_POINT('Ctrl Pts',(-2.91759229948499,-3.57302007078125E-16,
292.898962326342));
#3044=CARTESIAN_POINT('Ctrl Pts',(-2.91759229948498,-2.91759229948499,292.898962326342));
#3045=CARTESIAN_POINT('Ctrl Pts',(3.57302007078125E-16,-2.91759229948499,
292.898962326342));
#3046=CARTESIAN_POINT('Ctrl Pts',(2.91759229948499,-2.91759229948498,292.898962326342));
#3047=CARTESIAN_POINT('Ctrl Pts',(2.91759229948499,3.57302007078125E-16,
292.898962326342));
#3048=CARTESIAN_POINT('Ctrl Pts',(3.02154395415462,3.70032413193849E-16,
292.557484043505));
#3049=CARTESIAN_POINT('Ctrl Pts',(3.02154395415462,3.02154395415462,292.557484043505));
#3050=CARTESIAN_POINT('Ctrl Pts',(-3.70032413193849E-16,3.02154395415462,
292.557484043505));
#3051=CARTESIAN_POINT('Ctrl Pts',(-3.02154395415462,3.02154395415462,292.557484043505));
#3052=CARTESIAN_POINT('Ctrl Pts',(-3.02154395415462,-3.70032413193849E-16,
292.557484043505));
#3053=CARTESIAN_POINT('Ctrl Pts',(-3.02154395415462,-3.02154395415462,292.557484043505));
#3054=CARTESIAN_POINT('Ctrl Pts',(3.70032413193849E-16,-3.02154395415462,
292.557484043505));
#3055=CARTESIAN_POINT('Ctrl Pts',(3.02154395415462,-3.02154395415462,292.557484043505));
#3056=CARTESIAN_POINT('Ctrl Pts',(3.02154395415462,3.70032413193849E-16,
292.557484043505));
#3057=CARTESIAN_POINT('Ctrl Pts',(3.12547847123599,3.82760720560311E-16,
292.211931824392));
#3058=CARTESIAN_POINT('Ctrl Pts',(3.12547847123598,3.12547847123599,292.211931824392));
#3059=CARTESIAN_POINT('Ctrl Pts',(-3.82760720560311E-16,3.12547847123599,
292.211931824392));
#3060=CARTESIAN_POINT('Ctrl Pts',(-3.12547847123599,3.12547847123598,292.211931824392));
#3061=CARTESIAN_POINT('Ctrl Pts',(-3.12547847123599,-3.82760720560311E-16,
292.211931824392));
#3062=CARTESIAN_POINT('Ctrl Pts',(-3.12547847123598,-3.12547847123599,292.211931824392));
#3063=CARTESIAN_POINT('Ctrl Pts',(3.82760720560311E-16,-3.12547847123599,
292.211931824392));
#3064=CARTESIAN_POINT('Ctrl Pts',(3.12547847123599,-3.12547847123598,292.211931824392));
#3065=CARTESIAN_POINT('Ctrl Pts',(3.12547847123599,3.82760720560311E-16,
292.211931824392));
#3066=CARTESIAN_POINT('Ctrl Pts',(3.22939129639821,3.95486371432839E-16,
291.862404454954));
#3067=CARTESIAN_POINT('Ctrl Pts',(3.22939129639821,3.22939129639821,291.862404454954));
#3068=CARTESIAN_POINT('Ctrl Pts',(-3.95486371432839E-16,3.22939129639821,
291.862404454954));
#3069=CARTESIAN_POINT('Ctrl Pts',(-3.22939129639821,3.22939129639821,291.862404454954));
#3070=CARTESIAN_POINT('Ctrl Pts',(-3.22939129639821,-3.95486371432839E-16,
291.862404454954));
#3071=CARTESIAN_POINT('Ctrl Pts',(-3.22939129639821,-3.22939129639821,291.862404454954));
#3072=CARTESIAN_POINT('Ctrl Pts',(3.95486371432839E-16,-3.22939129639821,
291.862404454954));
#3073=CARTESIAN_POINT('Ctrl Pts',(3.22939129639821,-3.22939129639821,291.862404454954));
#3074=CARTESIAN_POINT('Ctrl Pts',(3.22939129639821,3.95486371432839E-16,
291.862404454954));
#3075=CARTESIAN_POINT('Ctrl Pts',(3.33327730840098,4.08208738640377E-16,
291.508996765139));
#3076=CARTESIAN_POINT('Ctrl Pts',(3.33327730840098,3.33327730840098,291.508996765139));
#3077=CARTESIAN_POINT('Ctrl Pts',(-4.08208738640377E-16,3.33327730840098,
291.508996765139));
#3078=CARTESIAN_POINT('Ctrl Pts',(-3.33327730840098,3.33327730840098,291.508996765139));
#3079=CARTESIAN_POINT('Ctrl Pts',(-3.33327730840098,-4.08208738640377E-16,
291.508996765139));
#3080=CARTESIAN_POINT('Ctrl Pts',(-3.33327730840098,-3.33327730840098,291.508996765139));
#3081=CARTESIAN_POINT('Ctrl Pts',(4.08208738640377E-16,-3.33327730840098,
291.508996765139));
#3082=CARTESIAN_POINT('Ctrl Pts',(3.33327730840098,-3.33327730840098,291.508996765139));
#3083=CARTESIAN_POINT('Ctrl Pts',(3.33327730840098,4.08208738640377E-16,
291.508996765139));
#3084=CARTESIAN_POINT('Ctrl Pts',(3.43713127487373,4.20927181402337E-16,
291.151799395645));
#3085=CARTESIAN_POINT('Ctrl Pts',(3.43713127487372,3.43713127487373,291.151799395645));
#3086=CARTESIAN_POINT('Ctrl Pts',(-4.20927181402337E-16,3.43713127487373,
291.151799395645));
#3087=CARTESIAN_POINT('Ctrl Pts',(-3.43713127487373,3.43713127487372,291.151799395645));
#3088=CARTESIAN_POINT('Ctrl Pts',(-3.43713127487373,-4.20927181402337E-16,
291.151799395645));
#3089=CARTESIAN_POINT('Ctrl Pts',(-3.43713127487372,-3.43713127487373,291.151799395645));
#3090=CARTESIAN_POINT('Ctrl Pts',(4.20927181402337E-16,-3.43713127487373,
291.151799395645));
#3091=CARTESIAN_POINT('Ctrl Pts',(3.43713127487373,-3.43713127487372,291.151799395645));
#3092=CARTESIAN_POINT('Ctrl Pts',(3.43713127487373,4.20927181402337E-16,
291.151799395645));
#3093=CARTESIAN_POINT('Ctrl Pts',(3.54094845534162,4.33641119177988E-16,
290.790898372664));
#3094=CARTESIAN_POINT('Ctrl Pts',(3.54094845534162,3.54094845534162,290.790898372664));
#3095=CARTESIAN_POINT('Ctrl Pts',(-4.33641119177988E-16,3.54094845534162,
290.790898372664));
#3096=CARTESIAN_POINT('Ctrl Pts',(-3.54094845534162,3.54094845534162,290.790898372664));
#3097=CARTESIAN_POINT('Ctrl Pts',(-3.54094845534162,-4.33641119177988E-16,
290.790898372664));
#3098=CARTESIAN_POINT('Ctrl Pts',(-3.54094845534162,-3.54094845534162,290.790898372664));
#3099=CARTESIAN_POINT('Ctrl Pts',(4.33641119177988E-16,-3.54094845534162,
290.790898372664));
#3100=CARTESIAN_POINT('Ctrl Pts',(3.54094845534162,-3.54094845534162,290.790898372664));
#3101=CARTESIAN_POINT('Ctrl Pts',(3.54094845534162,4.33641119177988E-16,
290.790898372664));
#3102=CARTESIAN_POINT('Ctrl Pts',(3.64472499820576,4.46350080282503E-16,
290.426374928197));
#3103=CARTESIAN_POINT('Ctrl Pts',(3.64472499820576,3.64472499820576,290.426374928197));
#3104=CARTESIAN_POINT('Ctrl Pts',(-4.46350080282503E-16,3.64472499820576,
290.426374928197));
#3105=CARTESIAN_POINT('Ctrl Pts',(-3.64472499820576,3.64472499820576,290.426374928197));
#3106=CARTESIAN_POINT('Ctrl Pts',(-3.64472499820576,-4.46350080282503E-16,
290.426374928197));
#3107=CARTESIAN_POINT('Ctrl Pts',(-3.64472499820576,-3.64472499820576,290.426374928197));
#3108=CARTESIAN_POINT('Ctrl Pts',(4.46350080282503E-16,-3.64472499820576,
290.426374928197));
#3109=CARTESIAN_POINT('Ctrl Pts',(3.64472499820576,-3.64472499820576,290.426374928197));
#3110=CARTESIAN_POINT('Ctrl Pts',(3.64472499820576,4.46350080282503E-16,
290.426374928197));
#3111=CARTESIAN_POINT('Ctrl Pts',(3.74845762821726,4.59053663613574E-16,
290.058306129348));
#3112=CARTESIAN_POINT('Ctrl Pts',(3.74845762821726,3.74845762821726,290.058306129348));
#3113=CARTESIAN_POINT('Ctrl Pts',(-4.59053663613574E-16,3.74845762821726,
290.058306129348));
#3114=CARTESIAN_POINT('Ctrl Pts',(-3.74845762821726,3.74845762821726,290.058306129348));
#3115=CARTESIAN_POINT('Ctrl Pts',(-3.74845762821726,-4.59053663613574E-16,
290.058306129348));
#3116=CARTESIAN_POINT('Ctrl Pts',(-3.74845762821726,-3.74845762821726,290.058306129348));
#3117=CARTESIAN_POINT('Ctrl Pts',(4.59053663613574E-16,-3.74845762821726,
290.058306129348));
#3118=CARTESIAN_POINT('Ctrl Pts',(3.74845762821726,-3.74845762821726,290.058306129348));
#3119=CARTESIAN_POINT('Ctrl Pts',(3.74845762821726,4.59053663613574E-16,
290.058306129348));
#3120=CARTESIAN_POINT('Ctrl Pts',(3.85214343469671,4.71751512715782E-16,
289.686765392315));
#3121=CARTESIAN_POINT('Ctrl Pts',(3.85214343469671,3.85214343469671,289.686765392315));
#3122=CARTESIAN_POINT('Ctrl Pts',(-4.71751512715782E-16,3.85214343469671,
289.686765392315));
#3123=CARTESIAN_POINT('Ctrl Pts',(-3.85214343469671,3.85214343469671,289.686765392315));
#3124=CARTESIAN_POINT('Ctrl Pts',(-3.85214343469671,-4.71751512715782E-16,
289.686765392315));
#3125=CARTESIAN_POINT('Ctrl Pts',(-3.85214343469671,-3.85214343469671,289.686765392315));
#3126=CARTESIAN_POINT('Ctrl Pts',(4.71751512715782E-16,-3.85214343469671,
289.686765392315));
#3127=CARTESIAN_POINT('Ctrl Pts',(3.85214343469671,-3.85214343469671,289.686765392315));
#3128=CARTESIAN_POINT('Ctrl Pts',(3.85214343469671,4.71751512715782E-16,
289.686765392315));
#3129=CARTESIAN_POINT('Ctrl Pts',(3.95577961213966,4.84443284013919E-16,
289.31182305409));
#3130=CARTESIAN_POINT('Ctrl Pts',(3.95577961213966,3.95577961213966,289.31182305409));
#3131=CARTESIAN_POINT('Ctrl Pts',(-4.84443284013919E-16,3.95577961213966,
289.31182305409));
#3132=CARTESIAN_POINT('Ctrl Pts',(-3.95577961213966,3.95577961213966,289.31182305409));
#3133=CARTESIAN_POINT('Ctrl Pts',(-3.95577961213966,-4.84443284013919E-16,
289.31182305409));
#3134=CARTESIAN_POINT('Ctrl Pts',(-3.95577961213966,-3.95577961213966,289.31182305409));
#3135=CARTESIAN_POINT('Ctrl Pts',(4.84443284013919E-16,-3.95577961213966,
289.31182305409));
#3136=CARTESIAN_POINT('Ctrl Pts',(3.95577961213966,-3.95577961213966,289.31182305409));
#3137=CARTESIAN_POINT('Ctrl Pts',(3.95577961213966,4.84443284013919E-16,
289.31182305409));
#3138=CARTESIAN_POINT('Ctrl Pts',(4.05936324539197,4.97128620504569E-16,
288.933546882166));
#3139=CARTESIAN_POINT('Ctrl Pts',(4.05936324539197,4.05936324539197,288.933546882166));
#3140=CARTESIAN_POINT('Ctrl Pts',(-4.97128620504569E-16,4.05936324539197,
288.933546882166));
#3141=CARTESIAN_POINT('Ctrl Pts',(-4.05936324539197,4.05936324539197,288.933546882166));
#3142=CARTESIAN_POINT('Ctrl Pts',(-4.05936324539197,-4.97128620504569E-16,
288.933546882166));
#3143=CARTESIAN_POINT('Ctrl Pts',(-4.05936324539197,-4.05936324539197,288.933546882166));
#3144=CARTESIAN_POINT('Ctrl Pts',(4.97128620504569E-16,-4.05936324539197,
288.933546882166));
#3145=CARTESIAN_POINT('Ctrl Pts',(4.05936324539197,-4.05936324539197,288.933546882166));
#3146=CARTESIAN_POINT('Ctrl Pts',(4.05936324539197,4.97128620504569E-16,
288.933546882166));
#3147=CARTESIAN_POINT('Ctrl Pts',(4.16289140008795,5.09807162831575E-16,
288.552002108398));
#3148=CARTESIAN_POINT('Ctrl Pts',(4.16289140008795,4.16289140008795,288.552002108398));
#3149=CARTESIAN_POINT('Ctrl Pts',(-5.09807162831575E-16,4.16289140008795,
288.552002108398));
#3150=CARTESIAN_POINT('Ctrl Pts',(-4.16289140008795,4.16289140008795,288.552002108398));
#3151=CARTESIAN_POINT('Ctrl Pts',(-4.16289140008795,-5.09807162831575E-16,
288.552002108398));
#3152=CARTESIAN_POINT('Ctrl Pts',(-4.16289140008795,-4.16289140008795,288.552002108398));
#3153=CARTESIAN_POINT('Ctrl Pts',(5.09807162831575E-16,-4.16289140008795,
288.552002108398));
#3154=CARTESIAN_POINT('Ctrl Pts',(4.16289140008795,-4.16289140008795,288.552002108398));
#3155=CARTESIAN_POINT('Ctrl Pts',(4.16289140008795,5.09807162831575E-16,
288.552002108398));
#3156=CARTESIAN_POINT('Ctrl Pts',(4.26636119552837,5.22478558211029E-16,
288.167251492724));
#3157=CARTESIAN_POINT('Ctrl Pts',(4.26636119552836,4.26636119552837,288.167251492724));
#3158=CARTESIAN_POINT('Ctrl Pts',(-5.22478558211029E-16,4.26636119552837,
288.167251492724));
#3159=CARTESIAN_POINT('Ctrl Pts',(-4.26636119552837,4.26636119552836,288.167251492724));
#3160=CARTESIAN_POINT('Ctrl Pts',(-4.26636119552837,-5.22478558211029E-16,
288.167251492724));
#3161=CARTESIAN_POINT('Ctrl Pts',(-4.26636119552836,-4.26636119552837,288.167251492724));
#3162=CARTESIAN_POINT('Ctrl Pts',(5.22478558211029E-16,-4.26636119552837,
288.167251492724));
#3163=CARTESIAN_POINT('Ctrl Pts',(4.26636119552837,-4.26636119552836,288.167251492724));
#3164=CARTESIAN_POINT('Ctrl Pts',(4.26636119552837,5.22478558211029E-16,
288.167251492724));
#3165=CARTESIAN_POINT('Ctrl Pts',(4.36976987970951,5.35142469619677E-16,
287.779355379488));
#3166=CARTESIAN_POINT('Ctrl Pts',(4.36976987970951,4.36976987970951,287.779355379488));
#3167=CARTESIAN_POINT('Ctrl Pts',(-5.35142469619677E-16,4.36976987970951,
287.779355379488));
#3168=CARTESIAN_POINT('Ctrl Pts',(-4.36976987970951,4.36976987970951,287.779355379488));
#3169=CARTESIAN_POINT('Ctrl Pts',(-4.36976987970951,-5.35142469619677E-16,
287.779355379488));
#3170=CARTESIAN_POINT('Ctrl Pts',(-4.36976987970951,-4.36976987970951,287.779355379488));
#3171=CARTESIAN_POINT('Ctrl Pts',(5.35142469619677E-16,-4.36976987970951,
287.779355379488));
#3172=CARTESIAN_POINT('Ctrl Pts',(4.36976987970951,-4.36976987970951,287.779355379488));
#3173=CARTESIAN_POINT('Ctrl Pts',(4.36976987970951,5.35142469619677E-16,
287.779355379488));
#3174=CARTESIAN_POINT('Ctrl Pts',(4.47311491475925,5.4779858625782E-16,
287.388371746891));
#3175=CARTESIAN_POINT('Ctrl Pts',(4.47311491475925,4.47311491475925,287.388371746891));
#3176=CARTESIAN_POINT('Ctrl Pts',(-5.4779858625782E-16,4.47311491475925,
287.388371746891));
#3177=CARTESIAN_POINT('Ctrl Pts',(-4.47311491475925,4.47311491475925,287.388371746891));
#3178=CARTESIAN_POINT('Ctrl Pts',(-4.47311491475925,-5.4779858625782E-16,
287.388371746891));
#3179=CARTESIAN_POINT('Ctrl Pts',(-4.47311491475925,-4.47311491475925,287.388371746891));
#3180=CARTESIAN_POINT('Ctrl Pts',(5.4779858625782E-16,-4.47311491475925,
287.388371746891));
#3181=CARTESIAN_POINT('Ctrl Pts',(4.47311491475925,-4.47311491475925,287.388371746891));
#3182=CARTESIAN_POINT('Ctrl Pts',(4.47311491475925,5.4779858625782E-16,
287.388371746891));
#3183=CARTESIAN_POINT('Ctrl Pts',(4.57639395120721,5.60446620398322E-16,
286.994356354671));
#3184=CARTESIAN_POINT('Ctrl Pts',(4.57639395120721,4.57639395120721,286.994356354671));
#3185=CARTESIAN_POINT('Ctrl Pts',(-5.60446620398322E-16,4.57639395120721,
286.994356354671));
#3186=CARTESIAN_POINT('Ctrl Pts',(-4.57639395120721,4.57639395120721,286.994356354671));
#3187=CARTESIAN_POINT('Ctrl Pts',(-4.57639395120721,-5.60446620398322E-16,
286.994356354671));
#3188=CARTESIAN_POINT('Ctrl Pts',(-4.57639395120721,-4.57639395120721,286.994356354671));
#3189=CARTESIAN_POINT('Ctrl Pts',(5.60446620398322E-16,-4.57639395120721,
286.994356354671));
#3190=CARTESIAN_POINT('Ctrl Pts',(4.57639395120721,-4.57639395120721,286.994356354671));
#3191=CARTESIAN_POINT('Ctrl Pts',(4.57639395120721,5.60446620398322E-16,
286.994356354671));
#3192=CARTESIAN_POINT('Ctrl Pts',(4.67960477966448,5.73086301469076E-16,
286.597362913891));
#3193=CARTESIAN_POINT('Ctrl Pts',(4.67960477966448,4.67960477966448,286.597362913891));
#3194=CARTESIAN_POINT('Ctrl Pts',(-5.73086301469076E-16,4.67960477966448,
286.597362913891));
#3195=CARTESIAN_POINT('Ctrl Pts',(-4.67960477966448,4.67960477966448,286.597362913891));
#3196=CARTESIAN_POINT('Ctrl Pts',(-4.67960477966448,-5.73086301469076E-16,
286.597362913891));
#3197=CARTESIAN_POINT('Ctrl Pts',(-4.67960477966448,-4.67960477966448,286.597362913891));
#3198=CARTESIAN_POINT('Ctrl Pts',(5.73086301469076E-16,-4.67960477966448,
286.597362913891));
#3199=CARTESIAN_POINT('Ctrl Pts',(4.67960477966448,-4.67960477966448,286.597362913891));
#3200=CARTESIAN_POINT('Ctrl Pts',(4.67960477966448,5.73086301469076E-16,
286.597362913891));
#3201=CARTESIAN_POINT('Ctrl Pts',(4.78274529325348,5.85717371451994E-16,
286.197443243486));
#3202=CARTESIAN_POINT('Ctrl Pts',(4.78274529325347,4.78274529325348,286.197443243486));
#3203=CARTESIAN_POINT('Ctrl Pts',(-5.85717371451994E-16,4.78274529325348,
286.197443243486));
#3204=CARTESIAN_POINT('Ctrl Pts',(-4.78274529325348,4.78274529325347,286.197443243486));
#3205=CARTESIAN_POINT('Ctrl Pts',(-4.78274529325348,-5.85717371451994E-16,
286.197443243486));
#3206=CARTESIAN_POINT('Ctrl Pts',(-4.78274529325347,-4.78274529325348,286.197443243486));
#3207=CARTESIAN_POINT('Ctrl Pts',(5.85717371451994E-16,-4.78274529325348,
286.197443243486));
#3208=CARTESIAN_POINT('Ctrl Pts',(4.78274529325348,-4.78274529325347,286.197443243486));
#3209=CARTESIAN_POINT('Ctrl Pts',(4.78274529325348,5.85717371451994E-16,
286.197443243486));
#3210=CARTESIAN_POINT('Ctrl Pts',(4.88581343881384,5.98339578907449E-16,
285.794647445197));
#3211=CARTESIAN_POINT('Ctrl Pts',(4.88581343881384,4.88581343881384,285.794647445197));
#3212=CARTESIAN_POINT('Ctrl Pts',(-5.98339578907449E-16,4.88581343881384,
285.794647445197));
#3213=CARTESIAN_POINT('Ctrl Pts',(-4.88581343881384,4.88581343881384,285.794647445197));
#3214=CARTESIAN_POINT('Ctrl Pts',(-4.88581343881384,-5.98339578907449E-16,
285.794647445197));
#3215=CARTESIAN_POINT('Ctrl Pts',(-4.88581343881384,-4.88581343881384,285.794647445197));
#3216=CARTESIAN_POINT('Ctrl Pts',(5.98339578907449E-16,-4.88581343881384,
285.794647445197));
#3217=CARTESIAN_POINT('Ctrl Pts',(4.88581343881384,-4.88581343881384,285.794647445197));
#3218=CARTESIAN_POINT('Ctrl Pts',(4.88581343881384,5.98339578907449E-16,
285.794647445197));
#3219=CARTESIAN_POINT('Ctrl Pts',(4.98880719771637,6.10952676624663E-16,
285.389024023002));
#3220=CARTESIAN_POINT('Ctrl Pts',(4.98880719771637,4.98880719771637,285.389024023002));
#3221=CARTESIAN_POINT('Ctrl Pts',(-6.10952676624663E-16,4.98880719771637,
285.389024023002));
#3222=CARTESIAN_POINT('Ctrl Pts',(-4.98880719771637,4.98880719771637,285.389024023002));
#3223=CARTESIAN_POINT('Ctrl Pts',(-4.98880719771637,-6.10952676624663E-16,
285.389024023002));
#3224=CARTESIAN_POINT('Ctrl Pts',(-4.98880719771637,-4.98880719771637,285.389024023002));
#3225=CARTESIAN_POINT('Ctrl Pts',(6.10952676624663E-16,-4.98880719771637,
285.389024023002));
#3226=CARTESIAN_POINT('Ctrl Pts',(4.98880719771637,-4.98880719771637,285.389024023002));
#3227=CARTESIAN_POINT('Ctrl Pts',(4.98880719771637,6.10952676624663E-16,
285.389024023002));
#3228=CARTESIAN_POINT('Ctrl Pts',(5.09172460134137,6.23556423517254E-16,
284.980619935223));
#3229=CARTESIAN_POINT('Ctrl Pts',(5.09172460134136,5.09172460134137,284.980619935223));
#3230=CARTESIAN_POINT('Ctrl Pts',(-6.23556423517254E-16,5.09172460134137,
284.980619935223));
#3231=CARTESIAN_POINT('Ctrl Pts',(-5.09172460134137,5.09172460134136,284.980619935223));
#3232=CARTESIAN_POINT('Ctrl Pts',(-5.09172460134137,-6.23556423517254E-16,
284.980619935223));
#3233=CARTESIAN_POINT('Ctrl Pts',(-5.09172460134136,-5.09172460134137,284.980619935223));
#3234=CARTESIAN_POINT('Ctrl Pts',(6.23556423517254E-16,-5.09172460134137,
284.980619935223));
#3235=CARTESIAN_POINT('Ctrl Pts',(5.09172460134137,-5.09172460134136,284.980619935223));
#3236=CARTESIAN_POINT('Ctrl Pts',(5.09172460134137,6.23556423517254E-16,
284.980619935223));
#3237=CARTESIAN_POINT('Ctrl Pts',(5.19456373802034,6.36150585473353E-16,
284.569480663582));
#3238=CARTESIAN_POINT('Ctrl Pts',(5.19456373802034,5.19456373802034,284.569480663582));
#3239=CARTESIAN_POINT('Ctrl Pts',(-6.36150585473353E-16,5.19456373802034,
284.569480663582));
#3240=CARTESIAN_POINT('Ctrl Pts',(-5.19456373802034,5.19456373802034,284.569480663582));
#3241=CARTESIAN_POINT('Ctrl Pts',(-5.19456373802034,-6.36150585473353E-16,
284.569480663582));
#3242=CARTESIAN_POINT('Ctrl Pts',(-5.19456373802034,-5.19456373802034,284.569480663582));
#3243=CARTESIAN_POINT('Ctrl Pts',(6.36150585473353E-16,-5.19456373802034,
284.569480663582));
#3244=CARTESIAN_POINT('Ctrl Pts',(5.19456373802034,-5.19456373802034,284.569480663582));
#3245=CARTESIAN_POINT('Ctrl Pts',(5.19456373802034,6.36150585473353E-16,
284.569480663582));
#3246=CARTESIAN_POINT('Ctrl Pts',(5.29732276310814,6.4873493658908E-16,
284.155650275354));
#3247=CARTESIAN_POINT('Ctrl Pts',(5.29732276310814,5.29732276310814,284.155650275354));
#3248=CARTESIAN_POINT('Ctrl Pts',(-6.4873493658908E-16,5.29732276310814,
284.155650275354));
#3249=CARTESIAN_POINT('Ctrl Pts',(-5.29732276310814,5.29732276310814,284.155650275354));
#3250=CARTESIAN_POINT('Ctrl Pts',(-5.29732276310814,-6.4873493658908E-16,
284.155650275354));
#3251=CARTESIAN_POINT('Ctrl Pts',(-5.29732276310814,-5.29732276310814,284.155650275354));
#3252=CARTESIAN_POINT('Ctrl Pts',(6.4873493658908E-16,-5.29732276310814,
284.155650275354));
#3253=CARTESIAN_POINT('Ctrl Pts',(5.29732276310814,-5.29732276310814,284.155650275354));
#3254=CARTESIAN_POINT('Ctrl Pts',(5.29732276310814,6.4873493658908E-16,
284.155650275354));
#3255=CARTESIAN_POINT('Ctrl Pts',(5.39999990860598,6.61309260347032E-16,
283.739171488405));
#3256=CARTESIAN_POINT('Ctrl Pts',(5.39999990860598,5.39999990860598,283.739171488405));
#3257=CARTESIAN_POINT('Ctrl Pts',(-6.61309260347032E-16,5.39999990860598,
283.739171488405));
#3258=CARTESIAN_POINT('Ctrl Pts',(-5.39999990860598,5.39999990860598,283.739171488405));
#3259=CARTESIAN_POINT('Ctrl Pts',(-5.39999990860598,-6.61309260347032E-16,
283.739171488405));
#3260=CARTESIAN_POINT('Ctrl Pts',(-5.39999990860598,-5.39999990860598,283.739171488405));
#3261=CARTESIAN_POINT('Ctrl Pts',(6.61309260347032E-16,-5.39999990860598,
283.739171488405));
#3262=CARTESIAN_POINT('Ctrl Pts',(5.39999990860598,-5.39999990860598,283.739171488405));
#3263=CARTESIAN_POINT('Ctrl Pts',(5.39999990860598,6.61309260347032E-16,
283.739171488405));
#3264=CARTESIAN_POINT('Ctrl Pts',(5.50259347562302,6.73873348693084E-16,
283.320085737131));
#3265=CARTESIAN_POINT('Ctrl Pts',(5.50259347562302,5.50259347562302,283.320085737131));
#3266=CARTESIAN_POINT('Ctrl Pts',(-6.73873348693084E-16,5.50259347562302,
283.320085737131));
#3267=CARTESIAN_POINT('Ctrl Pts',(-5.50259347562302,5.50259347562302,283.320085737131));
#3268=CARTESIAN_POINT('Ctrl Pts',(-5.50259347562302,-6.73873348693084E-16,
283.320085737131));
#3269=CARTESIAN_POINT('Ctrl Pts',(-5.50259347562302,-5.50259347562302,283.320085737131));
#3270=CARTESIAN_POINT('Ctrl Pts',(6.73873348693084E-16,-5.50259347562302,
283.320085737131));
#3271=CARTESIAN_POINT('Ctrl Pts',(5.50259347562302,-5.50259347562302,283.320085737131));
#3272=CARTESIAN_POINT('Ctrl Pts',(5.50259347562302,6.73873348693084E-16,
283.320085737131));
#3273=CARTESIAN_POINT('Ctrl Pts',(5.60510182508549,6.86427000898593E-16,
282.898433239589));
#3274=CARTESIAN_POINT('Ctrl Pts',(5.60510182508549,5.60510182508549,282.898433239589));
#3275=CARTESIAN_POINT('Ctrl Pts',(-6.86427000898593E-16,5.60510182508549,
282.898433239589));
#3276=CARTESIAN_POINT('Ctrl Pts',(-5.60510182508549,5.60510182508549,282.898433239589));
#3277=CARTESIAN_POINT('Ctrl Pts',(-5.60510182508549,-6.86427000898593E-16,
282.898433239589));
#3278=CARTESIAN_POINT('Ctrl Pts',(-5.60510182508549,-5.60510182508549,282.898433239589));
#3279=CARTESIAN_POINT('Ctrl Pts',(6.86427000898593E-16,-5.60510182508549,
282.898433239589));
#3280=CARTESIAN_POINT('Ctrl Pts',(5.60510182508549,-5.60510182508549,282.898433239589));
#3281=CARTESIAN_POINT('Ctrl Pts',(5.60510182508549,6.86427000898593E-16,
282.898433239589));
#3282=CARTESIAN_POINT('Ctrl Pts',(5.70752336943208,6.98970022543371E-16,
282.47425306318));
#3283=CARTESIAN_POINT('Ctrl Pts',(5.70752336943208,5.70752336943208,282.47425306318));
#3284=CARTESIAN_POINT('Ctrl Pts',(-6.98970022543371E-16,5.70752336943208,
282.47425306318));
#3285=CARTESIAN_POINT('Ctrl Pts',(-5.70752336943208,5.70752336943208,282.47425306318));
#3286=CARTESIAN_POINT('Ctrl Pts',(-5.70752336943208,-6.98970022543371E-16,
282.47425306318));
#3287=CARTESIAN_POINT('Ctrl Pts',(-5.70752336943208,-5.70752336943208,282.47425306318));
#3288=CARTESIAN_POINT('Ctrl Pts',(6.98970022543371E-16,-5.70752336943208,
282.47425306318));
#3289=CARTESIAN_POINT('Ctrl Pts',(5.70752336943208,-5.70752336943208,282.47425306318));
#3290=CARTESIAN_POINT('Ctrl Pts',(5.70752336943208,6.98970022543371E-16,
282.47425306318));
#3291=CARTESIAN_POINT('Ctrl Pts',(5.80985656311789,7.11502224352757E-16,
282.047583193172));
#3292=CARTESIAN_POINT('Ctrl Pts',(5.80985656311789,5.80985656311789,282.047583193172));
#3293=CARTESIAN_POINT('Ctrl Pts',(-7.11502224352757E-16,5.80985656311789,
282.047583193172));
#3294=CARTESIAN_POINT('Ctrl Pts',(-5.80985656311789,5.80985656311789,282.047583193172));
#3295=CARTESIAN_POINT('Ctrl Pts',(-5.80985656311789,-7.11502224352757E-16,
282.047583193172));
#3296=CARTESIAN_POINT('Ctrl Pts',(-5.80985656311789,-5.80985656311789,282.047583193172));
#3297=CARTESIAN_POINT('Ctrl Pts',(7.11502224352757E-16,-5.80985656311789,
282.047583193172));
#3298=CARTESIAN_POINT('Ctrl Pts',(5.80985656311789,-5.80985656311789,282.047583193172));
#3299=CARTESIAN_POINT('Ctrl Pts',(5.80985656311789,7.11502224352757E-16,
282.047583193172));
#3300=CARTESIAN_POINT('Ctrl Pts',(5.91209989610483,7.24023421400418E-16,
281.618460592761));
#3301=CARTESIAN_POINT('Ctrl Pts',(5.91209989610483,5.91209989610483,281.618460592761));
#3302=CARTESIAN_POINT('Ctrl Pts',(-7.24023421400418E-16,5.91209989610483,
281.618460592761));
#3303=CARTESIAN_POINT('Ctrl Pts',(-5.91209989610483,5.91209989610483,281.618460592761));
#3304=CARTESIAN_POINT('Ctrl Pts',(-5.91209989610483,-7.24023421400418E-16,
281.618460592761));
#3305=CARTESIAN_POINT('Ctrl Pts',(-5.91209989610483,-5.91209989610483,281.618460592761));
#3306=CARTESIAN_POINT('Ctrl Pts',(7.24023421400418E-16,-5.91209989610483,
281.618460592761));
#3307=CARTESIAN_POINT('Ctrl Pts',(5.91209989610483,-5.91209989610483,281.618460592761));
#3308=CARTESIAN_POINT('Ctrl Pts',(5.91209989610483,7.24023421400418E-16,
281.618460592761));
#3309=CARTESIAN_POINT('Ctrl Pts',(6.01425189496243,7.36533433243165E-16,
281.18692124043));
#3310=CARTESIAN_POINT('Ctrl Pts',(6.01425189496243,6.01425189496243,281.18692124043));
#3311=CARTESIAN_POINT('Ctrl Pts',(-7.36533433243165E-16,6.01425189496243,
281.18692124043));
#3312=CARTESIAN_POINT('Ctrl Pts',(-6.01425189496243,6.01425189496243,281.18692124043));
#3313=CARTESIAN_POINT('Ctrl Pts',(-6.01425189496243,-7.36533433243165E-16,
281.18692124043));
#3314=CARTESIAN_POINT('Ctrl Pts',(-6.01425189496243,-6.01425189496243,281.18692124043));
#3315=CARTESIAN_POINT('Ctrl Pts',(7.36533433243165E-16,-6.01425189496243,
281.18692124043));
#3316=CARTESIAN_POINT('Ctrl Pts',(6.01425189496243,-6.01425189496243,281.18692124043));
#3317=CARTESIAN_POINT('Ctrl Pts',(6.01425189496243,7.36533433243165E-16,
281.18692124043));
#3318=CARTESIAN_POINT('Ctrl Pts',(6.1163111226376,7.49032083892749E-16,
280.75300017167));
#3319=CARTESIAN_POINT('Ctrl Pts',(6.11631112263759,6.1163111226376,280.75300017167));
#3320=CARTESIAN_POINT('Ctrl Pts',(-7.49032083892749E-16,6.1163111226376,
280.75300017167));
#3321=CARTESIAN_POINT('Ctrl Pts',(-6.1163111226376,6.11631112263759,280.75300017167));
#3322=CARTESIAN_POINT('Ctrl Pts',(-6.1163111226376,-7.49032083892749E-16,
280.75300017167));
#3323=CARTESIAN_POINT('Ctrl Pts',(-6.11631112263759,-6.1163111226376,280.75300017167));
#3324=CARTESIAN_POINT('Ctrl Pts',(7.49032083892749E-16,-6.1163111226376,
280.75300017167));
#3325=CARTESIAN_POINT('Ctrl Pts',(6.1163111226376,-6.11631112263759,280.75300017167));
#3326=CARTESIAN_POINT('Ctrl Pts',(6.1163111226376,7.49032083892749E-16,
280.75300017167));
#3327=CARTESIAN_POINT('Ctrl Pts',(6.21827617860353,7.61519201834105E-16,
280.316731518579));
#3328=CARTESIAN_POINT('Ctrl Pts',(6.21827617860353,6.21827617860353,280.316731518579));
#3329=CARTESIAN_POINT('Ctrl Pts',(-7.61519201834105E-16,6.21827617860353,
280.316731518579));
#3330=CARTESIAN_POINT('Ctrl Pts',(-6.21827617860353,6.21827617860353,280.316731518579));
#3331=CARTESIAN_POINT('Ctrl Pts',(-6.21827617860353,-7.61519201834105E-16,
280.316731518579));
#3332=CARTESIAN_POINT('Ctrl Pts',(-6.21827617860353,-6.21827617860353,280.316731518579));
#3333=CARTESIAN_POINT('Ctrl Pts',(7.61519201834105E-16,-6.21827617860353,
280.316731518579));
#3334=CARTESIAN_POINT('Ctrl Pts',(6.21827617860353,-6.21827617860353,280.316731518579));
#3335=CARTESIAN_POINT('Ctrl Pts',(6.21827617860353,7.61519201834105E-16,
280.316731518579));
#3336=CARTESIAN_POINT('Ctrl Pts',(6.32014569921051,7.73994620068306E-16,
279.87814855128));
#3337=CARTESIAN_POINT('Ctrl Pts',(6.32014569921051,6.32014569921051,279.87814855128));
#3338=CARTESIAN_POINT('Ctrl Pts',(-7.73994620068306E-16,6.32014569921051,
279.87814855128));
#3339=CARTESIAN_POINT('Ctrl Pts',(-6.32014569921051,6.32014569921051,279.87814855128));
#3340=CARTESIAN_POINT('Ctrl Pts',(-6.32014569921051,-7.73994620068306E-16,
279.87814855128));
#3341=CARTESIAN_POINT('Ctrl Pts',(-6.32014569921051,-6.32014569921051,279.87814855128));
#3342=CARTESIAN_POINT('Ctrl Pts',(7.73994620068306E-16,-6.32014569921051,
279.87814855128));
#3343=CARTESIAN_POINT('Ctrl Pts',(6.32014569921051,-6.32014569921051,279.87814855128));
#3344=CARTESIAN_POINT('Ctrl Pts',(6.32014569921051,7.73994620068306E-16,
279.87814855128));
#3345=CARTESIAN_POINT('Ctrl Pts',(6.42191835649735,7.86458175967012E-16,
279.437283714729));
#3346=CARTESIAN_POINT('Ctrl Pts',(6.42191835649735,6.42191835649735,279.437283714729));
#3347=CARTESIAN_POINT('Ctrl Pts',(-7.86458175967012E-16,6.42191835649735,
279.437283714729));
#3348=CARTESIAN_POINT('Ctrl Pts',(-6.42191835649735,6.42191835649735,279.437283714729));
#3349=CARTESIAN_POINT('Ctrl Pts',(-6.42191835649735,-7.86458175967012E-16,
279.437283714729));
#3350=CARTESIAN_POINT('Ctrl Pts',(-6.42191835649735,-6.42191835649735,279.437283714729));
#3351=CARTESIAN_POINT('Ctrl Pts',(7.86458175967012E-16,-6.42191835649735,
279.437283714729));
#3352=CARTESIAN_POINT('Ctrl Pts',(6.42191835649735,-6.42191835649735,279.437283714729));
#3353=CARTESIAN_POINT('Ctrl Pts',(6.42191835649735,7.86458175967012E-16,
279.437283714729));
#3354=CARTESIAN_POINT('Ctrl Pts',(6.52359285544617,7.9890971093627E-16,
278.994168661424));
#3355=CARTESIAN_POINT('Ctrl Pts',(6.52359285544617,6.52359285544617,278.994168661424));
#3356=CARTESIAN_POINT('Ctrl Pts',(-7.9890971093627E-16,6.52359285544617,
278.994168661424));
#3357=CARTESIAN_POINT('Ctrl Pts',(-6.52359285544617,6.52359285544617,278.994168661424));
#3358=CARTESIAN_POINT('Ctrl Pts',(-6.52359285544617,-7.9890971093627E-16,
278.994168661424));
#3359=CARTESIAN_POINT('Ctrl Pts',(-6.52359285544617,-6.52359285544617,278.994168661424));
#3360=CARTESIAN_POINT('Ctrl Pts',(7.9890971093627E-16,-6.52359285544617,
278.994168661424));
#3361=CARTESIAN_POINT('Ctrl Pts',(6.52359285544617,-6.52359285544617,278.994168661424));
#3362=CARTESIAN_POINT('Ctrl Pts',(6.52359285544617,7.9890971093627E-16,
278.994168661424));
#3363=CARTESIAN_POINT('Ctrl Pts',(6.62516793162893,8.11349070128306E-16,
278.548834285458));
#3364=CARTESIAN_POINT('Ctrl Pts',(6.62516793162892,6.62516793162893,278.548834285458));
#3365=CARTESIAN_POINT('Ctrl Pts',(-8.11349070128306E-16,6.62516793162893,
278.548834285458));
#3366=CARTESIAN_POINT('Ctrl Pts',(-6.62516793162893,6.62516793162892,278.548834285458));
#3367=CARTESIAN_POINT('Ctrl Pts',(-6.62516793162893,-8.11349070128306E-16,
278.548834285458));
#3368=CARTESIAN_POINT('Ctrl Pts',(-6.62516793162892,-6.62516793162893,278.548834285458));
#3369=CARTESIAN_POINT('Ctrl Pts',(8.11349070128306E-16,-6.62516793162893,
278.548834285458));
#3370=CARTESIAN_POINT('Ctrl Pts',(6.62516793162893,-6.62516793162892,278.548834285458));
#3371=CARTESIAN_POINT('Ctrl Pts',(6.62516793162893,8.11349070128306E-16,
278.548834285458));
#3372=CARTESIAN_POINT('Ctrl Pts',(6.72664234879337,8.23776102145884E-16,
278.101310755459));
#3373=CARTESIAN_POINT('Ctrl Pts',(6.72664234879337,6.72664234879337,278.101310755459));
#3374=CARTESIAN_POINT('Ctrl Pts',(-8.23776102145884E-16,6.72664234879337,
278.101310755459));
#3375=CARTESIAN_POINT('Ctrl Pts',(-6.72664234879337,6.72664234879337,278.101310755459));
#3376=CARTESIAN_POINT('Ctrl Pts',(-6.72664234879337,-8.23776102145884E-16,
278.101310755459));
#3377=CARTESIAN_POINT('Ctrl Pts',(-6.72664234879337,-6.72664234879337,278.101310755459));
#3378=CARTESIAN_POINT('Ctrl Pts',(8.23776102145884E-16,-6.72664234879337,
278.101310755459));
#3379=CARTESIAN_POINT('Ctrl Pts',(6.72664234879337,-6.72664234879337,278.101310755459));
#3380=CARTESIAN_POINT('Ctrl Pts',(6.72664234879337,8.23776102145884E-16,
278.101310755459));
#3381=CARTESIAN_POINT('Ctrl Pts',(6.8280148962275,8.36190658719545E-16,
277.65162754936));
#3382=CARTESIAN_POINT('Ctrl Pts',(6.82801489622749,6.8280148962275,277.65162754936));
#3383=CARTESIAN_POINT('Ctrl Pts',(-8.36190658719545E-16,6.8280148962275,
277.65162754936));
#3384=CARTESIAN_POINT('Ctrl Pts',(-6.8280148962275,6.82801489622749,277.65162754936));
#3385=CARTESIAN_POINT('Ctrl Pts',(-6.8280148962275,-8.36190658719545E-16,
277.65162754936));
#3386=CARTESIAN_POINT('Ctrl Pts',(-6.82801489622749,-6.8280148962275,277.65162754936));
#3387=CARTESIAN_POINT('Ctrl Pts',(8.36190658719545E-16,-6.8280148962275,
277.65162754936));
#3388=CARTESIAN_POINT('Ctrl Pts',(6.8280148962275,-6.82801489622749,277.65162754936));
#3389=CARTESIAN_POINT('Ctrl Pts',(6.8280148962275,8.36190658719545E-16,
277.65162754936));
#3390=CARTESIAN_POINT('Ctrl Pts',(6.92928438743796,8.48592594545763E-16,
277.199813481663));
#3391=CARTESIAN_POINT('Ctrl Pts',(6.92928438743796,6.92928438743796,277.199813481663));
#3392=CARTESIAN_POINT('Ctrl Pts',(-8.48592594545763E-16,6.92928438743796,
277.199813481663));
#3393=CARTESIAN_POINT('Ctrl Pts',(-6.92928438743796,6.92928438743796,277.199813481663));
#3394=CARTESIAN_POINT('Ctrl Pts',(-6.92928438743796,-8.48592594545763E-16,
277.199813481663));
#3395=CARTESIAN_POINT('Ctrl Pts',(-6.92928438743796,-6.92928438743796,277.199813481663));
#3396=CARTESIAN_POINT('Ctrl Pts',(8.48592594545763E-16,-6.92928438743796,
277.199813481663));
#3397=CARTESIAN_POINT('Ctrl Pts',(6.92928438743796,-6.92928438743796,277.199813481663));
#3398=CARTESIAN_POINT('Ctrl Pts',(6.92928438743796,8.48592594545763E-16,
277.199813481663));
#3399=CARTESIAN_POINT('Ctrl Pts',(7.03044965959414,8.60981767218856E-16,
276.745896726508));
#3400=CARTESIAN_POINT('Ctrl Pts',(7.03044965959414,7.03044965959414,276.745896726508));
#3401=CARTESIAN_POINT('Ctrl Pts',(-8.60981767218856E-16,7.03044965959414,
276.745896726508));
#3402=CARTESIAN_POINT('Ctrl Pts',(-7.03044965959414,7.03044965959414,276.745896726508));
#3403=CARTESIAN_POINT('Ctrl Pts',(-7.03044965959414,-8.60981767218856E-16,
276.745896726508));
#3404=CARTESIAN_POINT('Ctrl Pts',(-7.03044965959414,-7.03044965959414,276.745896726508));
#3405=CARTESIAN_POINT('Ctrl Pts',(8.60981767218856E-16,-7.03044965959414,
276.745896726508));
#3406=CARTESIAN_POINT('Ctrl Pts',(7.03044965959414,-7.03044965959414,276.745896726508));
#3407=CARTESIAN_POINT('Ctrl Pts',(7.03044965959414,8.60981767218856E-16,
276.745896726508));
#3408=CARTESIAN_POINT('Ctrl Pts',(7.13150957274213,8.73358037134736E-16,
276.28990484215));
#3409=CARTESIAN_POINT('Ctrl Pts',(7.13150957274213,7.13150957274213,276.28990484215));
#3410=CARTESIAN_POINT('Ctrl Pts',(-8.73358037134736E-16,7.13150957274213,
276.28990484215));
#3411=CARTESIAN_POINT('Ctrl Pts',(-7.13150957274213,7.13150957274213,276.28990484215));
#3412=CARTESIAN_POINT('Ctrl Pts',(-7.13150957274213,-8.73358037134736E-16,
276.28990484215));
#3413=CARTESIAN_POINT('Ctrl Pts',(-7.13150957274213,-7.13150957274213,276.28990484215));
#3414=CARTESIAN_POINT('Ctrl Pts',(8.73358037134736E-16,-7.13150957274213,
276.28990484215));
#3415=CARTESIAN_POINT('Ctrl Pts',(7.13150957274213,-7.13150957274213,276.28990484215));
#3416=CARTESIAN_POINT('Ctrl Pts',(7.13150957274213,8.73358037134736E-16,
276.28990484215));
#3417=CARTESIAN_POINT('Ctrl Pts',(7.23246300910108,8.85721267404727E-16,
275.831864794563));
#3418=CARTESIAN_POINT('Ctrl Pts',(7.23246300910108,7.23246300910108,275.831864794563));
#3419=CARTESIAN_POINT('Ctrl Pts',(-8.85721267404727E-16,7.23246300910108,
275.831864794563));
#3420=CARTESIAN_POINT('Ctrl Pts',(-7.23246300910108,7.23246300910108,275.831864794563));
#3421=CARTESIAN_POINT('Ctrl Pts',(-7.23246300910108,-8.85721267404727E-16,
275.831864794563));
#3422=CARTESIAN_POINT('Ctrl Pts',(-7.23246300910108,-7.23246300910108,275.831864794563));
#3423=CARTESIAN_POINT('Ctrl Pts',(8.85721267404727E-16,-7.23246300910108,
275.831864794563));
#3424=CARTESIAN_POINT('Ctrl Pts',(7.23246300910108,-7.23246300910108,275.831864794563));
#3425=CARTESIAN_POINT('Ctrl Pts',(7.23246300910108,8.85721267404727E-16,
275.831864794563));
#3426=CARTESIAN_POINT('Ctrl Pts',(7.33330887236078,8.98071323769551E-16,
275.37180298211));
#3427=CARTESIAN_POINT('Ctrl Pts',(7.33330887236077,7.33330887236078,275.37180298211));
#3428=CARTESIAN_POINT('Ctrl Pts',(-8.98071323769551E-16,7.33330887236078,
275.37180298211));
#3429=CARTESIAN_POINT('Ctrl Pts',(-7.33330887236078,7.33330887236077,275.37180298211));
#3430=CARTESIAN_POINT('Ctrl Pts',(-7.33330887236078,-8.98071323769551E-16,
275.37180298211));
#3431=CARTESIAN_POINT('Ctrl Pts',(-7.33330887236077,-7.33330887236078,275.37180298211));
#3432=CARTESIAN_POINT('Ctrl Pts',(8.98071323769551E-16,-7.33330887236078,
275.37180298211));
#3433=CARTESIAN_POINT('Ctrl Pts',(7.33330887236078,-7.33330887236077,275.37180298211));
#3434=CARTESIAN_POINT('Ctrl Pts',(7.33330887236078,8.98071323769551E-16,
275.37180298211));
#3435=CARTESIAN_POINT('Ctrl Pts',(7.4340460868054,9.10408074492014E-16,
274.909745256201));
#3436=CARTESIAN_POINT('Ctrl Pts',(7.4340460868054,7.4340460868054,274.909745256201));
#3437=CARTESIAN_POINT('Ctrl Pts',(-9.10408074492014E-16,7.4340460868054,
274.909745256201));
#3438=CARTESIAN_POINT('Ctrl Pts',(-7.4340460868054,7.4340460868054,274.909745256201));
#3439=CARTESIAN_POINT('Ctrl Pts',(-7.4340460868054,-9.10408074492014E-16,
274.909745256201));
#3440=CARTESIAN_POINT('Ctrl Pts',(-7.4340460868054,-7.4340460868054,274.909745256201));
#3441=CARTESIAN_POINT('Ctrl Pts',(9.10408074492014E-16,-7.4340460868054,
274.909745256201));
#3442=CARTESIAN_POINT('Ctrl Pts',(7.4340460868054,-7.4340460868054,274.909745256201));
#3443=CARTESIAN_POINT('Ctrl Pts',(7.4340460868054,9.10408074492014E-16,
274.909745256201));
#3444=CARTESIAN_POINT('Ctrl Pts',(7.53467359633372,9.22731390237016E-16,
274.445716939832));
#3445=CARTESIAN_POINT('Ctrl Pts',(7.53467359633371,7.53467359633371,274.445716939832));
#3446=CARTESIAN_POINT('Ctrl Pts',(-9.22731390237016E-16,7.53467359633372,
274.445716939832));
#3447=CARTESIAN_POINT('Ctrl Pts',(-7.53467359633371,7.53467359633371,274.445716939832));
#3448=CARTESIAN_POINT('Ctrl Pts',(-7.53467359633372,-9.22731390237016E-16,
274.445716939832));
#3449=CARTESIAN_POINT('Ctrl Pts',(-7.53467359633371,-7.53467359633371,274.445716939832));
#3450=CARTESIAN_POINT('Ctrl Pts',(9.22731390237016E-16,-7.53467359633372,
274.445716939832));
#3451=CARTESIAN_POINT('Ctrl Pts',(7.53467359633371,-7.53467359633371,274.445716939832));
#3452=CARTESIAN_POINT('Ctrl Pts',(7.53467359633372,9.22731390237016E-16,
274.445716939832));
#3453=CARTESIAN_POINT('Ctrl Pts',(7.63519036350227,9.35041143954378E-16,
273.979742846879));
#3454=CARTESIAN_POINT('Ctrl Pts',(7.63519036350227,7.63519036350227,273.979742846879));
#3455=CARTESIAN_POINT('Ctrl Pts',(-9.35041143954378E-16,7.63519036350227,
273.979742846879));
#3456=CARTESIAN_POINT('Ctrl Pts',(-7.63519036350227,7.63519036350227,273.979742846879));
#3457=CARTESIAN_POINT('Ctrl Pts',(-7.63519036350227,-9.35041143954378E-16,
273.979742846879));
#3458=CARTESIAN_POINT('Ctrl Pts',(-7.63519036350227,-7.63519036350227,273.979742846879));
#3459=CARTESIAN_POINT('Ctrl Pts',(9.35041143954378E-16,-7.63519036350227,
273.979742846879));
#3460=CARTESIAN_POINT('Ctrl Pts',(7.63519036350227,-7.63519036350227,273.979742846879));
#3461=CARTESIAN_POINT('Ctrl Pts',(7.63519036350227,9.35041143954378E-16,
273.979742846879));
#3462=CARTESIAN_POINT('Ctrl Pts',(7.73559536858432,9.47337210763588E-16,
273.511847300819));
#3463=CARTESIAN_POINT('Ctrl Pts',(7.73559536858432,7.73559536858432,273.511847300819));
#3464=CARTESIAN_POINT('Ctrl Pts',(-9.47337210763588E-16,7.73559536858432,
273.511847300819));
#3465=CARTESIAN_POINT('Ctrl Pts',(-7.73559536858432,7.73559536858432,273.511847300819));
#3466=CARTESIAN_POINT('Ctrl Pts',(-7.73559536858432,-9.47337210763588E-16,
273.511847300819));
#3467=CARTESIAN_POINT('Ctrl Pts',(-7.73559536858432,-7.73559536858432,273.511847300819));
#3468=CARTESIAN_POINT('Ctrl Pts',(9.47337210763588E-16,-7.73559536858432,
273.511847300819));
#3469=CARTESIAN_POINT('Ctrl Pts',(7.73559536858432,-7.73559536858432,273.511847300819));
#3470=CARTESIAN_POINT('Ctrl Pts',(7.73559536858432,9.47337210763588E-16,
273.511847300819));
#3471=CARTESIAN_POINT('Ctrl Pts',(7.83588760856289,9.59619467830495E-16,
273.042054154317));
#3472=CARTESIAN_POINT('Ctrl Pts',(7.83588760856288,7.83588760856289,273.042054154317));
#3473=CARTESIAN_POINT('Ctrl Pts',(-9.59619467830495E-16,7.83588760856289,
273.042054154317));
#3474=CARTESIAN_POINT('Ctrl Pts',(-7.83588760856289,7.83588760856288,273.042054154317));
#3475=CARTESIAN_POINT('Ctrl Pts',(-7.83588760856289,-9.59619467830495E-16,
273.042054154317));
#3476=CARTESIAN_POINT('Ctrl Pts',(-7.83588760856288,-7.83588760856289,273.042054154317));
#3477=CARTESIAN_POINT('Ctrl Pts',(9.59619467830495E-16,-7.83588760856289,
273.042054154317));
#3478=CARTESIAN_POINT('Ctrl Pts',(7.83588760856289,-7.83588760856288,273.042054154317));
#3479=CARTESIAN_POINT('Ctrl Pts',(7.83588760856289,9.59619467830495E-16,
273.042054154317));
#3480=CARTESIAN_POINT('Ctrl Pts',(7.93606609640724,9.71887794278695E-16,
272.570386805749));
#3481=CARTESIAN_POINT('Ctrl Pts',(7.93606609640723,7.93606609640724,272.570386805749));
#3482=CARTESIAN_POINT('Ctrl Pts',(-9.71887794278695E-16,7.93606609640724,
272.570386805749));
#3483=CARTESIAN_POINT('Ctrl Pts',(-7.93606609640724,7.93606609640723,272.570386805749));
#3484=CARTESIAN_POINT('Ctrl Pts',(-7.93606609640724,-9.71887794278695E-16,
272.570386805749));
#3485=CARTESIAN_POINT('Ctrl Pts',(-7.93606609640723,-7.93606609640724,272.570386805749));
#3486=CARTESIAN_POINT('Ctrl Pts',(9.71887794278695E-16,-7.93606609640724,
272.570386805749));
#3487=CARTESIAN_POINT('Ctrl Pts',(7.93606609640724,-7.93606609640723,272.570386805749));
#3488=CARTESIAN_POINT('Ctrl Pts',(7.93606609640724,9.71887794278695E-16,
272.570386805749));
#3489=CARTESIAN_POINT('Ctrl Pts',(8.03612986058217,9.84142071129442E-16,
272.096868213262));
#3490=CARTESIAN_POINT('Ctrl Pts',(8.03612986058216,8.03612986058216,272.096868213262));
#3491=CARTESIAN_POINT('Ctrl Pts',(-9.84142071129442E-16,8.03612986058217,
272.096868213262));
#3492=CARTESIAN_POINT('Ctrl Pts',(-8.03612986058216,8.03612986058216,272.096868213262));
#3493=CARTESIAN_POINT('Ctrl Pts',(-8.03612986058217,-9.84142071129442E-16,
272.096868213262));
#3494=CARTESIAN_POINT('Ctrl Pts',(-8.03612986058216,-8.03612986058216,272.096868213262));
#3495=CARTESIAN_POINT('Ctrl Pts',(9.84142071129442E-16,-8.03612986058217,
272.096868213262));
#3496=CARTESIAN_POINT('Ctrl Pts',(8.03612986058216,-8.03612986058216,272.096868213262));
#3497=CARTESIAN_POINT('Ctrl Pts',(8.03612986058217,9.84142071129442E-16,
272.096868213262));
#3498=CARTESIAN_POINT('Ctrl Pts',(8.13607794448983,9.96382181233284E-16,
271.62152090959));
#3499=CARTESIAN_POINT('Ctrl Pts',(8.13607794448982,8.13607794448982,271.62152090959));
#3500=CARTESIAN_POINT('Ctrl Pts',(-9.96382181233284E-16,8.13607794448983,
271.62152090959));
#3501=CARTESIAN_POINT('Ctrl Pts',(-8.13607794448982,8.13607794448982,271.62152090959));
#3502=CARTESIAN_POINT('Ctrl Pts',(-8.13607794448983,-9.96382181233284E-16,
271.62152090959));
#3503=CARTESIAN_POINT('Ctrl Pts',(-8.13607794448982,-8.13607794448982,271.62152090959));
#3504=CARTESIAN_POINT('Ctrl Pts',(9.96382181233284E-16,-8.13607794448983,
271.62152090959));
#3505=CARTESIAN_POINT('Ctrl Pts',(8.13607794448982,-8.13607794448982,271.62152090959));
#3506=CARTESIAN_POINT('Ctrl Pts',(8.13607794448983,9.96382181233284E-16,
271.62152090959));
#3507=CARTESIAN_POINT('Ctrl Pts',(8.2359094059424,1.00860800920549E-15,
271.144367016419));
#3508=CARTESIAN_POINT('Ctrl Pts',(8.2359094059424,8.2359094059424,271.144367016419));
#3509=CARTESIAN_POINT('Ctrl Pts',(-1.00860800920549E-15,8.2359094059424,
271.144367016419));
#3510=CARTESIAN_POINT('Ctrl Pts',(-8.2359094059424,8.2359094059424,271.144367016419));
#3511=CARTESIAN_POINT('Ctrl Pts',(-8.2359094059424,-1.00860800920549E-15,
271.144367016419));
#3512=CARTESIAN_POINT('Ctrl Pts',(-8.2359094059424,-8.2359094059424,271.144367016419));
#3513=CARTESIAN_POINT('Ctrl Pts',(1.00860800920549E-15,-8.2359094059424,
271.144367016419));
#3514=CARTESIAN_POINT('Ctrl Pts',(8.2359094059424,-8.2359094059424,271.144367016419));
#3515=CARTESIAN_POINT('Ctrl Pts',(8.2359094059424,1.00860800920549E-15,
271.144367016419));
#3516=CARTESIAN_POINT('Ctrl Pts',(8.33562331661661,1.02081944135926E-15,
270.665428259266));
#3517=CARTESIAN_POINT('Ctrl Pts',(8.33562331661661,8.33562331661661,270.665428259266));
#3518=CARTESIAN_POINT('Ctrl Pts',(-1.02081944135926E-15,8.33562331661661,
270.665428259266));
#3519=CARTESIAN_POINT('Ctrl Pts',(-8.33562331661661,8.33562331661661,270.665428259266));
#3520=CARTESIAN_POINT('Ctrl Pts',(-8.33562331661661,-1.02081944135926E-15,
270.665428259266));
#3521=CARTESIAN_POINT('Ctrl Pts',(-8.33562331661661,-8.33562331661661,270.665428259266));
#3522=CARTESIAN_POINT('Ctrl Pts',(1.02081944135926E-15,-8.33562331661661,
270.665428259266));
#3523=CARTESIAN_POINT('Ctrl Pts',(8.33562331661661,-8.33562331661661,270.665428259266));
#3524=CARTESIAN_POINT('Ctrl Pts',(8.33562331661661,1.02081944135926E-15,
270.665428259266));
#3525=CARTESIAN_POINT('Ctrl Pts',(8.43521876153641,1.03301636564233E-15,
270.184725981031));
#3526=CARTESIAN_POINT('Ctrl Pts',(8.43521876153641,8.43521876153641,270.184725981031));
#3527=CARTESIAN_POINT('Ctrl Pts',(-1.03301636564233E-15,8.43521876153641,
270.184725981031));
#3528=CARTESIAN_POINT('Ctrl Pts',(-8.43521876153641,8.43521876153641,270.184725981031));
#3529=CARTESIAN_POINT('Ctrl Pts',(-8.43521876153641,-1.03301636564233E-15,
270.184725981031));
#3530=CARTESIAN_POINT('Ctrl Pts',(-8.43521876153641,-8.43521876153641,270.184725981031));
#3531=CARTESIAN_POINT('Ctrl Pts',(1.03301636564233E-15,-8.43521876153641,
270.184725981031));
#3532=CARTESIAN_POINT('Ctrl Pts',(8.43521876153641,-8.43521876153641,270.184725981031));
#3533=CARTESIAN_POINT('Ctrl Pts',(8.43521876153641,1.03301636564233E-15,
270.184725981031));
#3534=CARTESIAN_POINT('Ctrl Pts',(8.53469483859703,1.04519867157873E-15,
269.702281153209));
#3535=CARTESIAN_POINT('Ctrl Pts',(8.53469483859703,8.53469483859703,269.702281153209));
#3536=CARTESIAN_POINT('Ctrl Pts',(-1.04519867157873E-15,8.53469483859703,
269.702281153209));
#3537=CARTESIAN_POINT('Ctrl Pts',(-8.53469483859703,8.53469483859703,269.702281153209));
#3538=CARTESIAN_POINT('Ctrl Pts',(-8.53469483859703,-1.04519867157873E-15,
269.702281153209));
#3539=CARTESIAN_POINT('Ctrl Pts',(-8.53469483859703,-8.53469483859703,269.702281153209));
#3540=CARTESIAN_POINT('Ctrl Pts',(1.04519867157873E-15,-8.53469483859703,
269.702281153209));
#3541=CARTESIAN_POINT('Ctrl Pts',(8.53469483859703,-8.53469483859703,269.702281153209));
#3542=CARTESIAN_POINT('Ctrl Pts',(8.53469483859703,1.04519867157873E-15,
269.702281153209));
#3543=CARTESIAN_POINT('Ctrl Pts',(8.63405065808027,1.05736625020941E-15,
269.218114387615));
#3544=CARTESIAN_POINT('Ctrl Pts',(8.63405065808027,8.63405065808027,269.218114387615));
#3545=CARTESIAN_POINT('Ctrl Pts',(-1.05736625020941E-15,8.63405065808027,
269.218114387615));
#3546=CARTESIAN_POINT('Ctrl Pts',(-8.63405065808027,8.63405065808027,269.218114387615));
#3547=CARTESIAN_POINT('Ctrl Pts',(-8.63405065808027,-1.05736625020941E-15,
269.218114387615));
#3548=CARTESIAN_POINT('Ctrl Pts',(-8.63405065808027,-8.63405065808027,269.218114387615));
#3549=CARTESIAN_POINT('Ctrl Pts',(1.05736625020941E-15,-8.63405065808027,
269.218114387615));
#3550=CARTESIAN_POINT('Ctrl Pts',(8.63405065808027,-8.63405065808027,269.218114387615));
#3551=CARTESIAN_POINT('Ctrl Pts',(8.63405065808027,1.05736625020941E-15,
269.218114387615));
#3552=CARTESIAN_POINT('Ctrl Pts',(8.73328534217504,1.06951899403352E-15,
268.732245947881));
#3553=CARTESIAN_POINT('Ctrl Pts',(8.73328534217504,8.73328534217504,268.732245947881));
#3554=CARTESIAN_POINT('Ctrl Pts',(-1.06951899403352E-15,8.73328534217504,
268.732245947881));
#3555=CARTESIAN_POINT('Ctrl Pts',(-8.73328534217504,8.73328534217504,268.732245947881));
#3556=CARTESIAN_POINT('Ctrl Pts',(-8.73328534217504,-1.06951899403352E-15,
268.732245947881));
#3557=CARTESIAN_POINT('Ctrl Pts',(-8.73328534217504,-8.73328534217504,268.732245947881));
#3558=CARTESIAN_POINT('Ctrl Pts',(1.06951899403352E-15,-8.73328534217504,
268.732245947881));
#3559=CARTESIAN_POINT('Ctrl Pts',(8.73328534217504,-8.73328534217504,268.732245947881));
#3560=CARTESIAN_POINT('Ctrl Pts',(8.73328534217504,1.06951899403352E-15,
268.732245947881));
#3561=CARTESIAN_POINT('Ctrl Pts',(8.83239802449377,1.08165679694917E-15,
268.244695761097));
#3562=CARTESIAN_POINT('Ctrl Pts',(8.83239802449376,8.83239802449377,268.244695761097));
#3563=CARTESIAN_POINT('Ctrl Pts',(-1.08165679694917E-15,8.83239802449377,
268.244695761097));
#3564=CARTESIAN_POINT('Ctrl Pts',(-8.83239802449377,8.83239802449376,268.244695761097));
#3565=CARTESIAN_POINT('Ctrl Pts',(-8.83239802449377,-1.08165679694917E-15,
268.244695761097));
#3566=CARTESIAN_POINT('Ctrl Pts',(-8.83239802449376,-8.83239802449377,268.244695761097));
#3567=CARTESIAN_POINT('Ctrl Pts',(1.08165679694917E-15,-8.83239802449377,
268.244695761097));
#3568=CARTESIAN_POINT('Ctrl Pts',(8.83239802449377,-8.83239802449376,268.244695761097));
#3569=CARTESIAN_POINT('Ctrl Pts',(8.83239802449377,1.08165679694917E-15,
268.244695761097));
#3570=CARTESIAN_POINT('Ctrl Pts',(8.93138784959873,1.09377955419547E-15,
267.755483429249));
#3571=CARTESIAN_POINT('Ctrl Pts',(8.93138784959873,8.93138784959873,267.755483429249));
#3572=CARTESIAN_POINT('Ctrl Pts',(-1.09377955419547E-15,8.93138784959873,
267.755483429249));
#3573=CARTESIAN_POINT('Ctrl Pts',(-8.93138784959873,8.93138784959873,267.755483429249));
#3574=CARTESIAN_POINT('Ctrl Pts',(-8.93138784959873,-1.09377955419547E-15,
267.755483429249));
#3575=CARTESIAN_POINT('Ctrl Pts',(-8.93138784959873,-8.93138784959873,267.755483429249));
#3576=CARTESIAN_POINT('Ctrl Pts',(1.09377955419547E-15,-8.93138784959873,
267.755483429249));
#3577=CARTESIAN_POINT('Ctrl Pts',(8.93138784959873,-8.93138784959873,267.755483429249));
#3578=CARTESIAN_POINT('Ctrl Pts',(8.93138784959873,1.09377955419547E-15,
267.755483429249));
#3579=CARTESIAN_POINT('Ctrl Pts',(9.03025397266621,1.10588716231133E-15,
267.264628238314));
#3580=CARTESIAN_POINT('Ctrl Pts',(9.03025397266621,9.03025397266621,267.264628238314));
#3581=CARTESIAN_POINT('Ctrl Pts',(-1.10588716231133E-15,9.03025397266621,
267.264628238314));
#3582=CARTESIAN_POINT('Ctrl Pts',(-9.03025397266621,9.03025397266621,267.264628238314));
#3583=CARTESIAN_POINT('Ctrl Pts',(-9.03025397266621,-1.10588716231133E-15,
267.264628238314));
#3584=CARTESIAN_POINT('Ctrl Pts',(-9.03025397266621,-9.03025397266621,267.264628238314));
#3585=CARTESIAN_POINT('Ctrl Pts',(1.10588716231133E-15,-9.03025397266621,
267.264628238314));
#3586=CARTESIAN_POINT('Ctrl Pts',(9.03025397266621,-9.03025397266621,267.264628238314));
#3587=CARTESIAN_POINT('Ctrl Pts',(9.03025397266621,1.10588716231133E-15,
267.264628238314));
#3588=CARTESIAN_POINT('Ctrl Pts',(9.12899555914431,1.11797951909365E-15,
266.772149167467));
#3589=CARTESIAN_POINT('Ctrl Pts',(9.12899555914431,9.12899555914431,266.772149167467));
#3590=CARTESIAN_POINT('Ctrl Pts',(-1.11797951909365E-15,9.12899555914431,
266.772149167467));
#3591=CARTESIAN_POINT('Ctrl Pts',(-9.12899555914431,9.12899555914431,266.772149167467));
#3592=CARTESIAN_POINT('Ctrl Pts',(-9.12899555914431,-1.11797951909365E-15,
266.772149167467));
#3593=CARTESIAN_POINT('Ctrl Pts',(-9.12899555914431,-9.12899555914431,266.772149167467));
#3594=CARTESIAN_POINT('Ctrl Pts',(1.11797951909365E-15,-9.12899555914431,
266.772149167467));
#3595=CARTESIAN_POINT('Ctrl Pts',(9.12899555914431,-9.12899555914431,266.772149167467));
#3596=CARTESIAN_POINT('Ctrl Pts',(9.12899555914431,1.11797951909365E-15,
266.772149167467));
#3597=CARTESIAN_POINT('Ctrl Pts',(9.2276117844126,1.13005652355553E-15,
266.278064898278));
#3598=CARTESIAN_POINT('Ctrl Pts',(9.2276117844126,9.2276117844126,266.278064898278));
#3599=CARTESIAN_POINT('Ctrl Pts',(-1.13005652355553E-15,9.2276117844126,
266.278064898278));
#3600=CARTESIAN_POINT('Ctrl Pts',(-9.2276117844126,9.2276117844126,266.278064898278));
#3601=CARTESIAN_POINT('Ctrl Pts',(-9.2276117844126,-1.13005652355553E-15,
266.278064898278));
#3602=CARTESIAN_POINT('Ctrl Pts',(-9.2276117844126,-9.2276117844126,266.278064898278));
#3603=CARTESIAN_POINT('Ctrl Pts',(1.13005652355553E-15,-9.2276117844126,
266.278064898278));
#3604=CARTESIAN_POINT('Ctrl Pts',(9.2276117844126,-9.2276117844126,266.278064898278));
#3605=CARTESIAN_POINT('Ctrl Pts',(9.2276117844126,1.13005652355553E-15,
266.278064898278));
#3606=CARTESIAN_POINT('Ctrl Pts',(9.32610183344475,1.14211807588504E-15,
265.782393823815));
#3607=CARTESIAN_POINT('Ctrl Pts',(9.32610183344475,9.32610183344475,265.782393823815));
#3608=CARTESIAN_POINT('Ctrl Pts',(-1.14211807588504E-15,9.32610183344475,
265.782393823815));
#3609=CARTESIAN_POINT('Ctrl Pts',(-9.32610183344475,9.32610183344475,265.782393823815));
#3610=CARTESIAN_POINT('Ctrl Pts',(-9.32610183344475,-1.14211807588504E-15,
265.782393823815));
#3611=CARTESIAN_POINT('Ctrl Pts',(-9.32610183344475,-9.32610183344475,265.782393823815));
#3612=CARTESIAN_POINT('Ctrl Pts',(1.14211807588504E-15,-9.32610183344475,
265.782393823815));
#3613=CARTESIAN_POINT('Ctrl Pts',(9.32610183344475,-9.32610183344475,265.782393823815));
#3614=CARTESIAN_POINT('Ctrl Pts',(9.32610183344475,1.14211807588504E-15,
265.782393823815));
#3615=CARTESIAN_POINT('Ctrl Pts',(9.42446490046197,1.15416407740273E-15,
265.285154058029));
#3616=CARTESIAN_POINT('Ctrl Pts',(9.42446490046196,9.42446490046196,265.285154058029));
#3617=CARTESIAN_POINT('Ctrl Pts',(-1.15416407740273E-15,9.42446490046197,
265.285154058029));
#3618=CARTESIAN_POINT('Ctrl Pts',(-9.42446490046196,9.42446490046196,265.285154058029));
#3619=CARTESIAN_POINT('Ctrl Pts',(-9.42446490046197,-1.15416407740273E-15,
265.285154058029));
#3620=CARTESIAN_POINT('Ctrl Pts',(-9.42446490046196,-9.42446490046196,265.285154058029));
#3621=CARTESIAN_POINT('Ctrl Pts',(1.15416407740273E-15,-9.42446490046197,
265.285154058029));
#3622=CARTESIAN_POINT('Ctrl Pts',(9.42446490046196,-9.42446490046196,265.285154058029));
#3623=CARTESIAN_POINT('Ctrl Pts',(9.42446490046197,1.15416407740273E-15,
265.285154058029));
#3624=CARTESIAN_POINT('Ctrl Pts',(9.52270018863613,1.16619443052531E-15,
264.786363443671));
#3625=CARTESIAN_POINT('Ctrl Pts',(9.52270018863612,9.52270018863613,264.786363443671));
#3626=CARTESIAN_POINT('Ctrl Pts',(-1.16619443052531E-15,9.52270018863613,
264.786363443671));
#3627=CARTESIAN_POINT('Ctrl Pts',(-9.52270018863613,9.52270018863612,264.786363443671));
#3628=CARTESIAN_POINT('Ctrl Pts',(-9.52270018863613,-1.16619443052531E-15,
264.786363443671));
#3629=CARTESIAN_POINT('Ctrl Pts',(-9.52270018863612,-9.52270018863613,264.786363443671));
#3630=CARTESIAN_POINT('Ctrl Pts',(1.16619443052531E-15,-9.52270018863613,
264.786363443671));
#3631=CARTESIAN_POINT('Ctrl Pts',(9.52270018863613,-9.52270018863612,264.786363443671));
#3632=CARTESIAN_POINT('Ctrl Pts',(9.52270018863613,1.16619443052531E-15,
264.786363443671));
#3633=CARTESIAN_POINT('Ctrl Pts',(9.62080690981618,1.17820903873211E-15,
264.286039559548));
#3634=CARTESIAN_POINT('Ctrl Pts',(9.62080690981618,9.62080690981618,264.286039559548));
#3635=CARTESIAN_POINT('Ctrl Pts',(-1.17820903873211E-15,9.62080690981618,
264.286039559548));
#3636=CARTESIAN_POINT('Ctrl Pts',(-9.62080690981618,9.62080690981618,264.286039559548));
#3637=CARTESIAN_POINT('Ctrl Pts',(-9.62080690981618,-1.17820903873211E-15,
264.286039559548));
#3638=CARTESIAN_POINT('Ctrl Pts',(-9.62080690981618,-9.62080690981618,264.286039559548));
#3639=CARTESIAN_POINT('Ctrl Pts',(1.17820903873211E-15,-9.62080690981618,
264.286039559548));
#3640=CARTESIAN_POINT('Ctrl Pts',(9.62080690981618,-9.62080690981618,264.286039559548));
#3641=CARTESIAN_POINT('Ctrl Pts',(9.62080690981618,1.17820903873211E-15,
264.286039559548));
#3642=CARTESIAN_POINT('Ctrl Pts',(9.71878428424684,1.19020780653065E-15,
263.784199727999));
#3643=CARTESIAN_POINT('Ctrl Pts',(9.71878428424684,9.71878428424684,263.784199727999));
#3644=CARTESIAN_POINT('Ctrl Pts',(-1.19020780653065E-15,9.71878428424684,
263.784199727999));
#3645=CARTESIAN_POINT('Ctrl Pts',(-9.71878428424684,9.71878428424684,263.784199727999));
#3646=CARTESIAN_POINT('Ctrl Pts',(-9.71878428424684,-1.19020780653065E-15,
263.784199727999));
#3647=CARTESIAN_POINT('Ctrl Pts',(-9.71878428424684,-9.71878428424684,263.784199727999));
#3648=CARTESIAN_POINT('Ctrl Pts',(1.19020780653065E-15,-9.71878428424684,
263.784199727999));
#3649=CARTESIAN_POINT('Ctrl Pts',(9.71878428424684,-9.71878428424684,263.784199727999));
#3650=CARTESIAN_POINT('Ctrl Pts',(9.71878428424684,1.19020780653065E-15,
263.784199727999));
#3651=CARTESIAN_POINT('Ctrl Pts',(9.81663154029267,1.20219063942284E-15,
263.280861022242));
#3652=CARTESIAN_POINT('Ctrl Pts',(9.81663154029266,9.81663154029266,263.280861022242));
#3653=CARTESIAN_POINT('Ctrl Pts',(-1.20219063942284E-15,9.81663154029267,
263.280861022242));
#3654=CARTESIAN_POINT('Ctrl Pts',(-9.81663154029266,9.81663154029266,263.280861022242));
#3655=CARTESIAN_POINT('Ctrl Pts',(-9.81663154029267,-1.20219063942284E-15,
263.280861022242));
#3656=CARTESIAN_POINT('Ctrl Pts',(-9.81663154029266,-9.81663154029266,263.280861022242));
#3657=CARTESIAN_POINT('Ctrl Pts',(1.20219063942284E-15,-9.81663154029267,
263.280861022242));
#3658=CARTESIAN_POINT('Ctrl Pts',(9.81663154029266,-9.81663154029266,263.280861022242));
#3659=CARTESIAN_POINT('Ctrl Pts',(9.81663154029267,1.20219063942284E-15,
263.280861022242));
#3660=CARTESIAN_POINT('Ctrl Pts',(9.91434791415641,1.21415744387049E-15,
262.77604027387));
#3661=CARTESIAN_POINT('Ctrl Pts',(9.91434791415641,9.91434791415641,262.77604027387));
#3662=CARTESIAN_POINT('Ctrl Pts',(-1.21415744387049E-15,9.91434791415641,
262.77604027387));
#3663=CARTESIAN_POINT('Ctrl Pts',(-9.91434791415641,9.91434791415641,262.77604027387));
#3664=CARTESIAN_POINT('Ctrl Pts',(-9.91434791415641,-1.21415744387049E-15,
262.77604027387));
#3665=CARTESIAN_POINT('Ctrl Pts',(-9.91434791415641,-9.91434791415641,262.77604027387));
#3666=CARTESIAN_POINT('Ctrl Pts',(1.21415744387049E-15,-9.91434791415641,
262.77604027387));
#3667=CARTESIAN_POINT('Ctrl Pts',(9.91434791415641,-9.91434791415641,262.77604027387));
#3668=CARTESIAN_POINT('Ctrl Pts',(9.91434791415641,1.21415744387049E-15,
262.77604027387));
#3669=CARTESIAN_POINT('Ctrl Pts',(10.0119326496127,1.22610812726271E-15,
262.269754079988));
#3670=CARTESIAN_POINT('Ctrl Pts',(10.0119326496127,10.0119326496127,262.269754079988));
#3671=CARTESIAN_POINT('Ctrl Pts',(-1.22610812726271E-15,10.0119326496127,
262.269754079988));
#3672=CARTESIAN_POINT('Ctrl Pts',(-10.0119326496127,10.0119326496127,262.269754079988));
#3673=CARTESIAN_POINT('Ctrl Pts',(-10.0119326496127,-1.22610812726271E-15,
262.269754079988));
#3674=CARTESIAN_POINT('Ctrl Pts',(-10.0119326496127,-10.0119326496127,262.269754079988));
#3675=CARTESIAN_POINT('Ctrl Pts',(1.22610812726271E-15,-10.0119326496127,
262.269754079988));
#3676=CARTESIAN_POINT('Ctrl Pts',(10.0119326496127,-10.0119326496127,262.269754079988));
#3677=CARTESIAN_POINT('Ctrl Pts',(10.0119326496127,1.22610812726271E-15,
262.269754079988));
#3678=CARTESIAN_POINT('Ctrl Pts',(10.109384997799,1.23804259789029E-15,
261.762018809096));
#3679=CARTESIAN_POINT('Ctrl Pts',(10.109384997799,10.109384997799,261.762018809096));
#3680=CARTESIAN_POINT('Ctrl Pts',(-1.23804259789029E-15,10.109384997799,
261.762018809096));
#3681=CARTESIAN_POINT('Ctrl Pts',(-10.109384997799,10.109384997799,261.762018809096));
#3682=CARTESIAN_POINT('Ctrl Pts',(-10.109384997799,-1.23804259789029E-15,
261.762018809096));
#3683=CARTESIAN_POINT('Ctrl Pts',(-10.109384997799,-10.109384997799,261.762018809096));
#3684=CARTESIAN_POINT('Ctrl Pts',(1.23804259789029E-15,-10.109384997799,
261.762018809096));
#3685=CARTESIAN_POINT('Ctrl Pts',(10.109384997799,-10.109384997799,261.762018809096));
#3686=CARTESIAN_POINT('Ctrl Pts',(10.109384997799,1.23804259789029E-15,
261.762018809096));
#3687=CARTESIAN_POINT('Ctrl Pts',(10.206704216998,1.24996076491904E-15,
261.252850607132));
#3688=CARTESIAN_POINT('Ctrl Pts',(10.206704216998,10.206704216998,261.252850607132));
#3689=CARTESIAN_POINT('Ctrl Pts',(-1.24996076491904E-15,10.206704216998,
261.252850607132));
#3690=CARTESIAN_POINT('Ctrl Pts',(-10.206704216998,10.206704216998,261.252850607132));
#3691=CARTESIAN_POINT('Ctrl Pts',(-10.206704216998,-1.24996076491904E-15,
261.252850607132));
#3692=CARTESIAN_POINT('Ctrl Pts',(-10.206704216998,-10.206704216998,261.252850607132));
#3693=CARTESIAN_POINT('Ctrl Pts',(1.24996076491904E-15,-10.206704216998,
261.252850607132));
#3694=CARTESIAN_POINT('Ctrl Pts',(10.206704216998,-10.206704216998,261.252850607132));
#3695=CARTESIAN_POINT('Ctrl Pts',(10.206704216998,1.24996076491904E-15,
261.252850607132));
#3696=CARTESIAN_POINT('Ctrl Pts',(10.3038895724235,1.26186253836362E-15,
260.742265403494));
#3697=CARTESIAN_POINT('Ctrl Pts',(10.3038895724235,10.3038895724235,260.742265403494));
#3698=CARTESIAN_POINT('Ctrl Pts',(-1.26186253836362E-15,10.3038895724235,
260.742265403494));
#3699=CARTESIAN_POINT('Ctrl Pts',(-10.3038895724235,10.3038895724235,260.742265403494));
#3700=CARTESIAN_POINT('Ctrl Pts',(-10.3038895724235,-1.26186253836362E-15,
260.742265403494));
#3701=CARTESIAN_POINT('Ctrl Pts',(-10.3038895724235,-10.3038895724235,260.742265403494));
#3702=CARTESIAN_POINT('Ctrl Pts',(1.26186253836362E-15,-10.3038895724235,
260.742265403494));
#3703=CARTESIAN_POINT('Ctrl Pts',(10.3038895724235,-10.3038895724235,260.742265403494));
#3704=CARTESIAN_POINT('Ctrl Pts',(10.3038895724235,1.26186253836362E-15,
260.742265403494));
#3705=CARTESIAN_POINT('Ctrl Pts',(10.4009403360072,1.27374782906138E-15,
260.230278916994));
#3706=CARTESIAN_POINT('Ctrl Pts',(10.4009403360071,10.4009403360072,260.230278916994));
#3707=CARTESIAN_POINT('Ctrl Pts',(-1.27374782906138E-15,10.4009403360072,
260.230278916994));
#3708=CARTESIAN_POINT('Ctrl Pts',(-10.4009403360072,10.4009403360071,260.230278916994));
#3709=CARTESIAN_POINT('Ctrl Pts',(-10.4009403360072,-1.27374782906138E-15,
260.230278916994));
#3710=CARTESIAN_POINT('Ctrl Pts',(-10.4009403360071,-10.4009403360072,260.230278916994));
#3711=CARTESIAN_POINT('Ctrl Pts',(1.27374782906138E-15,-10.4009403360072,
260.230278916994));
#3712=CARTESIAN_POINT('Ctrl Pts',(10.4009403360072,-10.4009403360071,260.230278916994));
#3713=CARTESIAN_POINT('Ctrl Pts',(10.4009403360072,1.27374782906138E-15,
260.230278916994));
#3714=CARTESIAN_POINT('Ctrl Pts',(10.4978557861796,1.28561654864554E-15,
259.716906662002));
#3715=CARTESIAN_POINT('Ctrl Pts',(10.4978557861796,10.4978557861796,259.716906662002));
#3716=CARTESIAN_POINT('Ctrl Pts',(-1.28561654864554E-15,10.4978557861796,
259.716906662002));
#3717=CARTESIAN_POINT('Ctrl Pts',(-10.4978557861796,10.4978557861796,259.716906662002));
#3718=CARTESIAN_POINT('Ctrl Pts',(-10.4978557861796,-1.28561654864554E-15,
259.716906662002));
#3719=CARTESIAN_POINT('Ctrl Pts',(-10.4978557861796,-10.4978557861796,259.716906662002));
#3720=CARTESIAN_POINT('Ctrl Pts',(1.28561654864554E-15,-10.4978557861796,
259.716906662002));
#3721=CARTESIAN_POINT('Ctrl Pts',(10.4978557861796,-10.4978557861796,259.716906662002));
#3722=CARTESIAN_POINT('Ctrl Pts',(10.4978557861796,1.28561654864554E-15,
259.716906662002));
#3723=CARTESIAN_POINT('Ctrl Pts',(10.5946352076832,1.29746860952231E-15,
259.202163953713));
#3724=CARTESIAN_POINT('Ctrl Pts',(10.5946352076832,10.5946352076832,259.202163953713));
#3725=CARTESIAN_POINT('Ctrl Pts',(-1.29746860952231E-15,10.5946352076832,
259.202163953713));
#3726=CARTESIAN_POINT('Ctrl Pts',(-10.5946352076832,10.5946352076832,259.202163953713));
#3727=CARTESIAN_POINT('Ctrl Pts',(-10.5946352076832,-1.29746860952231E-15,
259.202163953713));
#3728=CARTESIAN_POINT('Ctrl Pts',(-10.5946352076832,-10.5946352076832,259.202163953713));
#3729=CARTESIAN_POINT('Ctrl Pts',(1.29746860952231E-15,-10.5946352076832,
259.202163953713));
#3730=CARTESIAN_POINT('Ctrl Pts',(10.5946352076832,-10.5946352076832,259.202163953713));
#3731=CARTESIAN_POINT('Ctrl Pts',(10.5946352076832,1.29746860952231E-15,
259.202163953713));
#3732=CARTESIAN_POINT('Ctrl Pts',(10.6912778914001,1.30930392484979E-15,
258.686065912975));
#3733=CARTESIAN_POINT('Ctrl Pts',(10.6912778914,10.6912778914001,258.686065912975));
#3734=CARTESIAN_POINT('Ctrl Pts',(-1.30930392484979E-15,10.6912778914001,
258.686065912975));
#3735=CARTESIAN_POINT('Ctrl Pts',(-10.6912778914001,10.6912778914,258.686065912975));
#3736=CARTESIAN_POINT('Ctrl Pts',(-10.6912778914001,-1.30930392484979E-15,
258.686065912975));
#3737=CARTESIAN_POINT('Ctrl Pts',(-10.6912778914,-10.6912778914001,258.686065912975));
#3738=CARTESIAN_POINT('Ctrl Pts',(1.30930392484979E-15,-10.6912778914001,
258.686065912975));
#3739=CARTESIAN_POINT('Ctrl Pts',(10.6912778914001,-10.6912778914,258.686065912975));
#3740=CARTESIAN_POINT('Ctrl Pts',(10.6912778914001,1.30930392484979E-15,
258.686065912975));
#3741=CARTESIAN_POINT('Ctrl Pts',(10.7877831341762,1.32112240851647E-15,
258.168627471261));
#3742=CARTESIAN_POINT('Ctrl Pts',(10.7877831341762,10.7877831341762,258.168627471261));
#3743=CARTESIAN_POINT('Ctrl Pts',(-1.32112240851647E-15,10.7877831341762,
258.168627471261));
#3744=CARTESIAN_POINT('Ctrl Pts',(-10.7877831341762,10.7877831341762,258.168627471261));
#3745=CARTESIAN_POINT('Ctrl Pts',(-10.7877831341762,-1.32112240851647E-15,
258.168627471261));
#3746=CARTESIAN_POINT('Ctrl Pts',(-10.7877831341762,-10.7877831341762,258.168627471261));
#3747=CARTESIAN_POINT('Ctrl Pts',(1.32112240851647E-15,-10.7877831341762,
258.168627471261));
#3748=CARTESIAN_POINT('Ctrl Pts',(10.7877831341762,-10.7877831341762,258.168627471261));
#3749=CARTESIAN_POINT('Ctrl Pts',(10.7877831341762,1.32112240851647E-15,
258.168627471261));
#3750=CARTESIAN_POINT('Ctrl Pts',(10.8841502386485,1.33292397511997E-15,
257.649863375574));
#3751=CARTESIAN_POINT('Ctrl Pts',(10.8841502386485,10.8841502386485,257.649863375574));
#3752=CARTESIAN_POINT('Ctrl Pts',(-1.33292397511997E-15,10.8841502386485,
257.649863375574));
#3753=CARTESIAN_POINT('Ctrl Pts',(-10.8841502386485,10.8841502386485,257.649863375574));
#3754=CARTESIAN_POINT('Ctrl Pts',(-10.8841502386485,-1.33292397511997E-15,
257.649863375574));
#3755=CARTESIAN_POINT('Ctrl Pts',(-10.8841502386485,-10.8841502386485,257.649863375574));
#3756=CARTESIAN_POINT('Ctrl Pts',(1.33292397511997E-15,-10.8841502386485,
257.649863375574));
#3757=CARTESIAN_POINT('Ctrl Pts',(10.8841502386485,-10.8841502386485,257.649863375574));
#3758=CARTESIAN_POINT('Ctrl Pts',(10.8841502386485,1.33292397511997E-15,
257.649863375574));
#3759=CARTESIAN_POINT('Ctrl Pts',(10.9803785130698,1.34470853994573E-15,
257.129788193394));
#3760=CARTESIAN_POINT('Ctrl Pts',(10.9803785130698,10.9803785130698,257.129788193394));
#3761=CARTESIAN_POINT('Ctrl Pts',(-1.34470853994573E-15,10.9803785130698,
257.129788193394));
#3762=CARTESIAN_POINT('Ctrl Pts',(-10.9803785130698,10.9803785130698,257.129788193394));
#3763=CARTESIAN_POINT('Ctrl Pts',(-10.9803785130698,-1.34470853994573E-15,
257.129788193394));
#3764=CARTESIAN_POINT('Ctrl Pts',(-10.9803785130698,-10.9803785130698,257.129788193394));
#3765=CARTESIAN_POINT('Ctrl Pts',(1.34470853994573E-15,-10.9803785130698,
257.129788193394));
#3766=CARTESIAN_POINT('Ctrl Pts',(10.9803785130698,-10.9803785130698,257.129788193394));
#3767=CARTESIAN_POINT('Ctrl Pts',(10.9803785130698,1.34470853994573E-15,
257.129788193394));
#3768=CARTESIAN_POINT('Ctrl Pts',(11.0764672711374,1.35647601894589E-15,
256.608416317584));
#3769=CARTESIAN_POINT('Ctrl Pts',(11.0764672711374,11.0764672711374,256.608416317584));
#3770=CARTESIAN_POINT('Ctrl Pts',(-1.35647601894589E-15,11.0764672711374,
256.608416317584));
#3771=CARTESIAN_POINT('Ctrl Pts',(-11.0764672711374,11.0764672711374,256.608416317584));
#3772=CARTESIAN_POINT('Ctrl Pts',(-11.0764672711374,-1.35647601894589E-15,
256.608416317584));
#3773=CARTESIAN_POINT('Ctrl Pts',(-11.0764672711374,-11.0764672711374,256.608416317584));
#3774=CARTESIAN_POINT('Ctrl Pts',(1.35647601894589E-15,-11.0764672711374,
256.608416317584));
#3775=CARTESIAN_POINT('Ctrl Pts',(11.0764672711374,-11.0764672711374,256.608416317584));
#3776=CARTESIAN_POINT('Ctrl Pts',(11.0764672711374,1.35647601894589E-15,
256.608416317584));
#3777=CARTESIAN_POINT('Ctrl Pts',(11.1724158318521,1.36822632872209E-15,
256.085761970451));
#3778=CARTESIAN_POINT('Ctrl Pts',(11.1724158318521,11.1724158318521,256.085761970451));
#3779=CARTESIAN_POINT('Ctrl Pts',(-1.36822632872209E-15,11.1724158318521,
256.085761970451));
#3780=CARTESIAN_POINT('Ctrl Pts',(-11.1724158318521,11.1724158318521,256.085761970451));
#3781=CARTESIAN_POINT('Ctrl Pts',(-11.1724158318521,-1.36822632872209E-15,
256.085761970451));
#3782=CARTESIAN_POINT('Ctrl Pts',(-11.1724158318521,-11.1724158318521,256.085761970451));
#3783=CARTESIAN_POINT('Ctrl Pts',(1.36822632872209E-15,-11.1724158318521,
256.085761970451));
#3784=CARTESIAN_POINT('Ctrl Pts',(11.1724158318521,-11.1724158318521,256.085761970451));
#3785=CARTESIAN_POINT('Ctrl Pts',(11.1724158318521,1.36822632872209E-15,
256.085761970451));
#3786=CARTESIAN_POINT('Ctrl Pts',(11.2682235193778,1.37995938650829E-15,
255.561839207822));
#3787=CARTESIAN_POINT('Ctrl Pts',(11.2682235193778,11.2682235193778,255.561839207822));
#3788=CARTESIAN_POINT('Ctrl Pts',(-1.37995938650829E-15,11.2682235193778,
255.561839207822));
#3789=CARTESIAN_POINT('Ctrl Pts',(-11.2682235193778,11.2682235193778,255.561839207822));
#3790=CARTESIAN_POINT('Ctrl Pts',(-11.2682235193778,-1.37995938650829E-15,
255.561839207822));
#3791=CARTESIAN_POINT('Ctrl Pts',(-11.2682235193778,-11.2682235193778,255.561839207822));
#3792=CARTESIAN_POINT('Ctrl Pts',(1.37995938650829E-15,-11.2682235193778,
255.561839207822));
#3793=CARTESIAN_POINT('Ctrl Pts',(11.2682235193778,-11.2682235193778,255.561839207822));
#3794=CARTESIAN_POINT('Ctrl Pts',(11.2682235193778,1.37995938650829E-15,
255.561839207822));
#3795=CARTESIAN_POINT('Ctrl Pts',(11.363889662901,1.39167511015355E-15,
255.036661923122));
#3796=CARTESIAN_POINT('Ctrl Pts',(11.363889662901,11.363889662901,255.036661923122));
#3797=CARTESIAN_POINT('Ctrl Pts',(-1.39167511015355E-15,11.363889662901,
255.036661923122));
#3798=CARTESIAN_POINT('Ctrl Pts',(-11.363889662901,11.363889662901,255.036661923122));
#3799=CARTESIAN_POINT('Ctrl Pts',(-11.363889662901,-1.39167511015355E-15,
255.036661923122));
#3800=CARTESIAN_POINT('Ctrl Pts',(-11.363889662901,-11.363889662901,255.036661923122));
#3801=CARTESIAN_POINT('Ctrl Pts',(1.39167511015355E-15,-11.363889662901,
255.036661923122));
#3802=CARTESIAN_POINT('Ctrl Pts',(11.363889662901,-11.363889662901,255.036661923122));
#3803=CARTESIAN_POINT('Ctrl Pts',(11.363889662901,1.39167511015355E-15,
255.036661923122));
#3804=CARTESIAN_POINT('Ctrl Pts',(11.459413596492,1.40337341810496E-15,
254.510243851427));
#3805=CARTESIAN_POINT('Ctrl Pts',(11.459413596492,11.459413596492,254.510243851427));
#3806=CARTESIAN_POINT('Ctrl Pts',(-1.40337341810496E-15,11.459413596492,
254.510243851427));
#3807=CARTESIAN_POINT('Ctrl Pts',(-11.459413596492,11.459413596492,254.510243851427));
#3808=CARTESIAN_POINT('Ctrl Pts',(-11.459413596492,-1.40337341810496E-15,
254.510243851427));
#3809=CARTESIAN_POINT('Ctrl Pts',(-11.459413596492,-11.459413596492,254.510243851427));
#3810=CARTESIAN_POINT('Ctrl Pts',(1.40337341810496E-15,-11.459413596492,
254.510243851427));
#3811=CARTESIAN_POINT('Ctrl Pts',(11.459413596492,-11.459413596492,254.510243851427));
#3812=CARTESIAN_POINT('Ctrl Pts',(11.459413596492,1.40337341810496E-15,
254.510243851427));
#3813=CARTESIAN_POINT('Ctrl Pts',(11.5547946589623,1.41505422939031E-15,
253.982598573586));
#3814=CARTESIAN_POINT('Ctrl Pts',(11.5547946589623,11.5547946589623,253.982598573586));
#3815=CARTESIAN_POINT('Ctrl Pts',(-1.41505422939031E-15,11.5547946589623,
253.982598573586));
#3816=CARTESIAN_POINT('Ctrl Pts',(-11.5547946589623,11.5547946589623,253.982598573586));
#3817=CARTESIAN_POINT('Ctrl Pts',(-11.5547946589623,-1.41505422939031E-15,
253.982598573586));
#3818=CARTESIAN_POINT('Ctrl Pts',(-11.5547946589623,-11.5547946589623,253.982598573586));
#3819=CARTESIAN_POINT('Ctrl Pts',(1.41505422939031E-15,-11.5547946589623,
253.982598573586));
#3820=CARTESIAN_POINT('Ctrl Pts',(11.5547946589623,-11.5547946589623,253.982598573586));
#3821=CARTESIAN_POINT('Ctrl Pts',(11.5547946589623,1.41505422939031E-15,
253.982598573586));
#3822=CARTESIAN_POINT('Ctrl Pts',(11.6500321937321,1.42671746360177E-15,
253.453739520101));
#3823=CARTESIAN_POINT('Ctrl Pts',(11.6500321937321,11.6500321937321,253.453739520101));
#3824=CARTESIAN_POINT('Ctrl Pts',(-1.42671746360177E-15,11.6500321937321,
253.453739520101));
#3825=CARTESIAN_POINT('Ctrl Pts',(-11.6500321937321,11.6500321937321,253.453739520101));
#3826=CARTESIAN_POINT('Ctrl Pts',(-11.6500321937321,-1.42671746360177E-15,
253.453739520101));
#3827=CARTESIAN_POINT('Ctrl Pts',(-11.6500321937321,-11.6500321937321,253.453739520101));
#3828=CARTESIAN_POINT('Ctrl Pts',(1.42671746360177E-15,-11.6500321937321,
253.453739520101));
#3829=CARTESIAN_POINT('Ctrl Pts',(11.6500321937321,-11.6500321937321,253.453739520101));
#3830=CARTESIAN_POINT('Ctrl Pts',(11.6500321937321,1.42671746360177E-15,
253.453739520101));
#3831=CARTESIAN_POINT('Ctrl Pts',(11.7451255487177,1.4383630408821E-15,
252.923679974436));
#3832=CARTESIAN_POINT('Ctrl Pts',(11.7451255487177,11.7451255487177,252.923679974436));
#3833=CARTESIAN_POINT('Ctrl Pts',(-1.4383630408821E-15,11.7451255487177,
252.923679974436));
#3834=CARTESIAN_POINT('Ctrl Pts',(-11.7451255487177,11.7451255487177,252.923679974436));
#3835=CARTESIAN_POINT('Ctrl Pts',(-11.7451255487177,-1.4383630408821E-15,
252.923679974436));
#3836=CARTESIAN_POINT('Ctrl Pts',(-11.7451255487177,-11.7451255487177,252.923679974436));
#3837=CARTESIAN_POINT('Ctrl Pts',(1.4383630408821E-15,-11.7451255487177,
252.923679974436));
#3838=CARTESIAN_POINT('Ctrl Pts',(11.7451255487177,-11.7451255487177,252.923679974436));
#3839=CARTESIAN_POINT('Ctrl Pts',(11.7451255487177,1.4383630408821E-15,
252.923679974436));
#3840=CARTESIAN_POINT('Ctrl Pts',(11.8400740762147,1.44999088191039E-15,
252.392433076453));
#3841=CARTESIAN_POINT('Ctrl Pts',(11.8400740762147,11.8400740762147,252.392433076453));
#3842=CARTESIAN_POINT('Ctrl Pts',(-1.44999088191039E-15,11.8400740762147,
252.392433076453));
#3843=CARTESIAN_POINT('Ctrl Pts',(-11.8400740762147,11.8400740762147,252.392433076453));
#3844=CARTESIAN_POINT('Ctrl Pts',(-11.8400740762147,-1.44999088191039E-15,
252.392433076453));
#3845=CARTESIAN_POINT('Ctrl Pts',(-11.8400740762147,-11.8400740762147,252.392433076453));
#3846=CARTESIAN_POINT('Ctrl Pts',(1.44999088191039E-15,-11.8400740762147,
252.392433076453));
#3847=CARTESIAN_POINT('Ctrl Pts',(11.8400740762147,-11.8400740762147,252.392433076453));
#3848=CARTESIAN_POINT('Ctrl Pts',(11.8400740762147,1.44999088191039E-15,
252.392433076453));
#3849=CARTESIAN_POINT('Ctrl Pts',(11.9348771327831,1.46160090788797E-15,
251.860011825793));
#3850=CARTESIAN_POINT('Ctrl Pts',(11.9348771327831,11.9348771327831,251.860011825793));
#3851=CARTESIAN_POINT('Ctrl Pts',(-1.46160090788797E-15,11.9348771327831,
251.860011825793));
#3852=CARTESIAN_POINT('Ctrl Pts',(-11.9348771327831,11.9348771327831,251.860011825793));
#3853=CARTESIAN_POINT('Ctrl Pts',(-11.9348771327831,-1.46160090788797E-15,
251.860011825793));
#3854=CARTESIAN_POINT('Ctrl Pts',(-11.9348771327831,-11.9348771327831,251.860011825793));
#3855=CARTESIAN_POINT('Ctrl Pts',(1.46160090788797E-15,-11.9348771327831,
251.860011825793));
#3856=CARTESIAN_POINT('Ctrl Pts',(11.9348771327831,-11.9348771327831,251.860011825793));
#3857=CARTESIAN_POINT('Ctrl Pts',(11.9348771327831,1.46160090788797E-15,
251.860011825793));
#3858=CARTESIAN_POINT('Ctrl Pts',(12.0295340791335,1.47319304052449E-15,
251.326429085256));
#3859=CARTESIAN_POINT('Ctrl Pts',(12.0295340791335,12.0295340791335,251.326429085256));
#3860=CARTESIAN_POINT('Ctrl Pts',(-1.47319304052449E-15,12.0295340791335,
251.326429085256));
#3861=CARTESIAN_POINT('Ctrl Pts',(-12.0295340791335,12.0295340791335,251.326429085256));
#3862=CARTESIAN_POINT('Ctrl Pts',(-12.0295340791335,-1.47319304052449E-15,
251.326429085256));
#3863=CARTESIAN_POINT('Ctrl Pts',(-12.0295340791335,-12.0295340791335,251.326429085256));
#3864=CARTESIAN_POINT('Ctrl Pts',(1.47319304052449E-15,-12.0295340791335,
251.326429085256));
#3865=CARTESIAN_POINT('Ctrl Pts',(12.0295340791335,-12.0295340791335,251.326429085256));
#3866=CARTESIAN_POINT('Ctrl Pts',(12.0295340791335,1.47319304052449E-15,
251.326429085256));
#3867=CARTESIAN_POINT('Ctrl Pts',(12.1240442800105,1.48476720202356E-15,
250.791697584255));
#3868=CARTESIAN_POINT('Ctrl Pts',(12.1240442800105,12.1240442800105,250.791697584255));
#3869=CARTESIAN_POINT('Ctrl Pts',(-1.48476720202356E-15,12.1240442800105,
250.791697584255));
#3870=CARTESIAN_POINT('Ctrl Pts',(-12.1240442800105,12.1240442800105,250.791697584255));
#3871=CARTESIAN_POINT('Ctrl Pts',(-12.1240442800105,-1.48476720202356E-15,
250.791697584255));
#3872=CARTESIAN_POINT('Ctrl Pts',(-12.1240442800105,-12.1240442800105,250.791697584255));
#3873=CARTESIAN_POINT('Ctrl Pts',(1.48476720202356E-15,-12.1240442800105,
250.791697584255));
#3874=CARTESIAN_POINT('Ctrl Pts',(12.1240442800105,-12.1240442800105,250.791697584255));
#3875=CARTESIAN_POINT('Ctrl Pts',(12.1240442800105,1.48476720202356E-15,
250.791697584255));
#3876=CARTESIAN_POINT('Ctrl Pts',(12.2184071040882,1.49632331507009E-15,
250.255829921914));
#3877=CARTESIAN_POINT('Ctrl Pts',(12.2184071040882,12.2184071040882,250.255829921914));
#3878=CARTESIAN_POINT('Ctrl Pts',(-1.49632331507009E-15,12.2184071040882,
250.255829921914));
#3879=CARTESIAN_POINT('Ctrl Pts',(-12.2184071040882,12.2184071040882,250.255829921914));
#3880=CARTESIAN_POINT('Ctrl Pts',(-12.2184071040882,-1.49632331507009E-15,
250.255829921914));
#3881=CARTESIAN_POINT('Ctrl Pts',(-12.2184071040882,-12.2184071040882,250.255829921914));
#3882=CARTESIAN_POINT('Ctrl Pts',(1.49632331507009E-15,-12.2184071040882,
250.255829921914));
#3883=CARTESIAN_POINT('Ctrl Pts',(12.2184071040882,-12.2184071040882,250.255829921914));
#3884=CARTESIAN_POINT('Ctrl Pts',(12.2184071040882,1.49632331507009E-15,
250.255829921914));
#3885=CARTESIAN_POINT('Ctrl Pts',(12.3126219238767,1.50786130281871E-15,
249.718838569853));
#3886=CARTESIAN_POINT('Ctrl Pts',(12.3126219238767,12.3126219238767,249.718838569853));
#3887=CARTESIAN_POINT('Ctrl Pts',(-1.50786130281871E-15,12.3126219238767,
249.718838569853));
#3888=CARTESIAN_POINT('Ctrl Pts',(-12.3126219238767,12.3126219238767,249.718838569853));
#3889=CARTESIAN_POINT('Ctrl Pts',(-12.3126219238767,-1.50786130281871E-15,
249.718838569853));
#3890=CARTESIAN_POINT('Ctrl Pts',(-12.3126219238767,-12.3126219238767,249.718838569853));
#3891=CARTESIAN_POINT('Ctrl Pts',(1.50786130281871E-15,-12.3126219238767,
249.718838569853));
#3892=CARTESIAN_POINT('Ctrl Pts',(12.3126219238767,-12.3126219238767,249.718838569853));
#3893=CARTESIAN_POINT('Ctrl Pts',(12.3126219238767,1.50786130281871E-15,
249.718838569853));
#3894=CARTESIAN_POINT('Ctrl Pts',(12.4066881156259,1.51938108888208E-15,
249.180735875063));
#3895=CARTESIAN_POINT('Ctrl Pts',(12.4066881156259,12.4066881156259,249.180735875063));
#3896=CARTESIAN_POINT('Ctrl Pts',(-1.51938108888208E-15,12.4066881156259,
249.180735875063));
#3897=CARTESIAN_POINT('Ctrl Pts',(-12.4066881156259,12.4066881156259,249.180735875063));
#3898=CARTESIAN_POINT('Ctrl Pts',(-12.4066881156259,-1.51938108888208E-15,
249.180735875063));
#3899=CARTESIAN_POINT('Ctrl Pts',(-12.4066881156259,-12.4066881156259,249.180735875063));
#3900=CARTESIAN_POINT('Ctrl Pts',(1.51938108888208E-15,-12.4066881156259,
249.180735875063));
#3901=CARTESIAN_POINT('Ctrl Pts',(12.4066881156259,-12.4066881156259,249.180735875063));
#3902=CARTESIAN_POINT('Ctrl Pts',(12.4066881156259,1.51938108888208E-15,
249.180735875063));
#3903=CARTESIAN_POINT('Ctrl Pts',(12.5006050592307,1.53088259731921E-15,
248.641534062748));
#3904=CARTESIAN_POINT('Ctrl Pts',(12.5006050592307,12.5006050592307,248.641534062748));
#3905=CARTESIAN_POINT('Ctrl Pts',(-1.53088259731921E-15,12.5006050592307,
248.641534062748));
#3906=CARTESIAN_POINT('Ctrl Pts',(-12.5006050592307,12.5006050592307,248.641534062748));
#3907=CARTESIAN_POINT('Ctrl Pts',(-12.5006050592307,-1.53088259731921E-15,
248.641534062748));
#3908=CARTESIAN_POINT('Ctrl Pts',(-12.5006050592307,-12.5006050592307,248.641534062748));
#3909=CARTESIAN_POINT('Ctrl Pts',(1.53088259731921E-15,-12.5006050592307,
248.641534062748));
#3910=CARTESIAN_POINT('Ctrl Pts',(12.5006050592307,-12.5006050592307,248.641534062748));
#3911=CARTESIAN_POINT('Ctrl Pts',(12.5006050592307,1.53088259731921E-15,
248.641534062748));
#3912=CARTESIAN_POINT('Ctrl Pts',(12.5943721381368,1.54236575262398E-15,
248.101245239168));
#3913=CARTESIAN_POINT('Ctrl Pts',(12.5943721381368,12.5943721381368,248.101245239168));
#3914=CARTESIAN_POINT('Ctrl Pts',(-1.54236575262398E-15,12.5943721381368,
248.101245239168));
#3915=CARTESIAN_POINT('Ctrl Pts',(-12.5943721381368,12.5943721381368,248.101245239168));
#3916=CARTESIAN_POINT('Ctrl Pts',(-12.5943721381368,-1.54236575262398E-15,
248.101245239168));
#3917=CARTESIAN_POINT('Ctrl Pts',(-12.5943721381368,-12.5943721381368,248.101245239168));
#3918=CARTESIAN_POINT('Ctrl Pts',(1.54236575262398E-15,-12.5943721381368,
248.101245239168));
#3919=CARTESIAN_POINT('Ctrl Pts',(12.5943721381368,-12.5943721381368,248.101245239168));
#3920=CARTESIAN_POINT('Ctrl Pts',(12.5943721381368,1.54236575262398E-15,
248.101245239168));
#3921=CARTESIAN_POINT('Ctrl Pts',(12.687988739245,1.55383047971341E-15,
247.55988139454));
#3922=CARTESIAN_POINT('Ctrl Pts',(12.687988739245,12.687988739245,247.55988139454));
#3923=CARTESIAN_POINT('Ctrl Pts',(-1.55383047971341E-15,12.687988739245,
247.55988139454));
#3924=CARTESIAN_POINT('Ctrl Pts',(-12.687988739245,12.687988739245,247.55988139454));
#3925=CARTESIAN_POINT('Ctrl Pts',(-12.687988739245,-1.55383047971341E-15,
247.55988139454));
#3926=CARTESIAN_POINT('Ctrl Pts',(-12.687988739245,-12.687988739245,247.55988139454));
#3927=CARTESIAN_POINT('Ctrl Pts',(1.55383047971341E-15,-12.687988739245,
247.55988139454));
#3928=CARTESIAN_POINT('Ctrl Pts',(12.687988739245,-12.687988739245,247.55988139454));
#3929=CARTESIAN_POINT('Ctrl Pts',(12.687988739245,1.55383047971341E-15,
247.55988139454));
#3930=CARTESIAN_POINT('Ctrl Pts',(12.7814542528269,1.56527670391728E-15,
247.017454405565));
#3931=CARTESIAN_POINT('Ctrl Pts',(12.7814542528269,12.7814542528269,247.017454405565));
#3932=CARTESIAN_POINT('Ctrl Pts',(-1.56527670391728E-15,12.7814542528269,
247.017454405565));
#3933=CARTESIAN_POINT('Ctrl Pts',(-12.7814542528269,12.7814542528269,247.017454405565));
#3934=CARTESIAN_POINT('Ctrl Pts',(-12.7814542528269,-1.56527670391728E-15,
247.017454405565));
#3935=CARTESIAN_POINT('Ctrl Pts',(-12.7814542528269,-12.7814542528269,247.017454405565));
#3936=CARTESIAN_POINT('Ctrl Pts',(1.56527670391728E-15,-12.7814542528269,
247.017454405565));
#3937=CARTESIAN_POINT('Ctrl Pts',(12.7814542528269,-12.7814542528269,247.017454405565));
#3938=CARTESIAN_POINT('Ctrl Pts',(12.7814542528269,1.56527670391728E-15,
247.017454405565));
#3939=CARTESIAN_POINT('Ctrl Pts',(12.8747680724455,1.57670435096849E-15,
246.47397603781));
#3940=CARTESIAN_POINT('Ctrl Pts',(12.8747680724455,12.8747680724455,246.47397603781));
#3941=CARTESIAN_POINT('Ctrl Pts',(-1.57670435096849E-15,12.8747680724455,
246.47397603781));
#3942=CARTESIAN_POINT('Ctrl Pts',(-12.8747680724455,12.8747680724455,246.47397603781));
#3943=CARTESIAN_POINT('Ctrl Pts',(-12.8747680724455,-1.57670435096849E-15,
246.47397603781));
#3944=CARTESIAN_POINT('Ctrl Pts',(-12.8747680724455,-12.8747680724455,246.47397603781));
#3945=CARTESIAN_POINT('Ctrl Pts',(1.57670435096849E-15,-12.8747680724455,
246.47397603781));
#3946=CARTESIAN_POINT('Ctrl Pts',(12.8747680724455,-12.8747680724455,246.47397603781));
#3947=CARTESIAN_POINT('Ctrl Pts',(12.8747680724455,1.57670435096849E-15,
246.47397603781));
#3948=CARTESIAN_POINT('Ctrl Pts',(12.9679295948751,1.5881133469932E-15,
245.929457948125));
#3949=CARTESIAN_POINT('Ctrl Pts',(12.9679295948751,12.9679295948751,245.929457948125));
#3950=CARTESIAN_POINT('Ctrl Pts',(-1.5881133469932E-15,12.9679295948751,
245.929457948125));
#3951=CARTESIAN_POINT('Ctrl Pts',(-12.9679295948751,12.9679295948751,245.929457948125));
#3952=CARTESIAN_POINT('Ctrl Pts',(-12.9679295948751,-1.5881133469932E-15,
245.929457948125));
#3953=CARTESIAN_POINT('Ctrl Pts',(-12.9679295948751,-12.9679295948751,245.929457948125));
#3954=CARTESIAN_POINT('Ctrl Pts',(1.5881133469932E-15,-12.9679295948751,
245.929457948125));
#3955=CARTESIAN_POINT('Ctrl Pts',(12.9679295948751,-12.9679295948751,245.929457948125));
#3956=CARTESIAN_POINT('Ctrl Pts',(12.9679295948751,1.5881133469932E-15,
245.929457948125));
#3957=CARTESIAN_POINT('Ctrl Pts',(13.0609382200224,1.59950361850117E-15,
245.383911687052));
#3958=CARTESIAN_POINT('Ctrl Pts',(13.0609382200224,13.0609382200224,245.383911687052));
#3959=CARTESIAN_POINT('Ctrl Pts',(-1.59950361850117E-15,13.0609382200224,
245.383911687052));
#3960=CARTESIAN_POINT('Ctrl Pts',(-13.0609382200224,13.0609382200224,245.383911687052));
#3961=CARTESIAN_POINT('Ctrl Pts',(-13.0609382200224,-1.59950361850117E-15,
245.383911687052));
#3962=CARTESIAN_POINT('Ctrl Pts',(-13.0609382200224,-13.0609382200224,245.383911687052));
#3963=CARTESIAN_POINT('Ctrl Pts',(1.59950361850117E-15,-13.0609382200224,
245.383911687052));
#3964=CARTESIAN_POINT('Ctrl Pts',(13.0609382200224,-13.0609382200224,245.383911687052));
#3965=CARTESIAN_POINT('Ctrl Pts',(13.0609382200224,1.59950361850117E-15,
245.383911687052));
#3966=CARTESIAN_POINT('Ctrl Pts',(13.1537933508475,1.61087509237611E-15,
244.837348701231));
#3967=CARTESIAN_POINT('Ctrl Pts',(13.1537933508475,13.1537933508475,244.837348701231));
#3968=CARTESIAN_POINT('Ctrl Pts',(-1.61087509237611E-15,13.1537933508475,
244.837348701231));
#3969=CARTESIAN_POINT('Ctrl Pts',(-13.1537933508475,13.1537933508475,244.837348701231));
#3970=CARTESIAN_POINT('Ctrl Pts',(-13.1537933508475,-1.61087509237611E-15,
244.837348701231));
#3971=CARTESIAN_POINT('Ctrl Pts',(-13.1537933508475,-13.1537933508475,244.837348701231));
#3972=CARTESIAN_POINT('Ctrl Pts',(1.61087509237611E-15,-13.1537933508475,
244.837348701231));
#3973=CARTESIAN_POINT('Ctrl Pts',(13.1537933508475,-13.1537933508475,244.837348701231));
#3974=CARTESIAN_POINT('Ctrl Pts',(13.1537933508475,1.61087509237611E-15,
244.837348701231));
#3975=CARTESIAN_POINT('Ctrl Pts',(13.2464943932845,1.62222769586592E-15,
244.289780335837));
#3976=CARTESIAN_POINT('Ctrl Pts',(13.2464943932845,13.2464943932845,244.289780335837));
#3977=CARTESIAN_POINT('Ctrl Pts',(-1.62222769586592E-15,13.2464943932845,
244.289780335837));
#3978=CARTESIAN_POINT('Ctrl Pts',(-13.2464943932845,13.2464943932845,244.289780335837));
#3979=CARTESIAN_POINT('Ctrl Pts',(-13.2464943932845,-1.62222769586592E-15,
244.289780335837));
#3980=CARTESIAN_POINT('Ctrl Pts',(-13.2464943932845,-13.2464943932845,244.289780335837));
#3981=CARTESIAN_POINT('Ctrl Pts',(1.62222769586592E-15,-13.2464943932845,
244.289780335837));
#3982=CARTESIAN_POINT('Ctrl Pts',(13.2464943932845,-13.2464943932845,244.289780335837));
#3983=CARTESIAN_POINT('Ctrl Pts',(13.2464943932845,1.62222769586592E-15,
244.289780335837));
#3984=CARTESIAN_POINT('Ctrl Pts',(13.3390407561715,1.63356135657415E-15,
243.741217836707));
#3985=CARTESIAN_POINT('Ctrl Pts',(13.3390407561715,13.3390407561715,243.741217836707));
#3986=CARTESIAN_POINT('Ctrl Pts',(-1.63356135657415E-15,13.3390407561715,
243.741217836707));
#3987=CARTESIAN_POINT('Ctrl Pts',(-13.3390407561715,13.3390407561715,243.741217836707));
#3988=CARTESIAN_POINT('Ctrl Pts',(-13.3390407561715,-1.63356135657415E-15,
243.741217836707));
#3989=CARTESIAN_POINT('Ctrl Pts',(-13.3390407561715,-13.3390407561715,243.741217836707));
#3990=CARTESIAN_POINT('Ctrl Pts',(1.63356135657415E-15,-13.3390407561715,
243.741217836707));
#3991=CARTESIAN_POINT('Ctrl Pts',(13.3390407561715,-13.3390407561715,243.741217836707));
#3992=CARTESIAN_POINT('Ctrl Pts',(13.3390407561715,1.63356135657415E-15,
243.741217836707));
#3993=CARTESIAN_POINT('Ctrl Pts',(13.4314318511837,1.64487600245179E-15,
243.191672352368));
#3994=CARTESIAN_POINT('Ctrl Pts',(13.4314318511837,13.4314318511837,243.191672352368));
#3995=CARTESIAN_POINT('Ctrl Pts',(-1.64487600245179E-15,13.4314318511837,
243.191672352368));
#3996=CARTESIAN_POINT('Ctrl Pts',(-13.4314318511837,13.4314318511837,243.191672352368));
#3997=CARTESIAN_POINT('Ctrl Pts',(-13.4314318511837,-1.64487600245179E-15,
243.191672352368));
#3998=CARTESIAN_POINT('Ctrl Pts',(-13.4314318511837,-13.4314318511837,243.191672352368));
#3999=CARTESIAN_POINT('Ctrl Pts',(1.64487600245179E-15,-13.4314318511837,
243.191672352368));
#4000=CARTESIAN_POINT('Ctrl Pts',(13.4314318511837,-13.4314318511837,243.191672352368));
#4001=CARTESIAN_POINT('Ctrl Pts',(13.4314318511837,1.64487600245179E-15,
243.191672352368));
#4002=CARTESIAN_POINT('Ctrl Pts',(13.523667092766,1.65617156178903E-15,
242.641154936102));
#4003=CARTESIAN_POINT('Ctrl Pts',(13.523667092766,13.523667092766,242.641154936102));
#4004=CARTESIAN_POINT('Ctrl Pts',(-1.65617156178903E-15,13.523667092766,
242.641154936102));
#4005=CARTESIAN_POINT('Ctrl Pts',(-13.523667092766,13.523667092766,242.641154936102));
#4006=CARTESIAN_POINT('Ctrl Pts',(-13.523667092766,-1.65617156178903E-15,
242.641154936102));
#4007=CARTESIAN_POINT('Ctrl Pts',(-13.523667092766,-13.523667092766,242.641154936102));
#4008=CARTESIAN_POINT('Ctrl Pts',(1.65617156178903E-15,-13.523667092766,
242.641154936102));
#4009=CARTESIAN_POINT('Ctrl Pts',(13.523667092766,-13.523667092766,242.641154936102));
#4010=CARTESIAN_POINT('Ctrl Pts',(13.523667092766,1.65617156178903E-15,
242.641154936102));
#4011=CARTESIAN_POINT('Ctrl Pts',(13.6157458980665,1.66744796320709E-15,
242.089676547992));
#4012=CARTESIAN_POINT('Ctrl Pts',(13.6157458980665,13.6157458980665,242.089676547992));
#4013=CARTESIAN_POINT('Ctrl Pts',(-1.66744796320709E-15,13.6157458980665,
242.089676547992));
#4014=CARTESIAN_POINT('Ctrl Pts',(-13.6157458980665,13.6157458980665,242.089676547992));
#4015=CARTESIAN_POINT('Ctrl Pts',(-13.6157458980665,-1.66744796320709E-15,
242.089676547992));
#4016=CARTESIAN_POINT('Ctrl Pts',(-13.6157458980665,-13.6157458980665,242.089676547992));
#4017=CARTESIAN_POINT('Ctrl Pts',(1.66744796320709E-15,-13.6157458980665,
242.089676547992));
#4018=CARTESIAN_POINT('Ctrl Pts',(13.6157458980665,-13.6157458980665,242.089676547992));
#4019=CARTESIAN_POINT('Ctrl Pts',(13.6157458980665,1.66744796320709E-15,
242.089676547992));
#4020=CARTESIAN_POINT('Ctrl Pts',(13.70766768687,1.67870513565009E-15,241.537248056974));
#4021=CARTESIAN_POINT('Ctrl Pts',(13.70766768687,13.70766768687,241.537248056974));
#4022=CARTESIAN_POINT('Ctrl Pts',(-1.67870513565009E-15,13.70766768687,
241.537248056974));
#4023=CARTESIAN_POINT('Ctrl Pts',(-13.70766768687,13.70766768687,241.537248056974));
#4024=CARTESIAN_POINT('Ctrl Pts',(-13.70766768687,-1.67870513565009E-15,
241.537248056974));
#4025=CARTESIAN_POINT('Ctrl Pts',(-13.70766768687,-13.70766768687,241.537248056974));
#4026=CARTESIAN_POINT('Ctrl Pts',(1.67870513565009E-15,-13.70766768687,
241.537248056974));
#4027=CARTESIAN_POINT('Ctrl Pts',(13.70766768687,-13.70766768687,241.537248056974));
#4028=CARTESIAN_POINT('Ctrl Pts',(13.70766768687,1.67870513565009E-15,241.537248056974));
#4029=CARTESIAN_POINT('Ctrl Pts',(13.7994318815311,1.6899430083769E-15,
240.983880242912));
#4030=CARTESIAN_POINT('Ctrl Pts',(13.7994318815311,13.7994318815311,240.983880242912));
#4031=CARTESIAN_POINT('Ctrl Pts',(-1.6899430083769E-15,13.7994318815311,
240.983880242912));
#4032=CARTESIAN_POINT('Ctrl Pts',(-13.7994318815311,13.7994318815311,240.983880242912));
#4033=CARTESIAN_POINT('Ctrl Pts',(-13.7994318815311,-1.6899430083769E-15,
240.983880242912));
#4034=CARTESIAN_POINT('Ctrl Pts',(-13.7994318815311,-13.7994318815311,240.983880242912));
#4035=CARTESIAN_POINT('Ctrl Pts',(1.6899430083769E-15,-13.7994318815311,
240.983880242912));
#4036=CARTESIAN_POINT('Ctrl Pts',(13.7994318815311,-13.7994318815311,240.983880242912));
#4037=CARTESIAN_POINT('Ctrl Pts',(13.7994318815311,1.6899430083769E-15,
240.983880242912));
#4038=CARTESIAN_POINT('Ctrl Pts',(13.8910379069153,1.70116151095384E-15,
240.429583798408));
#4039=CARTESIAN_POINT('Ctrl Pts',(13.8910379069153,13.8910379069153,240.429583798408));
#4040=CARTESIAN_POINT('Ctrl Pts',(-1.70116151095384E-15,13.8910379069153,
240.429583798408));
#4041=CARTESIAN_POINT('Ctrl Pts',(-13.8910379069153,13.8910379069153,240.429583798408));
#4042=CARTESIAN_POINT('Ctrl Pts',(-13.8910379069153,-1.70116151095384E-15,
240.429583798408));
#4043=CARTESIAN_POINT('Ctrl Pts',(-13.8910379069153,-13.8910379069153,240.429583798408));
#4044=CARTESIAN_POINT('Ctrl Pts',(1.70116151095384E-15,-13.8910379069153,
240.429583798408));
#4045=CARTESIAN_POINT('Ctrl Pts',(13.8910379069153,-13.8910379069153,240.429583798408));
#4046=CARTESIAN_POINT('Ctrl Pts',(13.8910379069153,1.70116151095384E-15,
240.429583798408));
#4047=CARTESIAN_POINT('Ctrl Pts',(13.982485190341,1.71236057324764E-15,
239.874369330548));
#4048=CARTESIAN_POINT('Ctrl Pts',(13.982485190341,13.982485190341,239.874369330548));
#4049=CARTESIAN_POINT('Ctrl Pts',(-1.71236057324764E-15,13.982485190341,
239.874369330548));
#4050=CARTESIAN_POINT('Ctrl Pts',(-13.982485190341,13.982485190341,239.874369330548));
#4051=CARTESIAN_POINT('Ctrl Pts',(-13.982485190341,-1.71236057324764E-15,
239.874369330548));
#4052=CARTESIAN_POINT('Ctrl Pts',(-13.982485190341,-13.982485190341,239.874369330548));
#4053=CARTESIAN_POINT('Ctrl Pts',(1.71236057324764E-15,-13.982485190341,
239.874369330548));
#4054=CARTESIAN_POINT('Ctrl Pts',(13.982485190341,-13.982485190341,239.874369330548));
#4055=CARTESIAN_POINT('Ctrl Pts',(13.982485190341,1.71236057324764E-15,
239.874369330548));
#4056=CARTESIAN_POINT('Ctrl Pts',(14.0737731615228,1.72354012541848E-15,
239.318247362666));
#4057=CARTESIAN_POINT('Ctrl Pts',(14.0737731615228,14.0737731615228,239.318247362666));
#4058=CARTESIAN_POINT('Ctrl Pts',(-1.72354012541848E-15,14.0737731615228,
239.318247362666));
#4059=CARTESIAN_POINT('Ctrl Pts',(-14.0737731615228,14.0737731615228,239.318247362666));
#4060=CARTESIAN_POINT('Ctrl Pts',(-14.0737731615228,-1.72354012541848E-15,
239.318247362666));
#4061=CARTESIAN_POINT('Ctrl Pts',(-14.0737731615228,-14.0737731615228,239.318247362666));
#4062=CARTESIAN_POINT('Ctrl Pts',(1.72354012541848E-15,-14.0737731615228,
239.318247362666));
#4063=CARTESIAN_POINT('Ctrl Pts',(14.0737731615228,-14.0737731615228,239.318247362666));
#4064=CARTESIAN_POINT('Ctrl Pts',(14.0737731615228,1.72354012541848E-15,
239.318247362666));
#4065=CARTESIAN_POINT('Ctrl Pts',(14.164901252514,1.73470009791296E-15,
238.761228336105));
#4066=CARTESIAN_POINT('Ctrl Pts',(14.164901252514,14.164901252514,238.761228336105));
#4067=CARTESIAN_POINT('Ctrl Pts',(-1.73470009791296E-15,14.164901252514,
238.761228336105));
#4068=CARTESIAN_POINT('Ctrl Pts',(-14.164901252514,14.164901252514,238.761228336105));
#4069=CARTESIAN_POINT('Ctrl Pts',(-14.164901252514,-1.73470009791296E-15,
238.761228336105));
#4070=CARTESIAN_POINT('Ctrl Pts',(-14.164901252514,-14.164901252514,238.761228336105));
#4071=CARTESIAN_POINT('Ctrl Pts',(1.73470009791296E-15,-14.164901252514,
238.761228336105));
#4072=CARTESIAN_POINT('Ctrl Pts',(14.164901252514,-14.164901252514,238.761228336105));
#4073=CARTESIAN_POINT('Ctrl Pts',(14.164901252514,1.73470009791296E-15,
238.761228336105));
#4074=CARTESIAN_POINT('Ctrl Pts',(14.2558688976508,1.74584042145723E-15,
238.20332261197));
#4075=CARTESIAN_POINT('Ctrl Pts',(14.2558688976508,14.2558688976508,238.20332261197));
#4076=CARTESIAN_POINT('Ctrl Pts',(-1.74584042145723E-15,14.2558688976508,
238.20332261197));
#4077=CARTESIAN_POINT('Ctrl Pts',(-14.2558688976508,14.2558688976508,238.20332261197));
#4078=CARTESIAN_POINT('Ctrl Pts',(-14.2558688976508,-1.74584042145723E-15,
238.20332261197));
#4079=CARTESIAN_POINT('Ctrl Pts',(-14.2558688976508,-14.2558688976508,238.20332261197));
#4080=CARTESIAN_POINT('Ctrl Pts',(1.74584042145723E-15,-14.2558688976508,
238.20332261197));
#4081=CARTESIAN_POINT('Ctrl Pts',(14.2558688976508,-14.2558688976508,238.20332261197));
#4082=CARTESIAN_POINT('Ctrl Pts',(14.2558688976508,1.74584042145723E-15,
238.20332261197));
#4083=CARTESIAN_POINT('Ctrl Pts',(14.3466755334955,1.75696102705009E-15,
237.644540472915));
#4084=CARTESIAN_POINT('Ctrl Pts',(14.3466755334955,14.3466755334955,237.644540472915));
#4085=CARTESIAN_POINT('Ctrl Pts',(-1.75696102705009E-15,14.3466755334955,
237.644540472915));
#4086=CARTESIAN_POINT('Ctrl Pts',(-14.3466755334955,14.3466755334955,237.644540472915));
#4087=CARTESIAN_POINT('Ctrl Pts',(-14.3466755334955,-1.75696102705009E-15,
237.644540472915));
#4088=CARTESIAN_POINT('Ctrl Pts',(-14.3466755334955,-14.3466755334955,237.644540472915));
#4089=CARTESIAN_POINT('Ctrl Pts',(1.75696102705009E-15,-14.3466755334955,
237.644540472915));
#4090=CARTESIAN_POINT('Ctrl Pts',(14.3466755334955,-14.3466755334955,237.644540472915));
#4091=CARTESIAN_POINT('Ctrl Pts',(14.3466755334955,1.75696102705009E-15,
237.644540472915));
#4092=CARTESIAN_POINT('Ctrl Pts',(14.4373205987858,1.76806184595672E-15,
237.084892124708));
#4093=CARTESIAN_POINT('Ctrl Pts',(14.4373205987858,14.4373205987858,237.084892124708));
#4094=CARTESIAN_POINT('Ctrl Pts',(-1.76806184595672E-15,14.4373205987858,
237.084892124708));
#4095=CARTESIAN_POINT('Ctrl Pts',(-14.4373205987858,14.4373205987858,237.084892124708));
#4096=CARTESIAN_POINT('Ctrl Pts',(-14.4373205987858,-1.76806184595672E-15,
237.084892124708));
#4097=CARTESIAN_POINT('Ctrl Pts',(-14.4373205987858,-14.4373205987858,237.084892124708));
#4098=CARTESIAN_POINT('Ctrl Pts',(1.76806184595672E-15,-14.4373205987858,
237.084892124708));
#4099=CARTESIAN_POINT('Ctrl Pts',(14.4373205987858,-14.4373205987858,237.084892124708));
#4100=CARTESIAN_POINT('Ctrl Pts',(14.4373205987858,1.76806184595672E-15,
237.084892124708));
#4101=CARTESIAN_POINT('Ctrl Pts',(14.5278035343857,1.7791428097027E-15,
236.524387697742));
#4102=CARTESIAN_POINT('Ctrl Pts',(14.5278035343856,14.5278035343857,236.524387697742));
#4103=CARTESIAN_POINT('Ctrl Pts',(-1.7791428097027E-15,14.5278035343857,
236.524387697742));
#4104=CARTESIAN_POINT('Ctrl Pts',(-14.5278035343857,14.5278035343856,236.524387697742));
#4105=CARTESIAN_POINT('Ctrl Pts',(-14.5278035343857,-1.7791428097027E-15,
236.524387697742));
#4106=CARTESIAN_POINT('Ctrl Pts',(-14.5278035343856,-14.5278035343857,236.524387697742));
#4107=CARTESIAN_POINT('Ctrl Pts',(1.7791428097027E-15,-14.5278035343857,
236.524387697742));
#4108=CARTESIAN_POINT('Ctrl Pts',(14.5278035343857,-14.5278035343856,236.524387697742));
#4109=CARTESIAN_POINT('Ctrl Pts',(14.5278035343857,1.7791428097027E-15,
236.524387697742));
#4110=CARTESIAN_POINT('Ctrl Pts',(14.618123783236,1.79020385006797E-15,
235.963037248548));
#4111=CARTESIAN_POINT('Ctrl Pts',(14.618123783236,14.618123783236,235.963037248548));
#4112=CARTESIAN_POINT('Ctrl Pts',(-1.79020385006797E-15,14.618123783236,
235.963037248548));
#4113=CARTESIAN_POINT('Ctrl Pts',(-14.618123783236,14.618123783236,235.963037248548));
#4114=CARTESIAN_POINT('Ctrl Pts',(-14.618123783236,-1.79020385006797E-15,
235.963037248548));
#4115=CARTESIAN_POINT('Ctrl Pts',(-14.618123783236,-14.618123783236,235.963037248548));
#4116=CARTESIAN_POINT('Ctrl Pts',(1.79020385006797E-15,-14.618123783236,
235.963037248548));
#4117=CARTESIAN_POINT('Ctrl Pts',(14.618123783236,-14.618123783236,235.963037248548));
#4118=CARTESIAN_POINT('Ctrl Pts',(14.618123783236,1.79020385006797E-15,
235.963037248548));
#4119=CARTESIAN_POINT('Ctrl Pts',(14.7082807903061,1.80124489908089E-15,
235.400850761323));
#4120=CARTESIAN_POINT('Ctrl Pts',(14.7082807903061,14.7082807903061,235.400850761323));
#4121=CARTESIAN_POINT('Ctrl Pts',(-1.80124489908089E-15,14.7082807903061,
235.400850761323));
#4122=CARTESIAN_POINT('Ctrl Pts',(-14.7082807903061,14.7082807903061,235.400850761323));
#4123=CARTESIAN_POINT('Ctrl Pts',(-14.7082807903061,-1.80124489908089E-15,
235.400850761323));
#4124=CARTESIAN_POINT('Ctrl Pts',(-14.7082807903061,-14.7082807903061,235.400850761323));
#4125=CARTESIAN_POINT('Ctrl Pts',(1.80124489908089E-15,-14.7082807903061,
235.400850761323));
#4126=CARTESIAN_POINT('Ctrl Pts',(14.7082807903061,-14.7082807903061,235.400850761323));
#4127=CARTESIAN_POINT('Ctrl Pts',(14.7082807903061,1.80124489908089E-15,
235.400850761323));
#4128=CARTESIAN_POINT('Ctrl Pts',(14.7982740025453,1.81226588901225E-15,
234.837838149443));
#4129=CARTESIAN_POINT('Ctrl Pts',(14.7982740025452,14.7982740025453,234.837838149443));
#4130=CARTESIAN_POINT('Ctrl Pts',(-1.81226588901225E-15,14.7982740025453,
234.837838149443));
#4131=CARTESIAN_POINT('Ctrl Pts',(-14.7982740025453,14.7982740025452,234.837838149443));
#4132=CARTESIAN_POINT('Ctrl Pts',(-14.7982740025453,-1.81226588901225E-15,
234.837838149443));
#4133=CARTESIAN_POINT('Ctrl Pts',(-14.7982740025452,-14.7982740025453,234.837838149443));
#4134=CARTESIAN_POINT('Ctrl Pts',(1.81226588901225E-15,-14.7982740025453,
234.837838149443));
#4135=CARTESIAN_POINT('Ctrl Pts',(14.7982740025453,-14.7982740025452,234.837838149443));
#4136=CARTESIAN_POINT('Ctrl Pts',(14.7982740025453,1.81226588901225E-15,
234.837838149443));
#4137=CARTESIAN_POINT('Ctrl Pts',(14.8881028688341,1.82326675236942E-15,
234.274009257003));
#4138=CARTESIAN_POINT('Ctrl Pts',(14.8881028688341,14.8881028688341,234.274009257003));
#4139=CARTESIAN_POINT('Ctrl Pts',(-1.82326675236942E-15,14.8881028688341,
234.274009257003));
#4140=CARTESIAN_POINT('Ctrl Pts',(-14.8881028688341,14.8881028688341,234.274009257003));
#4141=CARTESIAN_POINT('Ctrl Pts',(-14.8881028688341,-1.82326675236942E-15,
234.274009257003));
#4142=CARTESIAN_POINT('Ctrl Pts',(-14.8881028688341,-14.8881028688341,234.274009257003));
#4143=CARTESIAN_POINT('Ctrl Pts',(1.82326675236942E-15,-14.8881028688341,
234.274009257003));
#4144=CARTESIAN_POINT('Ctrl Pts',(14.8881028688341,-14.8881028688341,234.274009257003));
#4145=CARTESIAN_POINT('Ctrl Pts',(14.8881028688341,1.82326675236942E-15,
234.274009257003));
#4146=CARTESIAN_POINT('Ctrl Pts',(14.9777668399397,1.83424742189076E-15,
233.709373860199));
#4147=CARTESIAN_POINT('Ctrl Pts',(14.9777668399397,14.9777668399397,233.709373860199));
#4148=CARTESIAN_POINT('Ctrl Pts',(-1.83424742189076E-15,14.9777668399397,
233.709373860199));
#4149=CARTESIAN_POINT('Ctrl Pts',(-14.9777668399397,14.9777668399397,233.709373860199));
#4150=CARTESIAN_POINT('Ctrl Pts',(-14.9777668399397,-1.83424742189076E-15,
233.709373860199));
#4151=CARTESIAN_POINT('Ctrl Pts',(-14.9777668399397,-14.9777668399397,233.709373860199));
#4152=CARTESIAN_POINT('Ctrl Pts',(1.83424742189076E-15,-14.9777668399397,
233.709373860199));
#4153=CARTESIAN_POINT('Ctrl Pts',(14.9777668399397,-14.9777668399397,233.709373860199));
#4154=CARTESIAN_POINT('Ctrl Pts',(14.9777668399397,1.83424742189076E-15,
233.709373860199));
#4155=CARTESIAN_POINT('Ctrl Pts',(15.0672653684735,1.84520783054048E-15,
233.143941668634));
#4156=CARTESIAN_POINT('Ctrl Pts',(15.0672653684735,15.0672653684735,233.143941668634));
#4157=CARTESIAN_POINT('Ctrl Pts',(-1.84520783054048E-15,15.0672653684735,
233.143941668634));
#4158=CARTESIAN_POINT('Ctrl Pts',(-15.0672653684735,15.0672653684735,233.143941668634));
#4159=CARTESIAN_POINT('Ctrl Pts',(-15.0672653684735,-1.84520783054048E-15,
233.143941668634));
#4160=CARTESIAN_POINT('Ctrl Pts',(-15.0672653684735,-15.0672653684735,233.143941668634));
#4161=CARTESIAN_POINT('Ctrl Pts',(1.84520783054048E-15,-15.0672653684735,
233.143941668634));
#4162=CARTESIAN_POINT('Ctrl Pts',(15.0672653684735,-15.0672653684735,233.143941668634));
#4163=CARTESIAN_POINT('Ctrl Pts',(15.0672653684735,1.84520783054048E-15,
233.143941668634));
#4164=CARTESIAN_POINT('Ctrl Pts',(15.1565979088475,1.85614791150335E-15,
232.577722326638));
#4165=CARTESIAN_POINT('Ctrl Pts',(15.1565979088475,15.1565979088475,232.577722326638));
#4166=CARTESIAN_POINT('Ctrl Pts',(-1.85614791150335E-15,15.1565979088475,
232.577722326638));
#4167=CARTESIAN_POINT('Ctrl Pts',(-15.1565979088475,15.1565979088475,232.577722326638));
#4168=CARTESIAN_POINT('Ctrl Pts',(-15.1565979088475,-1.85614791150335E-15,
232.577722326638));
#4169=CARTESIAN_POINT('Ctrl Pts',(-15.1565979088475,-15.1565979088475,232.577722326638));
#4170=CARTESIAN_POINT('Ctrl Pts',(1.85614791150335E-15,-15.1565979088475,
232.577722326638));
#4171=CARTESIAN_POINT('Ctrl Pts',(15.1565979088475,-15.1565979088475,232.577722326638));
#4172=CARTESIAN_POINT('Ctrl Pts',(15.1565979088475,1.85614791150335E-15,
232.577722326638));
#4173=CARTESIAN_POINT('Ctrl Pts',(15.2457639172329,1.86706759817955E-15,
232.010725414595));
#4174=CARTESIAN_POINT('Ctrl Pts',(15.2457639172329,15.2457639172329,232.010725414595));
#4175=CARTESIAN_POINT('Ctrl Pts',(-1.86706759817955E-15,15.2457639172329,
232.010725414595));
#4176=CARTESIAN_POINT('Ctrl Pts',(-15.2457639172329,15.2457639172329,232.010725414595));
#4177=CARTESIAN_POINT('Ctrl Pts',(-15.2457639172329,-1.86706759817955E-15,
232.010725414595));
#4178=CARTESIAN_POINT('Ctrl Pts',(-15.2457639172329,-15.2457639172329,232.010725414595));
#4179=CARTESIAN_POINT('Ctrl Pts',(1.86706759817955E-15,-15.2457639172329,
232.010725414595));
#4180=CARTESIAN_POINT('Ctrl Pts',(15.2457639172329,-15.2457639172329,232.010725414595));
#4181=CARTESIAN_POINT('Ctrl Pts',(15.2457639172329,1.86706759817955E-15,
232.010725414595));
#4182=CARTESIAN_POINT('Ctrl Pts',(15.3347628515185,1.87796682417958E-15,
231.442960450249));
#4183=CARTESIAN_POINT('Ctrl Pts',(15.3347628515185,15.3347628515185,231.442960450249));
#4184=CARTESIAN_POINT('Ctrl Pts',(-1.87796682417958E-15,15.3347628515185,
231.442960450249));
#4185=CARTESIAN_POINT('Ctrl Pts',(-15.3347628515185,15.3347628515185,231.442960450249));
#4186=CARTESIAN_POINT('Ctrl Pts',(-15.3347628515185,-1.87796682417958E-15,
231.442960450249));
#4187=CARTESIAN_POINT('Ctrl Pts',(-15.3347628515185,-15.3347628515185,231.442960450249));
#4188=CARTESIAN_POINT('Ctrl Pts',(1.87796682417958E-15,-15.3347628515185,
231.442960450249));
#4189=CARTESIAN_POINT('Ctrl Pts',(15.3347628515185,-15.3347628515185,231.442960450249));
#4190=CARTESIAN_POINT('Ctrl Pts',(15.3347628515185,1.87796682417958E-15,
231.442960450249));
#4191=CARTESIAN_POINT('Ctrl Pts',(15.4235941712684,1.88884552331916E-15,
230.874436890057));
#4192=CARTESIAN_POINT('Ctrl Pts',(15.4235941712684,15.4235941712684,230.874436890057));
#4193=CARTESIAN_POINT('Ctrl Pts',(-1.88884552331916E-15,15.4235941712684,
230.874436890057));
#4194=CARTESIAN_POINT('Ctrl Pts',(-15.4235941712684,15.4235941712684,230.874436890057));
#4195=CARTESIAN_POINT('Ctrl Pts',(-15.4235941712684,-1.88884552331916E-15,
230.874436890057));
#4196=CARTESIAN_POINT('Ctrl Pts',(-15.4235941712684,-15.4235941712684,230.874436890057));
#4197=CARTESIAN_POINT('Ctrl Pts',(1.88884552331916E-15,-15.4235941712684,
230.874436890057));
#4198=CARTESIAN_POINT('Ctrl Pts',(15.4235941712684,-15.4235941712684,230.874436890057));
#4199=CARTESIAN_POINT('Ctrl Pts',(15.4235941712684,1.88884552331916E-15,
230.874436890057));
#4200=CARTESIAN_POINT('Ctrl Pts',(15.5122573376835,1.89970362961441E-15,
230.305164130412));
#4201=CARTESIAN_POINT('Ctrl Pts',(15.5122573376835,15.5122573376835,230.305164130412));
#4202=CARTESIAN_POINT('Ctrl Pts',(-1.89970362961441E-15,15.5122573376835,
230.305164130412));
#4203=CARTESIAN_POINT('Ctrl Pts',(-15.5122573376835,15.5122573376835,230.305164130412));
#4204=CARTESIAN_POINT('Ctrl Pts',(-15.5122573376835,-1.89970362961441E-15,
230.305164130412));
#4205=CARTESIAN_POINT('Ctrl Pts',(-15.5122573376835,-15.5122573376835,230.305164130412));
#4206=CARTESIAN_POINT('Ctrl Pts',(1.89970362961441E-15,-15.5122573376835,
230.305164130412));
#4207=CARTESIAN_POINT('Ctrl Pts',(15.5122573376835,-15.5122573376835,230.305164130412));
#4208=CARTESIAN_POINT('Ctrl Pts',(15.5122573376835,1.89970362961441E-15,
230.305164130412));
#4209=CARTESIAN_POINT('Ctrl Pts',(15.6007518135637,1.9105410772773E-15,
229.735151508781));
#4210=CARTESIAN_POINT('Ctrl Pts',(15.6007518135637,15.6007518135637,229.735151508781));
#4211=CARTESIAN_POINT('Ctrl Pts',(-1.9105410772773E-15,15.6007518135637,
229.735151508781));
#4212=CARTESIAN_POINT('Ctrl Pts',(-15.6007518135637,15.6007518135637,229.735151508781));
#4213=CARTESIAN_POINT('Ctrl Pts',(-15.6007518135637,-1.9105410772773E-15,
229.735151508781));
#4214=CARTESIAN_POINT('Ctrl Pts',(-15.6007518135637,-15.6007518135637,229.735151508781));
#4215=CARTESIAN_POINT('Ctrl Pts',(1.9105410772773E-15,-15.6007518135637,
229.735151508781));
#4216=CARTESIAN_POINT('Ctrl Pts',(15.6007518135637,-15.6007518135637,229.735151508781));
#4217=CARTESIAN_POINT('Ctrl Pts',(15.6007518135637,1.9105410772773E-15,
229.735151508781));
#4218=CARTESIAN_POINT('Ctrl Pts',(15.6890770632705,1.92135780071104E-15,
229.164408304867));
#4219=CARTESIAN_POINT('Ctrl Pts',(15.6890770632705,15.6890770632705,229.164408304867));
#4220=CARTESIAN_POINT('Ctrl Pts',(-1.92135780071104E-15,15.6890770632705,
229.164408304867));
#4221=CARTESIAN_POINT('Ctrl Pts',(-15.6890770632705,15.6890770632705,229.164408304867));
#4222=CARTESIAN_POINT('Ctrl Pts',(-15.6890770632705,-1.92135780071104E-15,
229.164408304867));
#4223=CARTESIAN_POINT('Ctrl Pts',(-15.6890770632705,-15.6890770632705,229.164408304867));
#4224=CARTESIAN_POINT('Ctrl Pts',(1.92135780071104E-15,-15.6890770632705,
229.164408304867));
#4225=CARTESIAN_POINT('Ctrl Pts',(15.6890770632705,-15.6890770632705,229.164408304867));
#4226=CARTESIAN_POINT('Ctrl Pts',(15.6890770632705,1.92135780071104E-15,
229.164408304867));
#4227=CARTESIAN_POINT('Ctrl Pts',(15.7772325526902,1.93215373450555E-15,
228.592943741764));
#4228=CARTESIAN_POINT('Ctrl Pts',(15.7772325526902,15.7772325526902,228.592943741764));
#4229=CARTESIAN_POINT('Ctrl Pts',(-1.93215373450555E-15,15.7772325526902,
228.592943741764));
#4230=CARTESIAN_POINT('Ctrl Pts',(-15.7772325526902,15.7772325526902,228.592943741764));
#4231=CARTESIAN_POINT('Ctrl Pts',(-15.7772325526902,-1.93215373450555E-15,
228.592943741764));
#4232=CARTESIAN_POINT('Ctrl Pts',(-15.7772325526902,-15.7772325526902,228.592943741764));
#4233=CARTESIAN_POINT('Ctrl Pts',(1.93215373450555E-15,-15.7772325526902,
228.592943741764));
#4234=CARTESIAN_POINT('Ctrl Pts',(15.7772325526902,-15.7772325526902,228.592943741764));
#4235=CARTESIAN_POINT('Ctrl Pts',(15.7772325526902,1.93215373450555E-15,
228.592943741764));
#4236=CARTESIAN_POINT('Ctrl Pts',(15.8652177491976,1.94292881343306E-15,
228.020766987107));
#4237=CARTESIAN_POINT('Ctrl Pts',(15.8652177491976,15.8652177491976,228.020766987107));
#4238=CARTESIAN_POINT('Ctrl Pts',(-1.94292881343306E-15,15.8652177491976,
228.020766987107));
#4239=CARTESIAN_POINT('Ctrl Pts',(-15.8652177491976,15.8652177491976,228.020766987107));
#4240=CARTESIAN_POINT('Ctrl Pts',(-15.8652177491976,-1.94292881343306E-15,
228.020766987107));
#4241=CARTESIAN_POINT('Ctrl Pts',(-15.8652177491976,-15.8652177491976,228.020766987107));
#4242=CARTESIAN_POINT('Ctrl Pts',(1.94292881343306E-15,-15.8652177491976,
228.020766987107));
#4243=CARTESIAN_POINT('Ctrl Pts',(15.8652177491976,-15.8652177491976,228.020766987107));
#4244=CARTESIAN_POINT('Ctrl Pts',(15.8652177491976,1.94292881343306E-15,
228.020766987107));
#4245=CARTESIAN_POINT('Ctrl Pts',(15.9530321216193,1.95368297244359E-15,
227.447887154245));
#4246=CARTESIAN_POINT('Ctrl Pts',(15.9530321216193,15.9530321216193,227.447887154245));
#4247=CARTESIAN_POINT('Ctrl Pts',(-1.95368297244359E-15,15.9530321216193,
227.447887154245));
#4248=CARTESIAN_POINT('Ctrl Pts',(-15.9530321216193,15.9530321216193,227.447887154245));
#4249=CARTESIAN_POINT('Ctrl Pts',(-15.9530321216193,-1.95368297244359E-15,
227.447887154245));
#4250=CARTESIAN_POINT('Ctrl Pts',(-15.9530321216193,-15.9530321216193,227.447887154245));
#4251=CARTESIAN_POINT('Ctrl Pts',(1.95368297244359E-15,-15.9530321216193,
227.447887154245));
#4252=CARTESIAN_POINT('Ctrl Pts',(15.9530321216193,-15.9530321216193,227.447887154245));
#4253=CARTESIAN_POINT('Ctrl Pts',(15.9530321216193,1.95368297244359E-15,
227.447887154245));
#4254=CARTESIAN_POINT('Ctrl Pts',(16.0406751401989,1.96441614666071E-15,
226.874313303346));
#4255=CARTESIAN_POINT('Ctrl Pts',(16.0406751401989,16.0406751401989,226.874313303346));
#4256=CARTESIAN_POINT('Ctrl Pts',(-1.96441614666071E-15,16.0406751401989,
226.874313303346));
#4257=CARTESIAN_POINT('Ctrl Pts',(-16.0406751401989,16.0406751401989,226.874313303346));
#4258=CARTESIAN_POINT('Ctrl Pts',(-16.0406751401989,-1.96441614666071E-15,
226.874313303346));
#4259=CARTESIAN_POINT('Ctrl Pts',(-16.0406751401989,-16.0406751401989,226.874313303346));
#4260=CARTESIAN_POINT('Ctrl Pts',(1.96441614666071E-15,-16.0406751401989,
226.874313303346));
#4261=CARTESIAN_POINT('Ctrl Pts',(16.0406751401989,-16.0406751401989,226.874313303346));
#4262=CARTESIAN_POINT('Ctrl Pts',(16.0406751401989,1.96441614666071E-15,
226.874313303346));
#4263=CARTESIAN_POINT('Ctrl Pts',(16.1281462765641,1.97512827137745E-15,
226.300054442408));
#4264=CARTESIAN_POINT('Ctrl Pts',(16.1281462765641,16.1281462765641,226.300054442408));
#4265=CARTESIAN_POINT('Ctrl Pts',(-1.97512827137745E-15,16.1281462765641,
226.300054442408));
#4266=CARTESIAN_POINT('Ctrl Pts',(-16.1281462765641,16.1281462765641,226.300054442408));
#4267=CARTESIAN_POINT('Ctrl Pts',(-16.1281462765641,-1.97512827137745E-15,
226.300054442408));
#4268=CARTESIAN_POINT('Ctrl Pts',(-16.1281462765641,-16.1281462765641,226.300054442408));
#4269=CARTESIAN_POINT('Ctrl Pts',(1.97512827137745E-15,-16.1281462765641,
226.300054442408));
#4270=CARTESIAN_POINT('Ctrl Pts',(16.1281462765641,-16.1281462765641,226.300054442408));
#4271=CARTESIAN_POINT('Ctrl Pts',(16.1281462765641,1.97512827137745E-15,
226.300054442408));
#4272=CARTESIAN_POINT('Ctrl Pts',(16.2154450036934,1.98581928205231E-15,
225.725119528273));
#4273=CARTESIAN_POINT('Ctrl Pts',(16.2154450036934,16.2154450036934,225.725119528273));
#4274=CARTESIAN_POINT('Ctrl Pts',(-1.98581928205231E-15,16.2154450036934,
225.725119528273));
#4275=CARTESIAN_POINT('Ctrl Pts',(-16.2154450036934,16.2154450036934,225.725119528273));
#4276=CARTESIAN_POINT('Ctrl Pts',(-16.2154450036934,-1.98581928205231E-15,
225.725119528273));
#4277=CARTESIAN_POINT('Ctrl Pts',(-16.2154450036934,-16.2154450036934,225.725119528273));
#4278=CARTESIAN_POINT('Ctrl Pts',(1.98581928205231E-15,-16.2154450036934,
225.725119528273));
#4279=CARTESIAN_POINT('Ctrl Pts',(16.2154450036934,-16.2154450036934,225.725119528273));
#4280=CARTESIAN_POINT('Ctrl Pts',(16.2154450036934,1.98581928205231E-15,
225.725119528273));
#4281=CARTESIAN_POINT('Ctrl Pts',(16.3025707958835,1.99648911430519E-15,
225.149517467646));
#4282=CARTESIAN_POINT('Ctrl Pts',(16.3025707958835,16.3025707958835,225.149517467646));
#4283=CARTESIAN_POINT('Ctrl Pts',(-1.99648911430519E-15,16.3025707958835,
225.149517467646));
#4284=CARTESIAN_POINT('Ctrl Pts',(-16.3025707958835,16.3025707958835,225.149517467646));
#4285=CARTESIAN_POINT('Ctrl Pts',(-16.3025707958835,-1.99648911430519E-15,
225.149517467646));
#4286=CARTESIAN_POINT('Ctrl Pts',(-16.3025707958835,-16.3025707958835,225.149517467646));
#4287=CARTESIAN_POINT('Ctrl Pts',(1.99648911430519E-15,-16.3025707958835,
225.149517467646));
#4288=CARTESIAN_POINT('Ctrl Pts',(16.3025707958835,-16.3025707958835,225.149517467646));
#4289=CARTESIAN_POINT('Ctrl Pts',(16.3025707958835,1.99648911430519E-15,
225.149517467646));
#4290=CARTESIAN_POINT('Ctrl Pts',(16.3895231287175,2.00713770391354E-15,
224.573257118107));
#4291=CARTESIAN_POINT('Ctrl Pts',(16.3895231287175,16.3895231287175,224.573257118107));
#4292=CARTESIAN_POINT('Ctrl Pts',(-2.00713770391354E-15,16.3895231287175,
224.573257118107));
#4293=CARTESIAN_POINT('Ctrl Pts',(-16.3895231287175,16.3895231287175,224.573257118107));
#4294=CARTESIAN_POINT('Ctrl Pts',(-16.3895231287175,-2.00713770391354E-15,
224.573257118107));
#4295=CARTESIAN_POINT('Ctrl Pts',(-16.3895231287175,-16.3895231287175,224.573257118107));
#4296=CARTESIAN_POINT('Ctrl Pts',(2.00713770391354E-15,-16.3895231287175,
224.573257118107));
#4297=CARTESIAN_POINT('Ctrl Pts',(16.3895231287175,-16.3895231287175,224.573257118107));
#4298=CARTESIAN_POINT('Ctrl Pts',(16.3895231287175,2.00713770391354E-15,
224.573257118107));
#4299=CARTESIAN_POINT('Ctrl Pts',(16.4763014790331,2.01776498680846E-15,
223.996347289142));
#4300=CARTESIAN_POINT('Ctrl Pts',(16.4763014790331,16.4763014790331,223.996347289142));
#4301=CARTESIAN_POINT('Ctrl Pts',(-2.01776498680846E-15,16.4763014790331,
223.996347289142));
#4302=CARTESIAN_POINT('Ctrl Pts',(-16.4763014790331,16.4763014790331,223.996347289142));
#4303=CARTESIAN_POINT('Ctrl Pts',(-16.4763014790331,-2.01776498680846E-15,
223.996347289142));
#4304=CARTESIAN_POINT('Ctrl Pts',(-16.4763014790331,-16.4763014790331,223.996347289142));
#4305=CARTESIAN_POINT('Ctrl Pts',(2.01776498680846E-15,-16.4763014790331,
223.996347289142));
#4306=CARTESIAN_POINT('Ctrl Pts',(16.4763014790331,-16.4763014790331,223.996347289142));
#4307=CARTESIAN_POINT('Ctrl Pts',(16.4763014790331,2.01776498680846E-15,
223.996347289142));
#4308=CARTESIAN_POINT('Ctrl Pts',(16.5629053248912,2.02837089907086E-15,
223.418796743144));
#4309=CARTESIAN_POINT('Ctrl Pts',(16.5629053248912,16.5629053248912,223.418796743144));
#4310=CARTESIAN_POINT('Ctrl Pts',(-2.02837089907086E-15,16.5629053248912,
223.418796743144));
#4311=CARTESIAN_POINT('Ctrl Pts',(-16.5629053248912,16.5629053248912,223.418796743144));
#4312=CARTESIAN_POINT('Ctrl Pts',(-16.5629053248912,-2.02837089907086E-15,
223.418796743144));
#4313=CARTESIAN_POINT('Ctrl Pts',(-16.5629053248912,-16.5629053248912,223.418796743144));
#4314=CARTESIAN_POINT('Ctrl Pts',(2.02837089907086E-15,-16.5629053248912,
223.418796743144));
#4315=CARTESIAN_POINT('Ctrl Pts',(16.5629053248912,-16.5629053248912,223.418796743144));
#4316=CARTESIAN_POINT('Ctrl Pts',(16.5629053248912,2.02837089907086E-15,
223.418796743144));
#4317=CARTESIAN_POINT('Ctrl Pts',(16.6493341455469,2.03895537692788E-15,
222.840614196312));
#4318=CARTESIAN_POINT('Ctrl Pts',(16.6493341455469,16.6493341455469,222.840614196312));
#4319=CARTESIAN_POINT('Ctrl Pts',(-2.03895537692788E-15,16.6493341455469,
222.840614196312));
#4320=CARTESIAN_POINT('Ctrl Pts',(-16.6493341455469,16.6493341455469,222.840614196312));
#4321=CARTESIAN_POINT('Ctrl Pts',(-16.6493341455469,-2.03895537692788E-15,
222.840614196312));
#4322=CARTESIAN_POINT('Ctrl Pts',(-16.6493341455469,-16.6493341455469,222.840614196312));
#4323=CARTESIAN_POINT('Ctrl Pts',(2.03895537692788E-15,-16.6493341455469,
222.840614196312));
#4324=CARTESIAN_POINT('Ctrl Pts',(16.6493341455469,-16.6493341455469,222.840614196312));
#4325=CARTESIAN_POINT('Ctrl Pts',(16.6493341455469,2.03895537692788E-15,
222.840614196312));
#4326=CARTESIAN_POINT('Ctrl Pts',(16.7355874214197,2.04951835674923E-15,
222.261808319554));
#4327=CARTESIAN_POINT('Ctrl Pts',(16.7355874214197,16.7355874214197,222.261808319554));
#4328=CARTESIAN_POINT('Ctrl Pts',(-2.04951835674923E-15,16.7355874214197,
222.261808319554));
#4329=CARTESIAN_POINT('Ctrl Pts',(-16.7355874214197,16.7355874214197,222.261808319554));
#4330=CARTESIAN_POINT('Ctrl Pts',(-16.7355874214197,-2.04951835674923E-15,
222.261808319554));
#4331=CARTESIAN_POINT('Ctrl Pts',(-16.7355874214197,-16.7355874214197,222.261808319554));
#4332=CARTESIAN_POINT('Ctrl Pts',(2.04951835674923E-15,-16.7355874214197,
222.261808319554));
#4333=CARTESIAN_POINT('Ctrl Pts',(16.7355874214197,-16.7355874214197,222.261808319554));
#4334=CARTESIAN_POINT('Ctrl Pts',(16.7355874214197,2.04951835674923E-15,
222.261808319554));
#4335=CARTESIAN_POINT('Ctrl Pts',(16.8216646340648,2.06005977504377E-15,
221.682387739395));
#4336=CARTESIAN_POINT('Ctrl Pts',(16.8216646340648,16.8216646340648,221.682387739395));
#4337=CARTESIAN_POINT('Ctrl Pts',(-2.06005977504377E-15,16.8216646340648,
221.682387739395));
#4338=CARTESIAN_POINT('Ctrl Pts',(-16.8216646340648,16.8216646340648,221.682387739395));
#4339=CARTESIAN_POINT('Ctrl Pts',(-16.8216646340648,-2.06005977504377E-15,
221.682387739395));
#4340=CARTESIAN_POINT('Ctrl Pts',(-16.8216646340648,-16.8216646340648,221.682387739395));
#4341=CARTESIAN_POINT('Ctrl Pts',(2.06005977504377E-15,-16.8216646340648,
221.682387739395));
#4342=CARTESIAN_POINT('Ctrl Pts',(16.8216646340648,-16.8216646340648,221.682387739395));
#4343=CARTESIAN_POINT('Ctrl Pts',(16.8216646340648,2.06005977504377E-15,
221.682387739395));
#4344=CARTESIAN_POINT('Ctrl Pts',(16.9075652661447,2.0705795684559E-15,
221.102361038873));
#4345=CARTESIAN_POINT('Ctrl Pts',(16.9075652661447,16.9075652661447,221.102361038873));
#4346=CARTESIAN_POINT('Ctrl Pts',(-2.0705795684559E-15,16.9075652661447,
221.102361038873));
#4347=CARTESIAN_POINT('Ctrl Pts',(-16.9075652661447,16.9075652661447,221.102361038873));
#4348=CARTESIAN_POINT('Ctrl Pts',(-16.9075652661447,-2.0705795684559E-15,
221.102361038873));
#4349=CARTESIAN_POINT('Ctrl Pts',(-16.9075652661447,-16.9075652661447,221.102361038873));
#4350=CARTESIAN_POINT('Ctrl Pts',(2.0705795684559E-15,-16.9075652661447,
221.102361038873));
#4351=CARTESIAN_POINT('Ctrl Pts',(16.9075652661447,-16.9075652661447,221.102361038873));
#4352=CARTESIAN_POINT('Ctrl Pts',(16.9075652661447,2.0705795684559E-15,
221.102361038873));
#4353=CARTESIAN_POINT('Ctrl Pts',(16.9932888014007,2.0810776737622E-15,
220.521736758448));
#4354=CARTESIAN_POINT('Ctrl Pts',(16.9932888014007,16.9932888014007,220.521736758448));
#4355=CARTESIAN_POINT('Ctrl Pts',(-2.0810776737622E-15,16.9932888014007,
220.521736758448));
#4356=CARTESIAN_POINT('Ctrl Pts',(-16.9932888014007,16.9932888014007,220.521736758448));
#4357=CARTESIAN_POINT('Ctrl Pts',(-16.9932888014007,-2.0810776737622E-15,
220.521736758448));
#4358=CARTESIAN_POINT('Ctrl Pts',(-16.9932888014007,-16.9932888014007,220.521736758448));
#4359=CARTESIAN_POINT('Ctrl Pts',(2.0810776737622E-15,-16.9932888014007,
220.521736758448));
#4360=CARTESIAN_POINT('Ctrl Pts',(16.9932888014007,-16.9932888014007,220.521736758448));
#4361=CARTESIAN_POINT('Ctrl Pts',(16.9932888014007,2.0810776737622E-15,
220.521736758448));
#4362=CARTESIAN_POINT('Ctrl Pts',(17.0788347246259,2.09155402786798E-15,
219.940523396907));
#4363=CARTESIAN_POINT('Ctrl Pts',(17.0788347246259,17.0788347246259,219.940523396907));
#4364=CARTESIAN_POINT('Ctrl Pts',(-2.09155402786798E-15,17.0788347246259,
219.940523396907));
#4365=CARTESIAN_POINT('Ctrl Pts',(-17.0788347246259,17.0788347246259,219.940523396907));
#4366=CARTESIAN_POINT('Ctrl Pts',(-17.0788347246259,-2.09155402786798E-15,
219.940523396907));
#4367=CARTESIAN_POINT('Ctrl Pts',(-17.0788347246259,-17.0788347246259,219.940523396907));
#4368=CARTESIAN_POINT('Ctrl Pts',(2.09155402786798E-15,-17.0788347246259,
219.940523396907));
#4369=CARTESIAN_POINT('Ctrl Pts',(17.0788347246259,-17.0788347246259,219.940523396907));
#4370=CARTESIAN_POINT('Ctrl Pts',(17.0788347246259,2.09155402786798E-15,
219.940523396907));
#4371=CARTESIAN_POINT('Ctrl Pts',(17.1642025216372,2.102008567804E-15,219.35872941218));
#4372=CARTESIAN_POINT('Ctrl Pts',(17.1642025216372,17.1642025216372,219.35872941218));
#4373=CARTESIAN_POINT('Ctrl Pts',(-2.102008567804E-15,17.1642025216372,
219.35872941218));
#4374=CARTESIAN_POINT('Ctrl Pts',(-17.1642025216372,17.1642025216372,219.35872941218));
#4375=CARTESIAN_POINT('Ctrl Pts',(-17.1642025216372,-2.102008567804E-15,
219.35872941218));
#4376=CARTESIAN_POINT('Ctrl Pts',(-17.1642025216372,-17.1642025216372,219.35872941218));
#4377=CARTESIAN_POINT('Ctrl Pts',(2.102008567804E-15,-17.1642025216372,
219.35872941218));
#4378=CARTESIAN_POINT('Ctrl Pts',(17.1642025216372,-17.1642025216372,219.35872941218));
#4379=CARTESIAN_POINT('Ctrl Pts',(17.1642025216372,2.102008567804E-15,219.35872941218));
#4380=CARTESIAN_POINT('Ctrl Pts',(17.2493916792498,2.11244123072322E-15,
218.776363222146));
#4381=CARTESIAN_POINT('Ctrl Pts',(17.2493916792497,17.2493916792497,218.776363222146));
#4382=CARTESIAN_POINT('Ctrl Pts',(-2.11244123072322E-15,17.2493916792498,
218.776363222146));
#4383=CARTESIAN_POINT('Ctrl Pts',(-17.2493916792497,17.2493916792497,218.776363222146));
#4384=CARTESIAN_POINT('Ctrl Pts',(-17.2493916792498,-2.11244123072322E-15,
218.776363222146));
#4385=CARTESIAN_POINT('Ctrl Pts',(-17.2493916792497,-17.2493916792497,218.776363222146));
#4386=CARTESIAN_POINT('Ctrl Pts',(2.11244123072322E-15,-17.2493916792498,
218.776363222146));
#4387=CARTESIAN_POINT('Ctrl Pts',(17.2493916792497,-17.2493916792497,218.776363222146));
#4388=CARTESIAN_POINT('Ctrl Pts',(17.2493916792498,2.11244123072322E-15,
218.776363222146));
#4389=CARTESIAN_POINT('Ctrl Pts',(17.3344016852505,2.12285195389765E-15,
218.193433205438));
#4390=CARTESIAN_POINT('Ctrl Pts',(17.3344016852505,17.3344016852505,218.193433205438));
#4391=CARTESIAN_POINT('Ctrl Pts',(-2.12285195389765E-15,17.3344016852505,
218.193433205438));
#4392=CARTESIAN_POINT('Ctrl Pts',(-17.3344016852505,17.3344016852505,218.193433205438));
#4393=CARTESIAN_POINT('Ctrl Pts',(-17.3344016852505,-2.12285195389765E-15,
218.193433205438));
#4394=CARTESIAN_POINT('Ctrl Pts',(-17.3344016852505,-17.3344016852505,218.193433205438));
#4395=CARTESIAN_POINT('Ctrl Pts',(2.12285195389765E-15,-17.3344016852505,
218.193433205438));
#4396=CARTESIAN_POINT('Ctrl Pts',(17.3344016852505,-17.3344016852505,218.193433205438));
#4397=CARTESIAN_POINT('Ctrl Pts',(17.3344016852505,2.12285195389765E-15,
218.193433205438));
#4398=CARTESIAN_POINT('Ctrl Pts',(17.4192320283728,2.13324067471518E-15,
217.609947702254));
#4399=CARTESIAN_POINT('Ctrl Pts',(17.4192320283728,17.4192320283728,217.609947702254));
#4400=CARTESIAN_POINT('Ctrl Pts',(-2.13324067471518E-15,17.4192320283728,
217.609947702254));
#4401=CARTESIAN_POINT('Ctrl Pts',(-17.4192320283728,17.4192320283728,217.609947702254));
#4402=CARTESIAN_POINT('Ctrl Pts',(-17.4192320283728,-2.13324067471518E-15,
217.609947702254));
#4403=CARTESIAN_POINT('Ctrl Pts',(-17.4192320283728,-17.4192320283728,217.609947702254));
#4404=CARTESIAN_POINT('Ctrl Pts',(2.13324067471518E-15,-17.4192320283728,
217.609947702254));
#4405=CARTESIAN_POINT('Ctrl Pts',(17.4192320283728,-17.4192320283728,217.609947702254));
#4406=CARTESIAN_POINT('Ctrl Pts',(17.4192320283728,2.13324067471518E-15,
217.609947702254));
#4407=CARTESIAN_POINT('Ctrl Pts',(17.5038821982715,2.14360733067656E-15,
217.025915015158));
#4408=CARTESIAN_POINT('Ctrl Pts',(17.5038821982715,17.5038821982715,217.025915015158));
#4409=CARTESIAN_POINT('Ctrl Pts',(-2.14360733067656E-15,17.5038821982715,
217.025915015158));
#4410=CARTESIAN_POINT('Ctrl Pts',(-17.5038821982715,17.5038821982715,217.025915015158));
#4411=CARTESIAN_POINT('Ctrl Pts',(-17.5038821982715,-2.14360733067656E-15,
217.025915015158));
#4412=CARTESIAN_POINT('Ctrl Pts',(-17.5038821982715,-17.5038821982715,217.025915015158));
#4413=CARTESIAN_POINT('Ctrl Pts',(2.14360733067656E-15,-17.5038821982715,
217.025915015158));
#4414=CARTESIAN_POINT('Ctrl Pts',(17.5038821982715,-17.5038821982715,217.025915015158));
#4415=CARTESIAN_POINT('Ctrl Pts',(17.5038821982715,2.14360733067656E-15,
217.025915015158));
#4416=CARTESIAN_POINT('Ctrl Pts',(17.588351685498,2.15395185939231E-15,
216.441343409899));
#4417=CARTESIAN_POINT('Ctrl Pts',(17.588351685498,17.588351685498,216.441343409899));
#4418=CARTESIAN_POINT('Ctrl Pts',(-2.15395185939231E-15,17.588351685498,
216.441343409899));
#4419=CARTESIAN_POINT('Ctrl Pts',(-17.588351685498,17.588351685498,216.441343409899));
#4420=CARTESIAN_POINT('Ctrl Pts',(-17.588351685498,-2.15395185939231E-15,
216.441343409899));
#4421=CARTESIAN_POINT('Ctrl Pts',(-17.588351685498,-17.588351685498,216.441343409899));
#4422=CARTESIAN_POINT('Ctrl Pts',(2.15395185939231E-15,-17.588351685498,
216.441343409899));
#4423=CARTESIAN_POINT('Ctrl Pts',(17.588351685498,-17.588351685498,216.441343409899));
#4424=CARTESIAN_POINT('Ctrl Pts',(17.588351685498,2.15395185939231E-15,
216.441343409899));
#4425=CARTESIAN_POINT('Ctrl Pts',(17.6726399814762,2.16427419857983E-15,
215.856241116174));
#4426=CARTESIAN_POINT('Ctrl Pts',(17.6726399814762,17.6726399814762,215.856241116174));
#4427=CARTESIAN_POINT('Ctrl Pts',(-2.16427419857983E-15,17.6726399814762,
215.856241116174));
#4428=CARTESIAN_POINT('Ctrl Pts',(-17.6726399814762,17.6726399814762,215.856241116174));
#4429=CARTESIAN_POINT('Ctrl Pts',(-17.6726399814762,-2.16427419857983E-15,
215.856241116174));
#4430=CARTESIAN_POINT('Ctrl Pts',(-17.6726399814762,-17.6726399814762,215.856241116174));
#4431=CARTESIAN_POINT('Ctrl Pts',(2.16427419857983E-15,-17.6726399814762,
215.856241116174));
#4432=CARTESIAN_POINT('Ctrl Pts',(17.6726399814762,-17.6726399814762,215.856241116174));
#4433=CARTESIAN_POINT('Ctrl Pts',(17.6726399814762,2.16427419857983E-15,
215.856241116174));
#4434=CARTESIAN_POINT('Ctrl Pts',(17.7567465784781,2.17457428606039E-15,
215.270616328342));
#4435=CARTESIAN_POINT('Ctrl Pts',(17.7567465784781,17.7567465784781,215.270616328342));
#4436=CARTESIAN_POINT('Ctrl Pts',(-2.17457428606039E-15,17.7567465784781,
215.270616328342));
#4437=CARTESIAN_POINT('Ctrl Pts',(-17.7567465784781,17.7567465784781,215.270616328342));
#4438=CARTESIAN_POINT('Ctrl Pts',(-17.7567465784781,-2.17457428606039E-15,
215.270616328342));
#4439=CARTESIAN_POINT('Ctrl Pts',(-17.7567465784781,-17.7567465784781,215.270616328342));
#4440=CARTESIAN_POINT('Ctrl Pts',(2.17457428606039E-15,-17.7567465784781,
215.270616328342));
#4441=CARTESIAN_POINT('Ctrl Pts',(17.7567465784781,-17.7567465784781,215.270616328342));
#4442=CARTESIAN_POINT('Ctrl Pts',(17.7567465784781,2.17457428606039E-15,
215.270616328342));
#4443=CARTESIAN_POINT('Ctrl Pts',(17.8406709696011,2.18485205975631E-15,
214.684477206154));
#4444=CARTESIAN_POINT('Ctrl Pts',(17.8406709696011,17.8406709696011,214.684477206154));
#4445=CARTESIAN_POINT('Ctrl Pts',(-2.18485205975631E-15,17.8406709696011,
214.684477206154));
#4446=CARTESIAN_POINT('Ctrl Pts',(-17.8406709696011,17.8406709696011,214.684477206154));
#4447=CARTESIAN_POINT('Ctrl Pts',(-17.8406709696011,-2.18485205975631E-15,
214.684477206154));
#4448=CARTESIAN_POINT('Ctrl Pts',(-17.8406709696011,-17.8406709696011,214.684477206154));
#4449=CARTESIAN_POINT('Ctrl Pts',(2.18485205975631E-15,-17.8406709696011,
214.684477206154));
#4450=CARTESIAN_POINT('Ctrl Pts',(17.8406709696011,-17.8406709696011,214.684477206154));
#4451=CARTESIAN_POINT('Ctrl Pts',(17.8406709696011,2.18485205975631E-15,
214.684477206154));
#4452=CARTESIAN_POINT('Ctrl Pts',(17.9244126487444,2.19510745768812E-15,
214.097831875476));
#4453=CARTESIAN_POINT('Ctrl Pts',(17.9244126487444,17.9244126487444,214.097831875476));
#4454=CARTESIAN_POINT('Ctrl Pts',(-2.19510745768812E-15,17.9244126487444,
214.097831875476));
#4455=CARTESIAN_POINT('Ctrl Pts',(-17.9244126487444,17.9244126487444,214.097831875476));
#4456=CARTESIAN_POINT('Ctrl Pts',(-17.9244126487444,-2.19510745768812E-15,
214.097831875476));
#4457=CARTESIAN_POINT('Ctrl Pts',(-17.9244126487444,-17.9244126487444,214.097831875476));
#4458=CARTESIAN_POINT('Ctrl Pts',(2.19510745768812E-15,-17.9244126487444,
214.097831875476));
#4459=CARTESIAN_POINT('Ctrl Pts',(17.9244126487444,-17.9244126487444,214.097831875476));
#4460=CARTESIAN_POINT('Ctrl Pts',(17.9244126487444,2.19510745768812E-15,
214.097831875476));
#4461=CARTESIAN_POINT('Ctrl Pts',(18.0079711105867,2.2053404179718E-15,
213.510688429023));
#4462=CARTESIAN_POINT('Ctrl Pts',(18.0079711105867,18.0079711105867,213.510688429023));
#4463=CARTESIAN_POINT('Ctrl Pts',(-2.2053404179718E-15,18.0079711105867,
213.510688429023));
#4464=CARTESIAN_POINT('Ctrl Pts',(-18.0079711105867,18.0079711105867,213.510688429023));
#4465=CARTESIAN_POINT('Ctrl Pts',(-18.0079711105867,-2.2053404179718E-15,
213.510688429023));
#4466=CARTESIAN_POINT('Ctrl Pts',(-18.0079711105867,-18.0079711105867,213.510688429023));
#4467=CARTESIAN_POINT('Ctrl Pts',(2.2053404179718E-15,-18.0079711105867,
213.510688429023));
#4468=CARTESIAN_POINT('Ctrl Pts',(18.0079711105867,-18.0079711105867,213.510688429023));
#4469=CARTESIAN_POINT('Ctrl Pts',(18.0079711105867,2.2053404179718E-15,
213.510688429023));
#4470=CARTESIAN_POINT('Ctrl Pts',(18.0913458505635,2.21555087881603E-15,
212.923054927084));
#4471=CARTESIAN_POINT('Ctrl Pts',(18.0913458505635,18.0913458505635,212.923054927084));
#4472=CARTESIAN_POINT('Ctrl Pts',(-2.21555087881603E-15,18.0913458505635,
212.923054927084));
#4473=CARTESIAN_POINT('Ctrl Pts',(-18.0913458505635,18.0913458505635,212.923054927084));
#4474=CARTESIAN_POINT('Ctrl Pts',(-18.0913458505635,-2.21555087881603E-15,
212.923054927084));
#4475=CARTESIAN_POINT('Ctrl Pts',(-18.0913458505635,-18.0913458505635,212.923054927084));
#4476=CARTESIAN_POINT('Ctrl Pts',(2.21555087881603E-15,-18.0913458505635,
212.923054927084));
#4477=CARTESIAN_POINT('Ctrl Pts',(18.0913458505635,-18.0913458505635,212.923054927084));
#4478=CARTESIAN_POINT('Ctrl Pts',(18.0913458505635,2.21555087881603E-15,
212.923054927084));
#4479=CARTESIAN_POINT('Ctrl Pts',(18.1745363648453,2.2257387785195E-15,
212.334939398234));
#4480=CARTESIAN_POINT('Ctrl Pts',(18.1745363648453,18.1745363648453,212.334939398234));
#4481=CARTESIAN_POINT('Ctrl Pts',(-2.2257387785195E-15,18.1745363648453,
212.334939398234));
#4482=CARTESIAN_POINT('Ctrl Pts',(-18.1745363648453,18.1745363648453,212.334939398234));
#4483=CARTESIAN_POINT('Ctrl Pts',(-18.1745363648453,-2.2257387785195E-15,
212.334939398234));
#4484=CARTESIAN_POINT('Ctrl Pts',(-18.1745363648453,-18.1745363648453,212.334939398234));
#4485=CARTESIAN_POINT('Ctrl Pts',(2.2257387785195E-15,-18.1745363648453,
212.334939398234));
#4486=CARTESIAN_POINT('Ctrl Pts',(18.1745363648453,-18.1745363648453,212.334939398234));
#4487=CARTESIAN_POINT('Ctrl Pts',(18.1745363648453,2.2257387785195E-15,
212.334939398234));
#4488=CARTESIAN_POINT('Ctrl Pts',(18.2575421503157,2.23590405546819E-15,
211.74634983999));
#4489=CARTESIAN_POINT('Ctrl Pts',(18.2575421503156,18.2575421503157,211.74634983999));
#4490=CARTESIAN_POINT('Ctrl Pts',(-2.23590405546819E-15,18.2575421503157,
211.74634983999));
#4491=CARTESIAN_POINT('Ctrl Pts',(-18.2575421503157,18.2575421503156,211.74634983999));
#4492=CARTESIAN_POINT('Ctrl Pts',(-18.2575421503157,-2.23590405546819E-15,
211.74634983999));
#4493=CARTESIAN_POINT('Ctrl Pts',(-18.2575421503156,-18.2575421503157,211.74634983999));
#4494=CARTESIAN_POINT('Ctrl Pts',(2.23590405546819E-15,-18.2575421503157,
211.74634983999));
#4495=CARTESIAN_POINT('Ctrl Pts',(18.2575421503157,-18.2575421503156,211.74634983999));
#4496=CARTESIAN_POINT('Ctrl Pts',(18.2575421503157,2.23590405546819E-15,
211.74634983999));
#4497=CARTESIAN_POINT('Ctrl Pts',(18.3403627045492,2.24604664813277E-15,
211.157294219465));
#4498=CARTESIAN_POINT('Ctrl Pts',(18.3403627045492,18.3403627045492,211.157294219465));
#4499=CARTESIAN_POINT('Ctrl Pts',(-2.24604664813277E-15,18.3403627045492,
211.157294219465));
#4500=CARTESIAN_POINT('Ctrl Pts',(-18.3403627045492,18.3403627045492,211.157294219465));
#4501=CARTESIAN_POINT('Ctrl Pts',(-18.3403627045492,-2.24604664813277E-15,
211.157294219465));
#4502=CARTESIAN_POINT('Ctrl Pts',(-18.3403627045492,-18.3403627045492,211.157294219465));
#4503=CARTESIAN_POINT('Ctrl Pts',(2.24604664813277E-15,-18.3403627045492,
211.157294219465));
#4504=CARTESIAN_POINT('Ctrl Pts',(18.3403627045492,-18.3403627045492,211.157294219465));
#4505=CARTESIAN_POINT('Ctrl Pts',(18.3403627045492,2.24604664813277E-15,
211.157294219465));
#4506=CARTESIAN_POINT('Ctrl Pts',(18.4229975257907,2.25616649506592E-15,
210.567780474028));
#4507=CARTESIAN_POINT('Ctrl Pts',(18.4229975257907,18.4229975257907,210.567780474028));
#4508=CARTESIAN_POINT('Ctrl Pts',(-2.25616649506592E-15,18.4229975257907,
210.567780474028));
#4509=CARTESIAN_POINT('Ctrl Pts',(-18.4229975257907,18.4229975257907,210.567780474028));
#4510=CARTESIAN_POINT('Ctrl Pts',(-18.4229975257907,-2.25616649506592E-15,
210.567780474028));
#4511=CARTESIAN_POINT('Ctrl Pts',(-18.4229975257907,-18.4229975257907,210.567780474028));
#4512=CARTESIAN_POINT('Ctrl Pts',(2.25616649506592E-15,-18.4229975257907,
210.567780474028));
#4513=CARTESIAN_POINT('Ctrl Pts',(18.4229975257907,-18.4229975257907,210.567780474028));
#4514=CARTESIAN_POINT('Ctrl Pts',(18.4229975257907,2.25616649506592E-15,
210.567780474028));
#4515=CARTESIAN_POINT('Ctrl Pts',(18.5054461129344,2.2662635348999E-15,
209.977816511964));
#4516=CARTESIAN_POINT('Ctrl Pts',(18.5054461129344,18.5054461129344,209.977816511964));
#4517=CARTESIAN_POINT('Ctrl Pts',(-2.2662635348999E-15,18.5054461129344,
209.977816511964));
#4518=CARTESIAN_POINT('Ctrl Pts',(-18.5054461129344,18.5054461129344,209.977816511964));
#4519=CARTESIAN_POINT('Ctrl Pts',(-18.5054461129344,-2.2662635348999E-15,
209.977816511964));
#4520=CARTESIAN_POINT('Ctrl Pts',(-18.5054461129344,-18.5054461129344,209.977816511964));
#4521=CARTESIAN_POINT('Ctrl Pts',(2.2662635348999E-15,-18.5054461129344,
209.977816511964));
#4522=CARTESIAN_POINT('Ctrl Pts',(18.5054461129344,-18.5054461129344,209.977816511964));
#4523=CARTESIAN_POINT('Ctrl Pts',(18.5054461129344,2.2662635348999E-15,
209.977816511964));
#4524=CARTESIAN_POINT('Ctrl Pts',(18.5877079655042,2.27633770634404E-15,
209.387410213128));
#4525=CARTESIAN_POINT('Ctrl Pts',(18.5877079655042,18.5877079655042,209.387410213128));
#4526=CARTESIAN_POINT('Ctrl Pts',(-2.27633770634404E-15,18.5877079655042,
209.387410213128));
#4527=CARTESIAN_POINT('Ctrl Pts',(-18.5877079655042,18.5877079655042,209.387410213128));
#4528=CARTESIAN_POINT('Ctrl Pts',(-18.5877079655042,-2.27633770634404E-15,
209.387410213128));
#4529=CARTESIAN_POINT('Ctrl Pts',(-18.5877079655042,-18.5877079655042,209.387410213128));
#4530=CARTESIAN_POINT('Ctrl Pts',(2.27633770634404E-15,-18.5877079655042,
209.387410213128));
#4531=CARTESIAN_POINT('Ctrl Pts',(18.5877079655042,-18.5877079655042,209.387410213128));
#4532=CARTESIAN_POINT('Ctrl Pts',(18.5877079655042,2.27633770634404E-15,
209.387410213128));
#4533=CARTESIAN_POINT('Ctrl Pts',(18.6697825836331,2.28638894818233E-15,
208.796569429613));
#4534=CARTESIAN_POINT('Ctrl Pts',(18.6697825836331,18.6697825836331,208.796569429613));
#4535=CARTESIAN_POINT('Ctrl Pts',(-2.28638894818233E-15,18.6697825836331,
208.796569429613));
#4536=CARTESIAN_POINT('Ctrl Pts',(-18.6697825836331,18.6697825836331,208.796569429613));
#4537=CARTESIAN_POINT('Ctrl Pts',(-18.6697825836331,-2.28638894818233E-15,
208.796569429613));
#4538=CARTESIAN_POINT('Ctrl Pts',(-18.6697825836331,-18.6697825836331,208.796569429613));
#4539=CARTESIAN_POINT('Ctrl Pts',(2.28638894818233E-15,-18.6697825836331,
208.796569429613));
#4540=CARTESIAN_POINT('Ctrl Pts',(18.6697825836331,-18.6697825836331,208.796569429613));
#4541=CARTESIAN_POINT('Ctrl Pts',(18.6697825836331,2.28638894818233E-15,
208.796569429613));
#4542=CARTESIAN_POINT('Ctrl Pts',(18.7516694680439,2.29641719927091E-15,
208.205301986359));
#4543=CARTESIAN_POINT('Ctrl Pts',(18.7516694680439,18.7516694680439,208.205301986359));
#4544=CARTESIAN_POINT('Ctrl Pts',(-2.29641719927091E-15,18.7516694680439,
208.205301986359));
#4545=CARTESIAN_POINT('Ctrl Pts',(-18.7516694680439,18.7516694680439,208.205301986359));
#4546=CARTESIAN_POINT('Ctrl Pts',(-18.7516694680439,-2.29641719927091E-15,
208.205301986359));
#4547=CARTESIAN_POINT('Ctrl Pts',(-18.7516694680439,-18.7516694680439,208.205301986359));
#4548=CARTESIAN_POINT('Ctrl Pts',(2.29641719927091E-15,-18.7516694680439,
208.205301986359));
#4549=CARTESIAN_POINT('Ctrl Pts',(18.7516694680439,-18.7516694680439,208.205301986359));
#4550=CARTESIAN_POINT('Ctrl Pts',(18.7516694680439,2.29641719927091E-15,
208.205301986359));
#4551=CARTESIAN_POINT('Ctrl Pts',(18.8333681200294,2.30642239853578E-15,
207.613615681754));
#4552=CARTESIAN_POINT('Ctrl Pts',(18.8333681200294,18.8333681200294,207.613615681754));
#4553=CARTESIAN_POINT('Ctrl Pts',(-2.30642239853578E-15,18.8333681200294,
207.613615681754));
#4554=CARTESIAN_POINT('Ctrl Pts',(-18.8333681200294,18.8333681200294,207.613615681754));
#4555=CARTESIAN_POINT('Ctrl Pts',(-18.8333681200294,-2.30642239853578E-15,
207.613615681754));
#4556=CARTESIAN_POINT('Ctrl Pts',(-18.8333681200294,-18.8333681200294,207.613615681754));
#4557=CARTESIAN_POINT('Ctrl Pts',(2.30642239853578E-15,-18.8333681200294,
207.613615681754));
#4558=CARTESIAN_POINT('Ctrl Pts',(18.8333681200294,-18.8333681200294,207.613615681754));
#4559=CARTESIAN_POINT('Ctrl Pts',(18.8333681200294,2.30642239853578E-15,
207.613615681754));
#4560=CARTESIAN_POINT('Ctrl Pts',(18.9148780414325,2.31640448497029E-15,
207.021518288237));
#4561=CARTESIAN_POINT('Ctrl Pts',(18.9148780414325,18.9148780414325,207.021518288237));
#4562=CARTESIAN_POINT('Ctrl Pts',(-2.31640448497029E-15,18.9148780414325,
207.021518288237));
#4563=CARTESIAN_POINT('Ctrl Pts',(-18.9148780414325,18.9148780414325,207.021518288237));
#4564=CARTESIAN_POINT('Ctrl Pts',(-18.9148780414325,-2.31640448497029E-15,
207.021518288237));
#4565=CARTESIAN_POINT('Ctrl Pts',(-18.9148780414325,-18.9148780414325,207.021518288237));
#4566=CARTESIAN_POINT('Ctrl Pts',(2.31640448497029E-15,-18.9148780414325,
207.021518288237));
#4567=CARTESIAN_POINT('Ctrl Pts',(18.9148780414325,-18.9148780414325,207.021518288237));
#4568=CARTESIAN_POINT('Ctrl Pts',(18.9148780414325,2.31640448497029E-15,
207.021518288237));
#4569=CARTESIAN_POINT('Ctrl Pts',(18.9961987346278,2.32636339763289E-15,
206.4290175529));
#4570=CARTESIAN_POINT('Ctrl Pts',(18.9961987346278,18.9961987346278,206.4290175529));
#4571=CARTESIAN_POINT('Ctrl Pts',(-2.32636339763289E-15,18.9961987346278,
206.4290175529));
#4572=CARTESIAN_POINT('Ctrl Pts',(-18.9961987346278,18.9961987346278,206.4290175529));
#4573=CARTESIAN_POINT('Ctrl Pts',(-18.9961987346278,-2.32636339763289E-15,
206.4290175529));
#4574=CARTESIAN_POINT('Ctrl Pts',(-18.9961987346278,-18.9961987346278,206.4290175529));
#4575=CARTESIAN_POINT('Ctrl Pts',(2.32636339763289E-15,-18.9961987346278,
206.4290175529));
#4576=CARTESIAN_POINT('Ctrl Pts',(18.9961987346278,-18.9961987346278,206.4290175529));
#4577=CARTESIAN_POINT('Ctrl Pts',(18.9961987346278,2.32636339763289E-15,
206.4290175529));
#4578=CARTESIAN_POINT('Ctrl Pts',(19.0773297025024,2.33629907564483E-15,
205.836121198087));
#4579=CARTESIAN_POINT('Ctrl Pts',(19.0773297025024,19.0773297025024,205.836121198087));
#4580=CARTESIAN_POINT('Ctrl Pts',(-2.33629907564483E-15,19.0773297025024,
205.836121198087));
#4581=CARTESIAN_POINT('Ctrl Pts',(-19.0773297025024,19.0773297025024,205.836121198087));
#4582=CARTESIAN_POINT('Ctrl Pts',(-19.0773297025024,-2.33629907564483E-15,
205.836121198087));
#4583=CARTESIAN_POINT('Ctrl Pts',(-19.0773297025024,-19.0773297025024,205.836121198087));
#4584=CARTESIAN_POINT('Ctrl Pts',(2.33629907564483E-15,-19.0773297025024,
205.836121198087));
#4585=CARTESIAN_POINT('Ctrl Pts',(19.0773297025024,-19.0773297025024,205.836121198087));
#4586=CARTESIAN_POINT('Ctrl Pts',(19.0773297025024,2.33629907564483E-15,
205.836121198087));
#4587=CARTESIAN_POINT('Ctrl Pts',(19.1582704484381,2.34621145818791E-15,
205.242836922002));
#4588=CARTESIAN_POINT('Ctrl Pts',(19.1582704484381,19.1582704484381,205.242836922002));
#4589=CARTESIAN_POINT('Ctrl Pts',(-2.34621145818791E-15,19.1582704484381,
205.242836922002));
#4590=CARTESIAN_POINT('Ctrl Pts',(-19.1582704484381,19.1582704484381,205.242836922002));
#4591=CARTESIAN_POINT('Ctrl Pts',(-19.1582704484381,-2.34621145818791E-15,
205.242836922002));
#4592=CARTESIAN_POINT('Ctrl Pts',(-19.1582704484381,-19.1582704484381,205.242836922002));
#4593=CARTESIAN_POINT('Ctrl Pts',(2.34621145818791E-15,-19.1582704484381,
205.242836922002));
#4594=CARTESIAN_POINT('Ctrl Pts',(19.1582704484381,-19.1582704484381,205.242836922002));
#4595=CARTESIAN_POINT('Ctrl Pts',(19.1582704484381,2.34621145818791E-15,
205.242836922002));
#4596=CARTESIAN_POINT('Ctrl Pts',(19.239020476293,2.35610048450226E-15,
204.649172399292));
#4597=CARTESIAN_POINT('Ctrl Pts',(19.239020476293,19.239020476293,204.649172399292));
#4598=CARTESIAN_POINT('Ctrl Pts',(-2.35610048450226E-15,19.239020476293,
204.649172399292));
#4599=CARTESIAN_POINT('Ctrl Pts',(-19.239020476293,19.239020476293,204.649172399292));
#4600=CARTESIAN_POINT('Ctrl Pts',(-19.239020476293,-2.35610048450226E-15,
204.649172399292));
#4601=CARTESIAN_POINT('Ctrl Pts',(-19.239020476293,-19.239020476293,204.649172399292));
#4602=CARTESIAN_POINT('Ctrl Pts',(2.35610048450226E-15,-19.239020476293,
204.649172399292));
#4603=CARTESIAN_POINT('Ctrl Pts',(19.239020476293,-19.239020476293,204.649172399292));
#4604=CARTESIAN_POINT('Ctrl Pts',(19.239020476293,2.35610048450226E-15,
204.649172399292));
#4605=CARTESIAN_POINT('Ctrl Pts',(19.3195792903826,2.36596609388405E-15,
204.055135281592));
#4606=CARTESIAN_POINT('Ctrl Pts',(19.3195792903826,19.3195792903826,204.055135281592));
#4607=CARTESIAN_POINT('Ctrl Pts',(-2.36596609388405E-15,19.3195792903826,
204.055135281592));
#4608=CARTESIAN_POINT('Ctrl Pts',(-19.3195792903826,19.3195792903826,204.055135281592));
#4609=CARTESIAN_POINT('Ctrl Pts',(-19.3195792903826,-2.36596609388405E-15,
204.055135281592));
#4610=CARTESIAN_POINT('Ctrl Pts',(-19.3195792903826,-19.3195792903826,204.055135281592));
#4611=CARTESIAN_POINT('Ctrl Pts',(2.36596609388405E-15,-19.3195792903826,
204.055135281592));
#4612=CARTESIAN_POINT('Ctrl Pts',(19.3195792903826,-19.3195792903826,204.055135281592));
#4613=CARTESIAN_POINT('Ctrl Pts',(19.3195792903826,2.36596609388405E-15,
204.055135281592));
#4614=CARTESIAN_POINT('Ctrl Pts',(19.3999463954617,2.37580822568324E-15,
203.46073319808));
#4615=CARTESIAN_POINT('Ctrl Pts',(19.3999463954617,19.3999463954617,203.46073319808));
#4616=CARTESIAN_POINT('Ctrl Pts',(-2.37580822568324E-15,19.3999463954617,
203.46073319808));
#4617=CARTESIAN_POINT('Ctrl Pts',(-19.3999463954617,19.3999463954617,203.46073319808));
#4618=CARTESIAN_POINT('Ctrl Pts',(-19.3999463954617,-2.37580822568324E-15,
203.46073319808));
#4619=CARTESIAN_POINT('Ctrl Pts',(-19.3999463954617,-19.3999463954617,203.46073319808));
#4620=CARTESIAN_POINT('Ctrl Pts',(2.37580822568324E-15,-19.3999463954617,
203.46073319808));
#4621=CARTESIAN_POINT('Ctrl Pts',(19.3999463954617,-19.3999463954617,203.46073319808));
#4622=CARTESIAN_POINT('Ctrl Pts',(19.3999463954617,2.37580822568324E-15,
203.46073319808));
#4623=CARTESIAN_POINT('Ctrl Pts',(19.4801212967071,2.38562681930145E-15,
202.865973756036));
#4624=CARTESIAN_POINT('Ctrl Pts',(19.4801212967071,19.4801212967071,202.865973756036));
#4625=CARTESIAN_POINT('Ctrl Pts',(-2.38562681930145E-15,19.4801212967071,
202.865973756036));
#4626=CARTESIAN_POINT('Ctrl Pts',(-19.4801212967071,19.4801212967071,202.865973756036));
#4627=CARTESIAN_POINT('Ctrl Pts',(-19.4801212967071,-2.38562681930145E-15,
202.865973756036));
#4628=CARTESIAN_POINT('Ctrl Pts',(-19.4801212967071,-19.4801212967071,202.865973756036));
#4629=CARTESIAN_POINT('Ctrl Pts',(2.38562681930145E-15,-19.4801212967071,
202.865973756036));
#4630=CARTESIAN_POINT('Ctrl Pts',(19.4801212967071,-19.4801212967071,202.865973756036));
#4631=CARTESIAN_POINT('Ctrl Pts',(19.4801212967071,2.38562681930145E-15,
202.865973756036));
#4632=CARTESIAN_POINT('Ctrl Pts',(19.5601034997001,2.39542181418987E-15,
202.270864541393));
#4633=CARTESIAN_POINT('Ctrl Pts',(19.5601034997001,19.5601034997001,202.270864541393));
#4634=CARTESIAN_POINT('Ctrl Pts',(-2.39542181418987E-15,19.5601034997001,
202.270864541393));
#4635=CARTESIAN_POINT('Ctrl Pts',(-19.5601034997001,19.5601034997001,202.270864541393));
#4636=CARTESIAN_POINT('Ctrl Pts',(-19.5601034997001,-2.39542181418987E-15,
202.270864541393));
#4637=CARTESIAN_POINT('Ctrl Pts',(-19.5601034997001,-19.5601034997001,202.270864541393));
#4638=CARTESIAN_POINT('Ctrl Pts',(2.39542181418987E-15,-19.5601034997001,
202.270864541393));
#4639=CARTESIAN_POINT('Ctrl Pts',(19.5601034997001,-19.5601034997001,202.270864541393));
#4640=CARTESIAN_POINT('Ctrl Pts',(19.5601034997001,2.39542181418987E-15,
202.270864541393));
#4641=CARTESIAN_POINT('Ctrl Pts',(19.63989251041,2.40519314984717E-15,201.675413119297));
#4642=CARTESIAN_POINT('Ctrl Pts',(19.63989251041,19.63989251041,201.675413119297));
#4643=CARTESIAN_POINT('Ctrl Pts',(-2.40519314984717E-15,19.63989251041,
201.675413119297));
#4644=CARTESIAN_POINT('Ctrl Pts',(-19.63989251041,19.63989251041,201.675413119297));
#4645=CARTESIAN_POINT('Ctrl Pts',(-19.63989251041,-2.40519314984717E-15,
201.675413119297));
#4646=CARTESIAN_POINT('Ctrl Pts',(-19.63989251041,-19.63989251041,201.675413119297));
#4647=CARTESIAN_POINT('Ctrl Pts',(2.40519314984717E-15,-19.63989251041,
201.675413119297));
#4648=CARTESIAN_POINT('Ctrl Pts',(19.63989251041,-19.63989251041,201.675413119297));
#4649=CARTESIAN_POINT('Ctrl Pts',(19.63989251041,2.40519314984717E-15,201.675413119297));
#4650=CARTESIAN_POINT('Ctrl Pts',(19.7194878351774,2.41494076581752E-15,
201.079627034666));
#4651=CARTESIAN_POINT('Ctrl Pts',(19.7194878351774,19.7194878351774,201.079627034666));
#4652=CARTESIAN_POINT('Ctrl Pts',(-2.41494076581752E-15,19.7194878351774,
201.079627034666));
#4653=CARTESIAN_POINT('Ctrl Pts',(-19.7194878351774,19.7194878351774,201.079627034666));
#4654=CARTESIAN_POINT('Ctrl Pts',(-19.7194878351774,-2.41494076581752E-15,
201.079627034666));
#4655=CARTESIAN_POINT('Ctrl Pts',(-19.7194878351774,-19.7194878351774,201.079627034666));
#4656=CARTESIAN_POINT('Ctrl Pts',(2.41494076581752E-15,-19.7194878351774,
201.079627034666));
#4657=CARTESIAN_POINT('Ctrl Pts',(19.7194878351774,-19.7194878351774,201.079627034666));
#4658=CARTESIAN_POINT('Ctrl Pts',(19.7194878351774,2.41494076581752E-15,
201.079627034666));
#4659=CARTESIAN_POINT('Ctrl Pts',(19.7988889806978,2.42466460168854E-15,
200.4835138127));
#4660=CARTESIAN_POINT('Ctrl Pts',(19.7988889806978,19.7988889806978,200.4835138127));
#4661=CARTESIAN_POINT('Ctrl Pts',(-2.42466460168854E-15,19.7988889806978,
200.4835138127));
#4662=CARTESIAN_POINT('Ctrl Pts',(-19.7988889806978,19.7988889806978,200.4835138127));
#4663=CARTESIAN_POINT('Ctrl Pts',(-19.7988889806978,-2.42466460168854E-15,
200.4835138127));
#4664=CARTESIAN_POINT('Ctrl Pts',(-19.7988889806978,-19.7988889806978,200.4835138127));
#4665=CARTESIAN_POINT('Ctrl Pts',(2.42466460168854E-15,-19.7988889806978,
200.4835138127));
#4666=CARTESIAN_POINT('Ctrl Pts',(19.7988889806978,-19.7988889806978,200.4835138127));
#4667=CARTESIAN_POINT('Ctrl Pts',(19.7988889806978,2.42466460168854E-15,
200.4835138127));
#4668=CARTESIAN_POINT('Ctrl Pts',(19.8780954540039,2.43436459708914E-15,
199.887080959403));
#4669=CARTESIAN_POINT('Ctrl Pts',(19.8780954540039,19.8780954540039,199.887080959403));
#4670=CARTESIAN_POINT('Ctrl Pts',(-2.43436459708914E-15,19.8780954540039,
199.887080959403));
#4671=CARTESIAN_POINT('Ctrl Pts',(-19.8780954540039,19.8780954540039,199.887080959403));
#4672=CARTESIAN_POINT('Ctrl Pts',(-19.8780954540039,-2.43436459708914E-15,
199.887080959403));
#4673=CARTESIAN_POINT('Ctrl Pts',(-19.8780954540039,-19.8780954540039,199.887080959403));
#4674=CARTESIAN_POINT('Ctrl Pts',(2.43436459708914E-15,-19.8780954540039,
199.887080959403));
#4675=CARTESIAN_POINT('Ctrl Pts',(19.8780954540039,-19.8780954540039,199.887080959403));
#4676=CARTESIAN_POINT('Ctrl Pts',(19.8780954540039,2.43436459708914E-15,
199.887080959403));
#4677=CARTESIAN_POINT('Ctrl Pts',(19.9571067624494,2.44404069168756E-15,
199.290335962094));
#4678=CARTESIAN_POINT('Ctrl Pts',(19.9571067624494,19.9571067624494,199.290335962094));
#4679=CARTESIAN_POINT('Ctrl Pts',(-2.44404069168756E-15,19.9571067624494,
199.290335962094));
#4680=CARTESIAN_POINT('Ctrl Pts',(-19.9571067624494,19.9571067624494,199.290335962094));
#4681=CARTESIAN_POINT('Ctrl Pts',(-19.9571067624494,-2.44404069168756E-15,
199.290335962094));
#4682=CARTESIAN_POINT('Ctrl Pts',(-19.9571067624494,-19.9571067624494,199.290335962094));
#4683=CARTESIAN_POINT('Ctrl Pts',(2.44404069168756E-15,-19.9571067624494,
199.290335962094));
#4684=CARTESIAN_POINT('Ctrl Pts',(19.9571067624494,-19.9571067624494,199.290335962094));
#4685=CARTESIAN_POINT('Ctrl Pts',(19.9571067624494,2.44404069168756E-15,
199.290335962094));
#4686=CARTESIAN_POINT('Ctrl Pts',(20.0359224136928,2.45369282518936E-15,
198.693286289926));
#4687=CARTESIAN_POINT('Ctrl Pts',(20.0359224136928,20.0359224136928,198.693286289926));
#4688=CARTESIAN_POINT('Ctrl Pts',(-2.45369282518936E-15,20.0359224136928,
198.693286289926));
#4689=CARTESIAN_POINT('Ctrl Pts',(-20.0359224136928,20.0359224136928,198.693286289926));
#4690=CARTESIAN_POINT('Ctrl Pts',(-20.0359224136928,-2.45369282518936E-15,
198.693286289926));
#4691=CARTESIAN_POINT('Ctrl Pts',(-20.0359224136928,-20.0359224136928,198.693286289926));
#4692=CARTESIAN_POINT('Ctrl Pts',(2.45369282518936E-15,-20.0359224136928,
198.693286289926));
#4693=CARTESIAN_POINT('Ctrl Pts',(20.0359224136928,-20.0359224136928,198.693286289926));
#4694=CARTESIAN_POINT('Ctrl Pts',(20.0359224136928,2.45369282518936E-15,
198.693286289926));
#4695=CARTESIAN_POINT('Ctrl Pts',(20.1145419156815,2.46332093733546E-15,
198.095939394397));
#4696=CARTESIAN_POINT('Ctrl Pts',(20.1145419156815,20.1145419156815,198.095939394397));
#4697=CARTESIAN_POINT('Ctrl Pts',(-2.46332093733546E-15,20.1145419156815,
198.095939394397));
#4698=CARTESIAN_POINT('Ctrl Pts',(-20.1145419156815,20.1145419156815,198.095939394397));
#4699=CARTESIAN_POINT('Ctrl Pts',(-20.1145419156815,-2.46332093733546E-15,
198.095939394397));
#4700=CARTESIAN_POINT('Ctrl Pts',(-20.1145419156815,-20.1145419156815,198.095939394397));
#4701=CARTESIAN_POINT('Ctrl Pts',(2.46332093733546E-15,-20.1145419156815,
198.095939394397));
#4702=CARTESIAN_POINT('Ctrl Pts',(20.1145419156815,-20.1145419156815,198.095939394397));
#4703=CARTESIAN_POINT('Ctrl Pts',(20.1145419156815,2.46332093733546E-15,
198.095939394397));
#4704=CARTESIAN_POINT('Ctrl Pts',(20.1929647766366,2.47292496790033E-15,
197.498302709876));
#4705=CARTESIAN_POINT('Ctrl Pts',(20.1929647766366,20.1929647766366,197.498302709876));
#4706=CARTESIAN_POINT('Ctrl Pts',(-2.47292496790033E-15,20.1929647766366,
197.498302709876));
#4707=CARTESIAN_POINT('Ctrl Pts',(-20.1929647766366,20.1929647766366,197.498302709876));
#4708=CARTESIAN_POINT('Ctrl Pts',(-20.1929647766366,-2.47292496790033E-15,
197.498302709876));
#4709=CARTESIAN_POINT('Ctrl Pts',(-20.1929647766366,-20.1929647766366,197.498302709876));
#4710=CARTESIAN_POINT('Ctrl Pts',(2.47292496790033E-15,-20.1929647766366,
197.498302709876));
#4711=CARTESIAN_POINT('Ctrl Pts',(20.1929647766366,-20.1929647766366,197.498302709876));
#4712=CARTESIAN_POINT('Ctrl Pts',(20.1929647766366,2.47292496790033E-15,
197.498302709876));
#4713=CARTESIAN_POINT('Ctrl Pts',(20.2711905050369,2.48250485668997E-15,
196.900383654098));
#4714=CARTESIAN_POINT('Ctrl Pts',(20.2711905050369,20.2711905050369,196.900383654098));
#4715=CARTESIAN_POINT('Ctrl Pts',(-2.48250485668997E-15,20.2711905050369,
196.900383654098));
#4716=CARTESIAN_POINT('Ctrl Pts',(-20.2711905050369,20.2711905050369,196.900383654098));
#4717=CARTESIAN_POINT('Ctrl Pts',(-20.2711905050369,-2.48250485668997E-15,
196.900383654098));
#4718=CARTESIAN_POINT('Ctrl Pts',(-20.2711905050369,-20.2711905050369,196.900383654098));
#4719=CARTESIAN_POINT('Ctrl Pts',(2.48250485668997E-15,-20.2711905050369,
196.900383654098));
#4720=CARTESIAN_POINT('Ctrl Pts',(20.2711905050369,-20.2711905050369,196.900383654098));
#4721=CARTESIAN_POINT('Ctrl Pts',(20.2711905050369,2.48250485668997E-15,
196.900383654098));
#4722=CARTESIAN_POINT('Ctrl Pts',(20.349218609603,2.49206054354001E-15,
196.302189628647));
#4723=CARTESIAN_POINT('Ctrl Pts',(20.349218609603,20.349218609603,196.302189628647));
#4724=CARTESIAN_POINT('Ctrl Pts',(-2.49206054354001E-15,20.349218609603,
196.302189628647));
#4725=CARTESIAN_POINT('Ctrl Pts',(-20.349218609603,20.349218609603,196.302189628647));
#4726=CARTESIAN_POINT('Ctrl Pts',(-20.349218609603,-2.49206054354001E-15,
196.302189628647));
#4727=CARTESIAN_POINT('Ctrl Pts',(-20.349218609603,-20.349218609603,196.302189628647));
#4728=CARTESIAN_POINT('Ctrl Pts',(2.49206054354001E-15,-20.349218609603,
196.302189628647));
#4729=CARTESIAN_POINT('Ctrl Pts',(20.349218609603,-20.349218609603,196.302189628647));
#4730=CARTESIAN_POINT('Ctrl Pts',(20.349218609603,2.49206054354001E-15,
196.302189628647));
#4731=CARTESIAN_POINT('Ctrl Pts',(20.4270485992821,2.50159196831382E-15,
195.70372801944));
#4732=CARTESIAN_POINT('Ctrl Pts',(20.4270485992821,20.4270485992821,195.70372801944));
#4733=CARTESIAN_POINT('Ctrl Pts',(-2.50159196831382E-15,20.4270485992821,
195.70372801944));
#4734=CARTESIAN_POINT('Ctrl Pts',(-20.4270485992821,20.4270485992821,195.70372801944));
#4735=CARTESIAN_POINT('Ctrl Pts',(-20.4270485992821,-2.50159196831382E-15,
195.70372801944));
#4736=CARTESIAN_POINT('Ctrl Pts',(-20.4270485992821,-20.4270485992821,195.70372801944));
#4737=CARTESIAN_POINT('Ctrl Pts',(2.50159196831382E-15,-20.4270485992821,
195.70372801944));
#4738=CARTESIAN_POINT('Ctrl Pts',(20.4270485992821,-20.4270485992821,195.70372801944));
#4739=CARTESIAN_POINT('Ctrl Pts',(20.4270485992821,2.50159196831382E-15,
195.70372801944));
#4740=CARTESIAN_POINT('Ctrl Pts',(20.5046799832324,2.51109907090063E-15,
195.105006197213));
#4741=CARTESIAN_POINT('Ctrl Pts',(20.5046799832323,20.5046799832324,195.105006197213));
#4742=CARTESIAN_POINT('Ctrl Pts',(-2.51109907090063E-15,20.5046799832324,
195.105006197213));
#4743=CARTESIAN_POINT('Ctrl Pts',(-20.5046799832324,20.5046799832323,195.105006197213));
#4744=CARTESIAN_POINT('Ctrl Pts',(-20.5046799832324,-2.51109907090063E-15,
195.105006197213));
#4745=CARTESIAN_POINT('Ctrl Pts',(-20.5046799832323,-20.5046799832324,195.105006197213));
#4746=CARTESIAN_POINT('Ctrl Pts',(2.51109907090063E-15,-20.5046799832324,
195.105006197213));
#4747=CARTESIAN_POINT('Ctrl Pts',(20.5046799832324,-20.5046799832323,195.105006197213));
#4748=CARTESIAN_POINT('Ctrl Pts',(20.5046799832324,2.51109907090063E-15,
195.105006197213));
#4749=CARTESIAN_POINT('Ctrl Pts',(20.5821122708087,2.52058179121374E-15,
194.506031518005));
#4750=CARTESIAN_POINT('Ctrl Pts',(20.5821122708087,20.5821122708087,194.506031518005));
#4751=CARTESIAN_POINT('Ctrl Pts',(-2.52058179121374E-15,20.5821122708087,
194.506031518005));
#4752=CARTESIAN_POINT('Ctrl Pts',(-20.5821122708087,20.5821122708087,194.506031518005));
#4753=CARTESIAN_POINT('Ctrl Pts',(-20.5821122708087,-2.52058179121374E-15,
194.506031518005));
#4754=CARTESIAN_POINT('Ctrl Pts',(-20.5821122708087,-20.5821122708087,194.506031518005));
#4755=CARTESIAN_POINT('Ctrl Pts',(2.52058179121374E-15,-20.5821122708087,
194.506031518005));
#4756=CARTESIAN_POINT('Ctrl Pts',(20.5821122708087,-20.5821122708087,194.506031518005));
#4757=CARTESIAN_POINT('Ctrl Pts',(20.5821122708087,2.52058179121374E-15,
194.506031518005));
#4758=CARTESIAN_POINT('Ctrl Pts',(20.6593449715481,2.53004006918873E-15,
193.906811323643));
#4759=CARTESIAN_POINT('Ctrl Pts',(20.6593449715481,20.6593449715481,193.906811323643));
#4760=CARTESIAN_POINT('Ctrl Pts',(-2.53004006918873E-15,20.6593449715481,
193.906811323643));
#4761=CARTESIAN_POINT('Ctrl Pts',(-20.6593449715481,20.6593449715481,193.906811323643));
#4762=CARTESIAN_POINT('Ctrl Pts',(-20.6593449715481,-2.53004006918873E-15,
193.906811323643));
#4763=CARTESIAN_POINT('Ctrl Pts',(-20.6593449715481,-20.6593449715481,193.906811323643));
#4764=CARTESIAN_POINT('Ctrl Pts',(2.53004006918873E-15,-20.6593449715481,
193.906811323643));
#4765=CARTESIAN_POINT('Ctrl Pts',(20.6593449715481,-20.6593449715481,193.906811323643));
#4766=CARTESIAN_POINT('Ctrl Pts',(20.6593449715481,2.53004006918873E-15,
193.906811323643));
#4767=CARTESIAN_POINT('Ctrl Pts',(20.7363775951551,2.53947384478176E-15,
193.307352942225));
#4768=CARTESIAN_POINT('Ctrl Pts',(20.7363775951551,20.7363775951551,193.307352942225));
#4769=CARTESIAN_POINT('Ctrl Pts',(-2.53947384478176E-15,20.7363775951551,
193.307352942225));
#4770=CARTESIAN_POINT('Ctrl Pts',(-20.7363775951551,20.7363775951551,193.307352942225));
#4771=CARTESIAN_POINT('Ctrl Pts',(-20.7363775951551,-2.53947384478176E-15,
193.307352942225));
#4772=CARTESIAN_POINT('Ctrl Pts',(-20.7363775951551,-20.7363775951551,193.307352942225));
#4773=CARTESIAN_POINT('Ctrl Pts',(2.53947384478176E-15,-20.7363775951551,
193.307352942225));
#4774=CARTESIAN_POINT('Ctrl Pts',(20.7363775951551,-20.7363775951551,193.307352942225));
#4775=CARTESIAN_POINT('Ctrl Pts',(20.7363775951551,2.53947384478176E-15,
193.307352942225));
#4776=CARTESIAN_POINT('Ctrl Pts',(20.8132096514868,2.54888305796761E-15,
192.707663688579));
#4777=CARTESIAN_POINT('Ctrl Pts',(20.8132096514868,20.8132096514868,192.707663688579));
#4778=CARTESIAN_POINT('Ctrl Pts',(-2.54888305796761E-15,20.8132096514868,
192.707663688579));
#4779=CARTESIAN_POINT('Ctrl Pts',(-20.8132096514868,20.8132096514868,192.707663688579));
#4780=CARTESIAN_POINT('Ctrl Pts',(-20.8132096514868,-2.54888305796761E-15,
192.707663688579));
#4781=CARTESIAN_POINT('Ctrl Pts',(-20.8132096514868,-20.8132096514868,192.707663688579));
#4782=CARTESIAN_POINT('Ctrl Pts',(2.54888305796761E-15,-20.8132096514868,
192.707663688579));
#4783=CARTESIAN_POINT('Ctrl Pts',(20.8132096514868,-20.8132096514868,192.707663688579));
#4784=CARTESIAN_POINT('Ctrl Pts',(20.8132096514868,2.54888305796761E-15,
192.707663688579));
#4785=CARTESIAN_POINT('Ctrl Pts',(20.8898406505383,2.558267648738E-15,192.107750864726));
#4786=CARTESIAN_POINT('Ctrl Pts',(20.8898406505383,20.8898406505383,192.107750864726));
#4787=CARTESIAN_POINT('Ctrl Pts',(-2.558267648738E-15,20.8898406505383,
192.107750864726));
#4788=CARTESIAN_POINT('Ctrl Pts',(-20.8898406505383,20.8898406505383,192.107750864726));
#4789=CARTESIAN_POINT('Ctrl Pts',(-20.8898406505383,-2.558267648738E-15,
192.107750864726));
#4790=CARTESIAN_POINT('Ctrl Pts',(-20.8898406505383,-20.8898406505383,192.107750864726));
#4791=CARTESIAN_POINT('Ctrl Pts',(2.558267648738E-15,-20.8898406505383,
192.107750864726));
#4792=CARTESIAN_POINT('Ctrl Pts',(20.8898406505383,-20.8898406505383,192.107750864726));
#4793=CARTESIAN_POINT('Ctrl Pts',(20.8898406505383,2.558267648738E-15,192.107750864726));
#4794=CARTESIAN_POINT('Ctrl Pts',(20.9662701024276,2.56762755709968E-15,
191.507621760336));
#4795=CARTESIAN_POINT('Ctrl Pts',(20.9662701024276,20.9662701024276,191.507621760336));
#4796=CARTESIAN_POINT('Ctrl Pts',(-2.56762755709968E-15,20.9662701024276,
191.507621760336));
#4797=CARTESIAN_POINT('Ctrl Pts',(-20.9662701024276,20.9662701024276,191.507621760336));
#4798=CARTESIAN_POINT('Ctrl Pts',(-20.9662701024276,-2.56762755709968E-15,
191.507621760336));
#4799=CARTESIAN_POINT('Ctrl Pts',(-20.9662701024276,-20.9662701024276,191.507621760336));
#4800=CARTESIAN_POINT('Ctrl Pts',(2.56762755709968E-15,-20.9662701024276,
191.507621760336));
#4801=CARTESIAN_POINT('Ctrl Pts',(20.9662701024276,-20.9662701024276,191.507621760336));
#4802=CARTESIAN_POINT('Ctrl Pts',(20.9662701024276,2.56762755709968E-15,
191.507621760336));
#4803=CARTESIAN_POINT('Ctrl Pts',(21.0424975173824,2.57696272307285E-15,
190.907283653193));
#4804=CARTESIAN_POINT('Ctrl Pts',(21.0424975173824,21.0424975173824,190.907283653193));
#4805=CARTESIAN_POINT('Ctrl Pts',(-2.57696272307285E-15,21.0424975173824,
190.907283653193));
#4806=CARTESIAN_POINT('Ctrl Pts',(-21.0424975173824,21.0424975173824,190.907283653193));
#4807=CARTESIAN_POINT('Ctrl Pts',(-21.0424975173824,-2.57696272307285E-15,
190.907283653193));
#4808=CARTESIAN_POINT('Ctrl Pts',(-21.0424975173824,-21.0424975173824,190.907283653193));
#4809=CARTESIAN_POINT('Ctrl Pts',(2.57696272307285E-15,-21.0424975173824,
190.907283653193));
#4810=CARTESIAN_POINT('Ctrl Pts',(21.0424975173824,-21.0424975173824,190.907283653193));
#4811=CARTESIAN_POINT('Ctrl Pts',(21.0424975173824,2.57696272307285E-15,
190.907283653193));
#4812=CARTESIAN_POINT('Ctrl Pts',(21.1185224057262,2.58627308668942E-15,
190.306743809653));
#4813=CARTESIAN_POINT('Ctrl Pts',(21.1185224057262,21.1185224057262,190.306743809653));
#4814=CARTESIAN_POINT('Ctrl Pts',(-2.58627308668942E-15,21.1185224057262,
190.306743809653));
#4815=CARTESIAN_POINT('Ctrl Pts',(-21.1185224057262,21.1185224057262,190.306743809653));
#4816=CARTESIAN_POINT('Ctrl Pts',(-21.1185224057262,-2.58627308668942E-15,
190.306743809653));
#4817=CARTESIAN_POINT('Ctrl Pts',(-21.1185224057262,-21.1185224057262,190.306743809653));
#4818=CARTESIAN_POINT('Ctrl Pts',(2.58627308668942E-15,-21.1185224057262,
190.306743809653));
#4819=CARTESIAN_POINT('Ctrl Pts',(21.1185224057262,-21.1185224057262,190.306743809653));
#4820=CARTESIAN_POINT('Ctrl Pts',(21.1185224057262,2.58627308668942E-15,
190.306743809653));
#4821=CARTESIAN_POINT('Ctrl Pts',(21.1943442778653,2.59555858799148E-15,
189.70600948511));
#4822=CARTESIAN_POINT('Ctrl Pts',(21.1943442778653,21.1943442778653,189.70600948511));
#4823=CARTESIAN_POINT('Ctrl Pts',(-2.59555858799148E-15,21.1943442778653,
189.70600948511));
#4824=CARTESIAN_POINT('Ctrl Pts',(-21.1943442778653,21.1943442778653,189.70600948511));
#4825=CARTESIAN_POINT('Ctrl Pts',(-21.1943442778653,-2.59555858799148E-15,
189.70600948511));
#4826=CARTESIAN_POINT('Ctrl Pts',(-21.1943442778653,-21.1943442778653,189.70600948511));
#4827=CARTESIAN_POINT('Ctrl Pts',(2.59555858799148E-15,-21.1943442778653,
189.70600948511));
#4828=CARTESIAN_POINT('Ctrl Pts',(21.1943442778653,-21.1943442778653,189.70600948511));
#4829=CARTESIAN_POINT('Ctrl Pts',(21.1943442778653,2.59555858799148E-15,
189.70600948511));
#4830=CARTESIAN_POINT('Ctrl Pts',(21.2699626442748,2.60481916702949E-15,
189.105087924438));
#4831=CARTESIAN_POINT('Ctrl Pts',(21.2699626442748,21.2699626442748,189.105087924438));
#4832=CARTESIAN_POINT('Ctrl Pts',(-2.60481916702949E-15,21.2699626442748,
189.105087924438));
#4833=CARTESIAN_POINT('Ctrl Pts',(-21.2699626442748,21.2699626442748,189.105087924438));
#4834=CARTESIAN_POINT('Ctrl Pts',(-21.2699626442748,-2.60481916702949E-15,
189.105087924438));
#4835=CARTESIAN_POINT('Ctrl Pts',(-21.2699626442748,-21.2699626442748,189.105087924438));
#4836=CARTESIAN_POINT('Ctrl Pts',(2.60481916702949E-15,-21.2699626442748,
189.105087924438));
#4837=CARTESIAN_POINT('Ctrl Pts',(21.2699626442748,-21.2699626442748,189.105087924438));
#4838=CARTESIAN_POINT('Ctrl Pts',(21.2699626442748,2.60481916702949E-15,
189.105087924438));
#4839=CARTESIAN_POINT('Ctrl Pts',(21.3453770154837,2.61405476386056E-15,
188.503986362428));
#4840=CARTESIAN_POINT('Ctrl Pts',(21.3453770154837,21.3453770154837,188.503986362428));
#4841=CARTESIAN_POINT('Ctrl Pts',(-2.61405476386056E-15,21.3453770154837,
188.503986362428));
#4842=CARTESIAN_POINT('Ctrl Pts',(-21.3453770154837,21.3453770154837,188.503986362428));
#4843=CARTESIAN_POINT('Ctrl Pts',(-21.3453770154837,-2.61405476386056E-15,
188.503986362428));
#4844=CARTESIAN_POINT('Ctrl Pts',(-21.3453770154837,-21.3453770154837,188.503986362428));
#4845=CARTESIAN_POINT('Ctrl Pts',(2.61405476386056E-15,-21.3453770154837,
188.503986362428));
#4846=CARTESIAN_POINT('Ctrl Pts',(21.3453770154837,-21.3453770154837,188.503986362428));
#4847=CARTESIAN_POINT('Ctrl Pts',(21.3453770154837,2.61405476386056E-15,
188.503986362428));
#4848=CARTESIAN_POINT('Ctrl Pts',(21.4205869020615,2.62326531854673E-15,
187.902712024226));
#4849=CARTESIAN_POINT('Ctrl Pts',(21.4205869020615,21.4205869020615,187.902712024226));
#4850=CARTESIAN_POINT('Ctrl Pts',(-2.62326531854673E-15,21.4205869020615,
187.902712024226));
#4851=CARTESIAN_POINT('Ctrl Pts',(-21.4205869020615,21.4205869020615,187.902712024226));
#4852=CARTESIAN_POINT('Ctrl Pts',(-21.4205869020615,-2.62326531854673E-15,
187.902712024226));
#4853=CARTESIAN_POINT('Ctrl Pts',(-21.4205869020615,-21.4205869020615,187.902712024226));
#4854=CARTESIAN_POINT('Ctrl Pts',(2.62326531854673E-15,-21.4205869020615,
187.902712024226));
#4855=CARTESIAN_POINT('Ctrl Pts',(21.4205869020615,-21.4205869020615,187.902712024226));
#4856=CARTESIAN_POINT('Ctrl Pts',(21.4205869020615,2.62326531854673E-15,
187.902712024226));
#4857=CARTESIAN_POINT('Ctrl Pts',(21.495591814604,2.63245077115328E-15,
187.301272125771));
#4858=CARTESIAN_POINT('Ctrl Pts',(21.495591814604,21.495591814604,187.301272125771));
#4859=CARTESIAN_POINT('Ctrl Pts',(-2.63245077115328E-15,21.495591814604,
187.301272125771));
#4860=CARTESIAN_POINT('Ctrl Pts',(-21.495591814604,21.495591814604,187.301272125771));
#4861=CARTESIAN_POINT('Ctrl Pts',(-21.495591814604,-2.63245077115328E-15,
187.301272125771));
#4862=CARTESIAN_POINT('Ctrl Pts',(-21.495591814604,-21.495591814604,187.301272125771));
#4863=CARTESIAN_POINT('Ctrl Pts',(2.63245077115328E-15,-21.495591814604,
187.301272125771));
#4864=CARTESIAN_POINT('Ctrl Pts',(21.495591814604,-21.495591814604,187.301272125771));
#4865=CARTESIAN_POINT('Ctrl Pts',(21.495591814604,2.63245077115328E-15,
187.301272125771));
#4866=CARTESIAN_POINT('Ctrl Pts',(21.5703912637208,2.64161106174717E-15,
186.69967387424));
#4867=CARTESIAN_POINT('Ctrl Pts',(21.5703912637207,21.5703912637208,186.69967387424));
#4868=CARTESIAN_POINT('Ctrl Pts',(-2.64161106174717E-15,21.5703912637208,
186.69967387424));
#4869=CARTESIAN_POINT('Ctrl Pts',(-21.5703912637208,21.5703912637207,186.69967387424));
#4870=CARTESIAN_POINT('Ctrl Pts',(-21.5703912637208,-2.64161106174717E-15,
186.69967387424));
#4871=CARTESIAN_POINT('Ctrl Pts',(-21.5703912637207,-21.5703912637208,186.69967387424));
#4872=CARTESIAN_POINT('Ctrl Pts',(2.64161106174717E-15,-21.5703912637208,
186.69967387424));
#4873=CARTESIAN_POINT('Ctrl Pts',(21.5703912637208,-21.5703912637207,186.69967387424));
#4874=CARTESIAN_POINT('Ctrl Pts',(21.5703912637208,2.64161106174717E-15,
186.69967387424));
#4875=CARTESIAN_POINT('Ctrl Pts',(21.6449847600226,2.6507461303955E-15,
186.097924468491));
#4876=CARTESIAN_POINT('Ctrl Pts',(21.6449847600226,21.6449847600226,186.097924468491));
#4877=CARTESIAN_POINT('Ctrl Pts',(-2.6507461303955E-15,21.6449847600226,
186.097924468491));
#4878=CARTESIAN_POINT('Ctrl Pts',(-21.6449847600226,21.6449847600226,186.097924468491));
#4879=CARTESIAN_POINT('Ctrl Pts',(-21.6449847600226,-2.6507461303955E-15,
186.097924468491));
#4880=CARTESIAN_POINT('Ctrl Pts',(-21.6449847600226,-21.6449847600226,186.097924468491));
#4881=CARTESIAN_POINT('Ctrl Pts',(2.6507461303955E-15,-21.6449847600226,
186.097924468491));
#4882=CARTESIAN_POINT('Ctrl Pts',(21.6449847600226,-21.6449847600226,186.097924468491));
#4883=CARTESIAN_POINT('Ctrl Pts',(21.6449847600226,2.6507461303955E-15,
186.097924468491));
#4884=CARTESIAN_POINT('Ctrl Pts',(21.7193718141099,2.65985591716409E-15,
185.496031099506));
#4885=CARTESIAN_POINT('Ctrl Pts',(21.7193718141099,21.7193718141099,185.496031099506));
#4886=CARTESIAN_POINT('Ctrl Pts',(-2.65985591716409E-15,21.7193718141099,
185.496031099506));
#4887=CARTESIAN_POINT('Ctrl Pts',(-21.7193718141099,21.7193718141099,185.496031099506));
#4888=CARTESIAN_POINT('Ctrl Pts',(-21.7193718141099,-2.65985591716409E-15,
185.496031099506));
#4889=CARTESIAN_POINT('Ctrl Pts',(-21.7193718141099,-21.7193718141099,185.496031099506));
#4890=CARTESIAN_POINT('Ctrl Pts',(2.65985591716409E-15,-21.7193718141099,
185.496031099506));
#4891=CARTESIAN_POINT('Ctrl Pts',(21.7193718141099,-21.7193718141099,185.496031099506));
#4892=CARTESIAN_POINT('Ctrl Pts',(21.7193718141099,2.65985591716409E-15,
185.496031099506));
#4893=CARTESIAN_POINT('Ctrl Pts',(21.793551936558,2.66894036211573E-15,
184.894000950819));
#4894=CARTESIAN_POINT('Ctrl Pts',(21.793551936558,21.793551936558,184.894000950819));
#4895=CARTESIAN_POINT('Ctrl Pts',(-2.66894036211573E-15,21.793551936558,
184.894000950819));
#4896=CARTESIAN_POINT('Ctrl Pts',(-21.793551936558,21.793551936558,184.894000950819));
#4897=CARTESIAN_POINT('Ctrl Pts',(-21.793551936558,-2.66894036211573E-15,
184.894000950819));
#4898=CARTESIAN_POINT('Ctrl Pts',(-21.793551936558,-21.793551936558,184.894000950819));
#4899=CARTESIAN_POINT('Ctrl Pts',(2.66894036211573E-15,-21.793551936558,
184.894000950819));
#4900=CARTESIAN_POINT('Ctrl Pts',(21.793551936558,-21.793551936558,184.894000950819));
#4901=CARTESIAN_POINT('Ctrl Pts',(21.793551936558,2.66894036211573E-15,
184.894000950819));
#4902=CARTESIAN_POINT('Ctrl Pts',(21.8675246379042,2.67799940530853E-15,
184.291841198938));
#4903=CARTESIAN_POINT('Ctrl Pts',(21.8675246379042,21.8675246379042,184.291841198938));
#4904=CARTESIAN_POINT('Ctrl Pts',(-2.67799940530853E-15,21.8675246379042,
184.291841198938));
#4905=CARTESIAN_POINT('Ctrl Pts',(-21.8675246379042,21.8675246379042,184.291841198938));
#4906=CARTESIAN_POINT('Ctrl Pts',(-21.8675246379042,-2.67799940530853E-15,
184.291841198938));
#4907=CARTESIAN_POINT('Ctrl Pts',(-21.8675246379042,-21.8675246379042,184.291841198938));
#4908=CARTESIAN_POINT('Ctrl Pts',(2.67799940530853E-15,-21.8675246379042,
184.291841198938));
#4909=CARTESIAN_POINT('Ctrl Pts',(21.8675246379042,-21.8675246379042,184.291841198938));
#4910=CARTESIAN_POINT('Ctrl Pts',(21.8675246379042,2.67799940530853E-15,
184.291841198938));
#4911=CARTESIAN_POINT('Ctrl Pts',(21.9412894286346,2.6870329867943E-15,
183.689559013774));
#4912=CARTESIAN_POINT('Ctrl Pts',(21.9412894286346,21.9412894286346,183.689559013774));
#4913=CARTESIAN_POINT('Ctrl Pts',(-2.6870329867943E-15,21.9412894286346,
183.689559013774));
#4914=CARTESIAN_POINT('Ctrl Pts',(-21.9412894286346,21.9412894286346,183.689559013774));
#4915=CARTESIAN_POINT('Ctrl Pts',(-21.9412894286346,-2.6870329867943E-15,
183.689559013774));
#4916=CARTESIAN_POINT('Ctrl Pts',(-21.9412894286346,-21.9412894286346,183.689559013774));
#4917=CARTESIAN_POINT('Ctrl Pts',(2.6870329867943E-15,-21.9412894286346,
183.689559013774));
#4918=CARTESIAN_POINT('Ctrl Pts',(21.9412894286346,-21.9412894286346,183.689559013774));
#4919=CARTESIAN_POINT('Ctrl Pts',(21.9412894286346,2.6870329867943E-15,
183.689559013774));
#4920=CARTESIAN_POINT('Ctrl Pts',(22.0148458191711,2.69604104661704E-15,
183.087161559063));
#4921=CARTESIAN_POINT('Ctrl Pts',(22.0148458191711,22.0148458191711,183.087161559063));
#4922=CARTESIAN_POINT('Ctrl Pts',(-2.69604104661704E-15,22.0148458191711,
183.087161559063));
#4923=CARTESIAN_POINT('Ctrl Pts',(-22.0148458191711,22.0148458191711,183.087161559063));
#4924=CARTESIAN_POINT('Ctrl Pts',(-22.0148458191711,-2.69604104661704E-15,
183.087161559063));
#4925=CARTESIAN_POINT('Ctrl Pts',(-22.0148458191711,-22.0148458191711,183.087161559063));
#4926=CARTESIAN_POINT('Ctrl Pts',(2.69604104661704E-15,-22.0148458191711,
183.087161559063));
#4927=CARTESIAN_POINT('Ctrl Pts',(22.0148458191711,-22.0148458191711,183.087161559063));
#4928=CARTESIAN_POINT('Ctrl Pts',(22.0148458191711,2.69604104661704E-15,
183.087161559063));
#4929=CARTESIAN_POINT('Ctrl Pts',(22.0881933198598,2.70502352481142E-15,
182.484655992794));
#4930=CARTESIAN_POINT('Ctrl Pts',(22.0881933198597,22.0881933198598,182.484655992794));
#4931=CARTESIAN_POINT('Ctrl Pts',(-2.70502352481142E-15,22.0881933198598,
182.484655992794));
#4932=CARTESIAN_POINT('Ctrl Pts',(-22.0881933198598,22.0881933198597,182.484655992794));
#4933=CARTESIAN_POINT('Ctrl Pts',(-22.0881933198598,-2.70502352481142E-15,
182.484655992794));
#4934=CARTESIAN_POINT('Ctrl Pts',(-22.0881933198597,-22.0881933198598,182.484655992794));
#4935=CARTESIAN_POINT('Ctrl Pts',(2.70502352481142E-15,-22.0881933198598,
182.484655992794));
#4936=CARTESIAN_POINT('Ctrl Pts',(22.0881933198598,-22.0881933198597,182.484655992794));
#4937=CARTESIAN_POINT('Ctrl Pts',(22.0881933198598,2.70502352481142E-15,
182.484655992794));
#4938=CARTESIAN_POINT('Ctrl Pts',(22.1613314409586,2.71398036140135E-15,
181.882049467635));
#4939=CARTESIAN_POINT('Ctrl Pts',(22.1613314409586,22.1613314409586,181.882049467635));
#4940=CARTESIAN_POINT('Ctrl Pts',(-2.71398036140135E-15,22.1613314409586,
181.882049467635));
#4941=CARTESIAN_POINT('Ctrl Pts',(-22.1613314409586,22.1613314409586,181.882049467635));
#4942=CARTESIAN_POINT('Ctrl Pts',(-22.1613314409586,-2.71398036140135E-15,
181.882049467635));
#4943=CARTESIAN_POINT('Ctrl Pts',(-22.1613314409586,-22.1613314409586,181.882049467635));
#4944=CARTESIAN_POINT('Ctrl Pts',(2.71398036140135E-15,-22.1613314409586,
181.882049467635));
#4945=CARTESIAN_POINT('Ctrl Pts',(22.1613314409586,-22.1613314409586,181.882049467635));
#4946=CARTESIAN_POINT('Ctrl Pts',(22.1613314409586,2.71398036140135E-15,
181.882049467635));
#4947=CARTESIAN_POINT('Ctrl Pts',(22.2342596926255,2.72291149639849E-15,
181.279349131354));
#4948=CARTESIAN_POINT('Ctrl Pts',(22.2342596926255,22.2342596926255,181.279349131354));
#4949=CARTESIAN_POINT('Ctrl Pts',(-2.72291149639849E-15,22.2342596926255,
181.279349131354));
#4950=CARTESIAN_POINT('Ctrl Pts',(-22.2342596926255,22.2342596926255,181.279349131354));
#4951=CARTESIAN_POINT('Ctrl Pts',(-22.2342596926255,-2.72291149639849E-15,
181.279349131354));
#4952=CARTESIAN_POINT('Ctrl Pts',(-22.2342596926255,-22.2342596926255,181.279349131354));
#4953=CARTESIAN_POINT('Ctrl Pts',(2.72291149639849E-15,-22.2342596926255,
181.279349131354));
#4954=CARTESIAN_POINT('Ctrl Pts',(22.2342596926255,-22.2342596926255,181.279349131354));
#4955=CARTESIAN_POINT('Ctrl Pts',(22.2342596926255,2.72291149639849E-15,
181.279349131354));
#4956=CARTESIAN_POINT('Ctrl Pts',(22.3069775849052,2.7318168698006E-15,
180.67656212724));
#4957=CARTESIAN_POINT('Ctrl Pts',(22.3069775849052,22.3069775849052,180.67656212724));
#4958=CARTESIAN_POINT('Ctrl Pts',(-2.7318168698006E-15,22.3069775849052,
180.67656212724));
#4959=CARTESIAN_POINT('Ctrl Pts',(-22.3069775849052,22.3069775849052,180.67656212724));
#4960=CARTESIAN_POINT('Ctrl Pts',(-22.3069775849052,-2.7318168698006E-15,
180.67656212724));
#4961=CARTESIAN_POINT('Ctrl Pts',(-22.3069775849052,-22.3069775849052,180.67656212724));
#4962=CARTESIAN_POINT('Ctrl Pts',(2.7318168698006E-15,-22.3069775849052,
180.67656212724));
#4963=CARTESIAN_POINT('Ctrl Pts',(22.3069775849052,-22.3069775849052,180.67656212724));
#4964=CARTESIAN_POINT('Ctrl Pts',(22.3069775849052,2.7318168698006E-15,
180.67656212724));
#4965=CARTESIAN_POINT('Ctrl Pts',(22.3794846277163,2.74069642159001E-15,
180.073695594514));
#4966=CARTESIAN_POINT('Ctrl Pts',(22.3794846277163,22.3794846277163,180.073695594514));
#4967=CARTESIAN_POINT('Ctrl Pts',(-2.74069642159001E-15,22.3794846277163,
180.073695594514));
#4968=CARTESIAN_POINT('Ctrl Pts',(-22.3794846277163,22.3794846277163,180.073695594514));
#4969=CARTESIAN_POINT('Ctrl Pts',(-22.3794846277163,-2.74069642159001E-15,
180.073695594514));
#4970=CARTESIAN_POINT('Ctrl Pts',(-22.3794846277163,-22.3794846277163,180.073695594514));
#4971=CARTESIAN_POINT('Ctrl Pts',(2.74069642159001E-15,-22.3794846277163,
180.073695594514));
#4972=CARTESIAN_POINT('Ctrl Pts',(22.3794846277163,-22.3794846277163,180.073695594514));
#4973=CARTESIAN_POINT('Ctrl Pts',(22.3794846277163,2.74069642159001E-15,
180.073695594514));
#4974=CARTESIAN_POINT('Ctrl Pts',(22.4517803308389,2.74955009173213E-15,
179.47075666875));
#4975=CARTESIAN_POINT('Ctrl Pts',(22.4517803308388,22.4517803308389,179.47075666875));
#4976=CARTESIAN_POINT('Ctrl Pts',(-2.74955009173213E-15,22.4517803308389,
179.47075666875));
#4977=CARTESIAN_POINT('Ctrl Pts',(-22.4517803308389,22.4517803308388,179.47075666875));
#4978=CARTESIAN_POINT('Ctrl Pts',(-22.4517803308389,-2.74955009173213E-15,
179.47075666875));
#4979=CARTESIAN_POINT('Ctrl Pts',(-22.4517803308388,-22.4517803308389,179.47075666875));
#4980=CARTESIAN_POINT('Ctrl Pts',(2.74955009173213E-15,-22.4517803308389,
179.47075666875));
#4981=CARTESIAN_POINT('Ctrl Pts',(22.4517803308389,-22.4517803308388,179.47075666875));
#4982=CARTESIAN_POINT('Ctrl Pts',(22.4517803308389,2.74955009173213E-15,
179.47075666875));
#4983=CARTESIAN_POINT('Ctrl Pts',(22.5238642039033,2.75837782017398E-15,
178.867752482293));
#4984=CARTESIAN_POINT('Ctrl Pts',(22.5238642039033,22.5238642039033,178.867752482293));
#4985=CARTESIAN_POINT('Ctrl Pts',(-2.75837782017398E-15,22.5238642039033,
178.867752482293));
#4986=CARTESIAN_POINT('Ctrl Pts',(-22.5238642039033,22.5238642039033,178.867752482293));
#4987=CARTESIAN_POINT('Ctrl Pts',(-22.5238642039033,-2.75837782017398E-15,
178.867752482293));
#4988=CARTESIAN_POINT('Ctrl Pts',(-22.5238642039033,-22.5238642039033,178.867752482293));
#4989=CARTESIAN_POINT('Ctrl Pts',(2.75837782017398E-15,-22.5238642039033,
178.867752482293));
#4990=CARTESIAN_POINT('Ctrl Pts',(22.5238642039033,-22.5238642039033,178.867752482293));
#4991=CARTESIAN_POINT('Ctrl Pts',(22.5238642039033,2.75837782017398E-15,
178.867752482293));
#4992=CARTESIAN_POINT('Ctrl Pts',(22.5957357563784,2.76717954684282E-15,
178.264690164676));
#4993=CARTESIAN_POINT('Ctrl Pts',(22.5957357563784,22.5957357563784,178.264690164676));
#4994=CARTESIAN_POINT('Ctrl Pts',(-2.76717954684282E-15,22.5957357563784,
178.264690164676));
#4995=CARTESIAN_POINT('Ctrl Pts',(-22.5957357563784,22.5957357563784,178.264690164676));
#4996=CARTESIAN_POINT('Ctrl Pts',(-22.5957357563784,-2.76717954684282E-15,
178.264690164676));
#4997=CARTESIAN_POINT('Ctrl Pts',(-22.5957357563784,-22.5957357563784,178.264690164676));
#4998=CARTESIAN_POINT('Ctrl Pts',(2.76717954684282E-15,-22.5957357563784,
178.264690164676));
#4999=CARTESIAN_POINT('Ctrl Pts',(22.5957357563784,-22.5957357563784,178.264690164676));
#5000=CARTESIAN_POINT('Ctrl Pts',(22.5957357563784,2.76717954684282E-15,
178.264690164676));
#5001=CARTESIAN_POINT('Ctrl Pts',(22.6673944975604,2.77595521164477E-15,
177.66157684304));
#5002=CARTESIAN_POINT('Ctrl Pts',(22.6673944975604,22.6673944975604,177.66157684304));
#5003=CARTESIAN_POINT('Ctrl Pts',(-2.77595521164477E-15,22.6673944975604,
177.66157684304));
#5004=CARTESIAN_POINT('Ctrl Pts',(-22.6673944975604,22.6673944975604,177.66157684304));
#5005=CARTESIAN_POINT('Ctrl Pts',(-22.6673944975604,-2.77595521164477E-15,
177.66157684304));
#5006=CARTESIAN_POINT('Ctrl Pts',(-22.6673944975604,-22.6673944975604,177.66157684304));
#5007=CARTESIAN_POINT('Ctrl Pts',(2.77595521164477E-15,-22.6673944975604,
177.66157684304));
#5008=CARTESIAN_POINT('Ctrl Pts',(22.6673944975604,-22.6673944975604,177.66157684304));
#5009=CARTESIAN_POINT('Ctrl Pts',(22.6673944975604,2.77595521164477E-15,
177.66157684304));
#5010=CARTESIAN_POINT('Ctrl Pts',(22.7388399365602,2.78470475446325E-15,
177.058419642548));
#5011=CARTESIAN_POINT('Ctrl Pts',(22.7388399365602,22.7388399365602,177.058419642548));
#5012=CARTESIAN_POINT('Ctrl Pts',(-2.78470475446325E-15,22.7388399365602,
177.058419642548));
#5013=CARTESIAN_POINT('Ctrl Pts',(-22.7388399365602,22.7388399365602,177.058419642548));
#5014=CARTESIAN_POINT('Ctrl Pts',(-22.7388399365602,-2.78470475446325E-15,
177.058419642548));
#5015=CARTESIAN_POINT('Ctrl Pts',(-22.7388399365602,-22.7388399365602,177.058419642548));
#5016=CARTESIAN_POINT('Ctrl Pts',(2.78470475446325E-15,-22.7388399365602,
177.058419642548));
#5017=CARTESIAN_POINT('Ctrl Pts',(22.7388399365602,-22.7388399365602,177.058419642548));
#5018=CARTESIAN_POINT('Ctrl Pts',(22.7388399365602,2.78470475446325E-15,
177.058419642548));
#5019=CARTESIAN_POINT('Ctrl Pts',(22.8100715822909,2.79342811515746E-15,
176.455225686795));
#5020=CARTESIAN_POINT('Ctrl Pts',(22.8100715822909,22.8100715822909,176.455225686795));
#5021=CARTESIAN_POINT('Ctrl Pts',(-2.79342811515746E-15,22.8100715822909,
176.455225686795));
#5022=CARTESIAN_POINT('Ctrl Pts',(-22.8100715822909,22.8100715822909,176.455225686795));
#5023=CARTESIAN_POINT('Ctrl Pts',(-22.8100715822909,-2.79342811515746E-15,
176.455225686795));
#5024=CARTESIAN_POINT('Ctrl Pts',(-22.8100715822909,-22.8100715822909,176.455225686795));
#5025=CARTESIAN_POINT('Ctrl Pts',(2.79342811515746E-15,-22.8100715822909,
176.455225686795));
#5026=CARTESIAN_POINT('Ctrl Pts',(22.8100715822909,-22.8100715822909,176.455225686795));
#5027=CARTESIAN_POINT('Ctrl Pts',(22.8100715822909,2.79342811515746E-15,
176.455225686795));
#5028=CARTESIAN_POINT('Ctrl Pts',(22.8810889434564,2.80212523356098E-15,
175.852002098226));
#5029=CARTESIAN_POINT('Ctrl Pts',(22.8810889434564,22.8810889434564,175.852002098226));
#5030=CARTESIAN_POINT('Ctrl Pts',(-2.80212523356098E-15,22.8810889434564,
175.852002098226));
#5031=CARTESIAN_POINT('Ctrl Pts',(-22.8810889434564,22.8810889434564,175.852002098226));
#5032=CARTESIAN_POINT('Ctrl Pts',(-22.8810889434564,-2.80212523356098E-15,
175.852002098226));
#5033=CARTESIAN_POINT('Ctrl Pts',(-22.8810889434564,-22.8810889434564,175.852002098226));
#5034=CARTESIAN_POINT('Ctrl Pts',(2.80212523356098E-15,-22.8810889434564,
175.852002098226));
#5035=CARTESIAN_POINT('Ctrl Pts',(22.8810889434564,-22.8810889434564,175.852002098226));
#5036=CARTESIAN_POINT('Ctrl Pts',(22.8810889434564,2.80212523356098E-15,
175.852002098226));
#5037=CARTESIAN_POINT('Ctrl Pts',(22.9518915285392,2.81079604948028E-15,
175.248755998545));
#5038=CARTESIAN_POINT('Ctrl Pts',(22.9518915285392,22.9518915285392,175.248755998545));
#5039=CARTESIAN_POINT('Ctrl Pts',(-2.81079604948028E-15,22.9518915285392,
175.248755998545));
#5040=CARTESIAN_POINT('Ctrl Pts',(-22.9518915285392,22.9518915285392,175.248755998545));
#5041=CARTESIAN_POINT('Ctrl Pts',(-22.9518915285392,-2.81079604948028E-15,
175.248755998545));
#5042=CARTESIAN_POINT('Ctrl Pts',(-22.9518915285392,-22.9518915285392,175.248755998545));
#5043=CARTESIAN_POINT('Ctrl Pts',(2.81079604948028E-15,-22.9518915285392,
175.248755998545));
#5044=CARTESIAN_POINT('Ctrl Pts',(22.9518915285392,-22.9518915285392,175.248755998545));
#5045=CARTESIAN_POINT('Ctrl Pts',(22.9518915285392,2.81079604948028E-15,
175.248755998545));
#5046=CARTESIAN_POINT('Ctrl Pts',(23.0224788457891,2.81944050269333E-15,
174.645494509125));
#5047=CARTESIAN_POINT('Ctrl Pts',(23.0224788457891,23.0224788457891,174.645494509125));
#5048=CARTESIAN_POINT('Ctrl Pts',(-2.81944050269333E-15,23.0224788457891,
174.645494509125));
#5049=CARTESIAN_POINT('Ctrl Pts',(-23.0224788457891,23.0224788457891,174.645494509125));
#5050=CARTESIAN_POINT('Ctrl Pts',(-23.0224788457891,-2.81944050269333E-15,
174.645494509125));
#5051=CARTESIAN_POINT('Ctrl Pts',(-23.0224788457891,-23.0224788457891,174.645494509125));
#5052=CARTESIAN_POINT('Ctrl Pts',(2.81944050269333E-15,-23.0224788457891,
174.645494509125));
#5053=CARTESIAN_POINT('Ctrl Pts',(23.0224788457891,-23.0224788457891,174.645494509125));
#5054=CARTESIAN_POINT('Ctrl Pts',(23.0224788457891,2.81944050269333E-15,
174.645494509125));
#5055=CARTESIAN_POINT('Ctrl Pts',(23.0928504032133,2.82805853294838E-15,
174.04222475143));
#5056=CARTESIAN_POINT('Ctrl Pts',(23.0928504032133,23.0928504032133,174.04222475143));
#5057=CARTESIAN_POINT('Ctrl Pts',(-2.82805853294838E-15,23.0928504032133,
174.04222475143));
#5058=CARTESIAN_POINT('Ctrl Pts',(-23.0928504032133,23.0928504032133,174.04222475143));
#5059=CARTESIAN_POINT('Ctrl Pts',(-23.0928504032133,-2.82805853294838E-15,
174.04222475143));
#5060=CARTESIAN_POINT('Ctrl Pts',(-23.0928504032133,-23.0928504032133,174.04222475143));
#5061=CARTESIAN_POINT('Ctrl Pts',(2.82805853294838E-15,-23.0928504032133,
174.04222475143));
#5062=CARTESIAN_POINT('Ctrl Pts',(23.0928504032133,-23.0928504032133,174.04222475143));
#5063=CARTESIAN_POINT('Ctrl Pts',(23.0928504032133,2.82805853294838E-15,
174.04222475143));
#5064=CARTESIAN_POINT('Ctrl Pts',(23.1630057085643,2.83665007996252E-15,
173.438953847419));
#5065=CARTESIAN_POINT('Ctrl Pts',(23.1630057085643,23.1630057085643,173.438953847419));
#5066=CARTESIAN_POINT('Ctrl Pts',(-2.83665007996252E-15,23.1630057085643,
173.438953847419));
#5067=CARTESIAN_POINT('Ctrl Pts',(-23.1630057085643,23.1630057085643,173.438953847419));
#5068=CARTESIAN_POINT('Ctrl Pts',(-23.1630057085643,-2.83665007996252E-15,
173.438953847419));
#5069=CARTESIAN_POINT('Ctrl Pts',(-23.1630057085643,-23.1630057085643,173.438953847419));
#5070=CARTESIAN_POINT('Ctrl Pts',(2.83665007996252E-15,-23.1630057085643,
173.438953847419));
#5071=CARTESIAN_POINT('Ctrl Pts',(23.1630057085643,-23.1630057085643,173.438953847419));
#5072=CARTESIAN_POINT('Ctrl Pts',(23.1630057085643,2.83665007996252E-15,
173.438953847419));
#5073=CARTESIAN_POINT('Ctrl Pts',(23.2329442693279,2.84521508342013E-15,
172.835688919966));
#5074=CARTESIAN_POINT('Ctrl Pts',(23.2329442693279,23.2329442693279,172.835688919966));
#5075=CARTESIAN_POINT('Ctrl Pts',(-2.84521508342013E-15,23.2329442693279,
172.835688919966));
#5076=CARTESIAN_POINT('Ctrl Pts',(-23.2329442693279,23.2329442693279,172.835688919966));
#5077=CARTESIAN_POINT('Ctrl Pts',(-23.2329442693279,-2.84521508342013E-15,
172.835688919966));
#5078=CARTESIAN_POINT('Ctrl Pts',(-23.2329442693279,-23.2329442693279,172.835688919966));
#5079=CARTESIAN_POINT('Ctrl Pts',(2.84521508342013E-15,-23.2329442693279,
172.835688919966));
#5080=CARTESIAN_POINT('Ctrl Pts',(23.2329442693279,-23.2329442693279,172.835688919966));
#5081=CARTESIAN_POINT('Ctrl Pts',(23.2329442693279,2.84521508342013E-15,
172.835688919966));
#5082=CARTESIAN_POINT('Ctrl Pts',(23.302665592711,2.85375348297147E-15,
172.232437093273));
#5083=CARTESIAN_POINT('Ctrl Pts',(23.302665592711,23.302665592711,172.232437093273));
#5084=CARTESIAN_POINT('Ctrl Pts',(-2.85375348297147E-15,23.302665592711,
172.232437093273));
#5085=CARTESIAN_POINT('Ctrl Pts',(-23.302665592711,23.302665592711,172.232437093273));
#5086=CARTESIAN_POINT('Ctrl Pts',(-23.302665592711,-2.85375348297147E-15,
172.232437093273));
#5087=CARTESIAN_POINT('Ctrl Pts',(-23.302665592711,-23.302665592711,172.232437093273));
#5088=CARTESIAN_POINT('Ctrl Pts',(2.85375348297147E-15,-23.302665592711,
172.232437093273));
#5089=CARTESIAN_POINT('Ctrl Pts',(23.302665592711,-23.302665592711,172.232437093273));
#5090=CARTESIAN_POINT('Ctrl Pts',(23.302665592711,2.85375348297147E-15,
172.232437093273));
#5091=CARTESIAN_POINT('Ctrl Pts',(23.3721691856311,2.86226521823135E-15,
171.629205493289));
#5092=CARTESIAN_POINT('Ctrl Pts',(23.3721691856311,23.3721691856311,171.629205493289));
#5093=CARTESIAN_POINT('Ctrl Pts',(-2.86226521823135E-15,23.3721691856311,
171.629205493289));
#5094=CARTESIAN_POINT('Ctrl Pts',(-23.3721691856311,23.3721691856311,171.629205493289));
#5095=CARTESIAN_POINT('Ctrl Pts',(-23.3721691856311,-2.86226521823135E-15,
171.629205493289));
#5096=CARTESIAN_POINT('Ctrl Pts',(-23.3721691856311,-23.3721691856311,171.629205493289));
#5097=CARTESIAN_POINT('Ctrl Pts',(2.86226521823135E-15,-23.3721691856311,
171.629205493289));
#5098=CARTESIAN_POINT('Ctrl Pts',(23.3721691856311,-23.3721691856311,171.629205493289));
#5099=CARTESIAN_POINT('Ctrl Pts',(23.3721691856311,2.86226521823135E-15,
171.629205493289));
#5100=CARTESIAN_POINT('Ctrl Pts',(23.4414545547045,2.8707502287777E-15,
171.026001248118));
#5101=CARTESIAN_POINT('Ctrl Pts',(23.4414545547045,23.4414545547045,171.026001248118));
#5102=CARTESIAN_POINT('Ctrl Pts',(-2.8707502287777E-15,23.4414545547045,
171.026001248118));
#5103=CARTESIAN_POINT('Ctrl Pts',(-23.4414545547045,23.4414545547045,171.026001248118));
#5104=CARTESIAN_POINT('Ctrl Pts',(-23.4414545547045,-2.8707502287777E-15,
171.026001248118));
#5105=CARTESIAN_POINT('Ctrl Pts',(-23.4414545547045,-23.4414545547045,171.026001248118));
#5106=CARTESIAN_POINT('Ctrl Pts',(2.8707502287777E-15,-23.4414545547045,
171.026001248118));
#5107=CARTESIAN_POINT('Ctrl Pts',(23.4414545547045,-23.4414545547045,171.026001248118));
#5108=CARTESIAN_POINT('Ctrl Pts',(23.4414545547045,2.8707502287777E-15,
171.026001248118));
#5109=CARTESIAN_POINT('Ctrl Pts',(23.5105212062365,2.87920845415035E-15,
170.422831488434));
#5110=CARTESIAN_POINT('Ctrl Pts',(23.5105212062365,23.5105212062365,170.422831488434));
#5111=CARTESIAN_POINT('Ctrl Pts',(-2.87920845415035E-15,23.5105212062365,
170.422831488434));
#5112=CARTESIAN_POINT('Ctrl Pts',(-23.5105212062365,23.5105212062365,170.422831488434));
#5113=CARTESIAN_POINT('Ctrl Pts',(-23.5105212062365,-2.87920845415035E-15,
170.422831488434));
#5114=CARTESIAN_POINT('Ctrl Pts',(-23.5105212062365,-23.5105212062365,170.422831488434));
#5115=CARTESIAN_POINT('Ctrl Pts',(2.87920845415035E-15,-23.5105212062365,
170.422831488434));
#5116=CARTESIAN_POINT('Ctrl Pts',(23.5105212062365,-23.5105212062365,170.422831488434));
#5117=CARTESIAN_POINT('Ctrl Pts',(23.5105212062365,2.87920845415035E-15,
170.422831488434));
#5118=CARTESIAN_POINT('Ctrl Pts',(23.5793686462109,2.88763983384977E-15,
169.819703347897));
#5119=CARTESIAN_POINT('Ctrl Pts',(23.5793686462109,23.5793686462109,169.819703347897));
#5120=CARTESIAN_POINT('Ctrl Pts',(-2.88763983384977E-15,23.5793686462109,
169.819703347897));
#5121=CARTESIAN_POINT('Ctrl Pts',(-23.5793686462109,23.5793686462109,169.819703347897));
#5122=CARTESIAN_POINT('Ctrl Pts',(-23.5793686462109,-2.88763983384977E-15,
169.819703347897));
#5123=CARTESIAN_POINT('Ctrl Pts',(-23.5793686462109,-23.5793686462109,169.819703347897));
#5124=CARTESIAN_POINT('Ctrl Pts',(2.88763983384977E-15,-23.5793686462109,
169.819703347897));
#5125=CARTESIAN_POINT('Ctrl Pts',(23.5793686462109,-23.5793686462109,169.819703347897));
#5126=CARTESIAN_POINT('Ctrl Pts',(23.5793686462109,2.88763983384977E-15,
169.819703347897));
#5127=CARTESIAN_POINT('Ctrl Pts',(23.6479963802775,2.89604430733551E-15,
169.216623963569));
#5128=CARTESIAN_POINT('Ctrl Pts',(23.6479963802775,23.6479963802775,169.216623963569));
#5129=CARTESIAN_POINT('Ctrl Pts',(-2.89604430733551E-15,23.6479963802775,
169.216623963569));
#5130=CARTESIAN_POINT('Ctrl Pts',(-23.6479963802775,23.6479963802775,169.216623963569));
#5131=CARTESIAN_POINT('Ctrl Pts',(-23.6479963802775,-2.89604430733551E-15,
169.216623963569));
#5132=CARTESIAN_POINT('Ctrl Pts',(-23.6479963802775,-23.6479963802775,169.216623963569));
#5133=CARTESIAN_POINT('Ctrl Pts',(2.89604430733551E-15,-23.6479963802775,
169.216623963569));
#5134=CARTESIAN_POINT('Ctrl Pts',(23.6479963802775,-23.6479963802775,169.216623963569));
#5135=CARTESIAN_POINT('Ctrl Pts',(23.6479963802775,2.89604430733551E-15,
169.216623963569));
#5136=CARTESIAN_POINT('Ctrl Pts',(23.7164039137409,2.90442181402485E-15,
168.613600476334));
#5137=CARTESIAN_POINT('Ctrl Pts',(23.7164039137409,23.7164039137409,168.613600476334));
#5138=CARTESIAN_POINT('Ctrl Pts',(-2.90442181402485E-15,23.7164039137409,
168.613600476334));
#5139=CARTESIAN_POINT('Ctrl Pts',(-23.7164039137409,23.7164039137409,168.613600476334));
#5140=CARTESIAN_POINT('Ctrl Pts',(-23.7164039137409,-2.90442181402485E-15,
168.613600476334));
#5141=CARTESIAN_POINT('Ctrl Pts',(-23.7164039137409,-23.7164039137409,168.613600476334));
#5142=CARTESIAN_POINT('Ctrl Pts',(2.90442181402485E-15,-23.7164039137409,
168.613600476334));
#5143=CARTESIAN_POINT('Ctrl Pts',(23.7164039137409,-23.7164039137409,168.613600476334));
#5144=CARTESIAN_POINT('Ctrl Pts',(23.7164039137409,2.90442181402485E-15,
168.613600476334));
#5145=CARTESIAN_POINT('Ctrl Pts',(23.784590751549,2.91277229329142E-15,
168.010640031318));
#5146=CARTESIAN_POINT('Ctrl Pts',(23.7845907515489,23.784590751549,168.010640031318));
#5147=CARTESIAN_POINT('Ctrl Pts',(-2.91277229329142E-15,23.784590751549,
168.010640031318));
#5148=CARTESIAN_POINT('Ctrl Pts',(-23.784590751549,23.7845907515489,168.010640031318));
#5149=CARTESIAN_POINT('Ctrl Pts',(-23.784590751549,-2.91277229329142E-15,
168.010640031318));
#5150=CARTESIAN_POINT('Ctrl Pts',(-23.7845907515489,-23.784590751549,168.010640031318));
#5151=CARTESIAN_POINT('Ctrl Pts',(2.91277229329142E-15,-23.784590751549,
168.010640031318));
#5152=CARTESIAN_POINT('Ctrl Pts',(23.784590751549,-23.7845907515489,168.010640031318));
#5153=CARTESIAN_POINT('Ctrl Pts',(23.784590751549,2.91277229329142E-15,
168.010640031318));
#5154=CARTESIAN_POINT('Ctrl Pts',(23.8525563982821,2.92109568446379E-15,
167.407749778305));
#5155=CARTESIAN_POINT('Ctrl Pts',(23.8525563982821,23.8525563982821,167.407749778305));
#5156=CARTESIAN_POINT('Ctrl Pts',(-2.92109568446379E-15,23.8525563982821,
167.407749778305));
#5157=CARTESIAN_POINT('Ctrl Pts',(-23.8525563982821,23.8525563982821,167.407749778305));
#5158=CARTESIAN_POINT('Ctrl Pts',(-23.8525563982821,-2.92109568446379E-15,
167.407749778305));
#5159=CARTESIAN_POINT('Ctrl Pts',(-23.8525563982821,-23.8525563982821,167.407749778305));
#5160=CARTESIAN_POINT('Ctrl Pts',(2.92109568446379E-15,-23.8525563982821,
167.407749778305));
#5161=CARTESIAN_POINT('Ctrl Pts',(23.8525563982821,-23.8525563982821,167.407749778305));
#5162=CARTESIAN_POINT('Ctrl Pts',(23.8525563982821,2.92109568446379E-15,
167.407749778305));
#5163=CARTESIAN_POINT('Ctrl Pts',(23.920300358143,2.92939192682431E-15,
166.804936872161));
#5164=CARTESIAN_POINT('Ctrl Pts',(23.920300358143,23.920300358143,166.804936872161));
#5165=CARTESIAN_POINT('Ctrl Pts',(-2.92939192682431E-15,23.920300358143,
166.804936872161));
#5166=CARTESIAN_POINT('Ctrl Pts',(-23.920300358143,23.920300358143,166.804936872161));
#5167=CARTESIAN_POINT('Ctrl Pts',(-23.920300358143,-2.92939192682431E-15,
166.804936872161));
#5168=CARTESIAN_POINT('Ctrl Pts',(-23.920300358143,-23.920300358143,166.804936872161));
#5169=CARTESIAN_POINT('Ctrl Pts',(2.92939192682431E-15,-23.920300358143,
166.804936872161));
#5170=CARTESIAN_POINT('Ctrl Pts',(23.920300358143,-23.920300358143,166.804936872161));
#5171=CARTESIAN_POINT('Ctrl Pts',(23.920300358143,2.92939192682431E-15,
166.804936872161));
#5172=CARTESIAN_POINT('Ctrl Pts',(23.9878221349471,2.93766095960789E-15,
166.202208473248));
#5173=CARTESIAN_POINT('Ctrl Pts',(23.987822134947,23.9878221349471,166.202208473248));
#5174=CARTESIAN_POINT('Ctrl Pts',(-2.93766095960789E-15,23.9878221349471,
166.202208473248));
#5175=CARTESIAN_POINT('Ctrl Pts',(-23.9878221349471,23.987822134947,166.202208473248));
#5176=CARTESIAN_POINT('Ctrl Pts',(-23.9878221349471,-2.93766095960789E-15,
166.202208473248));
#5177=CARTESIAN_POINT('Ctrl Pts',(-23.987822134947,-23.9878221349471,166.202208473248));
#5178=CARTESIAN_POINT('Ctrl Pts',(2.93766095960789E-15,-23.9878221349471,
166.202208473248));
#5179=CARTESIAN_POINT('Ctrl Pts',(23.9878221349471,-23.987822134947,166.202208473248));
#5180=CARTESIAN_POINT('Ctrl Pts',(23.9878221349471,2.93766095960789E-15,
166.202208473248));
#5181=CARTESIAN_POINT('Ctrl Pts',(24.055121232111,2.94590272200063E-15,
165.599571747855));
#5182=CARTESIAN_POINT('Ctrl Pts',(24.055121232111,24.055121232111,165.599571747855));
#5183=CARTESIAN_POINT('Ctrl Pts',(-2.94590272200063E-15,24.055121232111,
165.599571747855));
#5184=CARTESIAN_POINT('Ctrl Pts',(-24.055121232111,24.055121232111,165.599571747855));
#5185=CARTESIAN_POINT('Ctrl Pts',(-24.055121232111,-2.94590272200063E-15,
165.599571747855));
#5186=CARTESIAN_POINT('Ctrl Pts',(-24.055121232111,-24.055121232111,165.599571747855));
#5187=CARTESIAN_POINT('Ctrl Pts',(2.94590272200063E-15,-24.055121232111,
165.599571747855));
#5188=CARTESIAN_POINT('Ctrl Pts',(24.055121232111,-24.055121232111,165.599571747855));
#5189=CARTESIAN_POINT('Ctrl Pts',(24.055121232111,2.94590272200063E-15,
165.599571747855));
#5190=CARTESIAN_POINT('Ctrl Pts',(24.1221971526413,2.95411715313836E-15,
164.997033868623));
#5191=CARTESIAN_POINT('Ctrl Pts',(24.1221971526413,24.1221971526413,164.997033868623));
#5192=CARTESIAN_POINT('Ctrl Pts',(-2.95411715313836E-15,24.1221971526413,
164.997033868623));
#5193=CARTESIAN_POINT('Ctrl Pts',(-24.1221971526413,24.1221971526413,164.997033868623));
#5194=CARTESIAN_POINT('Ctrl Pts',(-24.1221971526413,-2.95411715313836E-15,
164.997033868623));
#5195=CARTESIAN_POINT('Ctrl Pts',(-24.1221971526413,-24.1221971526413,164.997033868623));
#5196=CARTESIAN_POINT('Ctrl Pts',(2.95411715313836E-15,-24.1221971526413,
164.997033868623));
#5197=CARTESIAN_POINT('Ctrl Pts',(24.1221971526413,-24.1221971526413,164.997033868623));
#5198=CARTESIAN_POINT('Ctrl Pts',(24.1221971526413,2.95411715313836E-15,
164.997033868623));
#5199=CARTESIAN_POINT('Ctrl Pts',(24.189049399123,2.96230419210532E-15,
164.394602014973));
#5200=CARTESIAN_POINT('Ctrl Pts',(24.189049399123,24.189049399123,164.394602014973));
#5201=CARTESIAN_POINT('Ctrl Pts',(-2.96230419210532E-15,24.189049399123,
164.394602014973));
#5202=CARTESIAN_POINT('Ctrl Pts',(-24.189049399123,24.189049399123,164.394602014973));
#5203=CARTESIAN_POINT('Ctrl Pts',(-24.189049399123,-2.96230419210532E-15,
164.394602014973));
#5204=CARTESIAN_POINT('Ctrl Pts',(-24.189049399123,-24.189049399123,164.394602014973));
#5205=CARTESIAN_POINT('Ctrl Pts',(2.96230419210532E-15,-24.189049399123,
164.394602014973));
#5206=CARTESIAN_POINT('Ctrl Pts',(24.189049399123,-24.189049399123,164.394602014973));
#5207=CARTESIAN_POINT('Ctrl Pts',(24.189049399123,2.96230419210532E-15,
164.394602014973));
#5208=CARTESIAN_POINT('Ctrl Pts',(24.255677473709,2.97046377793283E-15,
163.792283373538));
#5209=CARTESIAN_POINT('Ctrl Pts',(24.255677473709,24.255677473709,163.792283373538));
#5210=CARTESIAN_POINT('Ctrl Pts',(-2.97046377793283E-15,24.255677473709,
163.792283373538));
#5211=CARTESIAN_POINT('Ctrl Pts',(-24.255677473709,24.255677473709,163.792283373538));
#5212=CARTESIAN_POINT('Ctrl Pts',(-24.255677473709,-2.97046377793283E-15,
163.792283373538));
#5213=CARTESIAN_POINT('Ctrl Pts',(-24.255677473709,-24.255677473709,163.792283373538));
#5214=CARTESIAN_POINT('Ctrl Pts',(2.97046377793283E-15,-24.255677473709,
163.792283373538));
#5215=CARTESIAN_POINT('Ctrl Pts',(24.255677473709,-24.255677473709,163.792283373538));
#5216=CARTESIAN_POINT('Ctrl Pts',(24.255677473709,2.97046377793283E-15,
163.792283373538));
#5217=CARTESIAN_POINT('Ctrl Pts',(24.3220808781097,2.97859584959801E-15,
163.190085138594));
#5218=CARTESIAN_POINT('Ctrl Pts',(24.3220808781097,24.3220808781097,163.190085138594));
#5219=CARTESIAN_POINT('Ctrl Pts',(-2.97859584959801E-15,24.3220808781097,
163.190085138594));
#5220=CARTESIAN_POINT('Ctrl Pts',(-24.3220808781097,24.3220808781097,163.190085138594));
#5221=CARTESIAN_POINT('Ctrl Pts',(-24.3220808781097,-2.97859584959801E-15,
163.190085138594));
#5222=CARTESIAN_POINT('Ctrl Pts',(-24.3220808781097,-24.3220808781097,163.190085138594));
#5223=CARTESIAN_POINT('Ctrl Pts',(2.97859584959801E-15,-24.3220808781097,
163.190085138594));
#5224=CARTESIAN_POINT('Ctrl Pts',(24.3220808781097,-24.3220808781097,163.190085138594));
#5225=CARTESIAN_POINT('Ctrl Pts',(24.3220808781097,2.97859584959801E-15,
163.190085138594));
#5226=CARTESIAN_POINT('Ctrl Pts',(24.3882591135836,2.98670034602265E-15,
162.588014512484));
#5227=CARTESIAN_POINT('Ctrl Pts',(24.3882591135836,24.3882591135836,162.588014512484));
#5228=CARTESIAN_POINT('Ctrl Pts',(-2.98670034602265E-15,24.3882591135836,
162.588014512484));
#5229=CARTESIAN_POINT('Ctrl Pts',(-24.3882591135836,24.3882591135836,162.588014512484));
#5230=CARTESIAN_POINT('Ctrl Pts',(-24.3882591135836,-2.98670034602265E-15,
162.588014512484));
#5231=CARTESIAN_POINT('Ctrl Pts',(-24.3882591135836,-24.3882591135836,162.588014512484));
#5232=CARTESIAN_POINT('Ctrl Pts',(2.98670034602265E-15,-24.3882591135836,
162.588014512484));
#5233=CARTESIAN_POINT('Ctrl Pts',(24.3882591135836,-24.3882591135836,162.588014512484));
#5234=CARTESIAN_POINT('Ctrl Pts',(24.3882591135836,2.98670034602265E-15,
162.588014512484));
#5235=CARTESIAN_POINT('Ctrl Pts',(24.4542116809275,2.99477720607196E-15,
161.986078706053));
#5236=CARTESIAN_POINT('Ctrl Pts',(24.4542116809275,24.4542116809275,161.986078706053));
#5237=CARTESIAN_POINT('Ctrl Pts',(-2.99477720607196E-15,24.4542116809275,
161.986078706053));
#5238=CARTESIAN_POINT('Ctrl Pts',(-24.4542116809275,24.4542116809275,161.986078706053));
#5239=CARTESIAN_POINT('Ctrl Pts',(-24.4542116809275,-2.99477720607196E-15,
161.986078706053));
#5240=CARTESIAN_POINT('Ctrl Pts',(-24.4542116809275,-24.4542116809275,161.986078706053));
#5241=CARTESIAN_POINT('Ctrl Pts',(2.99477720607196E-15,-24.4542116809275,
161.986078706053));
#5242=CARTESIAN_POINT('Ctrl Pts',(24.4542116809275,-24.4542116809275,161.986078706053));
#5243=CARTESIAN_POINT('Ctrl Pts',(24.4542116809275,2.99477720607196E-15,
161.986078706053));
#5244=CARTESIAN_POINT('Ctrl Pts',(24.5199380804642,3.00282636855317E-15,
161.384284939093));
#5245=CARTESIAN_POINT('Ctrl Pts',(24.5199380804642,24.5199380804642,161.384284939093));
#5246=CARTESIAN_POINT('Ctrl Pts',(-3.00282636855317E-15,24.5199380804642,
161.384284939093));
#5247=CARTESIAN_POINT('Ctrl Pts',(-24.5199380804642,24.5199380804642,161.384284939093));
#5248=CARTESIAN_POINT('Ctrl Pts',(-24.5199380804642,-3.00282636855317E-15,
161.384284939093));
#5249=CARTESIAN_POINT('Ctrl Pts',(-24.5199380804642,-24.5199380804642,161.384284939093));
#5250=CARTESIAN_POINT('Ctrl Pts',(3.00282636855317E-15,-24.5199380804642,
161.384284939093));
#5251=CARTESIAN_POINT('Ctrl Pts',(24.5199380804642,-24.5199380804642,161.384284939093));
#5252=CARTESIAN_POINT('Ctrl Pts',(24.5199380804642,3.00282636855317E-15,
161.384284939093));
#5253=CARTESIAN_POINT('Ctrl Pts',(24.5854378120319,3.01084777221412E-15,
160.782640440777));
#5254=CARTESIAN_POINT('Ctrl Pts',(24.5854378120319,24.5854378120319,160.782640440777));
#5255=CARTESIAN_POINT('Ctrl Pts',(-3.01084777221412E-15,24.5854378120319,
160.782640440777));
#5256=CARTESIAN_POINT('Ctrl Pts',(-24.5854378120319,24.5854378120319,160.782640440777));
#5257=CARTESIAN_POINT('Ctrl Pts',(-24.5854378120319,-3.01084777221412E-15,
160.782640440777));
#5258=CARTESIAN_POINT('Ctrl Pts',(-24.5854378120319,-24.5854378120319,160.782640440777));
#5259=CARTESIAN_POINT('Ctrl Pts',(3.01084777221412E-15,-24.5854378120319,
160.782640440777));
#5260=CARTESIAN_POINT('Ctrl Pts',(24.5854378120319,-24.5854378120319,160.782640440777));
#5261=CARTESIAN_POINT('Ctrl Pts',(24.5854378120319,3.01084777221412E-15,
160.782640440777));
#5262=CARTESIAN_POINT('Ctrl Pts',(24.6507103749732,3.01884135574194E-15,
160.181152450112));
#5263=CARTESIAN_POINT('Ctrl Pts',(24.6507103749732,24.6507103749732,160.181152450112));
#5264=CARTESIAN_POINT('Ctrl Pts',(-3.01884135574194E-15,24.6507103749732,
160.181152450112));
#5265=CARTESIAN_POINT('Ctrl Pts',(-24.6507103749732,24.6507103749732,160.181152450112));
#5266=CARTESIAN_POINT('Ctrl Pts',(-24.6507103749732,-3.01884135574194E-15,
160.181152450112));
#5267=CARTESIAN_POINT('Ctrl Pts',(-24.6507103749732,-24.6507103749732,160.181152450112));
#5268=CARTESIAN_POINT('Ctrl Pts',(3.01884135574194E-15,-24.6507103749732,
160.181152450112));
#5269=CARTESIAN_POINT('Ctrl Pts',(24.6507103749732,-24.6507103749732,160.181152450112));
#5270=CARTESIAN_POINT('Ctrl Pts',(24.6507103749732,3.01884135574194E-15,
160.181152450112));
#5271=CARTESIAN_POINT('Ctrl Pts',(24.7157552681246,3.02680705776182E-15,
159.579828216375));
#5272=CARTESIAN_POINT('Ctrl Pts',(24.7157552681246,24.7157552681246,159.579828216375));
#5273=CARTESIAN_POINT('Ctrl Pts',(-3.02680705776182E-15,24.7157552681246,
159.579828216375));
#5274=CARTESIAN_POINT('Ctrl Pts',(-24.7157552681246,24.7157552681246,159.579828216375));
#5275=CARTESIAN_POINT('Ctrl Pts',(-24.7157552681246,-3.02680705776182E-15,
159.579828216375));
#5276=CARTESIAN_POINT('Ctrl Pts',(-24.7157552681246,-24.7157552681246,159.579828216375));
#5277=CARTESIAN_POINT('Ctrl Pts',(3.02680705776182E-15,-24.7157552681246,
159.579828216375));
#5278=CARTESIAN_POINT('Ctrl Pts',(24.7157552681246,-24.7157552681246,159.579828216375));
#5279=CARTESIAN_POINT('Ctrl Pts',(24.7157552681246,3.02680705776182E-15,
159.579828216375));
#5280=CARTESIAN_POINT('Ctrl Pts',(24.7805719898072,3.0347448168358E-15,
158.978674999564));
#5281=CARTESIAN_POINT('Ctrl Pts',(24.7805719898072,24.7805719898072,158.978674999564));
#5282=CARTESIAN_POINT('Ctrl Pts',(-3.0347448168358E-15,24.7805719898072,
158.978674999564));
#5283=CARTESIAN_POINT('Ctrl Pts',(-24.7805719898072,24.7805719898072,158.978674999564));
#5284=CARTESIAN_POINT('Ctrl Pts',(-24.7805719898072,-3.0347448168358E-15,
158.978674999564));
#5285=CARTESIAN_POINT('Ctrl Pts',(-24.7805719898072,-24.7805719898072,158.978674999564));
#5286=CARTESIAN_POINT('Ctrl Pts',(3.0347448168358E-15,-24.7805719898072,
158.978674999564));
#5287=CARTESIAN_POINT('Ctrl Pts',(24.7805719898072,-24.7805719898072,158.978674999564));
#5288=CARTESIAN_POINT('Ctrl Pts',(24.7805719898072,3.0347448168358E-15,
158.978674999564));
#5289=CARTESIAN_POINT('Ctrl Pts',(24.845160037817,3.04265457146164E-15,
158.377700070842));
#5290=CARTESIAN_POINT('Ctrl Pts',(24.845160037817,24.845160037817,158.377700070842));
#5291=CARTESIAN_POINT('Ctrl Pts',(-3.04265457146164E-15,24.845160037817,
158.377700070842));
#5292=CARTESIAN_POINT('Ctrl Pts',(-24.845160037817,24.845160037817,158.377700070842));
#5293=CARTESIAN_POINT('Ctrl Pts',(-24.845160037817,-3.04265457146164E-15,
158.377700070842));
#5294=CARTESIAN_POINT('Ctrl Pts',(-24.845160037817,-24.845160037817,158.377700070842));
#5295=CARTESIAN_POINT('Ctrl Pts',(3.04265457146164E-15,-24.845160037817,
158.377700070842));
#5296=CARTESIAN_POINT('Ctrl Pts',(24.845160037817,-24.845160037817,158.377700070842));
#5297=CARTESIAN_POINT('Ctrl Pts',(24.845160037817,3.04265457146164E-15,
158.377700070842));
#5298=CARTESIAN_POINT('Ctrl Pts',(24.909518909415,3.05053626007155E-15,
157.776910712991));
#5299=CARTESIAN_POINT('Ctrl Pts',(24.909518909415,24.909518909415,157.776910712991));
#5300=CARTESIAN_POINT('Ctrl Pts',(-3.05053626007155E-15,24.909518909415,
157.776910712991));
#5301=CARTESIAN_POINT('Ctrl Pts',(-24.909518909415,24.909518909415,157.776910712991));
#5302=CARTESIAN_POINT('Ctrl Pts',(-24.909518909415,-3.05053626007155E-15,
157.776910712991));
#5303=CARTESIAN_POINT('Ctrl Pts',(-24.909518909415,-24.909518909415,157.776910712991));
#5304=CARTESIAN_POINT('Ctrl Pts',(3.05053626007155E-15,-24.909518909415,
157.776910712991));
#5305=CARTESIAN_POINT('Ctrl Pts',(24.909518909415,-24.909518909415,157.776910712991));
#5306=CARTESIAN_POINT('Ctrl Pts',(24.909518909415,3.05053626007155E-15,
157.776910712991));
#5307=CARTESIAN_POINT('Ctrl Pts',(24.9736481013151,3.05838982103079E-15,
157.176314220882));
#5308=CARTESIAN_POINT('Ctrl Pts',(24.9736481013151,24.9736481013151,157.176314220882));
#5309=CARTESIAN_POINT('Ctrl Pts',(-3.05838982103079E-15,24.9736481013151,
157.176314220882));
#5310=CARTESIAN_POINT('Ctrl Pts',(-24.9736481013151,24.9736481013151,157.176314220882));
#5311=CARTESIAN_POINT('Ctrl Pts',(-24.9736481013151,-3.05838982103079E-15,
157.176314220882));
#5312=CARTESIAN_POINT('Ctrl Pts',(-24.9736481013151,-24.9736481013151,157.176314220882));
#5313=CARTESIAN_POINT('Ctrl Pts',(3.05838982103079E-15,-24.9736481013151,
157.176314220882));
#5314=CARTESIAN_POINT('Ctrl Pts',(24.9736481013151,-24.9736481013151,157.176314220882));
#5315=CARTESIAN_POINT('Ctrl Pts',(24.9736481013151,3.05838982103079E-15,
157.176314220882));
#5316=CARTESIAN_POINT('Ctrl Pts',(25.037547109674,3.06621519263633E-15,
156.575917901933));
#5317=CARTESIAN_POINT('Ctrl Pts',(25.037547109674,25.037547109674,156.575917901933));
#5318=CARTESIAN_POINT('Ctrl Pts',(-3.06621519263633E-15,25.037547109674,
156.575917901933));
#5319=CARTESIAN_POINT('Ctrl Pts',(-25.037547109674,25.037547109674,156.575917901933));
#5320=CARTESIAN_POINT('Ctrl Pts',(-25.037547109674,-3.06621519263633E-15,
156.575917901933));
#5321=CARTESIAN_POINT('Ctrl Pts',(-25.037547109674,-25.037547109674,156.575917901933));
#5322=CARTESIAN_POINT('Ctrl Pts',(3.06621519263633E-15,-25.037547109674,
156.575917901933));
#5323=CARTESIAN_POINT('Ctrl Pts',(25.037547109674,-25.037547109674,156.575917901933));
#5324=CARTESIAN_POINT('Ctrl Pts',(25.037547109674,3.06621519263633E-15,
156.575917901933));
#5325=CARTESIAN_POINT('Ctrl Pts',(25.1012154300808,3.07401231311566E-15,
155.975729076578));
#5326=CARTESIAN_POINT('Ctrl Pts',(25.1012154300808,25.1012154300808,155.975729076578));
#5327=CARTESIAN_POINT('Ctrl Pts',(-3.07401231311566E-15,25.1012154300808,
155.975729076578));
#5328=CARTESIAN_POINT('Ctrl Pts',(-25.1012154300808,25.1012154300808,155.975729076578));
#5329=CARTESIAN_POINT('Ctrl Pts',(-25.1012154300808,-3.07401231311566E-15,
155.975729076578));
#5330=CARTESIAN_POINT('Ctrl Pts',(-25.1012154300808,-25.1012154300808,155.975729076578));
#5331=CARTESIAN_POINT('Ctrl Pts',(3.07401231311566E-15,-25.1012154300808,
155.975729076578));
#5332=CARTESIAN_POINT('Ctrl Pts',(25.1012154300808,-25.1012154300808,155.975729076578));
#5333=CARTESIAN_POINT('Ctrl Pts',(25.1012154300808,3.07401231311566E-15,
155.975729076578));
#5334=CARTESIAN_POINT('Ctrl Pts',(25.1646525575467,3.08178112062548E-15,
155.375755078728));
#5335=CARTESIAN_POINT('Ctrl Pts',(25.1646525575467,25.1646525575467,155.375755078728));
#5336=CARTESIAN_POINT('Ctrl Pts',(-3.08178112062548E-15,25.1646525575467,
155.375755078728));
#5337=CARTESIAN_POINT('Ctrl Pts',(-25.1646525575467,25.1646525575467,155.375755078728));
#5338=CARTESIAN_POINT('Ctrl Pts',(-25.1646525575467,-3.08178112062548E-15,
155.375755078728));
#5339=CARTESIAN_POINT('Ctrl Pts',(-25.1646525575467,-25.1646525575467,155.375755078728));
#5340=CARTESIAN_POINT('Ctrl Pts',(3.08178112062548E-15,-25.1646525575467,
155.375755078728));
#5341=CARTESIAN_POINT('Ctrl Pts',(25.1646525575467,-25.1646525575467,155.375755078728));
#5342=CARTESIAN_POINT('Ctrl Pts',(25.1646525575467,3.08178112062548E-15,
155.375755078728));
#5343=CARTESIAN_POINT('Ctrl Pts',(25.2278579864962,3.08952155325065E-15,
154.776003256238));
#5344=CARTESIAN_POINT('Ctrl Pts',(25.2278579864962,25.2278579864962,154.776003256238));
#5345=CARTESIAN_POINT('Ctrl Pts',(-3.08952155325065E-15,25.2278579864962,
154.776003256238));
#5346=CARTESIAN_POINT('Ctrl Pts',(-25.2278579864962,25.2278579864962,154.776003256238));
#5347=CARTESIAN_POINT('Ctrl Pts',(-25.2278579864962,-3.08952155325065E-15,
154.776003256238));
#5348=CARTESIAN_POINT('Ctrl Pts',(-25.2278579864962,-25.2278579864962,154.776003256238));
#5349=CARTESIAN_POINT('Ctrl Pts',(3.08952155325065E-15,-25.2278579864962,
154.776003256238));
#5350=CARTESIAN_POINT('Ctrl Pts',(25.2278579864962,-25.2278579864962,154.776003256238));
#5351=CARTESIAN_POINT('Ctrl Pts',(25.2278579864962,3.08952155325065E-15,
154.776003256238));
#5352=CARTESIAN_POINT('Ctrl Pts',(25.2908312107572,3.09723354900297E-15,
154.176480971368));
#5353=CARTESIAN_POINT('Ctrl Pts',(25.2908312107571,25.2908312107572,154.176480971368));
#5354=CARTESIAN_POINT('Ctrl Pts',(-3.09723354900297E-15,25.2908312107572,
154.176480971368));
#5355=CARTESIAN_POINT('Ctrl Pts',(-25.2908312107572,25.2908312107571,154.176480971368));
#5356=CARTESIAN_POINT('Ctrl Pts',(-25.2908312107572,-3.09723354900297E-15,
154.176480971368));
#5357=CARTESIAN_POINT('Ctrl Pts',(-25.2908312107571,-25.2908312107572,154.176480971368));
#5358=CARTESIAN_POINT('Ctrl Pts',(3.09723354900297E-15,-25.2908312107572,
154.176480971368));
#5359=CARTESIAN_POINT('Ctrl Pts',(25.2908312107572,-25.2908312107571,154.176480971368));
#5360=CARTESIAN_POINT('Ctrl Pts',(25.2908312107572,3.09723354900297E-15,
154.176480971368));
#5361=CARTESIAN_POINT('Ctrl Pts',(25.3535717235498,3.10491704581982E-15,
153.577195601281));
#5362=CARTESIAN_POINT('Ctrl Pts',(25.3535717235498,25.3535717235498,153.577195601281));
#5363=CARTESIAN_POINT('Ctrl Pts',(-3.10491704581982E-15,25.3535717235498,
153.577195601281));
#5364=CARTESIAN_POINT('Ctrl Pts',(-25.3535717235498,25.3535717235498,153.577195601281));
#5365=CARTESIAN_POINT('Ctrl Pts',(-25.3535717235498,-3.10491704581982E-15,
153.577195601281));
#5366=CARTESIAN_POINT('Ctrl Pts',(-25.3535717235498,-25.3535717235498,153.577195601281));
#5367=CARTESIAN_POINT('Ctrl Pts',(3.10491704581982E-15,-25.3535717235498,
153.577195601281));
#5368=CARTESIAN_POINT('Ctrl Pts',(25.3535717235498,-25.3535717235498,153.577195601281));
#5369=CARTESIAN_POINT('Ctrl Pts',(25.3535717235498,3.10491704581982E-15,
153.577195601281));
#5370=CARTESIAN_POINT('Ctrl Pts',(25.4160790174755,3.11257198156276E-15,
152.97815453853));
#5371=CARTESIAN_POINT('Ctrl Pts',(25.4160790174755,25.4160790174755,152.97815453853));
#5372=CARTESIAN_POINT('Ctrl Pts',(-3.11257198156276E-15,25.4160790174755,
152.97815453853));
#5373=CARTESIAN_POINT('Ctrl Pts',(-25.4160790174755,25.4160790174755,152.97815453853));
#5374=CARTESIAN_POINT('Ctrl Pts',(-25.4160790174755,-3.11257198156276E-15,
152.97815453853));
#5375=CARTESIAN_POINT('Ctrl Pts',(-25.4160790174755,-25.4160790174755,152.97815453853));
#5376=CARTESIAN_POINT('Ctrl Pts',(3.11257198156276E-15,-25.4160790174755,
152.97815453853));
#5377=CARTESIAN_POINT('Ctrl Pts',(25.4160790174755,-25.4160790174755,152.97815453853));
#5378=CARTESIAN_POINT('Ctrl Pts',(25.4160790174755,3.11257198156276E-15,
152.97815453853));
#5379=CARTESIAN_POINT('Ctrl Pts',(25.4783525845065,3.12019829401636E-15,
152.379365191554));
#5380=CARTESIAN_POINT('Ctrl Pts',(25.4783525845065,25.4783525845065,152.379365191554));
#5381=CARTESIAN_POINT('Ctrl Pts',(-3.12019829401636E-15,25.4783525845065,
152.379365191554));
#5382=CARTESIAN_POINT('Ctrl Pts',(-25.4783525845065,25.4783525845065,152.379365191554));
#5383=CARTESIAN_POINT('Ctrl Pts',(-25.4783525845065,-3.12019829401636E-15,
152.379365191554));
#5384=CARTESIAN_POINT('Ctrl Pts',(-25.4783525845065,-25.4783525845065,152.379365191554));
#5385=CARTESIAN_POINT('Ctrl Pts',(3.12019829401636E-15,-25.4783525845065,
152.379365191554));
#5386=CARTESIAN_POINT('Ctrl Pts',(25.4783525845065,-25.4783525845065,152.379365191554));
#5387=CARTESIAN_POINT('Ctrl Pts',(25.4783525845065,3.12019829401636E-15,
152.379365191554));
#5388=CARTESIAN_POINT('Ctrl Pts',(25.5403919159767,3.12779592088698E-15,
151.780834985168));
#5389=CARTESIAN_POINT('Ctrl Pts',(25.5403919159767,25.5403919159767,151.780834985168));
#5390=CARTESIAN_POINT('Ctrl Pts',(-3.12779592088698E-15,25.5403919159767,
151.780834985168));
#5391=CARTESIAN_POINT('Ctrl Pts',(-25.5403919159767,25.5403919159767,151.780834985168));
#5392=CARTESIAN_POINT('Ctrl Pts',(-25.5403919159767,-3.12779592088698E-15,
151.780834985168));
#5393=CARTESIAN_POINT('Ctrl Pts',(-25.5403919159767,-25.5403919159767,151.780834985168));
#5394=CARTESIAN_POINT('Ctrl Pts',(3.12779592088698E-15,-25.5403919159767,
151.780834985168));
#5395=CARTESIAN_POINT('Ctrl Pts',(25.5403919159767,-25.5403919159767,151.780834985168));
#5396=CARTESIAN_POINT('Ctrl Pts',(25.5403919159767,3.12779592088698E-15,
151.780834985168));
#5397=CARTESIAN_POINT('Ctrl Pts',(25.6021965025713,3.13536479980155E-15,
151.182571361051));
#5398=CARTESIAN_POINT('Ctrl Pts',(25.6021965025713,25.6021965025713,151.182571361051));
#5399=CARTESIAN_POINT('Ctrl Pts',(-3.13536479980155E-15,25.6021965025713,
151.182571361051));
#5400=CARTESIAN_POINT('Ctrl Pts',(-25.6021965025713,25.6021965025713,151.182571361051));
#5401=CARTESIAN_POINT('Ctrl Pts',(-25.6021965025713,-3.13536479980155E-15,
151.182571361051));
#5402=CARTESIAN_POINT('Ctrl Pts',(-25.6021965025713,-25.6021965025713,151.182571361051));
#5403=CARTESIAN_POINT('Ctrl Pts',(3.13536479980155E-15,-25.6021965025713,
151.182571361051));
#5404=CARTESIAN_POINT('Ctrl Pts',(25.6021965025713,-25.6021965025713,151.182571361051));
#5405=CARTESIAN_POINT('Ctrl Pts',(25.6021965025713,3.13536479980155E-15,
151.182571361051));
#5406=CARTESIAN_POINT('Ctrl Pts',(25.6637658343187,3.14290486830656E-15,
150.584581778239));
#5407=CARTESIAN_POINT('Ctrl Pts',(25.6637658343187,25.6637658343187,150.584581778239));
#5408=CARTESIAN_POINT('Ctrl Pts',(-3.14290486830656E-15,25.6637658343187,
150.584581778239));
#5409=CARTESIAN_POINT('Ctrl Pts',(-25.6637658343187,25.6637658343187,150.584581778239));
#5410=CARTESIAN_POINT('Ctrl Pts',(-25.6637658343187,-3.14290486830656E-15,
150.584581778239));
#5411=CARTESIAN_POINT('Ctrl Pts',(-25.6637658343187,-25.6637658343187,150.584581778239));
#5412=CARTESIAN_POINT('Ctrl Pts',(3.14290486830656E-15,-25.6637658343187,
150.584581778239));
#5413=CARTESIAN_POINT('Ctrl Pts',(25.6637658343187,-25.6637658343187,150.584581778239));
#5414=CARTESIAN_POINT('Ctrl Pts',(25.6637658343187,3.14290486830656E-15,
150.584581778239));
#5415=CARTESIAN_POINT('Ctrl Pts',(25.7250994005801,3.15041606386679E-15,
149.98687371363));
#5416=CARTESIAN_POINT('Ctrl Pts',(25.72509940058,25.7250994005801,149.98687371363));
#5417=CARTESIAN_POINT('Ctrl Pts',(-3.15041606386679E-15,25.7250994005801,
149.98687371363));
#5418=CARTESIAN_POINT('Ctrl Pts',(-25.7250994005801,25.72509940058,149.98687371363));
#5419=CARTESIAN_POINT('Ctrl Pts',(-25.7250994005801,-3.15041606386679E-15,
149.98687371363));
#5420=CARTESIAN_POINT('Ctrl Pts',(-25.72509940058,-25.7250994005801,149.98687371363));
#5421=CARTESIAN_POINT('Ctrl Pts',(3.15041606386679E-15,-25.7250994005801,
149.98687371363));
#5422=CARTESIAN_POINT('Ctrl Pts',(25.7250994005801,-25.72509940058,149.98687371363));
#5423=CARTESIAN_POINT('Ctrl Pts',(25.7250994005801,3.15041606386679E-15,
149.98687371363));
#5424=CARTESIAN_POINT('Ctrl Pts',(25.7861966900378,3.15789832386389E-15,
149.389454662518));
#5425=CARTESIAN_POINT('Ctrl Pts',(25.7861966900378,25.7861966900378,149.389454662518));
#5426=CARTESIAN_POINT('Ctrl Pts',(-3.15789832386389E-15,25.7861966900378,
149.389454662518));
#5427=CARTESIAN_POINT('Ctrl Pts',(-25.7861966900378,25.7861966900378,149.389454662518));
#5428=CARTESIAN_POINT('Ctrl Pts',(-25.7861966900378,-3.15789832386389E-15,
149.389454662518));
#5429=CARTESIAN_POINT('Ctrl Pts',(-25.7861966900378,-25.7861966900378,149.389454662518));
#5430=CARTESIAN_POINT('Ctrl Pts',(3.15789832386389E-15,-25.7861966900378,
149.389454662518));
#5431=CARTESIAN_POINT('Ctrl Pts',(25.7861966900378,-25.7861966900378,149.389454662518));
#5432=CARTESIAN_POINT('Ctrl Pts',(25.7861966900378,3.15789832386389E-15,
149.389454662518));
#5433=CARTESIAN_POINT('Ctrl Pts',(25.8470571906854,3.16535158559515E-15,
148.792332139112));
#5434=CARTESIAN_POINT('Ctrl Pts',(25.8470571906854,25.8470571906854,148.792332139112));
#5435=CARTESIAN_POINT('Ctrl Pts',(-3.16535158559515E-15,25.8470571906854,
148.792332139112));
#5436=CARTESIAN_POINT('Ctrl Pts',(-25.8470571906854,25.8470571906854,148.792332139112));
#5437=CARTESIAN_POINT('Ctrl Pts',(-25.8470571906854,-3.16535158559515E-15,
148.792332139112));
#5438=CARTESIAN_POINT('Ctrl Pts',(-25.8470571906854,-25.8470571906854,148.792332139112));
#5439=CARTESIAN_POINT('Ctrl Pts',(3.16535158559515E-15,-25.8470571906854,
148.792332139112));
#5440=CARTESIAN_POINT('Ctrl Pts',(25.8470571906854,-25.8470571906854,148.792332139112));
#5441=CARTESIAN_POINT('Ctrl Pts',(25.8470571906854,3.16535158559515E-15,
148.792332139112));
#5442=CARTESIAN_POINT('Ctrl Pts',(25.9076803898173,3.17277578627224E-15,
148.195513677058));
#5443=CARTESIAN_POINT('Ctrl Pts',(25.9076803898173,25.9076803898173,148.195513677058));
#5444=CARTESIAN_POINT('Ctrl Pts',(-3.17277578627224E-15,25.9076803898173,
148.195513677058));
#5445=CARTESIAN_POINT('Ctrl Pts',(-25.9076803898173,25.9076803898173,148.195513677058));
#5446=CARTESIAN_POINT('Ctrl Pts',(-25.9076803898173,-3.17277578627224E-15,
148.195513677058));
#5447=CARTESIAN_POINT('Ctrl Pts',(-25.9076803898173,-25.9076803898173,148.195513677058));
#5448=CARTESIAN_POINT('Ctrl Pts',(3.17277578627224E-15,-25.9076803898173,
148.195513677058));
#5449=CARTESIAN_POINT('Ctrl Pts',(25.9076803898173,-25.9076803898173,148.195513677058));
#5450=CARTESIAN_POINT('Ctrl Pts',(25.9076803898173,3.17277578627224E-15,
148.195513677058));
#5451=CARTESIAN_POINT('Ctrl Pts',(25.9680657740186,3.18017086301999E-15,
147.59900682997));
#5452=CARTESIAN_POINT('Ctrl Pts',(25.9680657740186,25.9680657740186,147.59900682997));
#5453=CARTESIAN_POINT('Ctrl Pts',(-3.18017086301999E-15,25.9680657740186,
147.59900682997));
#5454=CARTESIAN_POINT('Ctrl Pts',(-25.9680657740186,25.9680657740186,147.59900682997));
#5455=CARTESIAN_POINT('Ctrl Pts',(-25.9680657740186,-3.18017086301999E-15,
147.59900682997));
#5456=CARTESIAN_POINT('Ctrl Pts',(-25.9680657740186,-25.9680657740186,147.59900682997));
#5457=CARTESIAN_POINT('Ctrl Pts',(3.18017086301999E-15,-25.9680657740186,
147.59900682997));
#5458=CARTESIAN_POINT('Ctrl Pts',(25.9680657740186,-25.9680657740186,147.59900682997));
#5459=CARTESIAN_POINT('Ctrl Pts',(25.9680657740186,3.18017086301999E-15,
147.59900682997));
#5460=CARTESIAN_POINT('Ctrl Pts',(26.0282128291573,3.18753675287535E-15,
147.002819171942));
#5461=CARTESIAN_POINT('Ctrl Pts',(26.0282128291573,26.0282128291573,147.002819171942));
#5462=CARTESIAN_POINT('Ctrl Pts',(-3.18753675287535E-15,26.0282128291573,
147.002819171942));
#5463=CARTESIAN_POINT('Ctrl Pts',(-26.0282128291573,26.0282128291573,147.002819171942));
#5464=CARTESIAN_POINT('Ctrl Pts',(-26.0282128291573,-3.18753675287535E-15,
147.002819171942));
#5465=CARTESIAN_POINT('Ctrl Pts',(-26.0282128291573,-26.0282128291573,147.002819171942));
#5466=CARTESIAN_POINT('Ctrl Pts',(3.18753675287535E-15,-26.0282128291573,
147.002819171942));
#5467=CARTESIAN_POINT('Ctrl Pts',(26.0282128291573,-26.0282128291573,147.002819171942));
#5468=CARTESIAN_POINT('Ctrl Pts',(26.0282128291573,3.18753675287535E-15,
147.002819171942));
#5469=CARTESIAN_POINT('Ctrl Pts',(26.088121040374,3.19487339278628E-15,
146.406958298088));
#5470=CARTESIAN_POINT('Ctrl Pts',(26.088121040374,26.088121040374,146.406958298088));
#5471=CARTESIAN_POINT('Ctrl Pts',(-3.19487339278628E-15,26.088121040374,
146.406958298088));
#5472=CARTESIAN_POINT('Ctrl Pts',(-26.088121040374,26.088121040374,146.406958298088));
#5473=CARTESIAN_POINT('Ctrl Pts',(-26.088121040374,-3.19487339278628E-15,
146.406958298088));
#5474=CARTESIAN_POINT('Ctrl Pts',(-26.088121040374,-26.088121040374,146.406958298088));
#5475=CARTESIAN_POINT('Ctrl Pts',(3.19487339278628E-15,-26.088121040374,
146.406958298088));
#5476=CARTESIAN_POINT('Ctrl Pts',(26.088121040374,-26.088121040374,146.406958298088));
#5477=CARTESIAN_POINT('Ctrl Pts',(26.088121040374,3.19487339278628E-15,
146.406958298088));
#5478=CARTESIAN_POINT('Ctrl Pts',(26.1477898920719,3.20218071961034E-15,
145.811431825106));
#5479=CARTESIAN_POINT('Ctrl Pts',(26.1477898920719,26.1477898920719,145.811431825106));
#5480=CARTESIAN_POINT('Ctrl Pts',(-3.20218071961034E-15,26.1477898920719,
145.811431825106));
#5481=CARTESIAN_POINT('Ctrl Pts',(-26.1477898920719,26.1477898920719,145.811431825106));
#5482=CARTESIAN_POINT('Ctrl Pts',(-26.1477898920719,-3.20218071961034E-15,
145.811431825106));
#5483=CARTESIAN_POINT('Ctrl Pts',(-26.1477898920719,-26.1477898920719,145.811431825106));
#5484=CARTESIAN_POINT('Ctrl Pts',(3.20218071961034E-15,-26.1477898920719,
145.811431825106));
#5485=CARTESIAN_POINT('Ctrl Pts',(26.1477898920719,-26.1477898920719,145.811431825106));
#5486=CARTESIAN_POINT('Ctrl Pts',(26.1477898920719,3.20218071961034E-15,
145.811431825106));
#5487=CARTESIAN_POINT('Ctrl Pts',(26.2072188679054,3.20945867011344E-15,
145.216247391843));
#5488=CARTESIAN_POINT('Ctrl Pts',(26.2072188679053,26.2072188679054,145.216247391843));
#5489=CARTESIAN_POINT('Ctrl Pts',(-3.20945867011344E-15,26.2072188679054,
145.216247391843));
#5490=CARTESIAN_POINT('Ctrl Pts',(-26.2072188679054,26.2072188679053,145.216247391843));
#5491=CARTESIAN_POINT('Ctrl Pts',(-26.2072188679054,-3.20945867011344E-15,
145.216247391843));
#5492=CARTESIAN_POINT('Ctrl Pts',(-26.2072188679053,-26.2072188679054,145.216247391843));
#5493=CARTESIAN_POINT('Ctrl Pts',(3.20945867011344E-15,-26.2072188679054,
145.216247391843));
#5494=CARTESIAN_POINT('Ctrl Pts',(26.2072188679054,-26.2072188679053,145.216247391843));
#5495=CARTESIAN_POINT('Ctrl Pts',(26.2072188679054,3.20945867011344E-15,
145.216247391843));
#5496=CARTESIAN_POINT('Ctrl Pts',(26.2664074507704,3.21670718096861E-15,
144.621412659862));
#5497=CARTESIAN_POINT('Ctrl Pts',(26.2664074507704,26.2664074507704,144.621412659862));
#5498=CARTESIAN_POINT('Ctrl Pts',(-3.21670718096861E-15,26.2664074507704,
144.621412659862));
#5499=CARTESIAN_POINT('Ctrl Pts',(-26.2664074507704,26.2664074507704,144.621412659862));
#5500=CARTESIAN_POINT('Ctrl Pts',(-26.2664074507704,-3.21670718096861E-15,
144.621412659862));
#5501=CARTESIAN_POINT('Ctrl Pts',(-26.2664074507704,-26.2664074507704,144.621412659862));
#5502=CARTESIAN_POINT('Ctrl Pts',(3.21670718096861E-15,-26.2664074507704,
144.621412659862));
#5503=CARTESIAN_POINT('Ctrl Pts',(26.2664074507704,-26.2664074507704,144.621412659862));
#5504=CARTESIAN_POINT('Ctrl Pts',(26.2664074507704,3.21670718096861E-15,
144.621412659862));
#5505=CARTESIAN_POINT('Ctrl Pts',(26.3253551227952,3.22392618875485E-15,
144.026935314002));
#5506=CARTESIAN_POINT('Ctrl Pts',(26.3253551227952,26.3253551227952,144.026935314002));
#5507=CARTESIAN_POINT('Ctrl Pts',(-3.22392618875485E-15,26.3253551227952,
144.026935314002));
#5508=CARTESIAN_POINT('Ctrl Pts',(-26.3253551227952,26.3253551227952,144.026935314002));
#5509=CARTESIAN_POINT('Ctrl Pts',(-26.3253551227952,-3.22392618875485E-15,
144.026935314002));
#5510=CARTESIAN_POINT('Ctrl Pts',(-26.3253551227952,-26.3253551227952,144.026935314002));
#5511=CARTESIAN_POINT('Ctrl Pts',(3.22392618875485E-15,-26.3253551227952,
144.026935314002));
#5512=CARTESIAN_POINT('Ctrl Pts',(26.3253551227952,-26.3253551227952,144.026935314002));
#5513=CARTESIAN_POINT('Ctrl Pts',(26.3253551227952,3.22392618875485E-15,
144.026935314002));
#5514=CARTESIAN_POINT('Ctrl Pts',(26.3840613653306,3.23111562995594E-15,
143.432823062949));
#5515=CARTESIAN_POINT('Ctrl Pts',(26.3840613653306,26.3840613653306,143.432823062949));
#5516=CARTESIAN_POINT('Ctrl Pts',(-3.23111562995594E-15,26.3840613653306,
143.432823062949));
#5517=CARTESIAN_POINT('Ctrl Pts',(-26.3840613653306,26.3840613653306,143.432823062949));
#5518=CARTESIAN_POINT('Ctrl Pts',(-26.3840613653306,-3.23111562995594E-15,
143.432823062949));
#5519=CARTESIAN_POINT('Ctrl Pts',(-26.3840613653306,-26.3840613653306,143.432823062949));
#5520=CARTESIAN_POINT('Ctrl Pts',(3.23111562995594E-15,-26.3840613653306,
143.432823062949));
#5521=CARTESIAN_POINT('Ctrl Pts',(26.3840613653306,-26.3840613653306,143.432823062949));
#5522=CARTESIAN_POINT('Ctrl Pts',(26.3840613653306,3.23111562995594E-15,
143.432823062949));
#5523=CARTESIAN_POINT('Ctrl Pts',(26.4425256589416,3.23827544095946E-15,
142.839083639786));
#5524=CARTESIAN_POINT('Ctrl Pts',(26.4425256589416,26.4425256589416,142.839083639786));
#5525=CARTESIAN_POINT('Ctrl Pts',(-3.23827544095946E-15,26.4425256589416,
142.839083639786));
#5526=CARTESIAN_POINT('Ctrl Pts',(-26.4425256589416,26.4425256589416,142.839083639786));
#5527=CARTESIAN_POINT('Ctrl Pts',(-26.4425256589416,-3.23827544095946E-15,
142.839083639786));
#5528=CARTESIAN_POINT('Ctrl Pts',(-26.4425256589416,-26.4425256589416,142.839083639786));
#5529=CARTESIAN_POINT('Ctrl Pts',(3.23827544095946E-15,-26.4425256589416,
142.839083639786));
#5530=CARTESIAN_POINT('Ctrl Pts',(26.4425256589416,-26.4425256589416,142.839083639786));
#5531=CARTESIAN_POINT('Ctrl Pts',(26.4425256589416,3.23827544095946E-15,
142.839083639786));
#5532=CARTESIAN_POINT('Ctrl Pts',(26.5007474833967,3.2454055580554E-15,
142.245724802606));
#5533=CARTESIAN_POINT('Ctrl Pts',(26.5007474833967,26.5007474833967,142.245724802606));
#5534=CARTESIAN_POINT('Ctrl Pts',(-3.2454055580554E-15,26.5007474833967,
142.245724802606));
#5535=CARTESIAN_POINT('Ctrl Pts',(-26.5007474833967,26.5007474833967,142.245724802606));
#5536=CARTESIAN_POINT('Ctrl Pts',(-26.5007474833967,-3.2454055580554E-15,
142.245724802606));
#5537=CARTESIAN_POINT('Ctrl Pts',(-26.5007474833967,-26.5007474833967,142.245724802606));
#5538=CARTESIAN_POINT('Ctrl Pts',(3.2454055580554E-15,-26.5007474833967,
142.245724802606));
#5539=CARTESIAN_POINT('Ctrl Pts',(26.5007474833967,-26.5007474833967,142.245724802606));
#5540=CARTESIAN_POINT('Ctrl Pts',(26.5007474833967,3.2454055580554E-15,
142.245724802606));
#5541=CARTESIAN_POINT('Ctrl Pts',(26.5587263176568,3.2525059174349E-15,
141.65275433512));
#5542=CARTESIAN_POINT('Ctrl Pts',(26.5587263176568,26.5587263176568,141.65275433512));
#5543=CARTESIAN_POINT('Ctrl Pts',(-3.2525059174349E-15,26.5587263176568,
141.65275433512));
#5544=CARTESIAN_POINT('Ctrl Pts',(-26.5587263176568,26.5587263176568,141.65275433512));
#5545=CARTESIAN_POINT('Ctrl Pts',(-26.5587263176568,-3.2525059174349E-15,
141.65275433512));
#5546=CARTESIAN_POINT('Ctrl Pts',(-26.5587263176568,-26.5587263176568,141.65275433512));
#5547=CARTESIAN_POINT('Ctrl Pts',(3.2525059174349E-15,-26.5587263176568,
141.65275433512));
#5548=CARTESIAN_POINT('Ctrl Pts',(26.5587263176568,-26.5587263176568,141.65275433512));
#5549=CARTESIAN_POINT('Ctrl Pts',(26.5587263176568,3.2525059174349E-15,
141.65275433512));
#5550=CARTESIAN_POINT('Ctrl Pts',(26.6164616398654,3.25957645518895E-15,
141.060180047276));
#5551=CARTESIAN_POINT('Ctrl Pts',(26.6164616398654,26.6164616398654,141.060180047276));
#5552=CARTESIAN_POINT('Ctrl Pts',(-3.25957645518895E-15,26.6164616398654,
141.060180047276));
#5553=CARTESIAN_POINT('Ctrl Pts',(-26.6164616398654,26.6164616398654,141.060180047276));
#5554=CARTESIAN_POINT('Ctrl Pts',(-26.6164616398654,-3.25957645518895E-15,
141.060180047276));
#5555=CARTESIAN_POINT('Ctrl Pts',(-26.6164616398654,-26.6164616398654,141.060180047276));
#5556=CARTESIAN_POINT('Ctrl Pts',(3.25957645518895E-15,-26.6164616398654,
141.060180047276));
#5557=CARTESIAN_POINT('Ctrl Pts',(26.6164616398654,-26.6164616398654,141.060180047276));
#5558=CARTESIAN_POINT('Ctrl Pts',(26.6164616398654,3.25957645518895E-15,
141.060180047276));
#5559=CARTESIAN_POINT('Ctrl Pts',(26.6739529273383,3.2666171073072E-15,
140.468009775865));
#5560=CARTESIAN_POINT('Ctrl Pts',(26.6739529273383,26.6739529273383,140.468009775865));
#5561=CARTESIAN_POINT('Ctrl Pts',(-3.2666171073072E-15,26.6739529273383,
140.468009775865));
#5562=CARTESIAN_POINT('Ctrl Pts',(-26.6739529273383,26.6739529273383,140.468009775865));
#5563=CARTESIAN_POINT('Ctrl Pts',(-26.6739529273383,-3.2666171073072E-15,
140.468009775865));
#5564=CARTESIAN_POINT('Ctrl Pts',(-26.6739529273383,-26.6739529273383,140.468009775865));
#5565=CARTESIAN_POINT('Ctrl Pts',(3.2666171073072E-15,-26.6739529273383,
140.468009775865));
#5566=CARTESIAN_POINT('Ctrl Pts',(26.6739529273383,-26.6739529273383,140.468009775865));
#5567=CARTESIAN_POINT('Ctrl Pts',(26.6739529273383,3.2666171073072E-15,
140.468009775865));
#5568=CARTESIAN_POINT('Ctrl Pts',(26.7311996565547,3.27362780967686E-15,
139.876251385143));
#5569=CARTESIAN_POINT('Ctrl Pts',(26.7311996565547,26.7311996565547,139.876251385143));
#5570=CARTESIAN_POINT('Ctrl Pts',(-3.27362780967686E-15,26.7311996565547,
139.876251385143));
#5571=CARTESIAN_POINT('Ctrl Pts',(-26.7311996565547,26.7311996565547,139.876251385143));
#5572=CARTESIAN_POINT('Ctrl Pts',(-26.7311996565547,-3.27362780967686E-15,
139.876251385143));
#5573=CARTESIAN_POINT('Ctrl Pts',(-26.7311996565547,-26.7311996565547,139.876251385143));
#5574=CARTESIAN_POINT('Ctrl Pts',(3.27362780967686E-15,-26.7311996565547,
139.876251385143));
#5575=CARTESIAN_POINT('Ctrl Pts',(26.7311996565547,-26.7311996565547,139.876251385143));
#5576=CARTESIAN_POINT('Ctrl Pts',(26.7311996565547,3.27362780967686E-15,
139.876251385143));
#5577=CARTESIAN_POINT('Ctrl Pts',(26.7882013031492,3.28060849808166E-15,
139.284912767432));
#5578=CARTESIAN_POINT('Ctrl Pts',(26.7882013031492,26.7882013031492,139.284912767432));
#5579=CARTESIAN_POINT('Ctrl Pts',(-3.28060849808166E-15,26.7882013031492,
139.284912767432));
#5580=CARTESIAN_POINT('Ctrl Pts',(-26.7882013031492,26.7882013031492,139.284912767432));
#5581=CARTESIAN_POINT('Ctrl Pts',(-26.7882013031492,-3.28060849808166E-15,
139.284912767432));
#5582=CARTESIAN_POINT('Ctrl Pts',(-26.7882013031492,-26.7882013031492,139.284912767432));
#5583=CARTESIAN_POINT('Ctrl Pts',(3.28060849808166E-15,-26.7882013031492,
139.284912767432));
#5584=CARTESIAN_POINT('Ctrl Pts',(26.7882013031492,-26.7882013031492,139.284912767432));
#5585=CARTESIAN_POINT('Ctrl Pts',(26.7882013031492,3.28060849808166E-15,
139.284912767432));
#5586=CARTESIAN_POINT('Ctrl Pts',(26.8449573419018,3.28755910820073E-15,
138.694001843764));
#5587=CARTESIAN_POINT('Ctrl Pts',(26.8449573419018,26.8449573419018,138.694001843764));
#5588=CARTESIAN_POINT('Ctrl Pts',(-3.28755910820073E-15,26.8449573419018,
138.694001843764));
#5589=CARTESIAN_POINT('Ctrl Pts',(-26.8449573419018,26.8449573419018,138.694001843764));
#5590=CARTESIAN_POINT('Ctrl Pts',(-26.8449573419018,-3.28755910820073E-15,
138.694001843764));
#5591=CARTESIAN_POINT('Ctrl Pts',(-26.8449573419018,-26.8449573419018,138.694001843764));
#5592=CARTESIAN_POINT('Ctrl Pts',(3.28755910820073E-15,-26.8449573419018,
138.694001843764));
#5593=CARTESIAN_POINT('Ctrl Pts',(26.8449573419018,-26.8449573419018,138.694001843764));
#5594=CARTESIAN_POINT('Ctrl Pts',(26.8449573419018,3.28755910820073E-15,
138.694001843764));
#5595=CARTESIAN_POINT('Ctrl Pts',(26.9014672467275,3.29447957560722E-15,
138.103526564554));
#5596=CARTESIAN_POINT('Ctrl Pts',(26.9014672467275,26.9014672467275,138.103526564554));
#5597=CARTESIAN_POINT('Ctrl Pts',(-3.29447957560722E-15,26.9014672467275,
138.103526564554));
#5598=CARTESIAN_POINT('Ctrl Pts',(-26.9014672467275,26.9014672467275,138.103526564554));
#5599=CARTESIAN_POINT('Ctrl Pts',(-26.9014672467275,-3.29447957560722E-15,
138.103526564554));
#5600=CARTESIAN_POINT('Ctrl Pts',(-26.9014672467275,-26.9014672467275,138.103526564554));
#5601=CARTESIAN_POINT('Ctrl Pts',(3.29447957560722E-15,-26.9014672467275,
138.103526564554));
#5602=CARTESIAN_POINT('Ctrl Pts',(26.9014672467275,-26.9014672467275,138.103526564554));
#5603=CARTESIAN_POINT('Ctrl Pts',(26.9014672467275,3.29447957560722E-15,
138.103526564554));
#5604=CARTESIAN_POINT('Ctrl Pts',(26.9577304906652,3.30136983576702E-15,
137.513494910272));
#5605=CARTESIAN_POINT('Ctrl Pts',(26.9577304906652,26.9577304906652,137.513494910272));
#5606=CARTESIAN_POINT('Ctrl Pts',(-3.30136983576702E-15,26.9577304906652,
137.513494910272));
#5607=CARTESIAN_POINT('Ctrl Pts',(-26.9577304906652,26.9577304906652,137.513494910272));
#5608=CARTESIAN_POINT('Ctrl Pts',(-26.9577304906652,-3.30136983576702E-15,
137.513494910272));
#5609=CARTESIAN_POINT('Ctrl Pts',(-26.9577304906652,-26.9577304906652,137.513494910272));
#5610=CARTESIAN_POINT('Ctrl Pts',(3.30136983576702E-15,-26.9577304906652,
137.513494910272));
#5611=CARTESIAN_POINT('Ctrl Pts',(26.9577304906652,-26.9577304906652,137.513494910272));
#5612=CARTESIAN_POINT('Ctrl Pts',(26.9577304906652,3.30136983576702E-15,
137.513494910272));
#5613=CARTESIAN_POINT('Ctrl Pts',(27.0137465458688,3.3082298240376E-15,
136.923914892118));
#5614=CARTESIAN_POINT('Ctrl Pts',(27.0137465458687,27.0137465458688,136.923914892118));
#5615=CARTESIAN_POINT('Ctrl Pts',(-3.3082298240376E-15,27.0137465458688,
136.923914892118));
#5616=CARTESIAN_POINT('Ctrl Pts',(-27.0137465458688,27.0137465458687,136.923914892118));
#5617=CARTESIAN_POINT('Ctrl Pts',(-27.0137465458688,-3.3082298240376E-15,
136.923914892118));
#5618=CARTESIAN_POINT('Ctrl Pts',(-27.0137465458687,-27.0137465458688,136.923914892118));
#5619=CARTESIAN_POINT('Ctrl Pts',(3.3082298240376E-15,-27.0137465458688,
136.923914892118));
#5620=CARTESIAN_POINT('Ctrl Pts',(27.0137465458688,-27.0137465458687,136.923914892118));
#5621=CARTESIAN_POINT('Ctrl Pts',(27.0137465458688,3.3082298240376E-15,
136.923914892118));
#5622=CARTESIAN_POINT('Ctrl Pts',(27.069514883597,3.31505947566687E-15,
136.334794552688));
#5623=CARTESIAN_POINT('Ctrl Pts',(27.069514883597,27.069514883597,136.334794552688));
#5624=CARTESIAN_POINT('Ctrl Pts',(-3.31505947566687E-15,27.069514883597,
136.334794552688));
#5625=CARTESIAN_POINT('Ctrl Pts',(-27.069514883597,27.069514883597,136.334794552688));
#5626=CARTESIAN_POINT('Ctrl Pts',(-27.069514883597,-3.31505947566687E-15,
136.334794552688));
#5627=CARTESIAN_POINT('Ctrl Pts',(-27.069514883597,-27.069514883597,136.334794552688));
#5628=CARTESIAN_POINT('Ctrl Pts',(3.31505947566687E-15,-27.069514883597,
136.334794552688));
#5629=CARTESIAN_POINT('Ctrl Pts',(27.069514883597,-27.069514883597,136.334794552688));
#5630=CARTESIAN_POINT('Ctrl Pts',(27.069514883597,3.31505947566687E-15,
136.334794552688));
#5631=CARTESIAN_POINT('Ctrl Pts',(27.1250349742052,3.32185872579204E-15,
135.746141966648));
#5632=CARTESIAN_POINT('Ctrl Pts',(27.1250349742052,27.1250349742052,135.746141966648));
#5633=CARTESIAN_POINT('Ctrl Pts',(-3.32185872579204E-15,27.1250349742052,
135.746141966648));
#5634=CARTESIAN_POINT('Ctrl Pts',(-27.1250349742052,27.1250349742052,135.746141966648));
#5635=CARTESIAN_POINT('Ctrl Pts',(-27.1250349742052,-3.32185872579204E-15,
135.746141966648));
#5636=CARTESIAN_POINT('Ctrl Pts',(-27.1250349742052,-27.1250349742052,135.746141966648));
#5637=CARTESIAN_POINT('Ctrl Pts',(3.32185872579204E-15,-27.1250349742052,
135.746141966648));
#5638=CARTESIAN_POINT('Ctrl Pts',(27.1250349742052,-27.1250349742052,135.746141966648));
#5639=CARTESIAN_POINT('Ctrl Pts',(27.1250349742052,3.32185872579204E-15,
135.746141966648));
#5640=CARTESIAN_POINT('Ctrl Pts',(27.1803062871362,3.3286275094386E-15,
135.157965241409));
#5641=CARTESIAN_POINT('Ctrl Pts',(27.1803062871361,27.1803062871362,135.157965241409));
#5642=CARTESIAN_POINT('Ctrl Pts',(-3.3286275094386E-15,27.1803062871362,
135.157965241409));
#5643=CARTESIAN_POINT('Ctrl Pts',(-27.1803062871362,27.1803062871361,135.157965241409));
#5644=CARTESIAN_POINT('Ctrl Pts',(-27.1803062871362,-3.3286275094386E-15,
135.157965241409));
#5645=CARTESIAN_POINT('Ctrl Pts',(-27.1803062871361,-27.1803062871362,135.157965241409));
#5646=CARTESIAN_POINT('Ctrl Pts',(3.3286275094386E-15,-27.1803062871362,
135.157965241409));
#5647=CARTESIAN_POINT('Ctrl Pts',(27.1803062871362,-27.1803062871361,135.157965241409));
#5648=CARTESIAN_POINT('Ctrl Pts',(27.1803062871362,3.3286275094386E-15,
135.157965241409));
#5649=CARTESIAN_POINT('Ctrl Pts',(27.2353282909097,3.335365761519E-15,134.57027251787));
#5650=CARTESIAN_POINT('Ctrl Pts',(27.2353282909097,27.2353282909097,134.57027251787));
#5651=CARTESIAN_POINT('Ctrl Pts',(-3.335365761519E-15,27.2353282909097,
134.57027251787));
#5652=CARTESIAN_POINT('Ctrl Pts',(-27.2353282909097,27.2353282909097,134.57027251787));
#5653=CARTESIAN_POINT('Ctrl Pts',(-27.2353282909097,-3.335365761519E-15,
134.57027251787));
#5654=CARTESIAN_POINT('Ctrl Pts',(-27.2353282909097,-27.2353282909097,134.57027251787));
#5655=CARTESIAN_POINT('Ctrl Pts',(3.335365761519E-15,-27.2353282909097,
134.57027251787));
#5656=CARTESIAN_POINT('Ctrl Pts',(27.2353282909097,-27.2353282909097,134.57027251787));
#5657=CARTESIAN_POINT('Ctrl Pts',(27.2353282909097,3.335365761519E-15,134.57027251787));
#5658=CARTESIAN_POINT('Ctrl Pts',(27.2901004531123,3.34207341683137E-15,
133.983071971157));
#5659=CARTESIAN_POINT('Ctrl Pts',(27.2901004531122,27.2901004531123,133.983071971157));
#5660=CARTESIAN_POINT('Ctrl Pts',(-3.34207341683137E-15,27.2901004531123,
133.983071971157));
#5661=CARTESIAN_POINT('Ctrl Pts',(-27.2901004531123,27.2901004531122,133.983071971157));
#5662=CARTESIAN_POINT('Ctrl Pts',(-27.2901004531123,-3.34207341683137E-15,
133.983071971157));
#5663=CARTESIAN_POINT('Ctrl Pts',(-27.2901004531122,-27.2901004531123,133.983071971157));
#5664=CARTESIAN_POINT('Ctrl Pts',(3.34207341683137E-15,-27.2901004531123,
133.983071971157));
#5665=CARTESIAN_POINT('Ctrl Pts',(27.2901004531123,-27.2901004531122,133.983071971157));
#5666=CARTESIAN_POINT('Ctrl Pts',(27.2901004531123,3.34207341683137E-15,
133.983071971157));
#5667=CARTESIAN_POINT('Ctrl Pts',(27.3446222403866,3.34875041005829E-15,
133.39637181137));
#5668=CARTESIAN_POINT('Ctrl Pts',(27.3446222403866,27.3446222403866,133.39637181137));
#5669=CARTESIAN_POINT('Ctrl Pts',(-3.34875041005829E-15,27.3446222403866,
133.39637181137));
#5670=CARTESIAN_POINT('Ctrl Pts',(-27.3446222403866,27.3446222403866,133.39637181137));
#5671=CARTESIAN_POINT('Ctrl Pts',(-27.3446222403866,-3.34875041005829E-15,
133.39637181137));
#5672=CARTESIAN_POINT('Ctrl Pts',(-27.3446222403866,-27.3446222403866,133.39637181137));
#5673=CARTESIAN_POINT('Ctrl Pts',(3.34875041005829E-15,-27.3446222403866,
133.39637181137));
#5674=CARTESIAN_POINT('Ctrl Pts',(27.3446222403866,-27.3446222403866,133.39637181137));
#5675=CARTESIAN_POINT('Ctrl Pts',(27.3446222403866,3.34875041005829E-15,
133.39637181137));
#5676=CARTESIAN_POINT('Ctrl Pts',(27.3988931184228,3.35539667576569E-15,
132.810180284316));
#5677=CARTESIAN_POINT('Ctrl Pts',(27.3988931184228,27.3988931184228,132.810180284316));
#5678=CARTESIAN_POINT('Ctrl Pts',(-3.35539667576569E-15,27.3988931184228,
132.810180284316));
#5679=CARTESIAN_POINT('Ctrl Pts',(-27.3988931184228,27.3988931184228,132.810180284316));
#5680=CARTESIAN_POINT('Ctrl Pts',(-27.3988931184228,-3.35539667576569E-15,
132.810180284316));
#5681=CARTESIAN_POINT('Ctrl Pts',(-27.3988931184228,-27.3988931184228,132.810180284316));
#5682=CARTESIAN_POINT('Ctrl Pts',(3.35539667576569E-15,-27.3988931184228,
132.810180284316));
#5683=CARTESIAN_POINT('Ctrl Pts',(27.3988931184228,-27.3988931184228,132.810180284316));
#5684=CARTESIAN_POINT('Ctrl Pts',(27.3988931184228,3.35539667576569E-15,
132.810180284316));
#5685=CARTESIAN_POINT('Ctrl Pts',(27.4529125519494,3.3620121484017E-15,
132.22450567226));
#5686=CARTESIAN_POINT('Ctrl Pts',(27.4529125519494,27.4529125519494,132.22450567226));
#5687=CARTESIAN_POINT('Ctrl Pts',(-3.3620121484017E-15,27.4529125519494,
132.22450567226));
#5688=CARTESIAN_POINT('Ctrl Pts',(-27.4529125519494,27.4529125519494,132.22450567226));
#5689=CARTESIAN_POINT('Ctrl Pts',(-27.4529125519494,-3.3620121484017E-15,
132.22450567226));
#5690=CARTESIAN_POINT('Ctrl Pts',(-27.4529125519494,-27.4529125519494,132.22450567226));
#5691=CARTESIAN_POINT('Ctrl Pts',(3.3620121484017E-15,-27.4529125519494,
132.22450567226));
#5692=CARTESIAN_POINT('Ctrl Pts',(27.4529125519494,-27.4529125519494,132.22450567226));
#5693=CARTESIAN_POINT('Ctrl Pts',(27.4529125519494,3.3620121484017E-15,
132.22450567226));
#5694=CARTESIAN_POINT('Ctrl Pts',(27.5066800047255,3.36859676229576E-15,
131.639356294654));
#5695=CARTESIAN_POINT('Ctrl Pts',(27.5066800047255,27.5066800047255,131.639356294654));
#5696=CARTESIAN_POINT('Ctrl Pts',(-3.36859676229576E-15,27.5066800047255,
131.639356294654));
#5697=CARTESIAN_POINT('Ctrl Pts',(-27.5066800047255,27.5066800047255,131.639356294654));
#5698=CARTESIAN_POINT('Ctrl Pts',(-27.5066800047255,-3.36859676229576E-15,
131.639356294654));
#5699=CARTESIAN_POINT('Ctrl Pts',(-27.5066800047255,-27.5066800047255,131.639356294654));
#5700=CARTESIAN_POINT('Ctrl Pts',(3.36859676229576E-15,-27.5066800047255,
131.639356294654));
#5701=CARTESIAN_POINT('Ctrl Pts',(27.5066800047255,-27.5066800047255,131.639356294654));
#5702=CARTESIAN_POINT('Ctrl Pts',(27.5066800047255,3.36859676229576E-15,
131.639356294654));
#5703=CARTESIAN_POINT('Ctrl Pts',(27.5601949395302,3.37515045165727E-15,
131.05474050895));
#5704=CARTESIAN_POINT('Ctrl Pts',(27.5601949395302,27.5601949395302,131.05474050895));
#5705=CARTESIAN_POINT('Ctrl Pts',(-3.37515045165727E-15,27.5601949395302,
131.05474050895));
#5706=CARTESIAN_POINT('Ctrl Pts',(-27.5601949395302,27.5601949395302,131.05474050895));
#5707=CARTESIAN_POINT('Ctrl Pts',(-27.5601949395302,-3.37515045165727E-15,
131.05474050895));
#5708=CARTESIAN_POINT('Ctrl Pts',(-27.5601949395302,-27.5601949395302,131.05474050895));
#5709=CARTESIAN_POINT('Ctrl Pts',(3.37515045165727E-15,-27.5601949395302,
131.05474050895));
#5710=CARTESIAN_POINT('Ctrl Pts',(27.5601949395302,-27.5601949395302,131.05474050895));
#5711=CARTESIAN_POINT('Ctrl Pts',(27.5601949395302,3.37515045165727E-15,
131.05474050895));
#5712=CARTESIAN_POINT('Ctrl Pts',(27.6134568181519,3.38167315057434E-15,
130.470666711427));
#5713=CARTESIAN_POINT('Ctrl Pts',(27.6134568181519,27.6134568181519,130.470666711427));
#5714=CARTESIAN_POINT('Ctrl Pts',(-3.38167315057434E-15,27.6134568181519,
130.470666711427));
#5715=CARTESIAN_POINT('Ctrl Pts',(-27.6134568181519,27.6134568181519,130.470666711427));
#5716=CARTESIAN_POINT('Ctrl Pts',(-27.6134568181519,-3.38167315057434E-15,
130.470666711427));
#5717=CARTESIAN_POINT('Ctrl Pts',(-27.6134568181519,-27.6134568181519,130.470666711427));
#5718=CARTESIAN_POINT('Ctrl Pts',(3.38167315057434E-15,-27.6134568181519,
130.470666711427));
#5719=CARTESIAN_POINT('Ctrl Pts',(27.6134568181519,-27.6134568181519,130.470666711427));
#5720=CARTESIAN_POINT('Ctrl Pts',(27.6134568181519,3.38167315057434E-15,
130.470666711427));
#5721=CARTESIAN_POINT('Ctrl Pts',(27.6664651013788,3.38816479301255E-15,
129.887143338018));
#5722=CARTESIAN_POINT('Ctrl Pts',(27.6664651013788,27.6664651013788,129.887143338018));
#5723=CARTESIAN_POINT('Ctrl Pts',(-3.38816479301255E-15,27.6664651013788,
129.887143338018));
#5724=CARTESIAN_POINT('Ctrl Pts',(-27.6664651013788,27.6664651013788,129.887143338018));
#5725=CARTESIAN_POINT('Ctrl Pts',(-27.6664651013788,-3.38816479301255E-15,
129.887143338018));
#5726=CARTESIAN_POINT('Ctrl Pts',(-27.6664651013788,-27.6664651013788,129.887143338018));
#5727=CARTESIAN_POINT('Ctrl Pts',(3.38816479301255E-15,-27.6664651013788,
129.887143338018));
#5728=CARTESIAN_POINT('Ctrl Pts',(27.6664651013788,-27.6664651013788,129.887143338018));
#5729=CARTESIAN_POINT('Ctrl Pts',(27.6664651013788,3.38816479301255E-15,
129.887143338018));
#5730=CARTESIAN_POINT('Ctrl Pts',(27.7192192489887,3.39462531281378E-15,
129.304178865133));
#5731=CARTESIAN_POINT('Ctrl Pts',(27.7192192489887,27.7192192489887,129.304178865133));
#5732=CARTESIAN_POINT('Ctrl Pts',(-3.39462531281378E-15,27.7192192489887,
129.304178865133));
#5733=CARTESIAN_POINT('Ctrl Pts',(-27.7192192489887,27.7192192489887,129.304178865133));
#5734=CARTESIAN_POINT('Ctrl Pts',(-27.7192192489887,-3.39462531281378E-15,
129.304178865133));
#5735=CARTESIAN_POINT('Ctrl Pts',(-27.7192192489887,-27.7192192489887,129.304178865133));
#5736=CARTESIAN_POINT('Ctrl Pts',(3.39462531281378E-15,-27.7192192489887,
129.304178865133));
#5737=CARTESIAN_POINT('Ctrl Pts',(27.7192192489887,-27.7192192489887,129.304178865133));
#5738=CARTESIAN_POINT('Ctrl Pts',(27.7192192489887,3.39462531281378E-15,
129.304178865133));
#5739=CARTESIAN_POINT('Ctrl Pts',(27.771718719741,3.40105464369515E-15,
128.721781810491));
#5740=CARTESIAN_POINT('Ctrl Pts',(27.771718719741,27.771718719741,128.721781810491));
#5741=CARTESIAN_POINT('Ctrl Pts',(-3.40105464369515E-15,27.771718719741,
128.721781810491));
#5742=CARTESIAN_POINT('Ctrl Pts',(-27.771718719741,27.771718719741,128.721781810491));
#5743=CARTESIAN_POINT('Ctrl Pts',(-27.771718719741,-3.40105464369515E-15,
128.721781810491));
#5744=CARTESIAN_POINT('Ctrl Pts',(-27.771718719741,-27.771718719741,128.721781810491));
#5745=CARTESIAN_POINT('Ctrl Pts',(3.40105464369515E-15,-27.771718719741,
128.721781810491));
#5746=CARTESIAN_POINT('Ctrl Pts',(27.771718719741,-27.771718719741,128.721781810491));
#5747=CARTESIAN_POINT('Ctrl Pts',(27.771718719741,3.40105464369515E-15,
128.721781810491));
#5748=CARTESIAN_POINT('Ctrl Pts',(27.8239629713678,3.40745271924801E-15,
128.139960733928));
#5749=CARTESIAN_POINT('Ctrl Pts',(27.8239629713678,27.8239629713678,128.139960733928));
#5750=CARTESIAN_POINT('Ctrl Pts',(-3.40745271924801E-15,27.8239629713678,
128.139960733928));
#5751=CARTESIAN_POINT('Ctrl Pts',(-27.8239629713678,27.8239629713678,128.139960733928));
#5752=CARTESIAN_POINT('Ctrl Pts',(-27.8239629713678,-3.40745271924801E-15,
128.139960733928));
#5753=CARTESIAN_POINT('Ctrl Pts',(-27.8239629713678,-27.8239629713678,128.139960733928));
#5754=CARTESIAN_POINT('Ctrl Pts',(3.40745271924801E-15,-27.8239629713678,
128.139960733928));
#5755=CARTESIAN_POINT('Ctrl Pts',(27.8239629713678,-27.8239629713678,128.139960733928));
#5756=CARTESIAN_POINT('Ctrl Pts',(27.8239629713678,3.40745271924801E-15,
128.139960733928));
#5757=CARTESIAN_POINT('Ctrl Pts',(27.875951460565,3.41381947293679E-15,
127.558724238271));
#5758=CARTESIAN_POINT('Ctrl Pts',(27.875951460565,27.875951460565,127.558724238271));
#5759=CARTESIAN_POINT('Ctrl Pts',(-3.41381947293679E-15,27.875951460565,
127.558724238271));
#5760=CARTESIAN_POINT('Ctrl Pts',(-27.875951460565,27.875951460565,127.558724238271));
#5761=CARTESIAN_POINT('Ctrl Pts',(-27.875951460565,-3.41381947293679E-15,
127.558724238271));
#5762=CARTESIAN_POINT('Ctrl Pts',(-27.875951460565,-27.875951460565,127.558724238271));
#5763=CARTESIAN_POINT('Ctrl Pts',(3.41381947293679E-15,-27.875951460565,
127.558724238271));
#5764=CARTESIAN_POINT('Ctrl Pts',(27.875951460565,-27.875951460565,127.558724238271));
#5765=CARTESIAN_POINT('Ctrl Pts',(27.875951460565,3.41381947293679E-15,
127.558724238271));
#5766=CARTESIAN_POINT('Ctrl Pts',(27.9276836429816,3.42015483809773E-15,
126.978080970274));
#5767=CARTESIAN_POINT('Ctrl Pts',(27.9276836429816,27.9276836429816,126.978080970274));
#5768=CARTESIAN_POINT('Ctrl Pts',(-3.42015483809773E-15,27.9276836429816,
126.978080970274));
#5769=CARTESIAN_POINT('Ctrl Pts',(-27.9276836429816,27.9276836429816,126.978080970274));
#5770=CARTESIAN_POINT('Ctrl Pts',(-27.9276836429816,-3.42015483809773E-15,
126.978080970274));
#5771=CARTESIAN_POINT('Ctrl Pts',(-27.9276836429816,-27.9276836429816,126.978080970274));
#5772=CARTESIAN_POINT('Ctrl Pts',(3.42015483809773E-15,-27.9276836429816,
126.978080970274));
#5773=CARTESIAN_POINT('Ctrl Pts',(27.9276836429816,-27.9276836429816,126.978080970274));
#5774=CARTESIAN_POINT('Ctrl Pts',(27.9276836429816,3.42015483809773E-15,
126.978080970274));
#5775=CARTESIAN_POINT('Ctrl Pts',(27.9791589732099,3.42645874793765E-15,
126.398039621539));
#5776=CARTESIAN_POINT('Ctrl Pts',(27.9791589732099,27.9791589732099,126.398039621539));
#5777=CARTESIAN_POINT('Ctrl Pts',(-3.42645874793765E-15,27.9791589732099,
126.398039621539));
#5778=CARTESIAN_POINT('Ctrl Pts',(-27.9791589732099,27.9791589732099,126.398039621539));
#5779=CARTESIAN_POINT('Ctrl Pts',(-27.9791589732099,-3.42645874793765E-15,
126.398039621539));
#5780=CARTESIAN_POINT('Ctrl Pts',(-27.9791589732099,-27.9791589732099,126.398039621539));
#5781=CARTESIAN_POINT('Ctrl Pts',(3.42645874793765E-15,-27.9791589732099,
126.398039621539));
#5782=CARTESIAN_POINT('Ctrl Pts',(27.9791589732099,-27.9791589732099,126.398039621539));
#5783=CARTESIAN_POINT('Ctrl Pts',(27.9791589732099,3.42645874793765E-15,
126.398039621539));
#5784=CARTESIAN_POINT('Ctrl Pts',(28.0303769047759,3.43273113553277E-15,
125.818608929441));
#5785=CARTESIAN_POINT('Ctrl Pts',(28.0303769047759,28.0303769047759,125.818608929441));
#5786=CARTESIAN_POINT('Ctrl Pts',(-3.43273113553277E-15,28.0303769047759,
125.818608929441));
#5787=CARTESIAN_POINT('Ctrl Pts',(-28.0303769047759,28.0303769047759,125.818608929441));
#5788=CARTESIAN_POINT('Ctrl Pts',(-28.0303769047759,-3.43273113553277E-15,
125.818608929441));
#5789=CARTESIAN_POINT('Ctrl Pts',(-28.0303769047759,-28.0303769047759,125.818608929441));
#5790=CARTESIAN_POINT('Ctrl Pts',(3.43273113553277E-15,-28.0303769047759,
125.818608929441));
#5791=CARTESIAN_POINT('Ctrl Pts',(28.0303769047759,-28.0303769047759,125.818608929441));
#5792=CARTESIAN_POINT('Ctrl Pts',(28.0303769047759,3.43273113553277E-15,
125.818608929441));
#5793=CARTESIAN_POINT('Ctrl Pts',(28.0813368901301,3.43897193382763E-15,
125.239797678058));
#5794=CARTESIAN_POINT('Ctrl Pts',(28.0813368901301,28.0813368901301,125.239797678058));
#5795=CARTESIAN_POINT('Ctrl Pts',(-3.43897193382763E-15,28.0813368901301,
125.239797678058));
#5796=CARTESIAN_POINT('Ctrl Pts',(-28.0813368901301,28.0813368901301,125.239797678058));
#5797=CARTESIAN_POINT('Ctrl Pts',(-28.0813368901301,-3.43897193382763E-15,
125.239797678058));
#5798=CARTESIAN_POINT('Ctrl Pts',(-28.0813368901301,-28.0813368901301,125.239797678058));
#5799=CARTESIAN_POINT('Ctrl Pts',(3.43897193382763E-15,-28.0813368901301,
125.239797678058));
#5800=CARTESIAN_POINT('Ctrl Pts',(28.0813368901301,-28.0813368901301,125.239797678058));
#5801=CARTESIAN_POINT('Ctrl Pts',(28.0813368901301,3.43897193382763E-15,
125.239797678058));
#5802=CARTESIAN_POINT('Ctrl Pts',(28.1320383806395,3.44518107563407E-15,
124.661614699091));
#5803=CARTESIAN_POINT('Ctrl Pts',(28.1320383806395,28.1320383806395,124.661614699091));
#5804=CARTESIAN_POINT('Ctrl Pts',(-3.44518107563407E-15,28.1320383806395,
124.661614699091));
#5805=CARTESIAN_POINT('Ctrl Pts',(-28.1320383806395,28.1320383806395,124.661614699091));
#5806=CARTESIAN_POINT('Ctrl Pts',(-28.1320383806395,-3.44518107563407E-15,
124.661614699091));
#5807=CARTESIAN_POINT('Ctrl Pts',(-28.1320383806395,-28.1320383806395,124.661614699091));
#5808=CARTESIAN_POINT('Ctrl Pts',(3.44518107563407E-15,-28.1320383806395,
124.661614699091));
#5809=CARTESIAN_POINT('Ctrl Pts',(28.1320383806395,-28.1320383806395,124.661614699091));
#5810=CARTESIAN_POINT('Ctrl Pts',(28.1320383806395,3.44518107563407E-15,
124.661614699091));
#5811=CARTESIAN_POINT('Ctrl Pts',(28.1824808265793,3.45135849363019E-15,
124.084068872812));
#5812=CARTESIAN_POINT('Ctrl Pts',(28.1824808265792,28.1824808265793,124.084068872812));
#5813=CARTESIAN_POINT('Ctrl Pts',(-3.45135849363019E-15,28.1824808265793,
124.084068872812));
#5814=CARTESIAN_POINT('Ctrl Pts',(-28.1824808265793,28.1824808265792,124.084068872812));
#5815=CARTESIAN_POINT('Ctrl Pts',(-28.1824808265793,-3.45135849363019E-15,
124.084068872812));
#5816=CARTESIAN_POINT('Ctrl Pts',(-28.1824808265792,-28.1824808265793,124.084068872812));
#5817=CARTESIAN_POINT('Ctrl Pts',(3.45135849363019E-15,-28.1824808265793,
124.084068872812));
#5818=CARTESIAN_POINT('Ctrl Pts',(28.1824808265793,-28.1824808265792,124.084068872812));
#5819=CARTESIAN_POINT('Ctrl Pts',(28.1824808265793,3.45135849363019E-15,
124.084068872812));
#5820=CARTESIAN_POINT('Ctrl Pts',(28.232663677122,3.45750412035912E-15,
123.507169129116));
#5821=CARTESIAN_POINT('Ctrl Pts',(28.232663677122,28.232663677122,123.507169129116));
#5822=CARTESIAN_POINT('Ctrl Pts',(-3.45750412035912E-15,28.232663677122,
123.507169129116));
#5823=CARTESIAN_POINT('Ctrl Pts',(-28.232663677122,28.232663677122,123.507169129116));
#5824=CARTESIAN_POINT('Ctrl Pts',(-28.232663677122,-3.45750412035912E-15,
123.507169129116));
#5825=CARTESIAN_POINT('Ctrl Pts',(-28.232663677122,-28.232663677122,123.507169129116));
#5826=CARTESIAN_POINT('Ctrl Pts',(3.45750412035912E-15,-28.232663677122,
123.507169129116));
#5827=CARTESIAN_POINT('Ctrl Pts',(28.232663677122,-28.232663677122,123.507169129116));
#5828=CARTESIAN_POINT('Ctrl Pts',(28.232663677122,3.45750412035912E-15,
123.507169129116));
#5829=CARTESIAN_POINT('Ctrl Pts',(28.282586380328,3.46361788822772E-15,
122.930924448566));
#5830=CARTESIAN_POINT('Ctrl Pts',(28.282586380328,28.282586380328,122.930924448566));
#5831=CARTESIAN_POINT('Ctrl Pts',(-3.46361788822772E-15,28.282586380328,
122.930924448566));
#5832=CARTESIAN_POINT('Ctrl Pts',(-28.282586380328,28.282586380328,122.930924448566));
#5833=CARTESIAN_POINT('Ctrl Pts',(-28.282586380328,-3.46361788822772E-15,
122.930924448566));
#5834=CARTESIAN_POINT('Ctrl Pts',(-28.282586380328,-28.282586380328,122.930924448566));
#5835=CARTESIAN_POINT('Ctrl Pts',(3.46361788822772E-15,-28.282586380328,
122.930924448566));
#5836=CARTESIAN_POINT('Ctrl Pts',(28.282586380328,-28.282586380328,122.930924448566));
#5837=CARTESIAN_POINT('Ctrl Pts',(28.282586380328,3.46361788822772E-15,
122.930924448566));
#5838=CARTESIAN_POINT('Ctrl Pts',(28.3322483831356,3.46969972950548E-15,
122.355343863434));
#5839=CARTESIAN_POINT('Ctrl Pts',(28.3322483831356,28.3322483831356,122.355343863434));
#5840=CARTESIAN_POINT('Ctrl Pts',(-3.46969972950548E-15,28.3322483831356,
122.355343863434));
#5841=CARTESIAN_POINT('Ctrl Pts',(-28.3322483831356,28.3322483831356,122.355343863434));
#5842=CARTESIAN_POINT('Ctrl Pts',(-28.3322483831356,-3.46969972950548E-15,
122.355343863434));
#5843=CARTESIAN_POINT('Ctrl Pts',(-28.3322483831356,-28.3322483831356,122.355343863434));
#5844=CARTESIAN_POINT('Ctrl Pts',(3.46969972950548E-15,-28.3322483831356,
122.355343863434));
#5845=CARTESIAN_POINT('Ctrl Pts',(28.3322483831356,-28.3322483831356,122.355343863434));
#5846=CARTESIAN_POINT('Ctrl Pts',(28.3322483831356,3.46969972950548E-15,
122.355343863434));
#5847=CARTESIAN_POINT('Ctrl Pts',(28.3816491313525,3.47574957632341E-15,
121.780436458751));
#5848=CARTESIAN_POINT('Ctrl Pts',(28.3816491313525,28.3816491313525,121.780436458751));
#5849=CARTESIAN_POINT('Ctrl Pts',(-3.47574957632341E-15,28.3816491313525,
121.780436458751));
#5850=CARTESIAN_POINT('Ctrl Pts',(-28.3816491313525,28.3816491313525,121.780436458751));
#5851=CARTESIAN_POINT('Ctrl Pts',(-28.3816491313525,-3.47574957632341E-15,
121.780436458751));
#5852=CARTESIAN_POINT('Ctrl Pts',(-28.3816491313525,-28.3816491313525,121.780436458751));
#5853=CARTESIAN_POINT('Ctrl Pts',(3.47574957632341E-15,-28.3816491313525,
121.780436458751));
#5854=CARTESIAN_POINT('Ctrl Pts',(28.3816491313525,-28.3816491313525,121.780436458751));
#5855=CARTESIAN_POINT('Ctrl Pts',(28.3816491313525,3.47574957632341E-15,
121.780436458751));
#5856=CARTESIAN_POINT('Ctrl Pts',(28.4307880696475,3.48176736067305E-15,
121.206211373349));
#5857=CARTESIAN_POINT('Ctrl Pts',(28.4307880696475,28.4307880696475,121.206211373349));
#5858=CARTESIAN_POINT('Ctrl Pts',(-3.48176736067305E-15,28.4307880696475,
121.206211373349));
#5859=CARTESIAN_POINT('Ctrl Pts',(-28.4307880696475,28.4307880696475,121.206211373349));
#5860=CARTESIAN_POINT('Ctrl Pts',(-28.4307880696475,-3.48176736067305E-15,
121.206211373349));
#5861=CARTESIAN_POINT('Ctrl Pts',(-28.4307880696475,-28.4307880696475,121.206211373349));
#5862=CARTESIAN_POINT('Ctrl Pts',(3.48176736067305E-15,-28.4307880696475,
121.206211373349));
#5863=CARTESIAN_POINT('Ctrl Pts',(28.4307880696475,-28.4307880696475,121.206211373349));
#5864=CARTESIAN_POINT('Ctrl Pts',(28.4307880696475,3.48176736067305E-15,
121.206211373349));
#5865=CARTESIAN_POINT('Ctrl Pts',(28.4796646415425,3.48775301440551E-15,
120.632677800905));
#5866=CARTESIAN_POINT('Ctrl Pts',(28.4796646415425,28.4796646415425,120.632677800905));
#5867=CARTESIAN_POINT('Ctrl Pts',(-3.48775301440551E-15,28.4796646415425,
120.632677800905));
#5868=CARTESIAN_POINT('Ctrl Pts',(-28.4796646415425,28.4796646415425,120.632677800905));
#5869=CARTESIAN_POINT('Ctrl Pts',(-28.4796646415425,-3.48775301440551E-15,
120.632677800905));
#5870=CARTESIAN_POINT('Ctrl Pts',(-28.4796646415425,-28.4796646415425,120.632677800905));
#5871=CARTESIAN_POINT('Ctrl Pts',(3.48775301440551E-15,-28.4796646415425,
120.632677800905));
#5872=CARTESIAN_POINT('Ctrl Pts',(28.4796646415425,-28.4796646415425,120.632677800905));
#5873=CARTESIAN_POINT('Ctrl Pts',(28.4796646415425,3.48775301440551E-15,
120.632677800905));
#5874=CARTESIAN_POINT('Ctrl Pts',(28.5282782894025,3.49370646923016E-15,
120.05984499113));
#5875=CARTESIAN_POINT('Ctrl Pts',(28.5282782894024,28.5282782894025,120.05984499113));
#5876=CARTESIAN_POINT('Ctrl Pts',(-3.49370646923016E-15,28.5282782894025,
120.05984499113));
#5877=CARTESIAN_POINT('Ctrl Pts',(-28.5282782894025,28.5282782894024,120.05984499113));
#5878=CARTESIAN_POINT('Ctrl Pts',(-28.5282782894025,-3.49370646923016E-15,
120.05984499113));
#5879=CARTESIAN_POINT('Ctrl Pts',(-28.5282782894024,-28.5282782894025,120.05984499113));
#5880=CARTESIAN_POINT('Ctrl Pts',(3.49370646923016E-15,-28.5282782894025,
120.05984499113));
#5881=CARTESIAN_POINT('Ctrl Pts',(28.5282782894025,-28.5282782894024,120.05984499113));
#5882=CARTESIAN_POINT('Ctrl Pts',(28.5282782894025,3.49370646923016E-15,
120.05984499113));
#5883=CARTESIAN_POINT('Ctrl Pts',(28.5766284544253,3.49962765671352E-15,
119.487722250957));
#5884=CARTESIAN_POINT('Ctrl Pts',(28.5766284544253,28.5766284544253,119.487722250957));
#5885=CARTESIAN_POINT('Ctrl Pts',(-3.49962765671352E-15,28.5766284544253,
119.487722250957));
#5886=CARTESIAN_POINT('Ctrl Pts',(-28.5766284544253,28.5766284544253,119.487722250957));
#5887=CARTESIAN_POINT('Ctrl Pts',(-28.5766284544253,-3.49962765671352E-15,
119.487722250957));
#5888=CARTESIAN_POINT('Ctrl Pts',(-28.5766284544253,-28.5766284544253,119.487722250957));
#5889=CARTESIAN_POINT('Ctrl Pts',(3.49962765671352E-15,-28.5766284544253,
119.487722250957));
#5890=CARTESIAN_POINT('Ctrl Pts',(28.5766284544253,-28.5766284544253,119.487722250957));
#5891=CARTESIAN_POINT('Ctrl Pts',(28.5766284544253,3.49962765671352E-15,
119.487722250957));
#5892=CARTESIAN_POINT('Ctrl Pts',(28.624714576633,3.50551650827802E-15,
118.91631894573));
#5893=CARTESIAN_POINT('Ctrl Pts',(28.624714576633,28.624714576633,118.91631894573));
#5894=CARTESIAN_POINT('Ctrl Pts',(-3.50551650827802E-15,28.624714576633,
118.91631894573));
#5895=CARTESIAN_POINT('Ctrl Pts',(-28.624714576633,28.624714576633,118.91631894573));
#5896=CARTESIAN_POINT('Ctrl Pts',(-28.624714576633,-3.50551650827802E-15,
118.91631894573));
#5897=CARTESIAN_POINT('Ctrl Pts',(-28.624714576633,-28.624714576633,118.91631894573));
#5898=CARTESIAN_POINT('Ctrl Pts',(3.50551650827802E-15,-28.624714576633,
118.91631894573));
#5899=CARTESIAN_POINT('Ctrl Pts',(28.624714576633,-28.624714576633,118.91631894573));
#5900=CARTESIAN_POINT('Ctrl Pts',(28.624714576633,3.50551650827802E-15,
118.91631894573));
#5901=CARTESIAN_POINT('Ctrl Pts',(28.6725360948627,3.51137295520105E-15,
118.345644500387));
#5902=CARTESIAN_POINT('Ctrl Pts',(28.6725360948627,28.6725360948627,118.345644500387));
#5903=CARTESIAN_POINT('Ctrl Pts',(-3.51137295520105E-15,28.6725360948627,
118.345644500387));
#5904=CARTESIAN_POINT('Ctrl Pts',(-28.6725360948627,28.6725360948627,118.345644500387));
#5905=CARTESIAN_POINT('Ctrl Pts',(-28.6725360948627,-3.51137295520105E-15,
118.345644500387));
#5906=CARTESIAN_POINT('Ctrl Pts',(-28.6725360948627,-28.6725360948627,118.345644500387));
#5907=CARTESIAN_POINT('Ctrl Pts',(3.51137295520105E-15,-28.6725360948627,
118.345644500387));
#5908=CARTESIAN_POINT('Ctrl Pts',(28.6725360948627,-28.6725360948627,118.345644500387));
#5909=CARTESIAN_POINT('Ctrl Pts',(28.6725360948627,3.51137295520105E-15,
118.345644500387));
#5910=CARTESIAN_POINT('Ctrl Pts',(28.720092446758,3.51719692861383E-15,
117.775708400659));
#5911=CARTESIAN_POINT('Ctrl Pts',(28.720092446758,28.720092446758,117.775708400659));
#5912=CARTESIAN_POINT('Ctrl Pts',(-3.51719692861383E-15,28.720092446758,
117.775708400659));
#5913=CARTESIAN_POINT('Ctrl Pts',(-28.720092446758,28.720092446758,117.775708400659));
#5914=CARTESIAN_POINT('Ctrl Pts',(-28.720092446758,-3.51719692861383E-15,
117.775708400659));
#5915=CARTESIAN_POINT('Ctrl Pts',(-28.720092446758,-28.720092446758,117.775708400659));
#5916=CARTESIAN_POINT('Ctrl Pts',(3.51719692861383E-15,-28.720092446758,
117.775708400659));
#5917=CARTESIAN_POINT('Ctrl Pts',(28.720092446758,-28.720092446758,117.775708400659));
#5918=CARTESIAN_POINT('Ctrl Pts',(28.720092446758,3.51719692861383E-15,
117.775708400659));
#5919=CARTESIAN_POINT('Ctrl Pts',(28.7673830687625,3.52298835950058E-15,
117.206520194233));
#5920=CARTESIAN_POINT('Ctrl Pts',(28.7673830687625,28.7673830687625,117.206520194233));
#5921=CARTESIAN_POINT('Ctrl Pts',(-3.52298835950058E-15,28.7673830687625,
117.206520194233));
#5922=CARTESIAN_POINT('Ctrl Pts',(-28.7673830687625,28.7673830687625,117.206520194233));
#5923=CARTESIAN_POINT('Ctrl Pts',(-28.7673830687625,-3.52298835950058E-15,
117.206520194233));
#5924=CARTESIAN_POINT('Ctrl Pts',(-28.7673830687625,-28.7673830687625,117.206520194233));
#5925=CARTESIAN_POINT('Ctrl Pts',(3.52298835950058E-15,-28.7673830687625,
117.206520194233));
#5926=CARTESIAN_POINT('Ctrl Pts',(28.7673830687625,-28.7673830687625,117.206520194233));
#5927=CARTESIAN_POINT('Ctrl Pts',(28.7673830687625,3.52298835950058E-15,
117.206520194233));
#5928=CARTESIAN_POINT('Ctrl Pts',(28.8144073961091,3.52874717869729E-15,
116.638089492102));
#5929=CARTESIAN_POINT('Ctrl Pts',(28.8144073961091,28.8144073961091,116.638089492102));
#5930=CARTESIAN_POINT('Ctrl Pts',(-3.52874717869729E-15,28.8144073961091,
116.638089492102));
#5931=CARTESIAN_POINT('Ctrl Pts',(-28.8144073961091,28.8144073961091,116.638089492102));
#5932=CARTESIAN_POINT('Ctrl Pts',(-28.8144073961091,-3.52874717869729E-15,
116.638089492102));
#5933=CARTESIAN_POINT('Ctrl Pts',(-28.8144073961091,-28.8144073961091,116.638089492102));
#5934=CARTESIAN_POINT('Ctrl Pts',(3.52874717869729E-15,-28.8144073961091,
116.638089492102));
#5935=CARTESIAN_POINT('Ctrl Pts',(28.8144073961091,-28.8144073961091,116.638089492102));
#5936=CARTESIAN_POINT('Ctrl Pts',(28.8144073961091,3.52874717869729E-15,
116.638089492102));
#5937=CARTESIAN_POINT('Ctrl Pts',(28.861164862811,3.53447331689055E-15,
116.070425969922));
#5938=CARTESIAN_POINT('Ctrl Pts',(28.861164862811,28.861164862811,116.070425969922));
#5939=CARTESIAN_POINT('Ctrl Pts',(-3.53447331689055E-15,28.861164862811,
116.070425969922));
#5940=CARTESIAN_POINT('Ctrl Pts',(-28.861164862811,28.861164862811,116.070425969922));
#5941=CARTESIAN_POINT('Ctrl Pts',(-28.861164862811,-3.53447331689055E-15,
116.070425969922));
#5942=CARTESIAN_POINT('Ctrl Pts',(-28.861164862811,-28.861164862811,116.070425969922));
#5943=CARTESIAN_POINT('Ctrl Pts',(3.53447331689055E-15,-28.861164862811,
116.070425969922));
#5944=CARTESIAN_POINT('Ctrl Pts',(28.861164862811,-28.861164862811,116.070425969922));
#5945=CARTESIAN_POINT('Ctrl Pts',(28.861164862811,3.53447331689055E-15,
116.070425969922));
#5946=CARTESIAN_POINT('Ctrl Pts',(28.9076549016523,3.54016670461648E-15,
115.503539369376));
#5947=CARTESIAN_POINT('Ctrl Pts',(28.9076549016523,28.9076549016523,115.503539369376));
#5948=CARTESIAN_POINT('Ctrl Pts',(-3.54016670461648E-15,28.9076549016523,
115.503539369376));
#5949=CARTESIAN_POINT('Ctrl Pts',(-28.9076549016523,28.9076549016523,115.503539369376));
#5950=CARTESIAN_POINT('Ctrl Pts',(-28.9076549016523,-3.54016670461648E-15,
115.503539369376));
#5951=CARTESIAN_POINT('Ctrl Pts',(-28.9076549016523,-28.9076549016523,115.503539369376));
#5952=CARTESIAN_POINT('Ctrl Pts',(3.54016670461648E-15,-28.9076549016523,
115.503539369376));
#5953=CARTESIAN_POINT('Ctrl Pts',(28.9076549016523,-28.9076549016523,115.503539369376));
#5954=CARTESIAN_POINT('Ctrl Pts',(28.9076549016523,3.54016670461648E-15,
115.503539369376));
#5955=CARTESIAN_POINT('Ctrl Pts',(28.9538769441801,3.54582727225965E-15,
114.93743949953));
#5956=CARTESIAN_POINT('Ctrl Pts',(28.9538769441801,28.9538769441801,114.93743949953));
#5957=CARTESIAN_POINT('Ctrl Pts',(-3.54582727225965E-15,28.9538769441801,
114.93743949953));
#5958=CARTESIAN_POINT('Ctrl Pts',(-28.9538769441801,28.9538769441801,114.93743949953));
#5959=CARTESIAN_POINT('Ctrl Pts',(-28.9538769441801,-3.54582727225965E-15,
114.93743949953));
#5960=CARTESIAN_POINT('Ctrl Pts',(-28.9538769441801,-28.9538769441801,114.93743949953));
#5961=CARTESIAN_POINT('Ctrl Pts',(3.54582727225965E-15,-28.9538769441801,
114.93743949953));
#5962=CARTESIAN_POINT('Ctrl Pts',(28.9538769441801,-28.9538769441801,114.93743949953));
#5963=CARTESIAN_POINT('Ctrl Pts',(28.9538769441801,3.54582727225965E-15,
114.93743949953));
#5964=CARTESIAN_POINT('Ctrl Pts',(28.9998304206954,3.55145495005207E-15,
114.372136238199));
#5965=CARTESIAN_POINT('Ctrl Pts',(28.9998304206954,28.9998304206954,114.372136238199));
#5966=CARTESIAN_POINT('Ctrl Pts',(-3.55145495005207E-15,28.9998304206954,
114.372136238199));
#5967=CARTESIAN_POINT('Ctrl Pts',(-28.9998304206954,28.9998304206954,114.372136238199));
#5968=CARTESIAN_POINT('Ctrl Pts',(-28.9998304206954,-3.55145495005207E-15,
114.372136238199));
#5969=CARTESIAN_POINT('Ctrl Pts',(-28.9998304206954,-28.9998304206954,114.372136238199));
#5970=CARTESIAN_POINT('Ctrl Pts',(3.55145495005207E-15,-28.9998304206954,
114.372136238199));
#5971=CARTESIAN_POINT('Ctrl Pts',(28.9998304206954,-28.9998304206954,114.372136238199));
#5972=CARTESIAN_POINT('Ctrl Pts',(28.9998304206954,3.55145495005207E-15,
114.372136238199));
#5973=CARTESIAN_POINT('Ctrl Pts',(29.0455147602471,3.55704966807239E-15,
113.807639533285));
#5974=CARTESIAN_POINT('Ctrl Pts',(29.0455147602471,29.0455147602471,113.807639533285));
#5975=CARTESIAN_POINT('Ctrl Pts',(-3.55704966807239E-15,29.0455147602471,
113.807639533285));
#5976=CARTESIAN_POINT('Ctrl Pts',(-29.0455147602471,29.0455147602471,113.807639533285));
#5977=CARTESIAN_POINT('Ctrl Pts',(-29.0455147602471,-3.55704966807239E-15,
113.807639533285));
#5978=CARTESIAN_POINT('Ctrl Pts',(-29.0455147602471,-29.0455147602471,113.807639533285));
#5979=CARTESIAN_POINT('Ctrl Pts',(3.55704966807239E-15,-29.0455147602471,
113.807639533285));
#5980=CARTESIAN_POINT('Ctrl Pts',(29.0455147602471,-29.0455147602471,113.807639533285));
#5981=CARTESIAN_POINT('Ctrl Pts',(29.0455147602471,3.55704966807239E-15,
113.807639533285));
#5982=CARTESIAN_POINT('Ctrl Pts',(29.0909293906223,3.56261135624472E-15,
113.243959404291));
#5983=CARTESIAN_POINT('Ctrl Pts',(29.0909293906223,29.0909293906223,113.243959404291));
#5984=CARTESIAN_POINT('Ctrl Pts',(-3.56261135624472E-15,29.0909293906223,
113.243959404291));
#5985=CARTESIAN_POINT('Ctrl Pts',(-29.0909293906223,29.0909293906223,113.243959404291));
#5986=CARTESIAN_POINT('Ctrl Pts',(-29.0909293906223,-3.56261135624472E-15,
113.243959404291));
#5987=CARTESIAN_POINT('Ctrl Pts',(-29.0909293906223,-29.0909293906223,113.243959404291));
#5988=CARTESIAN_POINT('Ctrl Pts',(3.56261135624472E-15,-29.0909293906223,
113.243959404291));
#5989=CARTESIAN_POINT('Ctrl Pts',(29.0909293906223,-29.0909293906223,113.243959404291));
#5990=CARTESIAN_POINT('Ctrl Pts',(29.0909293906223,3.56261135624472E-15,
113.243959404291));
#5991=CARTESIAN_POINT('Ctrl Pts',(29.1360737383369,3.56813994433755E-15,
112.681105943903));
#5992=CARTESIAN_POINT('Ctrl Pts',(29.1360737383369,29.1360737383369,112.681105943903));
#5993=CARTESIAN_POINT('Ctrl Pts',(-3.56813994433755E-15,29.1360737383369,
112.681105943903));
#5994=CARTESIAN_POINT('Ctrl Pts',(-29.1360737383369,29.1360737383369,112.681105943903));
#5995=CARTESIAN_POINT('Ctrl Pts',(-29.1360737383369,-3.56813994433755E-15,
112.681105943903));
#5996=CARTESIAN_POINT('Ctrl Pts',(-29.1360737383369,-29.1360737383369,112.681105943903));
#5997=CARTESIAN_POINT('Ctrl Pts',(3.56813994433755E-15,-29.1360737383369,
112.681105943903));
#5998=CARTESIAN_POINT('Ctrl Pts',(29.1360737383369,-29.1360737383369,112.681105943903));
#5999=CARTESIAN_POINT('Ctrl Pts',(29.1360737383369,3.56813994433755E-15,
112.681105943903));
#6000=CARTESIAN_POINT('Ctrl Pts',(29.180947228627,3.57363536196259E-15,
112.119089319553));
#6001=CARTESIAN_POINT('Ctrl Pts',(29.180947228627,29.180947228627,112.119089319553));
#6002=CARTESIAN_POINT('Ctrl Pts',(-3.57363536196259E-15,29.180947228627,
112.119089319553));
#6003=CARTESIAN_POINT('Ctrl Pts',(-29.180947228627,29.180947228627,112.119089319553));
#6004=CARTESIAN_POINT('Ctrl Pts',(-29.180947228627,-3.57363536196259E-15,
112.119089319553));
#6005=CARTESIAN_POINT('Ctrl Pts',(-29.180947228627,-29.180947228627,112.119089319553));
#6006=CARTESIAN_POINT('Ctrl Pts',(3.57363536196259E-15,-29.180947228627,
112.119089319553));
#6007=CARTESIAN_POINT('Ctrl Pts',(29.180947228627,-29.180947228627,112.119089319553));
#6008=CARTESIAN_POINT('Ctrl Pts',(29.180947228627,3.57363536196259E-15,
112.119089319553));
#6009=CARTESIAN_POINT('Ctrl Pts',(29.2255492854407,3.57909753857382E-15,
111.557919774981));
#6010=CARTESIAN_POINT('Ctrl Pts',(29.2255492854407,29.2255492854407,111.557919774981));
#6011=CARTESIAN_POINT('Ctrl Pts',(-3.57909753857382E-15,29.2255492854407,
111.557919774981));
#6012=CARTESIAN_POINT('Ctrl Pts',(-29.2255492854407,29.2255492854407,111.557919774981));
#6013=CARTESIAN_POINT('Ctrl Pts',(-29.2255492854407,-3.57909753857382E-15,
111.557919774981));
#6014=CARTESIAN_POINT('Ctrl Pts',(-29.2255492854407,-29.2255492854407,111.557919774981));
#6015=CARTESIAN_POINT('Ctrl Pts',(3.57909753857382E-15,-29.2255492854407,
111.557919774981));
#6016=CARTESIAN_POINT('Ctrl Pts',(29.2255492854407,-29.2255492854407,111.557919774981));
#6017=CARTESIAN_POINT('Ctrl Pts',(29.2255492854407,3.57909753857382E-15,
111.557919774981));
#6018=CARTESIAN_POINT('Ctrl Pts',(29.2698793314302,3.58452640346653E-15,
110.997607631817));
#6019=CARTESIAN_POINT('Ctrl Pts',(29.2698793314302,29.2698793314302,110.997607631817));
#6020=CARTESIAN_POINT('Ctrl Pts',(-3.58452640346653E-15,29.2698793314302,
110.997607631817));
#6021=CARTESIAN_POINT('Ctrl Pts',(-29.2698793314302,29.2698793314302,110.997607631817));
#6022=CARTESIAN_POINT('Ctrl Pts',(-29.2698793314302,-3.58452640346653E-15,
110.997607631817));
#6023=CARTESIAN_POINT('Ctrl Pts',(-29.2698793314302,-29.2698793314302,110.997607631817));
#6024=CARTESIAN_POINT('Ctrl Pts',(3.58452640346653E-15,-29.2698793314302,
110.997607631817));
#6025=CARTESIAN_POINT('Ctrl Pts',(29.2698793314302,-29.2698793314302,110.997607631817));
#6026=CARTESIAN_POINT('Ctrl Pts',(29.2698793314302,3.58452640346653E-15,
110.997607631817));
#6027=CARTESIAN_POINT('Ctrl Pts',(29.3139367879452,3.58992188577649E-15,
110.438163291114));
#6028=CARTESIAN_POINT('Ctrl Pts',(29.3139367879452,29.3139367879452,110.438163291114));
#6029=CARTESIAN_POINT('Ctrl Pts',(-3.58992188577649E-15,29.3139367879452,
110.438163291114));
#6030=CARTESIAN_POINT('Ctrl Pts',(-29.3139367879452,29.3139367879452,110.438163291114));
#6031=CARTESIAN_POINT('Ctrl Pts',(-29.3139367879452,-3.58992188577649E-15,
110.438163291114));
#6032=CARTESIAN_POINT('Ctrl Pts',(-29.3139367879452,-29.3139367879452,110.438163291114));
#6033=CARTESIAN_POINT('Ctrl Pts',(3.58992188577649E-15,-29.3139367879452,
110.438163291114));
#6034=CARTESIAN_POINT('Ctrl Pts',(29.3139367879452,-29.3139367879452,110.438163291114));
#6035=CARTESIAN_POINT('Ctrl Pts',(29.3139367879452,3.58992188577649E-15,
110.438163291114));
#6036=CARTESIAN_POINT('Ctrl Pts',(29.3577210750243,3.59528391447893E-15,
109.879597235087));
#6037=CARTESIAN_POINT('Ctrl Pts',(29.3577210750243,29.3577210750243,109.879597235087));
#6038=CARTESIAN_POINT('Ctrl Pts',(-3.59528391447893E-15,29.3577210750243,
109.879597235087));
#6039=CARTESIAN_POINT('Ctrl Pts',(-29.3577210750243,29.3577210750243,109.879597235087));
#6040=CARTESIAN_POINT('Ctrl Pts',(-29.3577210750243,-3.59528391447893E-15,
109.879597235087));
#6041=CARTESIAN_POINT('Ctrl Pts',(-29.3577210750243,-29.3577210750243,109.879597235087));
#6042=CARTESIAN_POINT('Ctrl Pts',(3.59528391447893E-15,-29.3577210750243,
109.879597235087));
#6043=CARTESIAN_POINT('Ctrl Pts',(29.3577210750243,-29.3577210750243,109.879597235087));
#6044=CARTESIAN_POINT('Ctrl Pts',(29.3577210750243,3.59528391447893E-15,
109.879597235087));
#6045=CARTESIAN_POINT('Ctrl Pts',(29.4012316113865,3.60061241838745E-15,
109.321920028956));
#6046=CARTESIAN_POINT('Ctrl Pts',(29.4012316113865,29.4012316113865,109.321920028956));
#6047=CARTESIAN_POINT('Ctrl Pts',(-3.60061241838745E-15,29.4012316113865,
109.321920028956));
#6048=CARTESIAN_POINT('Ctrl Pts',(-29.4012316113865,29.4012316113865,109.321920028956));
#6049=CARTESIAN_POINT('Ctrl Pts',(-29.4012316113865,-3.60061241838745E-15,
109.321920028956));
#6050=CARTESIAN_POINT('Ctrl Pts',(-29.4012316113865,-29.4012316113865,109.321920028956));
#6051=CARTESIAN_POINT('Ctrl Pts',(3.60061241838745E-15,-29.4012316113865,
109.321920028956));
#6052=CARTESIAN_POINT('Ctrl Pts',(29.4012316113865,-29.4012316113865,109.321920028956));
#6053=CARTESIAN_POINT('Ctrl Pts',(29.4012316113865,3.60061241838745E-15,
109.321920028956));
#6054=CARTESIAN_POINT('Ctrl Pts',(29.4444678144227,3.60590732615301E-15,
108.765142322755));
#6055=CARTESIAN_POINT('Ctrl Pts',(29.4444678144227,29.4444678144227,108.765142322755));
#6056=CARTESIAN_POINT('Ctrl Pts',(-3.60590732615301E-15,29.4444678144227,
108.765142322755));
#6057=CARTESIAN_POINT('Ctrl Pts',(-29.4444678144227,29.4444678144227,108.765142322755));
#6058=CARTESIAN_POINT('Ctrl Pts',(-29.4444678144227,-3.60590732615301E-15,
108.765142322755));
#6059=CARTESIAN_POINT('Ctrl Pts',(-29.4444678144227,-29.4444678144227,108.765142322755));
#6060=CARTESIAN_POINT('Ctrl Pts',(3.60590732615301E-15,-29.4444678144227,
108.765142322755));
#6061=CARTESIAN_POINT('Ctrl Pts',(29.4444678144227,-29.4444678144227,108.765142322755));
#6062=CARTESIAN_POINT('Ctrl Pts',(29.4444678144227,3.60590732615301E-15,
108.765142322755));
#6063=CARTESIAN_POINT('Ctrl Pts',(29.4874291001882,3.61116856626299E-15,
108.209274853144));
#6064=CARTESIAN_POINT('Ctrl Pts',(29.4874291001882,29.4874291001882,108.209274853144));
#6065=CARTESIAN_POINT('Ctrl Pts',(-3.61116856626299E-15,29.4874291001882,
108.209274853144));
#6066=CARTESIAN_POINT('Ctrl Pts',(-29.4874291001882,29.4874291001882,108.209274853144));
#6067=CARTESIAN_POINT('Ctrl Pts',(-29.4874291001882,-3.61116856626299E-15,
108.209274853144));
#6068=CARTESIAN_POINT('Ctrl Pts',(-29.4874291001882,-29.4874291001882,108.209274853144));
#6069=CARTESIAN_POINT('Ctrl Pts',(3.61116856626299E-15,-29.4874291001882,
108.209274853144));
#6070=CARTESIAN_POINT('Ctrl Pts',(29.4874291001882,-29.4874291001882,108.209274853144));
#6071=CARTESIAN_POINT('Ctrl Pts',(29.4874291001882,3.61116856626299E-15,
108.209274853144));
#6072=CARTESIAN_POINT('Ctrl Pts',(29.5301148833953,3.61639606704036E-15,
107.654328445244));
#6073=CARTESIAN_POINT('Ctrl Pts',(29.5301148833953,29.5301148833953,107.654328445244));
#6074=CARTESIAN_POINT('Ctrl Pts',(-3.61639606704036E-15,29.5301148833953,
107.654328445244));
#6075=CARTESIAN_POINT('Ctrl Pts',(-29.5301148833953,29.5301148833953,107.654328445244));
#6076=CARTESIAN_POINT('Ctrl Pts',(-29.5301148833953,-3.61639606704036E-15,
107.654328445244));
#6077=CARTESIAN_POINT('Ctrl Pts',(-29.5301148833953,-29.5301148833953,107.654328445244));
#6078=CARTESIAN_POINT('Ctrl Pts',(3.61639606704036E-15,-29.5301148833953,
107.654328445244));
#6079=CARTESIAN_POINT('Ctrl Pts',(29.5301148833953,-29.5301148833953,107.654328445244));
#6080=CARTESIAN_POINT('Ctrl Pts',(29.5301148833953,3.61639606704036E-15,
107.654328445244));
#6081=CARTESIAN_POINT('Ctrl Pts',(29.5725245774072,3.62158975664281E-15,
107.100314014414));
#6082=CARTESIAN_POINT('Ctrl Pts',(29.5725245774072,29.5725245774072,107.100314014414));
#6083=CARTESIAN_POINT('Ctrl Pts',(-3.62158975664281E-15,29.5725245774072,
107.100314014414));
#6084=CARTESIAN_POINT('Ctrl Pts',(-29.5725245774072,29.5725245774072,107.100314014414));
#6085=CARTESIAN_POINT('Ctrl Pts',(-29.5725245774072,-3.62158975664281E-15,
107.100314014414));
#6086=CARTESIAN_POINT('Ctrl Pts',(-29.5725245774072,-29.5725245774072,107.100314014414));
#6087=CARTESIAN_POINT('Ctrl Pts',(3.62158975664281E-15,-29.5725245774072,
107.100314014414));
#6088=CARTESIAN_POINT('Ctrl Pts',(29.5725245774072,-29.5725245774072,107.100314014414));
#6089=CARTESIAN_POINT('Ctrl Pts',(29.5725245774072,3.62158975664281E-15,
107.100314014414));
#6090=CARTESIAN_POINT('Ctrl Pts',(29.6146575942298,3.62674956306184E-15,
106.547242568279));
#6091=CARTESIAN_POINT('Ctrl Pts',(29.6146575942298,29.6146575942298,106.547242568279));
#6092=CARTESIAN_POINT('Ctrl Pts',(-3.62674956306184E-15,29.6146575942298,
106.547242568279));
#6093=CARTESIAN_POINT('Ctrl Pts',(-29.6146575942298,29.6146575942298,106.547242568279));
#6094=CARTESIAN_POINT('Ctrl Pts',(-29.6146575942298,-3.62674956306184E-15,
106.547242568279));
#6095=CARTESIAN_POINT('Ctrl Pts',(-29.6146575942298,-29.6146575942298,106.547242568279));
#6096=CARTESIAN_POINT('Ctrl Pts',(3.62674956306184E-15,-29.6146575942298,
106.547242568279));
#6097=CARTESIAN_POINT('Ctrl Pts',(29.6146575942298,-29.6146575942298,106.547242568279));
#6098=CARTESIAN_POINT('Ctrl Pts',(29.6146575942298,3.62674956306184E-15,
106.547242568279));
#6099=CARTESIAN_POINT('Ctrl Pts',(29.6565133445036,3.6318754141217E-15,
105.995125208878));
#6100=CARTESIAN_POINT('Ctrl Pts',(29.6565133445035,29.6565133445036,105.995125208878));
#6101=CARTESIAN_POINT('Ctrl Pts',(-3.6318754141217E-15,29.6565133445036,
105.995125208878));
#6102=CARTESIAN_POINT('Ctrl Pts',(-29.6565133445036,29.6565133445035,105.995125208878));
#6103=CARTESIAN_POINT('Ctrl Pts',(-29.6565133445036,-3.6318754141217E-15,
105.995125208878));
#6104=CARTESIAN_POINT('Ctrl Pts',(-29.6565133445035,-29.6565133445036,105.995125208878));
#6105=CARTESIAN_POINT('Ctrl Pts',(3.6318754141217E-15,-29.6565133445036,
105.995125208878));
#6106=CARTESIAN_POINT('Ctrl Pts',(29.6565133445036,-29.6565133445035,105.995125208878));
#6107=CARTESIAN_POINT('Ctrl Pts',(29.6565133445036,3.6318754141217E-15,
105.995125208878));
#6108=CARTESIAN_POINT('Ctrl Pts',(29.6980912374952,3.63696723747846E-15,
105.443973134778));
#6109=CARTESIAN_POINT('Ctrl Pts',(29.6980912374952,29.6980912374952,105.443973134778));
#6110=CARTESIAN_POINT('Ctrl Pts',(-3.63696723747846E-15,29.6980912374952,
105.443973134778));
#6111=CARTESIAN_POINT('Ctrl Pts',(-29.6980912374952,29.6980912374952,105.443973134778));
#6112=CARTESIAN_POINT('Ctrl Pts',(-29.6980912374952,-3.63696723747846E-15,
105.443973134778));
#6113=CARTESIAN_POINT('Ctrl Pts',(-29.6980912374952,-29.6980912374952,105.443973134778));
#6114=CARTESIAN_POINT('Ctrl Pts',(3.63696723747846E-15,-29.6980912374952,
105.443973134778));
#6115=CARTESIAN_POINT('Ctrl Pts',(29.6980912374952,-29.6980912374952,105.443973134778));
#6116=CARTESIAN_POINT('Ctrl Pts',(29.6980912374952,3.63696723747846E-15,
105.443973134778));
#6117=CARTESIAN_POINT('Ctrl Pts',(29.7393906810917,3.64202496061915E-15,
104.893797643195));
#6118=CARTESIAN_POINT('Ctrl Pts',(29.7393906810917,29.7393906810917,104.893797643195));
#6119=CARTESIAN_POINT('Ctrl Pts',(-3.64202496061915E-15,29.7393906810917,
104.893797643195));
#6120=CARTESIAN_POINT('Ctrl Pts',(-29.7393906810917,29.7393906810917,104.893797643195));
#6121=CARTESIAN_POINT('Ctrl Pts',(-29.7393906810917,-3.64202496061915E-15,
104.893797643195));
#6122=CARTESIAN_POINT('Ctrl Pts',(-29.7393906810917,-29.7393906810917,104.893797643195));
#6123=CARTESIAN_POINT('Ctrl Pts',(3.64202496061915E-15,-29.7393906810917,
104.893797643195));
#6124=CARTESIAN_POINT('Ctrl Pts',(29.7393906810917,-29.7393906810917,104.893797643195));
#6125=CARTESIAN_POINT('Ctrl Pts',(29.7393906810917,3.64202496061915E-15,
104.893797643195));
#6126=CARTESIAN_POINT('Ctrl Pts',(29.7804110817931,3.64704851086103E-15,
104.34461013213));
#6127=CARTESIAN_POINT('Ctrl Pts',(29.7804110817931,29.7804110817931,104.34461013213));
#6128=CARTESIAN_POINT('Ctrl Pts',(-3.64704851086103E-15,29.7804110817931,
104.34461013213));
#6129=CARTESIAN_POINT('Ctrl Pts',(-29.7804110817931,29.7804110817931,104.34461013213));
#6130=CARTESIAN_POINT('Ctrl Pts',(-29.7804110817931,-3.64704851086103E-15,
104.34461013213));
#6131=CARTESIAN_POINT('Ctrl Pts',(-29.7804110817931,-29.7804110817931,104.34461013213));
#6132=CARTESIAN_POINT('Ctrl Pts',(3.64704851086103E-15,-29.7804110817931,
104.34461013213));
#6133=CARTESIAN_POINT('Ctrl Pts',(29.7804110817931,-29.7804110817931,104.34461013213));
#6134=CARTESIAN_POINT('Ctrl Pts',(29.7804110817931,3.64704851086103E-15,
104.34461013213));
#6135=CARTESIAN_POINT('Ctrl Pts',(29.8211518447074,3.65203781535081E-15,
103.79642210245));
#6136=CARTESIAN_POINT('Ctrl Pts',(29.8211518447074,29.8211518447074,103.79642210245));
#6137=CARTESIAN_POINT('Ctrl Pts',(-3.65203781535081E-15,29.8211518447074,
103.79642210245));
#6138=CARTESIAN_POINT('Ctrl Pts',(-29.8211518447074,29.8211518447074,103.79642210245));
#6139=CARTESIAN_POINT('Ctrl Pts',(-29.8211518447074,-3.65203781535081E-15,
103.79642210245));
#6140=CARTESIAN_POINT('Ctrl Pts',(-29.8211518447074,-29.8211518447074,103.79642210245));
#6141=CARTESIAN_POINT('Ctrl Pts',(3.65203781535081E-15,-29.8211518447074,
103.79642210245));
#6142=CARTESIAN_POINT('Ctrl Pts',(29.8211518447074,-29.8211518447074,103.79642210245));
#6143=CARTESIAN_POINT('Ctrl Pts',(29.8211518447074,3.65203781535081E-15,
103.79642210245));
#6144=CARTESIAN_POINT('Ctrl Pts',(29.8616123735434,3.6569928010639E-15,
103.249245160294));
#6145=CARTESIAN_POINT('Ctrl Pts',(29.8616123735434,29.8616123735434,103.249245160294));
#6146=CARTESIAN_POINT('Ctrl Pts',(-3.6569928010639E-15,29.8616123735434,
103.249245160294));
#6147=CARTESIAN_POINT('Ctrl Pts',(-29.8616123735434,29.8616123735434,103.249245160294));
#6148=CARTESIAN_POINT('Ctrl Pts',(-29.8616123735434,-3.6569928010639E-15,
103.249245160294));
#6149=CARTESIAN_POINT('Ctrl Pts',(-29.8616123735434,-29.8616123735434,103.249245160294));
#6150=CARTESIAN_POINT('Ctrl Pts',(3.6569928010639E-15,-29.8616123735434,
103.249245160294));
#6151=CARTESIAN_POINT('Ctrl Pts',(29.8616123735434,-29.8616123735434,103.249245160294));
#6152=CARTESIAN_POINT('Ctrl Pts',(29.8616123735434,3.6569928010639E-15,
103.249245160294));
#6153=CARTESIAN_POINT('Ctrl Pts',(29.901792070603,3.66191339480337E-15,
102.703091019588));
#6154=CARTESIAN_POINT('Ctrl Pts',(29.901792070603,29.901792070603,102.703091019588));
#6155=CARTESIAN_POINT('Ctrl Pts',(-3.66191339480337E-15,29.901792070603,
102.703091019588));
#6156=CARTESIAN_POINT('Ctrl Pts',(-29.901792070603,29.901792070603,102.703091019588));
#6157=CARTESIAN_POINT('Ctrl Pts',(-29.901792070603,-3.66191339480337E-15,
102.703091019588));
#6158=CARTESIAN_POINT('Ctrl Pts',(-29.901792070603,-29.901792070603,102.703091019588));
#6159=CARTESIAN_POINT('Ctrl Pts',(3.66191339480337E-15,-29.901792070603,
102.703091019588));
#6160=CARTESIAN_POINT('Ctrl Pts',(29.901792070603,-29.901792070603,102.703091019588));
#6161=CARTESIAN_POINT('Ctrl Pts',(29.901792070603,3.66191339480337E-15,
102.703091019588));
#6162=CARTESIAN_POINT('Ctrl Pts',(29.9416903367747,3.66679952319923E-15,
102.15797150454));
#6163=CARTESIAN_POINT('Ctrl Pts',(29.9416903367747,29.9416903367747,102.15797150454));
#6164=CARTESIAN_POINT('Ctrl Pts',(-3.66679952319923E-15,29.9416903367747,
102.15797150454));
#6165=CARTESIAN_POINT('Ctrl Pts',(-29.9416903367747,29.9416903367747,102.15797150454));
#6166=CARTESIAN_POINT('Ctrl Pts',(-29.9416903367747,-3.66679952319923E-15,
102.15797150454));
#6167=CARTESIAN_POINT('Ctrl Pts',(-29.9416903367747,-29.9416903367747,102.15797150454));
#6168=CARTESIAN_POINT('Ctrl Pts',(3.66679952319923E-15,-29.9416903367747,
102.15797150454));
#6169=CARTESIAN_POINT('Ctrl Pts',(29.9416903367747,-29.9416903367747,102.15797150454));
#6170=CARTESIAN_POINT('Ctrl Pts',(29.9416903367747,3.66679952319923E-15,
102.15797150454));
#6171=CARTESIAN_POINT('Ctrl Pts',(29.9813065715269,3.6716511127076E-15,
101.613898552125));
#6172=CARTESIAN_POINT('Ctrl Pts',(29.9813065715269,29.9813065715269,101.613898552125));
#6173=CARTESIAN_POINT('Ctrl Pts',(-3.6716511127076E-15,29.9813065715269,
101.613898552125));
#6174=CARTESIAN_POINT('Ctrl Pts',(-29.9813065715269,29.9813065715269,101.613898552125));
#6175=CARTESIAN_POINT('Ctrl Pts',(-29.9813065715269,-3.6716511127076E-15,
101.613898552125));
#6176=CARTESIAN_POINT('Ctrl Pts',(-29.9813065715269,-29.9813065715269,101.613898552125));
#6177=CARTESIAN_POINT('Ctrl Pts',(3.6716511127076E-15,-29.9813065715269,
101.613898552125));
#6178=CARTESIAN_POINT('Ctrl Pts',(29.9813065715269,-29.9813065715269,101.613898552125));
#6179=CARTESIAN_POINT('Ctrl Pts',(29.9813065715269,3.6716511127076E-15,
101.613898552125));
#6180=CARTESIAN_POINT('Ctrl Pts',(30.020640172903,3.67646808961001E-15,
101.070884214602));
#6181=CARTESIAN_POINT('Ctrl Pts',(30.020640172903,30.020640172903,101.070884214602));
#6182=CARTESIAN_POINT('Ctrl Pts',(-3.67646808961001E-15,30.020640172903,
101.070884214602));
#6183=CARTESIAN_POINT('Ctrl Pts',(-30.020640172903,30.020640172903,101.070884214602));
#6184=CARTESIAN_POINT('Ctrl Pts',(-30.020640172903,-3.67646808961001E-15,
101.070884214602));
#6185=CARTESIAN_POINT('Ctrl Pts',(-30.020640172903,-30.020640172903,101.070884214602));
#6186=CARTESIAN_POINT('Ctrl Pts',(3.67646808961001E-15,-30.020640172903,
101.070884214602));
#6187=CARTESIAN_POINT('Ctrl Pts',(30.020640172903,-30.020640172903,101.070884214602));
#6188=CARTESIAN_POINT('Ctrl Pts',(30.020640172903,3.67646808961001E-15,
101.070884214602));
#6189=CARTESIAN_POINT('Ctrl Pts',(30.0596905375158,3.68125038001287E-15,
100.528940661966));
#6190=CARTESIAN_POINT('Ctrl Pts',(30.0596905375158,30.0596905375158,100.528940661966));
#6191=CARTESIAN_POINT('Ctrl Pts',(-3.68125038001287E-15,30.0596905375158,
100.528940661966));
#6192=CARTESIAN_POINT('Ctrl Pts',(-30.0596905375158,30.0596905375158,100.528940661966));
#6193=CARTESIAN_POINT('Ctrl Pts',(-30.0596905375158,-3.68125038001287E-15,
100.528940661966));
#6194=CARTESIAN_POINT('Ctrl Pts',(-30.0596905375158,-30.0596905375158,100.528940661966));
#6195=CARTESIAN_POINT('Ctrl Pts',(3.68125038001287E-15,-30.0596905375158,
100.528940661966));
#6196=CARTESIAN_POINT('Ctrl Pts',(30.0596905375158,-30.0596905375158,100.528940661966));
#6197=CARTESIAN_POINT('Ctrl Pts',(30.0596905375158,3.68125038001287E-15,
100.528940661966));
#6198=CARTESIAN_POINT('Ctrl Pts',(30.0984570605412,3.68599790984658E-15,
99.9880801848519));
#6199=CARTESIAN_POINT('Ctrl Pts',(30.0984570605412,30.0984570605412,99.9880801848519));
#6200=CARTESIAN_POINT('Ctrl Pts',(-3.68599790984658E-15,30.0984570605412,
99.9880801848519));
#6201=CARTESIAN_POINT('Ctrl Pts',(-30.0984570605412,30.0984570605412,99.9880801848519));
#6202=CARTESIAN_POINT('Ctrl Pts',(-30.0984570605412,-3.68599790984658E-15,
99.9880801848519));
#6203=CARTESIAN_POINT('Ctrl Pts',(-30.0984570605412,-30.0984570605412,99.9880801848519));
#6204=CARTESIAN_POINT('Ctrl Pts',(3.68599790984658E-15,-30.0984570605412,
99.9880801848519));
#6205=CARTESIAN_POINT('Ctrl Pts',(30.0984570605412,-30.0984570605412,99.9880801848519));
#6206=CARTESIAN_POINT('Ctrl Pts',(30.0984570605412,3.68599790984658E-15,
99.9880801848519));
#6207=CARTESIAN_POINT('Ctrl Pts',(30.1369391357125,3.6907106048649E-15,
99.4483151975027));
#6208=CARTESIAN_POINT('Ctrl Pts',(30.1369391357125,30.1369391357125,99.4483151975027));
#6209=CARTESIAN_POINT('Ctrl Pts',(-3.6907106048649E-15,30.1369391357125,
99.4483151975027));
#6210=CARTESIAN_POINT('Ctrl Pts',(-30.1369391357125,30.1369391357125,99.4483151975027));
#6211=CARTESIAN_POINT('Ctrl Pts',(-30.1369391357125,-3.6907106048649E-15,
99.4483151975027));
#6212=CARTESIAN_POINT('Ctrl Pts',(-30.1369391357125,-30.1369391357125,99.4483151975027));
#6213=CARTESIAN_POINT('Ctrl Pts',(3.6907106048649E-15,-30.1369391357125,
99.4483151975027));
#6214=CARTESIAN_POINT('Ctrl Pts',(30.1369391357125,-30.1369391357125,99.4483151975027));
#6215=CARTESIAN_POINT('Ctrl Pts',(30.1369391357125,3.6907106048649E-15,
99.4483151975027));
#6216=CARTESIAN_POINT('Ctrl Pts',(30.1751361553149,3.6953883906442E-15,
98.9096582407188));
#6217=CARTESIAN_POINT('Ctrl Pts',(30.1751361553149,30.1751361553149,98.9096582407188));
#6218=CARTESIAN_POINT('Ctrl Pts',(-3.6953883906442E-15,30.1751361553149,
98.9096582407188));
#6219=CARTESIAN_POINT('Ctrl Pts',(-30.1751361553149,30.1751361553149,98.9096582407188));
#6220=CARTESIAN_POINT('Ctrl Pts',(-30.1751361553149,-3.6953883906442E-15,
98.9096582407188));
#6221=CARTESIAN_POINT('Ctrl Pts',(-30.1751361553149,-30.1751361553149,98.9096582407188));
#6222=CARTESIAN_POINT('Ctrl Pts',(3.6953883906442E-15,-30.1751361553149,
98.9096582407188));
#6223=CARTESIAN_POINT('Ctrl Pts',(30.1751361553149,-30.1751361553149,98.9096582407188));
#6224=CARTESIAN_POINT('Ctrl Pts',(30.1751361553149,3.6953883906442E-15,
98.9096582407188));
#6225=CARTESIAN_POINT('Ctrl Pts',(30.2130475101801,3.7000311925829E-15,
98.3721219848182));
#6226=CARTESIAN_POINT('Ctrl Pts',(30.2130475101801,30.2130475101801,98.3721219848182));
#6227=CARTESIAN_POINT('Ctrl Pts',(-3.7000311925829E-15,30.2130475101801,
98.3721219848182));
#6228=CARTESIAN_POINT('Ctrl Pts',(-30.2130475101801,30.2130475101801,98.3721219848182));
#6229=CARTESIAN_POINT('Ctrl Pts',(-30.2130475101801,-3.7000311925829E-15,
98.3721219848182));
#6230=CARTESIAN_POINT('Ctrl Pts',(-30.2130475101801,-30.2130475101801,98.3721219848182));
#6231=CARTESIAN_POINT('Ctrl Pts',(3.7000311925829E-15,-30.2130475101801,
98.3721219848182));
#6232=CARTESIAN_POINT('Ctrl Pts',(30.2130475101801,-30.2130475101801,98.3721219848182));
#6233=CARTESIAN_POINT('Ctrl Pts',(30.2130475101801,3.7000311925829E-15,
98.3721219848182));
#6234=CARTESIAN_POINT('Ctrl Pts',(30.2506725896821,3.70463893590088E-15,
97.8357192325869));
#6235=CARTESIAN_POINT('Ctrl Pts',(30.2506725896821,30.2506725896821,97.8357192325869));
#6236=CARTESIAN_POINT('Ctrl Pts',(-3.70463893590088E-15,30.2506725896821,
97.8357192325869));
#6237=CARTESIAN_POINT('Ctrl Pts',(-30.2506725896821,30.2506725896821,97.8357192325869));
#6238=CARTESIAN_POINT('Ctrl Pts',(-30.2506725896821,-3.70463893590088E-15,
97.8357192325869));
#6239=CARTESIAN_POINT('Ctrl Pts',(-30.2506725896821,-30.2506725896821,97.8357192325869));
#6240=CARTESIAN_POINT('Ctrl Pts',(3.70463893590088E-15,-30.2506725896821,
97.8357192325869));
#6241=CARTESIAN_POINT('Ctrl Pts',(30.2506725896821,-30.2506725896821,97.8357192325869));
#6242=CARTESIAN_POINT('Ctrl Pts',(30.2506725896821,3.70463893590088E-15,
97.8357192325869));
#6243=CARTESIAN_POINT('Ctrl Pts',(30.2880107817332,3.70921154563901E-15,
97.3004629222476));
#6244=CARTESIAN_POINT('Ctrl Pts',(30.2880107817332,30.2880107817332,97.3004629222476));
#6245=CARTESIAN_POINT('Ctrl Pts',(-3.70921154563901E-15,30.2880107817332,
97.3004629222476));
#6246=CARTESIAN_POINT('Ctrl Pts',(-30.2880107817332,30.2880107817332,97.3004629222476));
#6247=CARTESIAN_POINT('Ctrl Pts',(-30.2880107817332,-3.70921154563901E-15,
97.3004629222476));
#6248=CARTESIAN_POINT('Ctrl Pts',(-30.2880107817332,-30.2880107817332,97.3004629222476));
#6249=CARTESIAN_POINT('Ctrl Pts',(3.70921154563901E-15,-30.2880107817332,
97.3004629222476));
#6250=CARTESIAN_POINT('Ctrl Pts',(30.2880107817332,-30.2880107817332,97.3004629222476));
#6251=CARTESIAN_POINT('Ctrl Pts',(30.2880107817332,3.70921154563901E-15,
97.3004629222476));
#6252=CARTESIAN_POINT('Ctrl Pts',(30.3250614727785,3.71374894665849E-15,
96.7663661309934));
#6253=CARTESIAN_POINT('Ctrl Pts',(30.3250614727785,30.3250614727785,96.7663661309934));
#6254=CARTESIAN_POINT('Ctrl Pts',(-3.71374894665849E-15,30.3250614727785,
96.7663661309934));
#6255=CARTESIAN_POINT('Ctrl Pts',(-30.3250614727785,30.3250614727785,96.7663661309934));
#6256=CARTESIAN_POINT('Ctrl Pts',(-30.3250614727785,-3.71374894665849E-15,
96.7663661309934));
#6257=CARTESIAN_POINT('Ctrl Pts',(-30.3250614727785,-30.3250614727785,96.7663661309934));
#6258=CARTESIAN_POINT('Ctrl Pts',(3.71374894665849E-15,-30.3250614727785,
96.7663661309934));
#6259=CARTESIAN_POINT('Ctrl Pts',(30.3250614727785,-30.3250614727785,96.7663661309934));
#6260=CARTESIAN_POINT('Ctrl Pts',(30.3250614727785,3.71374894665849E-15,
96.7663661309934));
#6261=CARTESIAN_POINT('Ctrl Pts',(30.3618240477915,3.7182510636403E-15,
96.2334420785142));
#6262=CARTESIAN_POINT('Ctrl Pts',(30.3618240477915,30.3618240477915,96.2334420785142));
#6263=CARTESIAN_POINT('Ctrl Pts',(-3.7182510636403E-15,30.3618240477915,
96.2334420785142));
#6264=CARTESIAN_POINT('Ctrl Pts',(-30.3618240477915,30.3618240477915,96.2334420785142));
#6265=CARTESIAN_POINT('Ctrl Pts',(-30.3618240477915,-3.7182510636403E-15,
96.2334420785142));
#6266=CARTESIAN_POINT('Ctrl Pts',(-30.3618240477915,-30.3618240477915,96.2334420785142));
#6267=CARTESIAN_POINT('Ctrl Pts',(3.7182510636403E-15,-30.3618240477915,
96.2334420785142));
#6268=CARTESIAN_POINT('Ctrl Pts',(30.3618240477915,-30.3618240477915,96.2334420785142));
#6269=CARTESIAN_POINT('Ctrl Pts',(30.3618240477915,3.7182510636403E-15,
96.2334420785142));
#6270=CARTESIAN_POINT('Ctrl Pts',(30.3982978902701,3.72271782108471E-15,
95.7017041305158));
#6271=CARTESIAN_POINT('Ctrl Pts',(30.3982978902701,30.3982978902701,95.7017041305158));
#6272=CARTESIAN_POINT('Ctrl Pts',(-3.72271782108471E-15,30.3982978902701,
95.7017041305158));
#6273=CARTESIAN_POINT('Ctrl Pts',(-30.3982978902701,30.3982978902701,95.7017041305158));
#6274=CARTESIAN_POINT('Ctrl Pts',(-30.3982978902701,-3.72271782108471E-15,
95.7017041305158));
#6275=CARTESIAN_POINT('Ctrl Pts',(-30.3982978902701,-30.3982978902701,95.7017041305158));
#6276=CARTESIAN_POINT('Ctrl Pts',(3.72271782108471E-15,-30.3982978902701,
95.7017041305158));
#6277=CARTESIAN_POINT('Ctrl Pts',(30.3982978902701,-30.3982978902701,95.7017041305158));
#6278=CARTESIAN_POINT('Ctrl Pts',(30.3982978902701,3.72271782108471E-15,
95.7017041305158));
#6279=CARTESIAN_POINT('Ctrl Pts',(30.434482382233,3.72714914331082E-15,
95.1711658022679));
#6280=CARTESIAN_POINT('Ctrl Pts',(30.434482382233,30.434482382233,95.1711658022679));
#6281=CARTESIAN_POINT('Ctrl Pts',(-3.72714914331082E-15,30.434482382233,
95.1711658022679));
#6282=CARTESIAN_POINT('Ctrl Pts',(-30.434482382233,30.434482382233,95.1711658022679));
#6283=CARTESIAN_POINT('Ctrl Pts',(-30.434482382233,-3.72714914331082E-15,
95.1711658022679));
#6284=CARTESIAN_POINT('Ctrl Pts',(-30.434482382233,-30.434482382233,95.1711658022679));
#6285=CARTESIAN_POINT('Ctrl Pts',(3.72714914331082E-15,-30.434482382233,
95.1711658022679));
#6286=CARTESIAN_POINT('Ctrl Pts',(30.434482382233,-30.434482382233,95.1711658022679));
#6287=CARTESIAN_POINT('Ctrl Pts',(30.434482382233,3.72714914331082E-15,
95.1711658022679));
#6288=CARTESIAN_POINT('Ctrl Pts',(30.4703769042167,3.73154495445624E-15,
94.6418407620768));
#6289=CARTESIAN_POINT('Ctrl Pts',(30.4703769042167,30.4703769042167,94.6418407620768));
#6290=CARTESIAN_POINT('Ctrl Pts',(-3.73154495445624E-15,30.4703769042167,
94.6418407620768));
#6291=CARTESIAN_POINT('Ctrl Pts',(-30.4703769042167,30.4703769042167,94.6418407620768));
#6292=CARTESIAN_POINT('Ctrl Pts',(-30.4703769042167,-3.73154495445624E-15,
94.6418407620768));
#6293=CARTESIAN_POINT('Ctrl Pts',(-30.4703769042167,-30.4703769042167,94.6418407620768));
#6294=CARTESIAN_POINT('Ctrl Pts',(3.73154495445624E-15,-30.4703769042167,
94.6418407620768));
#6295=CARTESIAN_POINT('Ctrl Pts',(30.4703769042167,-30.4703769042167,94.6418407620768));
#6296=CARTESIAN_POINT('Ctrl Pts',(30.4703769042167,3.73154495445624E-15,
94.6418407620768));
#6297=CARTESIAN_POINT('Ctrl Pts',(30.5059808352725,3.7359051784767E-15,
94.1137428349946));
#6298=CARTESIAN_POINT('Ctrl Pts',(30.5059808352725,30.5059808352725,94.1137428349946));
#6299=CARTESIAN_POINT('Ctrl Pts',(-3.7359051784767E-15,30.5059808352725,
94.1137428349946));
#6300=CARTESIAN_POINT('Ctrl Pts',(-30.5059808352725,30.5059808352725,94.1137428349946));
#6301=CARTESIAN_POINT('Ctrl Pts',(-30.5059808352725,-3.7359051784767E-15,
94.1137428349946));
#6302=CARTESIAN_POINT('Ctrl Pts',(-30.5059808352725,-30.5059808352725,94.1137428349946));
#6303=CARTESIAN_POINT('Ctrl Pts',(3.7359051784767E-15,-30.5059808352725,
94.1137428349946));
#6304=CARTESIAN_POINT('Ctrl Pts',(30.5059808352725,-30.5059808352725,94.1137428349946));
#6305=CARTESIAN_POINT('Ctrl Pts',(30.5059808352725,3.7359051784767E-15,
94.1137428349946));
#6306=CARTESIAN_POINT('Ctrl Pts',(30.5412935529639,3.74022973914569E-15,
93.5868860071376));
#6307=CARTESIAN_POINT('Ctrl Pts',(30.5412935529639,30.5412935529639,93.5868860071376));
#6308=CARTESIAN_POINT('Ctrl Pts',(-3.74022973914569E-15,30.5412935529639,
93.5868860071376));
#6309=CARTESIAN_POINT('Ctrl Pts',(-30.5412935529639,30.5412935529639,93.5868860071376));
#6310=CARTESIAN_POINT('Ctrl Pts',(-30.5412935529639,-3.74022973914569E-15,
93.5868860071376));
#6311=CARTESIAN_POINT('Ctrl Pts',(-30.5412935529639,-30.5412935529639,93.5868860071376));
#6312=CARTESIAN_POINT('Ctrl Pts',(3.74022973914569E-15,-30.5412935529639,
93.5868860071376));
#6313=CARTESIAN_POINT('Ctrl Pts',(30.5412935529639,-30.5412935529639,93.5868860071376));
#6314=CARTESIAN_POINT('Ctrl Pts',(30.5412935529639,3.74022973914569E-15,
93.5868860071376));
#6315=CARTESIAN_POINT('Ctrl Pts',(30.576314433363,3.74451856005411E-15,
93.0612844298987));
#6316=CARTESIAN_POINT('Ctrl Pts',(30.576314433363,30.576314433363,93.0612844298987));
#6317=CARTESIAN_POINT('Ctrl Pts',(-3.74451856005411E-15,30.576314433363,
93.0612844298987));
#6318=CARTESIAN_POINT('Ctrl Pts',(-30.576314433363,30.576314433363,93.0612844298987));
#6319=CARTESIAN_POINT('Ctrl Pts',(-30.576314433363,-3.74451856005411E-15,
93.0612844298987));
#6320=CARTESIAN_POINT('Ctrl Pts',(-30.576314433363,-30.576314433363,93.0612844298987));
#6321=CARTESIAN_POINT('Ctrl Pts',(3.74451856005411E-15,-30.576314433363,
93.0612844298987));
#6322=CARTESIAN_POINT('Ctrl Pts',(30.576314433363,-30.576314433363,93.0612844298987));
#6323=CARTESIAN_POINT('Ctrl Pts',(30.576314433363,3.74451856005411E-15,
93.0612844298987));
#6324=CARTESIAN_POINT('Ctrl Pts',(30.611042851049,3.74877156460997E-15,
92.5369524241816));
#6325=CARTESIAN_POINT('Ctrl Pts',(30.611042851049,30.611042851049,92.5369524241816));
#6326=CARTESIAN_POINT('Ctrl Pts',(-3.74877156460997E-15,30.611042851049,
92.5369524241816));
#6327=CARTESIAN_POINT('Ctrl Pts',(-30.611042851049,30.611042851049,92.5369524241816));
#6328=CARTESIAN_POINT('Ctrl Pts',(-30.611042851049,-3.74877156460997E-15,
92.5369524241816));
#6329=CARTESIAN_POINT('Ctrl Pts',(-30.611042851049,-30.611042851049,92.5369524241816));
#6330=CARTESIAN_POINT('Ctrl Pts',(3.74877156460997E-15,-30.611042851049,
92.5369524241816));
#6331=CARTESIAN_POINT('Ctrl Pts',(30.611042851049,-30.611042851049,92.5369524241816));
#6332=CARTESIAN_POINT('Ctrl Pts',(30.611042851049,3.74877156460997E-15,
92.5369524241816));
#6333=CARTESIAN_POINT('Ctrl Pts',(30.6454781791061,3.75298867603824E-15,
92.0139044846783));
#6334=CARTESIAN_POINT('Ctrl Pts',(30.6454781791061,30.6454781791061,92.0139044846783));
#6335=CARTESIAN_POINT('Ctrl Pts',(-3.75298867603824E-15,30.6454781791061,
92.0139044846783));
#6336=CARTESIAN_POINT('Ctrl Pts',(-30.6454781791061,30.6454781791061,92.0139044846783));
#6337=CARTESIAN_POINT('Ctrl Pts',(-30.6454781791061,-3.75298867603824E-15,
92.0139044846783));
#6338=CARTESIAN_POINT('Ctrl Pts',(-30.6454781791061,-30.6454781791061,92.0139044846783));
#6339=CARTESIAN_POINT('Ctrl Pts',(3.75298867603824E-15,-30.6454781791061,
92.0139044846783));
#6340=CARTESIAN_POINT('Ctrl Pts',(30.6454781791061,-30.6454781791061,92.0139044846783));
#6341=CARTESIAN_POINT('Ctrl Pts',(30.6454781791061,3.75298867603824E-15,
92.0139044846783));
#6342=CARTESIAN_POINT('Ctrl Pts',(30.6796197891226,3.75716981738068E-15,
91.4921552839996));
#6343=CARTESIAN_POINT('Ctrl Pts',(30.6796197891226,30.6796197891226,91.4921552839996));
#6344=CARTESIAN_POINT('Ctrl Pts',(-3.75716981738068E-15,30.6796197891226,
91.4921552839996));
#6345=CARTESIAN_POINT('Ctrl Pts',(-30.6796197891226,30.6796197891226,91.4921552839996));
#6346=CARTESIAN_POINT('Ctrl Pts',(-30.6796197891226,-3.75716981738068E-15,
91.4921552839996));
#6347=CARTESIAN_POINT('Ctrl Pts',(-30.6796197891226,-30.6796197891226,91.4921552839996));
#6348=CARTESIAN_POINT('Ctrl Pts',(3.75716981738068E-15,-30.6796197891226,
91.4921552839996));
#6349=CARTESIAN_POINT('Ctrl Pts',(30.6796197891226,-30.6796197891226,91.4921552839996));
#6350=CARTESIAN_POINT('Ctrl Pts',(30.6796197891226,3.75716981738068E-15,
91.4921552839996));
#6351=CARTESIAN_POINT('Ctrl Pts',(30.7134670511898,3.76131491149573E-15,
90.9717196774838));
#6352=CARTESIAN_POINT('Ctrl Pts',(30.7134670511898,30.7134670511898,90.9717196774838));
#6353=CARTESIAN_POINT('Ctrl Pts',(-3.76131491149573E-15,30.7134670511898,
90.9717196774838));
#6354=CARTESIAN_POINT('Ctrl Pts',(-30.7134670511898,30.7134670511898,90.9717196774838));
#6355=CARTESIAN_POINT('Ctrl Pts',(-30.7134670511898,-3.76131491149573E-15,
90.9717196774838));
#6356=CARTESIAN_POINT('Ctrl Pts',(-30.7134670511898,-30.7134670511898,90.9717196774838));
#6357=CARTESIAN_POINT('Ctrl Pts',(3.76131491149573E-15,-30.7134670511898,
90.9717196774838));
#6358=CARTESIAN_POINT('Ctrl Pts',(30.7134670511898,-30.7134670511898,90.9717196774838));
#6359=CARTESIAN_POINT('Ctrl Pts',(30.7134670511898,3.76131491149573E-15,
90.9717196774838));
#6360=CARTESIAN_POINT('Ctrl Pts',(30.7470193339007,3.76542388105833E-15,
90.4526127084259));
#6361=CARTESIAN_POINT('Ctrl Pts',(30.7470193339007,30.7470193339007,90.4526127084259));
#6362=CARTESIAN_POINT('Ctrl Pts',(-3.76542388105833E-15,30.7470193339007,
90.4526127084259));
#6363=CARTESIAN_POINT('Ctrl Pts',(-30.7470193339007,30.7470193339007,90.4526127084259));
#6364=CARTESIAN_POINT('Ctrl Pts',(-30.7470193339007,-3.76542388105833E-15,
90.4526127084259));
#6365=CARTESIAN_POINT('Ctrl Pts',(-30.7470193339007,-30.7470193339007,90.4526127084259));
#6366=CARTESIAN_POINT('Ctrl Pts',(3.76542388105833E-15,-30.7470193339007,
90.4526127084259));
#6367=CARTESIAN_POINT('Ctrl Pts',(30.7470193339007,-30.7470193339007,90.4526127084259));
#6368=CARTESIAN_POINT('Ctrl Pts',(30.7470193339007,3.76542388105833E-15,
90.4526127084259));
#6369=CARTESIAN_POINT('Ctrl Pts',(30.7802760043503,3.76949664855997E-15,
89.9348496131784));
#6370=CARTESIAN_POINT('Ctrl Pts',(30.7802760043503,30.7802760043503,89.9348496131784));
#6371=CARTESIAN_POINT('Ctrl Pts',(-3.76949664855997E-15,30.7802760043503,
89.9348496131784));
#6372=CARTESIAN_POINT('Ctrl Pts',(-30.7802760043503,30.7802760043503,89.9348496131784));
#6373=CARTESIAN_POINT('Ctrl Pts',(-30.7802760043503,-3.76949664855997E-15,
89.9348496131784));
#6374=CARTESIAN_POINT('Ctrl Pts',(-30.7802760043503,-30.7802760043503,89.9348496131784));
#6375=CARTESIAN_POINT('Ctrl Pts',(3.76949664855997E-15,-30.7802760043503,
89.9348496131784));
#6376=CARTESIAN_POINT('Ctrl Pts',(30.7802760043503,-30.7802760043503,89.9348496131784));
#6377=CARTESIAN_POINT('Ctrl Pts',(30.7802760043503,3.76949664855997E-15,
89.9348496131784));
#6378=CARTESIAN_POINT('Ctrl Pts',(30.8132364281352,3.77353313630864E-15,
89.4184458263098));
#6379=CARTESIAN_POINT('Ctrl Pts',(30.8132364281352,30.8132364281352,89.4184458263098));
#6380=CARTESIAN_POINT('Ctrl Pts',(-3.77353313630864E-15,30.8132364281352,
89.4184458263098));
#6381=CARTESIAN_POINT('Ctrl Pts',(-30.8132364281352,30.8132364281352,89.4184458263098));
#6382=CARTESIAN_POINT('Ctrl Pts',(-30.8132364281352,-3.77353313630864E-15,
89.4184458263098));
#6383=CARTESIAN_POINT('Ctrl Pts',(-30.8132364281352,-30.8132364281352,89.4184458263098));
#6384=CARTESIAN_POINT('Ctrl Pts',(3.77353313630864E-15,-30.8132364281352,
89.4184458263098));
#6385=CARTESIAN_POINT('Ctrl Pts',(30.8132364281352,-30.8132364281352,89.4184458263098));
#6386=CARTESIAN_POINT('Ctrl Pts',(30.8132364281352,3.77353313630864E-15,
89.4184458263098));
#6387=CARTESIAN_POINT('Ctrl Pts',(30.8458999693545,3.77753326642894E-15,
88.9034169857316));
#6388=CARTESIAN_POINT('Ctrl Pts',(30.8458999693544,30.8458999693545,88.9034169857316));
#6389=CARTESIAN_POINT('Ctrl Pts',(-3.77753326642894E-15,30.8458999693545,
88.9034169857316));
#6390=CARTESIAN_POINT('Ctrl Pts',(-30.8458999693545,30.8458999693544,88.9034169857316));
#6391=CARTESIAN_POINT('Ctrl Pts',(-30.8458999693545,-3.77753326642894E-15,
88.9034169857316));
#6392=CARTESIAN_POINT('Ctrl Pts',(-30.8458999693544,-30.8458999693545,88.9034169857316));
#6393=CARTESIAN_POINT('Ctrl Pts',(3.77753326642894E-15,-30.8458999693545,
88.9034169857316));
#6394=CARTESIAN_POINT('Ctrl Pts',(30.8458999693545,-30.8458999693544,88.9034169857316));
#6395=CARTESIAN_POINT('Ctrl Pts',(30.8458999693545,3.77753326642894E-15,
88.9034169857316));
#6396=CARTESIAN_POINT('Ctrl Pts',(30.8782659906114,3.78149696086228E-15,
88.3897789378655));
#6397=CARTESIAN_POINT('Ctrl Pts',(30.8782659906113,30.8782659906114,88.3897789378655));
#6398=CARTESIAN_POINT('Ctrl Pts',(-3.78149696086228E-15,30.8782659906114,
88.3897789378655));
#6399=CARTESIAN_POINT('Ctrl Pts',(-30.8782659906114,30.8782659906113,88.3897789378655));
#6400=CARTESIAN_POINT('Ctrl Pts',(-30.8782659906114,-3.78149696086228E-15,
88.3897789378655));
#6401=CARTESIAN_POINT('Ctrl Pts',(-30.8782659906113,-30.8782659906114,88.3897789378655));
#6402=CARTESIAN_POINT('Ctrl Pts',(3.78149696086228E-15,-30.8782659906114,
88.3897789378655));
#6403=CARTESIAN_POINT('Ctrl Pts',(30.8782659906114,-30.8782659906113,88.3897789378655));
#6404=CARTESIAN_POINT('Ctrl Pts',(30.8782659906114,3.78149696086228E-15,
88.3897789378655));
#6405=CARTESIAN_POINT('Ctrl Pts',(30.9103338530145,3.78542414136702E-15,
87.8775477439278));
#6406=CARTESIAN_POINT('Ctrl Pts',(30.9103338530145,30.9103338530145,87.8775477439278));
#6407=CARTESIAN_POINT('Ctrl Pts',(-3.78542414136702E-15,30.9103338530145,
87.8775477439278));
#6408=CARTESIAN_POINT('Ctrl Pts',(-30.9103338530145,30.9103338530145,87.8775477439278));
#6409=CARTESIAN_POINT('Ctrl Pts',(-30.9103338530145,-3.78542414136702E-15,
87.8775477439278));
#6410=CARTESIAN_POINT('Ctrl Pts',(-30.9103338530145,-30.9103338530145,87.8775477439278));
#6411=CARTESIAN_POINT('Ctrl Pts',(3.78542414136702E-15,-30.9103338530145,
87.8775477439278));
#6412=CARTESIAN_POINT('Ctrl Pts',(30.9103338530145,-30.9103338530145,87.8775477439278));
#6413=CARTESIAN_POINT('Ctrl Pts',(30.9103338530145,3.78542414136702E-15,
87.8775477439278));
#6414=CARTESIAN_POINT('Ctrl Pts',(30.9421029161801,3.7893147295188E-15,
87.3667396862107));
#6415=CARTESIAN_POINT('Ctrl Pts',(30.9421029161801,30.9421029161801,87.3667396862107));
#6416=CARTESIAN_POINT('Ctrl Pts',(-3.7893147295188E-15,30.9421029161801,
87.3667396862107));
#6417=CARTESIAN_POINT('Ctrl Pts',(-30.9421029161801,30.9421029161801,87.3667396862107));
#6418=CARTESIAN_POINT('Ctrl Pts',(-30.9421029161801,-3.7893147295188E-15,
87.3667396862107));
#6419=CARTESIAN_POINT('Ctrl Pts',(-30.9421029161801,-30.9421029161801,87.3667396862107));
#6420=CARTESIAN_POINT('Ctrl Pts',(3.7893147295188E-15,-30.9421029161801,
87.3667396862107));
#6421=CARTESIAN_POINT('Ctrl Pts',(30.9421029161801,-30.9421029161801,87.3667396862107));
#6422=CARTESIAN_POINT('Ctrl Pts',(30.9421029161801,3.7893147295188E-15,
87.3667396862107));
#6423=CARTESIAN_POINT('Ctrl Pts',(30.9735725382349,3.79316864671077E-15,
86.8573712743304));
#6424=CARTESIAN_POINT('Ctrl Pts',(30.9735725382349,30.9735725382349,86.8573712743304));
#6425=CARTESIAN_POINT('Ctrl Pts',(-3.79316864671077E-15,30.9735725382349,
86.8573712743304));
#6426=CARTESIAN_POINT('Ctrl Pts',(-30.9735725382349,30.9735725382349,86.8573712743304));
#6427=CARTESIAN_POINT('Ctrl Pts',(-30.9735725382349,-3.79316864671077E-15,
86.8573712743304));
#6428=CARTESIAN_POINT('Ctrl Pts',(-30.9735725382349,-30.9735725382349,86.8573712743304));
#6429=CARTESIAN_POINT('Ctrl Pts',(3.79316864671077E-15,-30.9735725382349,
86.8573712743304));
#6430=CARTESIAN_POINT('Ctrl Pts',(30.9735725382349,-30.9735725382349,86.8573712743304));
#6431=CARTESIAN_POINT('Ctrl Pts',(30.9735725382349,3.79316864671077E-15,
86.8573712743304));
#6432=CARTESIAN_POINT('Ctrl Pts',(31.0047420758186,3.79698581415405E-15,
86.3494592515757));
#6433=CARTESIAN_POINT('Ctrl Pts',(31.0047420758186,31.0047420758186,86.3494592515757));
#6434=CARTESIAN_POINT('Ctrl Pts',(-3.79698581415405E-15,31.0047420758186,
86.3494592515757));
#6435=CARTESIAN_POINT('Ctrl Pts',(-31.0047420758186,31.0047420758186,86.3494592515757));
#6436=CARTESIAN_POINT('Ctrl Pts',(-31.0047420758186,-3.79698581415405E-15,
86.3494592515757));
#6437=CARTESIAN_POINT('Ctrl Pts',(-31.0047420758186,-31.0047420758186,86.3494592515757));
#6438=CARTESIAN_POINT('Ctrl Pts',(3.79698581415405E-15,-31.0047420758186,
86.3494592515757));
#6439=CARTESIAN_POINT('Ctrl Pts',(31.0047420758186,-31.0047420758186,86.3494592515757));
#6440=CARTESIAN_POINT('Ctrl Pts',(31.0047420758186,3.79698581415405E-15,
86.3494592515757));
#6441=CARTESIAN_POINT('Ctrl Pts',(31.0356108840886,3.80076615287818E-15,
85.8430206010089));
#6442=CARTESIAN_POINT('Ctrl Pts',(31.0356108840886,31.0356108840886,85.8430206010089));
#6443=CARTESIAN_POINT('Ctrl Pts',(-3.80076615287818E-15,31.0356108840886,
85.8430206010089));
#6444=CARTESIAN_POINT('Ctrl Pts',(-31.0356108840886,31.0356108840886,85.8430206010089));
#6445=CARTESIAN_POINT('Ctrl Pts',(-31.0356108840886,-3.80076615287818E-15,
85.8430206010089));
#6446=CARTESIAN_POINT('Ctrl Pts',(-31.0356108840886,-31.0356108840886,85.8430206010089));
#6447=CARTESIAN_POINT('Ctrl Pts',(3.80076615287818E-15,-31.0356108840886,
85.8430206010089));
#6448=CARTESIAN_POINT('Ctrl Pts',(31.0356108840886,-31.0356108840886,85.8430206010089));
#6449=CARTESIAN_POINT('Ctrl Pts',(31.0356108840886,3.80076615287818E-15,
85.8430206010089));
#6450=CARTESIAN_POINT('Ctrl Pts',(31.0661783167239,3.80450958373168E-15,
85.3380725525073));
#6451=CARTESIAN_POINT('Ctrl Pts',(31.0661783167239,31.0661783167239,85.3380725525073));
#6452=CARTESIAN_POINT('Ctrl Pts',(-3.80450958373168E-15,31.0661783167239,
85.3380725525073));
#6453=CARTESIAN_POINT('Ctrl Pts',(-31.0661783167239,31.0661783167239,85.3380725525073));
#6454=CARTESIAN_POINT('Ctrl Pts',(-31.0661783167239,-3.80450958373168E-15,
85.3380725525073));
#6455=CARTESIAN_POINT('Ctrl Pts',(-31.0661783167239,-31.0661783167239,85.3380725525073));
#6456=CARTESIAN_POINT('Ctrl Pts',(3.80450958373168E-15,-31.0661783167239,
85.3380725525073));
#6457=CARTESIAN_POINT('Ctrl Pts',(31.0661783167239,-31.0661783167239,85.3380725525073));
#6458=CARTESIAN_POINT('Ctrl Pts',(31.0661783167239,3.80450958373168E-15,
85.3380725525073));
#6459=CARTESIAN_POINT('Ctrl Pts',(31.0964437259308,3.8082160273827E-15,
84.8346325906927));
#6460=CARTESIAN_POINT('Ctrl Pts',(31.0964437259308,31.0964437259308,84.8346325906927));
#6461=CARTESIAN_POINT('Ctrl Pts',(-3.8082160273827E-15,31.0964437259308,
84.8346325906927));
#6462=CARTESIAN_POINT('Ctrl Pts',(-31.0964437259308,31.0964437259308,84.8346325906927));
#6463=CARTESIAN_POINT('Ctrl Pts',(-31.0964437259308,-3.8082160273827E-15,
84.8346325906927));
#6464=CARTESIAN_POINT('Ctrl Pts',(-31.0964437259308,-31.0964437259308,84.8346325906927));
#6465=CARTESIAN_POINT('Ctrl Pts',(3.8082160273827E-15,-31.0964437259308,
84.8346325906927));
#6466=CARTESIAN_POINT('Ctrl Pts',(31.0964437259308,-31.0964437259308,84.8346325906927));
#6467=CARTESIAN_POINT('Ctrl Pts',(31.0964437259308,3.8082160273827E-15,
84.8346325906927));
#6468=CARTESIAN_POINT('Ctrl Pts',(31.1264064624487,3.81188540431972E-15,
84.3327184626083));
#6469=CARTESIAN_POINT('Ctrl Pts',(31.1264064624486,31.1264064624486,84.3327184626083));
#6470=CARTESIAN_POINT('Ctrl Pts',(-3.81188540431972E-15,31.1264064624487,
84.3327184626083));
#6471=CARTESIAN_POINT('Ctrl Pts',(-31.1264064624486,31.1264064624486,84.3327184626083));
#6472=CARTESIAN_POINT('Ctrl Pts',(-31.1264064624487,-3.81188540431972E-15,
84.3327184626083));
#6473=CARTESIAN_POINT('Ctrl Pts',(-31.1264064624486,-31.1264064624486,84.3327184626083));
#6474=CARTESIAN_POINT('Ctrl Pts',(3.81188540431972E-15,-31.1264064624487,
84.3327184626083));
#6475=CARTESIAN_POINT('Ctrl Pts',(31.1264064624486,-31.1264064624486,84.3327184626083));
#6476=CARTESIAN_POINT('Ctrl Pts',(31.1264064624487,3.81188540431972E-15,
84.3327184626083));
#6477=CARTESIAN_POINT('Ctrl Pts',(31.1560658755561,3.81551763485239E-15,
83.8323481855237));
#6478=CARTESIAN_POINT('Ctrl Pts',(31.1560658755561,31.1560658755561,83.8323481855237));
#6479=CARTESIAN_POINT('Ctrl Pts',(-3.81551763485239E-15,31.1560658755561,
83.8323481855237));
#6480=CARTESIAN_POINT('Ctrl Pts',(-31.1560658755561,31.1560658755561,83.8323481855237));
#6481=CARTESIAN_POINT('Ctrl Pts',(-31.1560658755561,-3.81551763485239E-15,
83.8323481855237));
#6482=CARTESIAN_POINT('Ctrl Pts',(-31.1560658755561,-31.1560658755561,83.8323481855237));
#6483=CARTESIAN_POINT('Ctrl Pts',(3.81551763485239E-15,-31.1560658755561,
83.8323481855237));
#6484=CARTESIAN_POINT('Ctrl Pts',(31.1560658755561,-31.1560658755561,83.8323481855237));
#6485=CARTESIAN_POINT('Ctrl Pts',(31.1560658755561,3.81551763485239E-15,
83.8323481855237));
#6486=CARTESIAN_POINT('Ctrl Pts',(31.1854213130786,3.81911263911234E-15,
83.3335400546371));
#6487=CARTESIAN_POINT('Ctrl Pts',(31.1854213130786,31.1854213130786,83.3335400546371));
#6488=CARTESIAN_POINT('Ctrl Pts',(-3.81911263911234E-15,31.1854213130786,
83.3335400546371));
#6489=CARTESIAN_POINT('Ctrl Pts',(-31.1854213130786,31.1854213130786,83.3335400546371));
#6490=CARTESIAN_POINT('Ctrl Pts',(-31.1854213130786,-3.81911263911234E-15,
83.3335400546371));
#6491=CARTESIAN_POINT('Ctrl Pts',(-31.1854213130786,-31.1854213130786,83.3335400546371));
#6492=CARTESIAN_POINT('Ctrl Pts',(3.81911263911234E-15,-31.1854213130786,
83.3335400546371));
#6493=CARTESIAN_POINT('Ctrl Pts',(31.1854213130786,-31.1854213130786,83.3335400546371));
#6494=CARTESIAN_POINT('Ctrl Pts',(31.1854213130786,3.81911263911234E-15,
83.3335400546371));
#6495=CARTESIAN_POINT('Ctrl Pts',(31.2144721213965,3.82267033705425E-15,
82.8363126509729));
#6496=CARTESIAN_POINT('Ctrl Pts',(31.2144721213965,31.2144721213965,82.8363126509729));
#6497=CARTESIAN_POINT('Ctrl Pts',(-3.82267033705425E-15,31.2144721213965,
82.8363126509729));
#6498=CARTESIAN_POINT('Ctrl Pts',(-31.2144721213965,31.2144721213965,82.8363126509729));
#6499=CARTESIAN_POINT('Ctrl Pts',(-31.2144721213965,-3.82267033705425E-15,
82.8363126509729));
#6500=CARTESIAN_POINT('Ctrl Pts',(-31.2144721213965,-31.2144721213965,82.8363126509729));
#6501=CARTESIAN_POINT('Ctrl Pts',(3.82267033705425E-15,-31.2144721213965,
82.8363126509729));
#6502=CARTESIAN_POINT('Ctrl Pts',(31.2144721213965,-31.2144721213965,82.8363126509729));
#6503=CARTESIAN_POINT('Ctrl Pts',(31.2144721213965,3.82267033705425E-15,
82.8363126509729));
#6504=CARTESIAN_POINT('Ctrl Pts',(31.2432176454538,3.82619064845691E-15,
82.3406848510907));
#6505=CARTESIAN_POINT('Ctrl Pts',(31.2432176454538,31.2432176454538,82.3406848510907));
#6506=CARTESIAN_POINT('Ctrl Pts',(-3.82619064845691E-15,31.2432176454538,
82.3406848510907));
#6507=CARTESIAN_POINT('Ctrl Pts',(-31.2432176454538,31.2432176454538,82.3406848510907));
#6508=CARTESIAN_POINT('Ctrl Pts',(-31.2432176454538,-3.82619064845691E-15,
82.3406848510907));
#6509=CARTESIAN_POINT('Ctrl Pts',(-31.2432176454538,-31.2432176454538,82.3406848510907));
#6510=CARTESIAN_POINT('Ctrl Pts',(3.82619064845691E-15,-31.2432176454538,
82.3406848510907));
#6511=CARTESIAN_POINT('Ctrl Pts',(31.2432176454538,-31.2432176454538,82.3406848510907));
#6512=CARTESIAN_POINT('Ctrl Pts',(31.2432176454538,3.82619064845691E-15,
82.3406848510907));
#6513=CARTESIAN_POINT('Ctrl Pts',(31.2716572287691,3.82967349292453E-15,
81.8466758366899));
#6514=CARTESIAN_POINT('Ctrl Pts',(31.2716572287691,31.2716572287691,81.8466758366899));
#6515=CARTESIAN_POINT('Ctrl Pts',(-3.82967349292453E-15,31.2716572287691,
81.8466758366899));
#6516=CARTESIAN_POINT('Ctrl Pts',(-31.2716572287691,31.2716572287691,81.8466758366899));
#6517=CARTESIAN_POINT('Ctrl Pts',(-31.2716572287691,-3.82967349292453E-15,
81.8466758366899));
#6518=CARTESIAN_POINT('Ctrl Pts',(-31.2716572287691,-31.2716572287691,81.8466758366899));
#6519=CARTESIAN_POINT('Ctrl Pts',(3.82967349292453E-15,-31.2716572287691,
81.8466758366899));
#6520=CARTESIAN_POINT('Ctrl Pts',(31.2716572287691,-31.2716572287691,81.8466758366899));
#6521=CARTESIAN_POINT('Ctrl Pts',(31.2716572287691,3.82967349292453E-15,
81.8466758366899));
#6522=CARTESIAN_POINT('Ctrl Pts',(31.2997902134456,3.83311878988798E-15,
81.3543051042053));
#6523=CARTESIAN_POINT('Ctrl Pts',(31.2997902134456,31.2997902134456,81.3543051042053));
#6524=CARTESIAN_POINT('Ctrl Pts',(-3.83311878988798E-15,31.2997902134456,
81.3543051042053));
#6525=CARTESIAN_POINT('Ctrl Pts',(-31.2997902134456,31.2997902134456,81.3543051042053));
#6526=CARTESIAN_POINT('Ctrl Pts',(-31.2997902134456,-3.83311878988798E-15,
81.3543051042053));
#6527=CARTESIAN_POINT('Ctrl Pts',(-31.2997902134456,-31.2997902134456,81.3543051042053));
#6528=CARTESIAN_POINT('Ctrl Pts',(3.83311878988798E-15,-31.2997902134456,
81.3543051042053));
#6529=CARTESIAN_POINT('Ctrl Pts',(31.2997902134456,-31.2997902134456,81.3543051042053));
#6530=CARTESIAN_POINT('Ctrl Pts',(31.2997902134456,3.83311878988798E-15,
81.3543051042053));
#6531=CARTESIAN_POINT('Ctrl Pts',(31.3276159401827,3.83652645860624E-15,
80.8635924745303));
#6532=CARTESIAN_POINT('Ctrl Pts',(31.3276159401827,31.3276159401827,80.8635924745303));
#6533=CARTESIAN_POINT('Ctrl Pts',(-3.83652645860624E-15,31.3276159401827,
80.8635924745303));
#6534=CARTESIAN_POINT('Ctrl Pts',(-31.3276159401827,31.3276159401827,80.8635924745303));
#6535=CARTESIAN_POINT('Ctrl Pts',(-31.3276159401827,-3.83652645860624E-15,
80.8635924745303));
#6536=CARTESIAN_POINT('Ctrl Pts',(-31.3276159401827,-31.3276159401827,80.8635924745303));
#6537=CARTESIAN_POINT('Ctrl Pts',(3.83652645860624E-15,-31.3276159401827,
80.8635924745303));
#6538=CARTESIAN_POINT('Ctrl Pts',(31.3276159401827,-31.3276159401827,80.8635924745303));
#6539=CARTESIAN_POINT('Ctrl Pts',(31.3276159401827,3.83652645860624E-15,
80.8635924745303));
#6540=CARTESIAN_POINT('Ctrl Pts',(31.355133748288,3.8398964181678E-15,80.3745581023806));
#6541=CARTESIAN_POINT('Ctrl Pts',(31.355133748288,31.355133748288,80.3745581023806));
#6542=CARTESIAN_POINT('Ctrl Pts',(-3.8398964181678E-15,31.355133748288,
80.3745581023806));
#6543=CARTESIAN_POINT('Ctrl Pts',(-31.355133748288,31.355133748288,80.3745581023806));
#6544=CARTESIAN_POINT('Ctrl Pts',(-31.355133748288,-3.8398964181678E-15,
80.3745581023806));
#6545=CARTESIAN_POINT('Ctrl Pts',(-31.355133748288,-31.355133748288,80.3745581023806));
#6546=CARTESIAN_POINT('Ctrl Pts',(3.8398964181678E-15,-31.355133748288,
80.3745581023806));
#6547=CARTESIAN_POINT('Ctrl Pts',(31.355133748288,-31.355133748288,80.3745581023806));
#6548=CARTESIAN_POINT('Ctrl Pts',(31.355133748288,3.8398964181678E-15,80.3745581023806));
#6549=CARTESIAN_POINT('Ctrl Pts',(31.3823429756913,3.84322858749248E-15,
79.887222487939));
#6550=CARTESIAN_POINT('Ctrl Pts',(31.3823429756913,31.3823429756913,79.887222487939));
#6551=CARTESIAN_POINT('Ctrl Pts',(-3.84322858749248E-15,31.3823429756913,
79.887222487939));
#6552=CARTESIAN_POINT('Ctrl Pts',(-31.3823429756913,31.3823429756913,79.887222487939));
#6553=CARTESIAN_POINT('Ctrl Pts',(-31.3823429756913,-3.84322858749248E-15,
79.887222487939));
#6554=CARTESIAN_POINT('Ctrl Pts',(-31.3823429756913,-31.3823429756913,79.887222487939));
#6555=CARTESIAN_POINT('Ctrl Pts',(3.84322858749248E-15,-31.3823429756913,
79.887222487939));
#6556=CARTESIAN_POINT('Ctrl Pts',(31.3823429756913,-31.3823429756913,79.887222487939));
#6557=CARTESIAN_POINT('Ctrl Pts',(31.3823429756913,3.84322858749248E-15,
79.887222487939));
#6558=CARTESIAN_POINT('Ctrl Pts',(31.4092429589613,3.84652288533335E-15,
79.4016064892423));
#6559=CARTESIAN_POINT('Ctrl Pts',(31.4092429589613,31.4092429589613,79.4016064892423));
#6560=CARTESIAN_POINT('Ctrl Pts',(-3.84652288533335E-15,31.4092429589613,
79.4016064892423));
#6561=CARTESIAN_POINT('Ctrl Pts',(-31.4092429589613,31.4092429589613,79.4016064892423));
#6562=CARTESIAN_POINT('Ctrl Pts',(-31.4092429589613,-3.84652288533335E-15,
79.4016064892423));
#6563=CARTESIAN_POINT('Ctrl Pts',(-31.4092429589613,-31.4092429589613,79.4016064892423));
#6564=CARTESIAN_POINT('Ctrl Pts',(3.84652288533335E-15,-31.4092429589613,
79.4016064892423));
#6565=CARTESIAN_POINT('Ctrl Pts',(31.4092429589613,-31.4092429589613,79.4016064892423));
#6566=CARTESIAN_POINT('Ctrl Pts',(31.4092429589613,3.84652288533335E-15,
79.4016064892423));
#6567=CARTESIAN_POINT('Ctrl Pts',(31.4358330333211,3.84977923027873E-15,
78.9177313342463));
#6568=CARTESIAN_POINT('Ctrl Pts',(31.4358330333211,31.4358330333211,78.9177313342463));
#6569=CARTESIAN_POINT('Ctrl Pts',(-3.84977923027873E-15,31.4358330333211,
78.9177313342463));
#6570=CARTESIAN_POINT('Ctrl Pts',(-31.4358330333211,31.4358330333211,78.9177313342463));
#6571=CARTESIAN_POINT('Ctrl Pts',(-31.4358330333211,-3.84977923027873E-15,
78.9177313342463));
#6572=CARTESIAN_POINT('Ctrl Pts',(-31.4358330333211,-31.4358330333211,78.9177313342463));
#6573=CARTESIAN_POINT('Ctrl Pts',(3.84977923027873E-15,-31.4358330333211,
78.9177313342463));
#6574=CARTESIAN_POINT('Ctrl Pts',(31.4358330333211,-31.4358330333211,78.9177313342463));
#6575=CARTESIAN_POINT('Ctrl Pts',(31.4358330333211,3.84977923027873E-15,
78.9177313342463));
#6576=CARTESIAN_POINT('Ctrl Pts',(31.4621125326659,3.85299754075431E-15,
78.4356186332041));
#6577=CARTESIAN_POINT('Ctrl Pts',(31.4621125326659,31.4621125326659,78.4356186332041));
#6578=CARTESIAN_POINT('Ctrl Pts',(-3.85299754075431E-15,31.4621125326659,
78.4356186332041));
#6579=CARTESIAN_POINT('Ctrl Pts',(-31.4621125326659,31.4621125326659,78.4356186332041));
#6580=CARTESIAN_POINT('Ctrl Pts',(-31.4621125326659,-3.85299754075431E-15,
78.4356186332041));
#6581=CARTESIAN_POINT('Ctrl Pts',(-31.4621125326659,-31.4621125326659,78.4356186332041));
#6582=CARTESIAN_POINT('Ctrl Pts',(3.85299754075431E-15,-31.4621125326659,
78.4356186332041));
#6583=CARTESIAN_POINT('Ctrl Pts',(31.4621125326659,-31.4621125326659,78.4356186332041));
#6584=CARTESIAN_POINT('Ctrl Pts',(31.4621125326659,3.85299754075431E-15,
78.4356186332041));
#6585=CARTESIAN_POINT('Ctrl Pts',(31.4880807895795,3.85617773502518E-15,
77.9552903904876));
#6586=CARTESIAN_POINT('Ctrl Pts',(31.4880807895795,31.4880807895795,77.9552903904876));
#6587=CARTESIAN_POINT('Ctrl Pts',(-3.85617773502518E-15,31.4880807895795,
77.9552903904876));
#6588=CARTESIAN_POINT('Ctrl Pts',(-31.4880807895795,31.4880807895795,77.9552903904876));
#6589=CARTESIAN_POINT('Ctrl Pts',(-31.4880807895795,-3.85617773502518E-15,
77.9552903904876));
#6590=CARTESIAN_POINT('Ctrl Pts',(-31.4880807895795,-31.4880807895795,77.9552903904876));
#6591=CARTESIAN_POINT('Ctrl Pts',(3.85617773502518E-15,-31.4880807895795,
77.9552903904876));
#6592=CARTESIAN_POINT('Ctrl Pts',(31.4880807895795,-31.4880807895795,77.9552903904876));
#6593=CARTESIAN_POINT('Ctrl Pts',(31.4880807895795,3.85617773502518E-15,
77.9552903904876));
#6594=CARTESIAN_POINT('Ctrl Pts',(31.5137371353549,3.85931973119835E-15,
77.4767690184024));
#6595=CARTESIAN_POINT('Ctrl Pts',(31.5137371353549,31.5137371353549,77.4767690184024));
#6596=CARTESIAN_POINT('Ctrl Pts',(-3.85931973119835E-15,31.5137371353549,
77.4767690184024));
#6597=CARTESIAN_POINT('Ctrl Pts',(-31.5137371353549,31.5137371353549,77.4767690184024));
#6598=CARTESIAN_POINT('Ctrl Pts',(-31.5137371353549,-3.85931973119835E-15,
77.4767690184024));
#6599=CARTESIAN_POINT('Ctrl Pts',(-31.5137371353549,-31.5137371353549,77.4767690184024));
#6600=CARTESIAN_POINT('Ctrl Pts',(3.85931973119835E-15,-31.5137371353549,
77.4767690184024));
#6601=CARTESIAN_POINT('Ctrl Pts',(31.5137371353549,-31.5137371353549,77.4767690184024));
#6602=CARTESIAN_POINT('Ctrl Pts',(31.5137371353549,3.85931973119835E-15,
77.4767690184024));
#6603=CARTESIAN_POINT('Ctrl Pts',(31.5390809000175,3.86242344722559E-15,
77.0000773528966));
#6604=CARTESIAN_POINT('Ctrl Pts',(31.5390809000175,31.5390809000175,77.0000773528966));
#6605=CARTESIAN_POINT('Ctrl Pts',(-3.86242344722559E-15,31.5390809000175,
77.0000773528966));
#6606=CARTESIAN_POINT('Ctrl Pts',(-31.5390809000175,31.5390809000175,77.0000773528966));
#6607=CARTESIAN_POINT('Ctrl Pts',(-31.5390809000175,-3.86242344722559E-15,
77.0000773528966));
#6608=CARTESIAN_POINT('Ctrl Pts',(-31.5390809000175,-31.5390809000175,77.0000773528966));
#6609=CARTESIAN_POINT('Ctrl Pts',(3.86242344722559E-15,-31.5390809000175,
77.0000773528966));
#6610=CARTESIAN_POINT('Ctrl Pts',(31.5390809000175,-31.5390809000175,77.0000773528966));
#6611=CARTESIAN_POINT('Ctrl Pts',(31.5390809000175,3.86242344722559E-15,
77.0000773528966));
#6612=CARTESIAN_POINT('Ctrl Pts',(31.5641114123482,3.86548880090626E-15,
76.5252386686455));
#6613=CARTESIAN_POINT('Ctrl Pts',(31.5641114123481,31.5641114123481,76.5252386686455));
#6614=CARTESIAN_POINT('Ctrl Pts',(-3.86548880090626E-15,31.5641114123482,
76.5252386686455));
#6615=CARTESIAN_POINT('Ctrl Pts',(-31.5641114123481,31.5641114123481,76.5252386686455));
#6616=CARTESIAN_POINT('Ctrl Pts',(-31.5641114123482,-3.86548880090626E-15,
76.5252386686455));
#6617=CARTESIAN_POINT('Ctrl Pts',(-31.5641114123481,-31.5641114123481,76.5252386686455));
#6618=CARTESIAN_POINT('Ctrl Pts',(3.86548880090626E-15,-31.5641114123482,
76.5252386686455));
#6619=CARTESIAN_POINT('Ctrl Pts',(31.5641114123481,-31.5641114123481,76.5252386686455));
#6620=CARTESIAN_POINT('Ctrl Pts',(31.5641114123482,3.86548880090626E-15,
76.5252386686455));
#6621=CARTESIAN_POINT('Ctrl Pts',(31.5888279999074,3.86851570989028E-15,
76.0522766946295));
#6622=CARTESIAN_POINT('Ctrl Pts',(31.5888279999073,31.5888279999073,76.0522766946295));
#6623=CARTESIAN_POINT('Ctrl Pts',(-3.86851570989028E-15,31.5888279999074,
76.0522766946295));
#6624=CARTESIAN_POINT('Ctrl Pts',(-31.5888279999073,31.5888279999073,76.0522766946295));
#6625=CARTESIAN_POINT('Ctrl Pts',(-31.5888279999074,-3.86851570989028E-15,
76.0522766946295));
#6626=CARTESIAN_POINT('Ctrl Pts',(-31.5888279999073,-31.5888279999073,76.0522766946295));
#6627=CARTESIAN_POINT('Ctrl Pts',(3.86851570989028E-15,-31.5888279999074,
76.0522766946295));
#6628=CARTESIAN_POINT('Ctrl Pts',(31.5888279999073,-31.5888279999073,76.0522766946295));
#6629=CARTESIAN_POINT('Ctrl Pts',(31.5888279999074,3.86851570989028E-15,
76.0522766946295));
#6630=CARTESIAN_POINT('Ctrl Pts',(31.6132299890592,3.87150409168104E-15,
75.5812156289552));
#6631=CARTESIAN_POINT('Ctrl Pts',(31.6132299890592,31.6132299890592,75.5812156289552));
#6632=CARTESIAN_POINT('Ctrl Pts',(-3.87150409168104E-15,31.6132299890592,
75.5812156289552));
#6633=CARTESIAN_POINT('Ctrl Pts',(-31.6132299890592,31.6132299890592,75.5812156289552));
#6634=CARTESIAN_POINT('Ctrl Pts',(-31.6132299890592,-3.87150409168104E-15,
75.5812156289552));
#6635=CARTESIAN_POINT('Ctrl Pts',(-31.6132299890592,-31.6132299890592,75.5812156289552));
#6636=CARTESIAN_POINT('Ctrl Pts',(3.87150409168104E-15,-31.6132299890592,
75.5812156289552));
#6637=CARTESIAN_POINT('Ctrl Pts',(31.6132299890592,-31.6132299890592,75.5812156289552));
#6638=CARTESIAN_POINT('Ctrl Pts',(31.6132299890592,3.87150409168104E-15,
75.5812156289552));
#6639=CARTESIAN_POINT('Ctrl Pts',(31.637316704999,3.87445386363881E-15,
75.1120801559279));
#6640=CARTESIAN_POINT('Ctrl Pts',(31.637316704999,31.637316704999,75.1120801559279));
#6641=CARTESIAN_POINT('Ctrl Pts',(-3.87445386363881E-15,31.637316704999,
75.1120801559279));
#6642=CARTESIAN_POINT('Ctrl Pts',(-31.637316704999,31.637316704999,75.1120801559279));
#6643=CARTESIAN_POINT('Ctrl Pts',(-31.637316704999,-3.87445386363881E-15,
75.1120801559279));
#6644=CARTESIAN_POINT('Ctrl Pts',(-31.637316704999,-31.637316704999,75.1120801559279));
#6645=CARTESIAN_POINT('Ctrl Pts',(3.87445386363881E-15,-31.637316704999,
75.1120801559279));
#6646=CARTESIAN_POINT('Ctrl Pts',(31.637316704999,-31.637316704999,75.1120801559279));
#6647=CARTESIAN_POINT('Ctrl Pts',(31.637316704999,3.87445386363881E-15,
75.1120801559279));
#6648=CARTESIAN_POINT('Ctrl Pts',(31.661087471787,3.87736494298483E-15,
74.644895466933));
#6649=CARTESIAN_POINT('Ctrl Pts',(31.661087471787,31.661087471787,74.644895466933));
#6650=CARTESIAN_POINT('Ctrl Pts',(-3.87736494298483E-15,31.661087471787,
74.644895466933));
#6651=CARTESIAN_POINT('Ctrl Pts',(-31.661087471787,31.661087471787,74.644895466933));
#6652=CARTESIAN_POINT('Ctrl Pts',(-31.661087471787,-3.87736494298483E-15,
74.644895466933));
#6653=CARTESIAN_POINT('Ctrl Pts',(-31.661087471787,-31.661087471787,74.644895466933));
#6654=CARTESIAN_POINT('Ctrl Pts',(3.87736494298483E-15,-31.661087471787,
74.644895466933));
#6655=CARTESIAN_POINT('Ctrl Pts',(31.661087471787,-31.661087471787,74.644895466933));
#6656=CARTESIAN_POINT('Ctrl Pts',(31.661087471787,3.87736494298483E-15,
74.644895466933));
#6657=CARTESIAN_POINT('Ctrl Pts',(31.6845416123806,3.88023724680531E-15,
74.1796872803674));
#6658=CARTESIAN_POINT('Ctrl Pts',(31.6845416123806,31.6845416123806,74.1796872803674));
#6659=CARTESIAN_POINT('Ctrl Pts',(-3.88023724680531E-15,31.6845416123806,
74.1796872803674));
#6660=CARTESIAN_POINT('Ctrl Pts',(-31.6845416123806,31.6845416123806,74.1796872803674));
#6661=CARTESIAN_POINT('Ctrl Pts',(-31.6845416123806,-3.88023724680531E-15,
74.1796872803674));
#6662=CARTESIAN_POINT('Ctrl Pts',(-31.6845416123806,-31.6845416123806,74.1796872803674));
#6663=CARTESIAN_POINT('Ctrl Pts',(3.88023724680531E-15,-31.6845416123806,
74.1796872803674));
#6664=CARTESIAN_POINT('Ctrl Pts',(31.6845416123806,-31.6845416123806,74.1796872803674));
#6665=CARTESIAN_POINT('Ctrl Pts',(31.6845416123806,3.88023724680531E-15,
74.1796872803674));
#6666=CARTESIAN_POINT('Ctrl Pts',(31.7076784486691,3.88307069205562E-15,
73.7164818621643));
#6667=CARTESIAN_POINT('Ctrl Pts',(31.7076784486691,31.7076784486691,73.7164818621643));
#6668=CARTESIAN_POINT('Ctrl Pts',(-3.88307069205562E-15,31.7076784486691,
73.7164818621643));
#6669=CARTESIAN_POINT('Ctrl Pts',(-31.7076784486691,31.7076784486691,73.7164818621643));
#6670=CARTESIAN_POINT('Ctrl Pts',(-31.7076784486691,-3.88307069205562E-15,
73.7164818621643));
#6671=CARTESIAN_POINT('Ctrl Pts',(-31.7076784486691,-31.7076784486691,73.7164818621643));
#6672=CARTESIAN_POINT('Ctrl Pts',(3.88307069205562E-15,-31.7076784486691,
73.7164818621643));
#6673=CARTESIAN_POINT('Ctrl Pts',(31.7076784486691,-31.7076784486691,73.7164818621643));
#6674=CARTESIAN_POINT('Ctrl Pts',(31.7076784486691,3.88307069205562E-15,
73.7164818621643));
#6675=CARTESIAN_POINT('Ctrl Pts',(31.7304973015069,3.88586519556441E-15,
73.255306045586));
#6676=CARTESIAN_POINT('Ctrl Pts',(31.7304973015069,31.7304973015069,73.255306045586));
#6677=CARTESIAN_POINT('Ctrl Pts',(-3.88586519556441E-15,31.7304973015069,
73.255306045586));
#6678=CARTESIAN_POINT('Ctrl Pts',(-31.7304973015069,31.7304973015069,73.255306045586));
#6679=CARTESIAN_POINT('Ctrl Pts',(-31.7304973015069,-3.88586519556441E-15,
73.255306045586));
#6680=CARTESIAN_POINT('Ctrl Pts',(-31.7304973015069,-31.7304973015069,73.255306045586));
#6681=CARTESIAN_POINT('Ctrl Pts',(3.88586519556441E-15,-31.7304973015069,
73.255306045586));
#6682=CARTESIAN_POINT('Ctrl Pts',(31.7304973015069,-31.7304973015069,73.255306045586));
#6683=CARTESIAN_POINT('Ctrl Pts',(31.7304973015069,3.88586519556441E-15,
73.255306045586));
#6684=CARTESIAN_POINT('Ctrl Pts',(31.7529974907511,3.88862067403822E-15,
72.7961872529931));
#6685=CARTESIAN_POINT('Ctrl Pts',(31.7529974907511,31.7529974907511,72.7961872529931));
#6686=CARTESIAN_POINT('Ctrl Pts',(-3.88862067403822E-15,31.7529974907511,
72.7961872529931));
#6687=CARTESIAN_POINT('Ctrl Pts',(-31.7529974907511,31.7529974907511,72.7961872529931));
#6688=CARTESIAN_POINT('Ctrl Pts',(-31.7529974907511,-3.88862067403822E-15,
72.7961872529931));
#6689=CARTESIAN_POINT('Ctrl Pts',(-31.7529974907511,-31.7529974907511,72.7961872529931));
#6690=CARTESIAN_POINT('Ctrl Pts',(3.88862067403822E-15,-31.7529974907511,
72.7961872529931));
#6691=CARTESIAN_POINT('Ctrl Pts',(31.7529974907511,-31.7529974907511,72.7961872529931));
#6692=CARTESIAN_POINT('Ctrl Pts',(31.7529974907511,3.88862067403822E-15,
72.7961872529931));
#6693=CARTESIAN_POINT('Ctrl Pts',(31.7751783353066,3.89133704406696E-15,
72.3391535217024));
#6694=CARTESIAN_POINT('Ctrl Pts',(31.7751783353066,31.7751783353066,72.3391535217024));
#6695=CARTESIAN_POINT('Ctrl Pts',(-3.89133704406696E-15,31.7751783353066,
72.3391535217024));
#6696=CARTESIAN_POINT('Ctrl Pts',(-31.7751783353066,31.7751783353066,72.3391535217024));
#6697=CARTESIAN_POINT('Ctrl Pts',(-31.7751783353066,-3.89133704406696E-15,
72.3391535217024));
#6698=CARTESIAN_POINT('Ctrl Pts',(-31.7751783353066,-31.7751783353066,72.3391535217024));
#6699=CARTESIAN_POINT('Ctrl Pts',(3.89133704406696E-15,-31.7751783353066,
72.3391535217024));
#6700=CARTESIAN_POINT('Ctrl Pts',(31.7751783353066,-31.7751783353066,72.3391535217024));
#6701=CARTESIAN_POINT('Ctrl Pts',(31.7751783353066,3.89133704406696E-15,
72.3391535217024));
#6702=CARTESIAN_POINT('Ctrl Pts',(31.79703915317,3.89401422212927E-15,71.8842335287304));
#6703=CARTESIAN_POINT('Ctrl Pts',(31.79703915317,31.79703915317,71.8842335287304));
#6704=CARTESIAN_POINT('Ctrl Pts',(-3.89401422212927E-15,31.79703915317,
71.8842335287304));
#6705=CARTESIAN_POINT('Ctrl Pts',(-31.79703915317,31.79703915317,71.8842335287304));
#6706=CARTESIAN_POINT('Ctrl Pts',(-31.79703915317,-3.89401422212927E-15,
71.8842335287304));
#6707=CARTESIAN_POINT('Ctrl Pts',(-31.79703915317,-31.79703915317,71.8842335287304));
#6708=CARTESIAN_POINT('Ctrl Pts',(3.89401422212927E-15,-31.79703915317,
71.8842335287304));
#6709=CARTESIAN_POINT('Ctrl Pts',(31.79703915317,-31.79703915317,71.8842335287304));
#6710=CARTESIAN_POINT('Ctrl Pts',(31.79703915317,3.89401422212927E-15,71.8842335287304));
#6711=CARTESIAN_POINT('Ctrl Pts',(31.8185792614747,3.89665212459814E-15,
71.4314566165544));
#6712=CARTESIAN_POINT('Ctrl Pts',(31.8185792614747,31.8185792614747,71.4314566165544));
#6713=CARTESIAN_POINT('Ctrl Pts',(-3.89665212459814E-15,31.8185792614747,
71.4314566165544));
#6714=CARTESIAN_POINT('Ctrl Pts',(-31.8185792614747,31.8185792614747,71.4314566165544));
#6715=CARTESIAN_POINT('Ctrl Pts',(-31.8185792614747,-3.89665212459814E-15,
71.4314566165544));
#6716=CARTESIAN_POINT('Ctrl Pts',(-31.8185792614747,-31.8185792614747,71.4314566165544));
#6717=CARTESIAN_POINT('Ctrl Pts',(3.89665212459814E-15,-31.8185792614747,
71.4314566165544));
#6718=CARTESIAN_POINT('Ctrl Pts',(31.8185792614747,-31.8185792614747,71.4314566165544));
#6719=CARTESIAN_POINT('Ctrl Pts',(31.8185792614747,3.89665212459814E-15,
71.4314566165544));
#6720=CARTESIAN_POINT('Ctrl Pts',(31.8397979765362,3.89925066774634E-15,
70.9808528171));
#6721=CARTESIAN_POINT('Ctrl Pts',(31.8397979765361,31.8397979765362,70.9808528171));
#6722=CARTESIAN_POINT('Ctrl Pts',(-3.89925066774634E-15,31.8397979765362,
70.9808528171));
#6723=CARTESIAN_POINT('Ctrl Pts',(-31.8397979765362,31.8397979765361,70.9808528171));
#6724=CARTESIAN_POINT('Ctrl Pts',(-31.8397979765362,-3.89925066774634E-15,
70.9808528171));
#6725=CARTESIAN_POINT('Ctrl Pts',(-31.8397979765361,-31.8397979765362,70.9808528171));
#6726=CARTESIAN_POINT('Ctrl Pts',(3.89925066774634E-15,-31.8397979765362,
70.9808528171));
#6727=CARTESIAN_POINT('Ctrl Pts',(31.8397979765362,-31.8397979765361,70.9808528171));
#6728=CARTESIAN_POINT('Ctrl Pts',(31.8397979765362,3.89925066774634E-15,
70.9808528171));
#6729=CARTESIAN_POINT('Ctrl Pts',(31.8606946139031,3.90180976775278E-15,
70.5324528813118));
#6730=CARTESIAN_POINT('Ctrl Pts',(31.8606946139031,31.8606946139031,70.5324528813118));
#6731=CARTESIAN_POINT('Ctrl Pts',(-3.90180976775278E-15,31.8606946139031,
70.5324528813118));
#6732=CARTESIAN_POINT('Ctrl Pts',(-31.8606946139031,31.8606946139031,70.5324528813118));
#6733=CARTESIAN_POINT('Ctrl Pts',(-31.8606946139031,-3.90180976775278E-15,
70.5324528813118));
#6734=CARTESIAN_POINT('Ctrl Pts',(-31.8606946139031,-31.8606946139031,70.5324528813118));
#6735=CARTESIAN_POINT('Ctrl Pts',(3.90180976775278E-15,-31.8606946139031,
70.5324528813118));
#6736=CARTESIAN_POINT('Ctrl Pts',(31.8606946139031,-31.8606946139031,70.5324528813118));
#6737=CARTESIAN_POINT('Ctrl Pts',(31.8606946139031,3.90180976775278E-15,
70.5324528813118));
#6738=CARTESIAN_POINT('Ctrl Pts',(31.8812684884231,3.90432934071047E-15,
70.0862883170777));
#6739=CARTESIAN_POINT('Ctrl Pts',(31.8812684884231,31.8812684884231,70.0862883170777));
#6740=CARTESIAN_POINT('Ctrl Pts',(-3.90432934071047E-15,31.8812684884231,
70.0862883170777));
#6741=CARTESIAN_POINT('Ctrl Pts',(-31.8812684884231,31.8812684884231,70.0862883170777));
#6742=CARTESIAN_POINT('Ctrl Pts',(-31.8812684884231,-3.90432934071047E-15,
70.0862883170777));
#6743=CARTESIAN_POINT('Ctrl Pts',(-31.8812684884231,-31.8812684884231,70.0862883170777));
#6744=CARTESIAN_POINT('Ctrl Pts',(3.90432934071047E-15,-31.8812684884231,
70.0862883170777));
#6745=CARTESIAN_POINT('Ctrl Pts',(31.8812684884231,-31.8812684884231,70.0862883170777));
#6746=CARTESIAN_POINT('Ctrl Pts',(31.8812684884231,3.90432934071047E-15,
70.0862883170777));
#6747=CARTESIAN_POINT('Ctrl Pts',(31.9015189143038,3.90680930263409E-15,
69.6423914250519));
#6748=CARTESIAN_POINT('Ctrl Pts',(31.9015189143038,31.9015189143038,69.6423914250519));
#6749=CARTESIAN_POINT('Ctrl Pts',(-3.90680930263409E-15,31.9015189143038,
69.6423914250519));
#6750=CARTESIAN_POINT('Ctrl Pts',(-31.9015189143038,31.9015189143038,69.6423914250519));
#6751=CARTESIAN_POINT('Ctrl Pts',(-31.9015189143038,-3.90680930263409E-15,
69.6423914250519));
#6752=CARTESIAN_POINT('Ctrl Pts',(-31.9015189143038,-31.9015189143038,69.6423914250519));
#6753=CARTESIAN_POINT('Ctrl Pts',(3.90680930263409E-15,-31.9015189143038,
69.6423914250519));
#6754=CARTESIAN_POINT('Ctrl Pts',(31.9015189143038,-31.9015189143038,69.6423914250519));
#6755=CARTESIAN_POINT('Ctrl Pts',(31.9015189143038,3.90680930263409E-15,
69.6423914250519));
#6756=CARTESIAN_POINT('Ctrl Pts',(31.9214452051786,3.90924956946797E-15,
69.2007953356159));
#6757=CARTESIAN_POINT('Ctrl Pts',(31.9214452051786,31.9214452051786,69.2007953356159));
#6758=CARTESIAN_POINT('Ctrl Pts',(-3.90924956946797E-15,31.9214452051786,
69.2007953356159));
#6759=CARTESIAN_POINT('Ctrl Pts',(-31.9214452051786,31.9214452051786,69.2007953356159));
#6760=CARTESIAN_POINT('Ctrl Pts',(-31.9214452051786,-3.90924956946797E-15,
69.2007953356159));
#6761=CARTESIAN_POINT('Ctrl Pts',(-31.9214452051786,-31.9214452051786,69.2007953356159));
#6762=CARTESIAN_POINT('Ctrl Pts',(3.90924956946797E-15,-31.9214452051786,
69.2007953356159));
#6763=CARTESIAN_POINT('Ctrl Pts',(31.9214452051786,-31.9214452051786,69.2007953356159));
#6764=CARTESIAN_POINT('Ctrl Pts',(31.9214452051786,3.90924956946797E-15,
69.2007953356159));
#6765=CARTESIAN_POINT('Ctrl Pts',(31.9410466741691,3.91165005709374E-15,
68.76153404469));
#6766=CARTESIAN_POINT('Ctrl Pts',(31.9410466741691,31.9410466741691,68.76153404469));
#6767=CARTESIAN_POINT('Ctrl Pts',(-3.91165005709374E-15,31.9410466741691,
68.76153404469));
#6768=CARTESIAN_POINT('Ctrl Pts',(-31.9410466741691,31.9410466741691,68.76153404469));
#6769=CARTESIAN_POINT('Ctrl Pts',(-31.9410466741691,-3.91165005709374E-15,
68.76153404469));
#6770=CARTESIAN_POINT('Ctrl Pts',(-31.9410466741691,-31.9410466741691,68.76153404469));
#6771=CARTESIAN_POINT('Ctrl Pts',(3.91165005709374E-15,-31.9410466741691,
68.76153404469));
#6772=CARTESIAN_POINT('Ctrl Pts',(31.9410466741691,-31.9410466741691,68.76153404469));
#6773=CARTESIAN_POINT('Ctrl Pts',(31.9410466741691,3.91165005709374E-15,
68.76153404469));
#6774=CARTESIAN_POINT('Ctrl Pts',(31.9603226339577,3.9140106813393E-15,
68.3246424531588));
#6775=CARTESIAN_POINT('Ctrl Pts',(31.9603226339577,31.9603226339577,68.3246424531588));
#6776=CARTESIAN_POINT('Ctrl Pts',(-3.9140106813393E-15,31.9603226339577,
68.3246424531588));
#6777=CARTESIAN_POINT('Ctrl Pts',(-31.9603226339577,31.9603226339577,68.3246424531588));
#6778=CARTESIAN_POINT('Ctrl Pts',(-31.9603226339577,-3.9140106813393E-15,
68.3246424531588));
#6779=CARTESIAN_POINT('Ctrl Pts',(-31.9603226339577,-31.9603226339577,68.3246424531588));
#6780=CARTESIAN_POINT('Ctrl Pts',(3.9140106813393E-15,-31.9603226339577,
68.3246424531588));
#6781=CARTESIAN_POINT('Ctrl Pts',(31.9603226339577,-31.9603226339577,68.3246424531588));
#6782=CARTESIAN_POINT('Ctrl Pts',(31.9603226339577,3.9140106813393E-15,
68.3246424531588));
#6783=CARTESIAN_POINT('Ctrl Pts',(31.979272396867,3.91633135798844E-15,
67.8901564089455));
#6784=CARTESIAN_POINT('Ctrl Pts',(31.9792723968669,31.9792723968669,67.8901564089455));
#6785=CARTESIAN_POINT('Ctrl Pts',(-3.91633135798844E-15,31.979272396867,
67.8901564089455));
#6786=CARTESIAN_POINT('Ctrl Pts',(-31.9792723968669,31.9792723968669,67.8901564089455));
#6787=CARTESIAN_POINT('Ctrl Pts',(-31.979272396867,-3.91633135798844E-15,
67.8901564089455));
#6788=CARTESIAN_POINT('Ctrl Pts',(-31.9792723968669,-31.9792723968669,67.8901564089455));
#6789=CARTESIAN_POINT('Ctrl Pts',(3.91633135798844E-15,-31.979272396867,
67.8901564089455));
#6790=CARTESIAN_POINT('Ctrl Pts',(31.9792723968669,-31.9792723968669,67.8901564089455));
#6791=CARTESIAN_POINT('Ctrl Pts',(31.979272396867,3.91633135798844E-15,
67.8901564089455));
#6792=CARTESIAN_POINT('Ctrl Pts',(31.9978952749375,3.91861200279044E-15,
67.4581127478943));
#6793=CARTESIAN_POINT('Ctrl Pts',(31.9978952749375,31.9978952749375,67.4581127478943));
#6794=CARTESIAN_POINT('Ctrl Pts',(-3.91861200279044E-15,31.9978952749375,
67.4581127478943));
#6795=CARTESIAN_POINT('Ctrl Pts',(-31.9978952749375,31.9978952749375,67.4581127478943));
#6796=CARTESIAN_POINT('Ctrl Pts',(-31.9978952749375,-3.91861200279044E-15,
67.4581127478943));
#6797=CARTESIAN_POINT('Ctrl Pts',(-31.9978952749375,-31.9978952749375,67.4581127478943));
#6798=CARTESIAN_POINT('Ctrl Pts',(3.91861200279044E-15,-31.9978952749375,
67.4581127478943));
#6799=CARTESIAN_POINT('Ctrl Pts',(31.9978952749375,-31.9978952749375,67.4581127478943));
#6800=CARTESIAN_POINT('Ctrl Pts',(31.9978952749375,3.91861200279044E-15,
67.4581127478943));
#6801=CARTESIAN_POINT('Ctrl Pts',(32.0161905800082,3.92085253146987E-15,
67.028549336135));
#6802=CARTESIAN_POINT('Ctrl Pts',(32.0161905800082,32.0161905800082,67.028549336135));
#6803=CARTESIAN_POINT('Ctrl Pts',(-3.92085253146987E-15,32.0161905800082,
67.028549336135));
#6804=CARTESIAN_POINT('Ctrl Pts',(-32.0161905800082,32.0161905800082,67.028549336135));
#6805=CARTESIAN_POINT('Ctrl Pts',(-32.0161905800082,-3.92085253146987E-15,
67.028549336135));
#6806=CARTESIAN_POINT('Ctrl Pts',(-32.0161905800082,-32.0161905800082,67.028549336135));
#6807=CARTESIAN_POINT('Ctrl Pts',(3.92085253146987E-15,-32.0161905800082,
67.028549336135));
#6808=CARTESIAN_POINT('Ctrl Pts',(32.0161905800082,-32.0161905800082,67.028549336135));
#6809=CARTESIAN_POINT('Ctrl Pts',(32.0161905800082,3.92085253146987E-15,
67.028549336135));
#6810=CARTESIAN_POINT('Ctrl Pts',(32.0341576237937,3.92305285973608E-15,
66.6015051092554));
#6811=CARTESIAN_POINT('Ctrl Pts',(32.0341576237937,32.0341576237937,66.6015051092554));
#6812=CARTESIAN_POINT('Ctrl Pts',(-3.92305285973608E-15,32.0341576237937,
66.6015051092554));
#6813=CARTESIAN_POINT('Ctrl Pts',(-32.0341576237937,32.0341576237937,66.6015051092554));
#6814=CARTESIAN_POINT('Ctrl Pts',(-32.0341576237937,-3.92305285973608E-15,
66.6015051092554));
#6815=CARTESIAN_POINT('Ctrl Pts',(-32.0341576237937,-32.0341576237937,66.6015051092554));
#6816=CARTESIAN_POINT('Ctrl Pts',(3.92305285973608E-15,-32.0341576237937,
66.6015051092554));
#6817=CARTESIAN_POINT('Ctrl Pts',(32.0341576237937,-32.0341576237937,66.6015051092554));
#6818=CARTESIAN_POINT('Ctrl Pts',(32.0341576237937,3.92305285973608E-15,
66.6015051092554));
#6819=CARTESIAN_POINT('Ctrl Pts',(32.0517957180029,3.9252129032977E-15,
66.1770201450573));
#6820=CARTESIAN_POINT('Ctrl Pts',(32.0517957180028,32.0517957180029,66.1770201450573));
#6821=CARTESIAN_POINT('Ctrl Pts',(-3.9252129032977E-15,32.0517957180029,
66.1770201450573));
#6822=CARTESIAN_POINT('Ctrl Pts',(-32.0517957180029,32.0517957180028,66.1770201450573));
#6823=CARTESIAN_POINT('Ctrl Pts',(-32.0517957180029,-3.9252129032977E-15,
66.1770201450573));
#6824=CARTESIAN_POINT('Ctrl Pts',(-32.0517957180028,-32.0517957180029,66.1770201450573));
#6825=CARTESIAN_POINT('Ctrl Pts',(3.9252129032977E-15,-32.0517957180029,
66.1770201450573));
#6826=CARTESIAN_POINT('Ctrl Pts',(32.0517957180029,-32.0517957180028,66.1770201450573));
#6827=CARTESIAN_POINT('Ctrl Pts',(32.0517957180029,3.9252129032977E-15,
66.1770201450573));
#6828=CARTESIAN_POINT('Ctrl Pts',(32.0691041744631,3.92733257787792E-15,
65.7551357409306));
#6829=CARTESIAN_POINT('Ctrl Pts',(32.0691041744631,32.0691041744631,65.7551357409306));
#6830=CARTESIAN_POINT('Ctrl Pts',(-3.92733257787792E-15,32.0691041744631,
65.7551357409306));
#6831=CARTESIAN_POINT('Ctrl Pts',(-32.0691041744631,32.0691041744631,65.7551357409306));
#6832=CARTESIAN_POINT('Ctrl Pts',(-32.0691041744631,-3.92733257787792E-15,
65.7551357409306));
#6833=CARTESIAN_POINT('Ctrl Pts',(-32.0691041744631,-32.0691041744631,65.7551357409306));
#6834=CARTESIAN_POINT('Ctrl Pts',(3.92733257787792E-15,-32.0691041744631,
65.7551357409306));
#6835=CARTESIAN_POINT('Ctrl Pts',(32.0691041744631,-32.0691041744631,65.7551357409306));
#6836=CARTESIAN_POINT('Ctrl Pts',(32.0691041744631,3.92733257787792E-15,
65.7551357409306));
#6837=CARTESIAN_POINT('Ctrl Pts',(32.0860823052437,3.92941179922953E-15,
65.3358944888325));
#6838=CARTESIAN_POINT('Ctrl Pts',(32.0860823052437,32.0860823052437,65.3358944888325));
#6839=CARTESIAN_POINT('Ctrl Pts',(-3.92941179922953E-15,32.0860823052437,
65.3358944888325));
#6840=CARTESIAN_POINT('Ctrl Pts',(-32.0860823052437,32.0860823052437,65.3358944888325));
#6841=CARTESIAN_POINT('Ctrl Pts',(-32.0860823052437,-3.92941179922953E-15,
65.3358944888325));
#6842=CARTESIAN_POINT('Ctrl Pts',(-32.0860823052437,-32.0860823052437,65.3358944888325));
#6843=CARTESIAN_POINT('Ctrl Pts',(3.92941179922953E-15,-32.0860823052437,
65.3358944888325));
#6844=CARTESIAN_POINT('Ctrl Pts',(32.0860823052437,-32.0860823052437,65.3358944888325));
#6845=CARTESIAN_POINT('Ctrl Pts',(32.0860823052437,3.92941179922953E-15,
65.3358944888325));
#6846=CARTESIAN_POINT('Ctrl Pts',(32.1027294227807,3.93145048315019E-15,
64.9193403531231));
#6847=CARTESIAN_POINT('Ctrl Pts',(32.1027294227807,32.1027294227807,64.9193403531231));
#6848=CARTESIAN_POINT('Ctrl Pts',(-3.93145048315019E-15,32.1027294227807,
64.9193403531231));
#6849=CARTESIAN_POINT('Ctrl Pts',(-32.1027294227807,32.1027294227807,64.9193403531231));
#6850=CARTESIAN_POINT('Ctrl Pts',(-32.1027294227807,-3.93145048315019E-15,
64.9193403531231));
#6851=CARTESIAN_POINT('Ctrl Pts',(-32.1027294227807,-32.1027294227807,64.9193403531231));
#6852=CARTESIAN_POINT('Ctrl Pts',(3.93145048315019E-15,-32.1027294227807,
64.9193403531231));
#6853=CARTESIAN_POINT('Ctrl Pts',(32.1027294227807,-32.1027294227807,64.9193403531231));
#6854=CARTESIAN_POINT('Ctrl Pts',(32.1027294227807,3.93145048315019E-15,
64.9193403531231));
#6855=CARTESIAN_POINT('Ctrl Pts',(32.119044840001,3.93344854549776E-15,
64.505518741467));
#6856=CARTESIAN_POINT('Ctrl Pts',(32.119044840001,32.119044840001,64.505518741467));
#6857=CARTESIAN_POINT('Ctrl Pts',(-3.93344854549776E-15,32.119044840001,
64.505518741467));
#6858=CARTESIAN_POINT('Ctrl Pts',(-32.119044840001,32.119044840001,64.505518741467));
#6859=CARTESIAN_POINT('Ctrl Pts',(-32.119044840001,-3.93344854549776E-15,
64.505518741467));
#6860=CARTESIAN_POINT('Ctrl Pts',(-32.119044840001,-32.119044840001,64.505518741467));
#6861=CARTESIAN_POINT('Ctrl Pts',(3.93344854549776E-15,-32.119044840001,
64.505518741467));
#6862=CARTESIAN_POINT('Ctrl Pts',(32.119044840001,-32.119044840001,64.505518741467));
#6863=CARTESIAN_POINT('Ctrl Pts',(32.119044840001,3.93344854549776E-15,
64.505518741467));
#6864=CARTESIAN_POINT('Ctrl Pts',(32.1350278704481,3.93540590220553E-15,
64.0944765617478));
#6865=CARTESIAN_POINT('Ctrl Pts',(32.1350278704481,32.1350278704481,64.0944765617478));
#6866=CARTESIAN_POINT('Ctrl Pts',(-3.93540590220553E-15,32.1350278704481,
64.0944765617478));
#6867=CARTESIAN_POINT('Ctrl Pts',(-32.1350278704481,32.1350278704481,64.0944765617478));
#6868=CARTESIAN_POINT('Ctrl Pts',(-32.1350278704481,-3.93540590220553E-15,
64.0944765617478));
#6869=CARTESIAN_POINT('Ctrl Pts',(-32.1350278704481,-32.1350278704481,64.0944765617478));
#6870=CARTESIAN_POINT('Ctrl Pts',(3.93540590220553E-15,-32.1350278704481,
64.0944765617478));
#6871=CARTESIAN_POINT('Ctrl Pts',(32.1350278704481,-32.1350278704481,64.0944765617478));
#6872=CARTESIAN_POINT('Ctrl Pts',(32.1350278704481,3.93540590220553E-15,
64.0944765617478));
#6873=CARTESIAN_POINT('Ctrl Pts',(32.1506778284044,3.93732246929733E-15,
63.6862622794223));
#6874=CARTESIAN_POINT('Ctrl Pts',(32.1506778284044,32.1506778284044,63.6862622794223));
#6875=CARTESIAN_POINT('Ctrl Pts',(-3.93732246929733E-15,32.1506778284044,
63.6862622794223));
#6876=CARTESIAN_POINT('Ctrl Pts',(-32.1506778284044,32.1506778284044,63.6862622794223));
#6877=CARTESIAN_POINT('Ctrl Pts',(-32.1506778284044,-3.93732246929733E-15,
63.6862622794223));
#6878=CARTESIAN_POINT('Ctrl Pts',(-32.1506778284044,-32.1506778284044,63.6862622794223));
#6879=CARTESIAN_POINT('Ctrl Pts',(3.93732246929733E-15,-32.1506778284044,
63.6862622794223));
#6880=CARTESIAN_POINT('Ctrl Pts',(32.1506778284044,-32.1506778284044,63.6862622794223));
#6881=CARTESIAN_POINT('Ctrl Pts',(32.1506778284044,3.93732246929733E-15,
63.6862622794223));
#6882=CARTESIAN_POINT('Ctrl Pts',(32.1659940290219,3.93919816290345E-15,
63.2809259796076));
#6883=CARTESIAN_POINT('Ctrl Pts',(32.1659940290219,32.1659940290219,63.2809259796076));
#6884=CARTESIAN_POINT('Ctrl Pts',(-3.93919816290345E-15,32.1659940290219,
63.2809259796076));
#6885=CARTESIAN_POINT('Ctrl Pts',(-32.1659940290219,32.1659940290219,63.2809259796076));
#6886=CARTESIAN_POINT('Ctrl Pts',(-32.1659940290219,-3.93919816290345E-15,
63.2809259796076));
#6887=CARTESIAN_POINT('Ctrl Pts',(-32.1659940290219,-32.1659940290219,63.2809259796076));
#6888=CARTESIAN_POINT('Ctrl Pts',(3.93919816290345E-15,-32.1659940290219,
63.2809259796076));
#6889=CARTESIAN_POINT('Ctrl Pts',(32.1659940290219,-32.1659940290219,63.2809259796076));
#6890=CARTESIAN_POINT('Ctrl Pts',(32.1659940290219,3.93919816290345E-15,
63.2809259796076));
#6891=CARTESIAN_POINT('Ctrl Pts',(32.1809757884361,3.94103289927468E-15,
62.8785194143828));
#6892=CARTESIAN_POINT('Ctrl Pts',(32.1809757884361,32.1809757884361,62.8785194143828));
#6893=CARTESIAN_POINT('Ctrl Pts',(-3.94103289927468E-15,32.1809757884361,
62.8785194143828));
#6894=CARTESIAN_POINT('Ctrl Pts',(-32.1809757884361,32.1809757884361,62.8785194143828));
#6895=CARTESIAN_POINT('Ctrl Pts',(-32.1809757884361,-3.94103289927468E-15,
62.8785194143828));
#6896=CARTESIAN_POINT('Ctrl Pts',(-32.1809757884361,-32.1809757884361,62.8785194143828));
#6897=CARTESIAN_POINT('Ctrl Pts',(3.94103289927468E-15,-32.1809757884361,
62.8785194143828));
#6898=CARTESIAN_POINT('Ctrl Pts',(32.1809757884361,-32.1809757884361,62.8785194143828));
#6899=CARTESIAN_POINT('Ctrl Pts',(32.1809757884361,3.94103289927468E-15,
62.8785194143828));
#6900=CARTESIAN_POINT('Ctrl Pts',(32.1956224240254,3.94282659481395E-15,
62.4790961879782));
#6901=CARTESIAN_POINT('Ctrl Pts',(32.1956224240254,32.1956224240254,62.4790961879782));
#6902=CARTESIAN_POINT('Ctrl Pts',(-3.94282659481395E-15,32.1956224240254,
62.4790961879782));
#6903=CARTESIAN_POINT('Ctrl Pts',(-32.1956224240254,32.1956224240254,62.4790961879782));
#6904=CARTESIAN_POINT('Ctrl Pts',(-32.1956224240254,-3.94282659481395E-15,
62.4790961879782));
#6905=CARTESIAN_POINT('Ctrl Pts',(-32.1956224240254,-32.1956224240254,62.4790961879782));
#6906=CARTESIAN_POINT('Ctrl Pts',(3.94282659481395E-15,-32.1956224240254,
62.4790961879782));
#6907=CARTESIAN_POINT('Ctrl Pts',(32.1956224240254,-32.1956224240254,62.4790961879782));
#6908=CARTESIAN_POINT('Ctrl Pts',(32.1956224240254,3.94282659481395E-15,
62.4790961879782));
#6909=CARTESIAN_POINT('Ctrl Pts',(32.2099332546996,3.94457916611177E-15,
62.0827119717877));
#6910=CARTESIAN_POINT('Ctrl Pts',(32.2099332546996,32.2099332546996,62.0827119717877));
#6911=CARTESIAN_POINT('Ctrl Pts',(-3.94457916611177E-15,32.2099332546996,
62.0827119717877));
#6912=CARTESIAN_POINT('Ctrl Pts',(-32.2099332546996,32.2099332546996,62.0827119717877));
#6913=CARTESIAN_POINT('Ctrl Pts',(-32.2099332546996,-3.94457916611177E-15,
62.0827119717877));
#6914=CARTESIAN_POINT('Ctrl Pts',(-32.2099332546996,-32.2099332546996,62.0827119717877));
#6915=CARTESIAN_POINT('Ctrl Pts',(3.94457916611177E-15,-32.2099332546996,
62.0827119717877));
#6916=CARTESIAN_POINT('Ctrl Pts',(32.2099332546996,-32.2099332546996,62.0827119717877));
#6917=CARTESIAN_POINT('Ctrl Pts',(32.2099332546996,3.94457916611177E-15,
62.0827119717877));
#6918=CARTESIAN_POINT('Ctrl Pts',(32.2239076011707,3.94629052997938E-15,
61.6894246975075));
#6919=CARTESIAN_POINT('Ctrl Pts',(32.2239076011707,32.2239076011707,61.6894246975075));
#6920=CARTESIAN_POINT('Ctrl Pts',(-3.94629052997938E-15,32.2239076011707,
61.6894246975075));
#6921=CARTESIAN_POINT('Ctrl Pts',(-32.2239076011707,32.2239076011707,61.6894246975075));
#6922=CARTESIAN_POINT('Ctrl Pts',(-32.2239076011707,-3.94629052997938E-15,
61.6894246975075));
#6923=CARTESIAN_POINT('Ctrl Pts',(-32.2239076011707,-32.2239076011707,61.6894246975075));
#6924=CARTESIAN_POINT('Ctrl Pts',(3.94629052997938E-15,-32.2239076011707,
61.6894246975075));
#6925=CARTESIAN_POINT('Ctrl Pts',(32.2239076011707,-32.2239076011707,61.6894246975075));
#6926=CARTESIAN_POINT('Ctrl Pts',(32.2239076011707,3.94629052997938E-15,
61.6894246975075));
#6927=CARTESIAN_POINT('Ctrl Pts',(32.2375447862536,3.94796060348549E-15,
61.2992947871821));
#6928=CARTESIAN_POINT('Ctrl Pts',(32.2375447862536,32.2375447862536,61.2992947871821));
#6929=CARTESIAN_POINT('Ctrl Pts',(-3.94796060348549E-15,32.2375447862536,
61.2992947871821));
#6930=CARTESIAN_POINT('Ctrl Pts',(-32.2375447862536,32.2375447862536,61.2992947871821));
#6931=CARTESIAN_POINT('Ctrl Pts',(-32.2375447862536,-3.94796060348549E-15,
61.2992947871821));
#6932=CARTESIAN_POINT('Ctrl Pts',(-32.2375447862536,-32.2375447862536,61.2992947871821));
#6933=CARTESIAN_POINT('Ctrl Pts',(3.94796060348549E-15,-32.2375447862536,
61.2992947871821));
#6934=CARTESIAN_POINT('Ctrl Pts',(32.2375447862536,-32.2375447862536,61.2992947871821));
#6935=CARTESIAN_POINT('Ctrl Pts',(32.2375447862536,3.94796060348549E-15,
61.2992947871821));
#6936=CARTESIAN_POINT('Ctrl Pts',(32.2508441350642,3.94958930398066E-15,
60.9123852502109));
#6937=CARTESIAN_POINT('Ctrl Pts',(32.2508441350642,32.2508441350642,60.9123852502109));
#6938=CARTESIAN_POINT('Ctrl Pts',(-3.94958930398066E-15,32.2508441350642,
60.9123852502109));
#6939=CARTESIAN_POINT('Ctrl Pts',(-32.2508441350642,32.2508441350642,60.9123852502109));
#6940=CARTESIAN_POINT('Ctrl Pts',(-32.2508441350642,-3.94958930398066E-15,
60.9123852502109));
#6941=CARTESIAN_POINT('Ctrl Pts',(-32.2508441350642,-32.2508441350642,60.9123852502109));
#6942=CARTESIAN_POINT('Ctrl Pts',(3.94958930398066E-15,-32.2508441350642,
60.9123852502109));
#6943=CARTESIAN_POINT('Ctrl Pts',(32.2508441350642,-32.2508441350642,60.9123852502109));
#6944=CARTESIAN_POINT('Ctrl Pts',(32.2508441350642,3.94958930398066E-15,
60.9123852502109));
#6945=CARTESIAN_POINT('Ctrl Pts',(32.2638049751067,3.95117654910789E-15,
60.5287616393899));
#6946=CARTESIAN_POINT('Ctrl Pts',(32.2638049751067,32.2638049751067,60.5287616393899));
#6947=CARTESIAN_POINT('Ctrl Pts',(-3.95117654910789E-15,32.2638049751067,
60.5287616393899));
#6948=CARTESIAN_POINT('Ctrl Pts',(-32.2638049751067,32.2638049751067,60.5287616393899));
#6949=CARTESIAN_POINT('Ctrl Pts',(-32.2638049751067,-3.95117654910789E-15,
60.5287616393899));
#6950=CARTESIAN_POINT('Ctrl Pts',(-32.2638049751067,-32.2638049751067,60.5287616393899));
#6951=CARTESIAN_POINT('Ctrl Pts',(3.95117654910789E-15,-32.2638049751067,
60.5287616393899));
#6952=CARTESIAN_POINT('Ctrl Pts',(32.2638049751067,-32.2638049751067,60.5287616393899));
#6953=CARTESIAN_POINT('Ctrl Pts',(32.2638049751067,3.95117654910789E-15,
60.5287616393899));
#6954=CARTESIAN_POINT('Ctrl Pts',(32.2764266364258,3.95272225682132E-15,
60.148492081217));
#6955=CARTESIAN_POINT('Ctrl Pts',(32.2764266364258,32.2764266364258,60.148492081217));
#6956=CARTESIAN_POINT('Ctrl Pts',(-3.95272225682132E-15,32.2764266364258,
60.148492081217));
#6957=CARTESIAN_POINT('Ctrl Pts',(-32.2764266364258,32.2764266364258,60.148492081217));
#6958=CARTESIAN_POINT('Ctrl Pts',(-32.2764266364258,-3.95272225682132E-15,
60.148492081217));
#6959=CARTESIAN_POINT('Ctrl Pts',(-32.2764266364258,-32.2764266364258,60.148492081217));
#6960=CARTESIAN_POINT('Ctrl Pts',(3.95272225682132E-15,-32.2764266364258,
60.148492081217));
#6961=CARTESIAN_POINT('Ctrl Pts',(32.2764266364258,-32.2764266364258,60.148492081217));
#6962=CARTESIAN_POINT('Ctrl Pts',(32.2764266364258,3.95272225682132E-15,
60.148492081217));
#6963=CARTESIAN_POINT('Ctrl Pts',(32.2887084516575,3.95422634539244E-15,
59.7716471960999));
#6964=CARTESIAN_POINT('Ctrl Pts',(32.2887084516575,32.2887084516575,59.7716471960999));
#6965=CARTESIAN_POINT('Ctrl Pts',(-3.95422634539244E-15,32.2887084516575,
59.7716471960999));
#6966=CARTESIAN_POINT('Ctrl Pts',(-32.2887084516575,32.2887084516575,59.7716471960999));
#6967=CARTESIAN_POINT('Ctrl Pts',(-32.2887084516575,-3.95422634539244E-15,
59.7716471960999));
#6968=CARTESIAN_POINT('Ctrl Pts',(-32.2887084516575,-32.2887084516575,59.7716471960999));
#6969=CARTESIAN_POINT('Ctrl Pts',(3.95422634539244E-15,-32.2887084516575,
59.7716471960999));
#6970=CARTESIAN_POINT('Ctrl Pts',(32.2887084516575,-32.2887084516575,59.7716471960999));
#6971=CARTESIAN_POINT('Ctrl Pts',(32.2887084516575,3.95422634539244E-15,
59.7716471960999));
#6972=CARTESIAN_POINT('Ctrl Pts',(32.3006497563823,3.95568873345333E-15,
59.3983003369546));
#6973=CARTESIAN_POINT('Ctrl Pts',(32.3006497563823,32.3006497563823,59.3983003369546));
#6974=CARTESIAN_POINT('Ctrl Pts',(-3.95568873345333E-15,32.3006497563823,
59.3983003369546));
#6975=CARTESIAN_POINT('Ctrl Pts',(-32.3006497563823,32.3006497563823,59.3983003369546));
#6976=CARTESIAN_POINT('Ctrl Pts',(-32.3006497563823,-3.95568873345333E-15,
59.3983003369546));
#6977=CARTESIAN_POINT('Ctrl Pts',(-32.3006497563823,-32.3006497563823,59.3983003369546));
#6978=CARTESIAN_POINT('Ctrl Pts',(3.95568873345333E-15,-32.3006497563823,
59.3983003369546));
#6979=CARTESIAN_POINT('Ctrl Pts',(32.3006497563823,-32.3006497563823,59.3983003369546));
#6980=CARTESIAN_POINT('Ctrl Pts',(32.3006497563823,3.95568873345333E-15,
59.3983003369546));
#6981=CARTESIAN_POINT('Ctrl Pts',(32.312249890102,3.95710934011629E-15,
59.0285284875623));
#6982=CARTESIAN_POINT('Ctrl Pts',(32.312249890102,32.312249890102,59.0285284875623));
#6983=CARTESIAN_POINT('Ctrl Pts',(-3.95710934011629E-15,32.312249890102,
59.0285284875623));
#6984=CARTESIAN_POINT('Ctrl Pts',(-32.312249890102,32.312249890102,59.0285284875623));
#6985=CARTESIAN_POINT('Ctrl Pts',(-32.312249890102,-3.95710934011629E-15,
59.0285284875623));
#6986=CARTESIAN_POINT('Ctrl Pts',(-32.312249890102,-32.312249890102,59.0285284875623));
#6987=CARTESIAN_POINT('Ctrl Pts',(3.95710934011629E-15,-32.312249890102,
59.0285284875623));
#6988=CARTESIAN_POINT('Ctrl Pts',(32.312249890102,-32.312249890102,59.0285284875623));
#6989=CARTESIAN_POINT('Ctrl Pts',(32.312249890102,3.95710934011629E-15,
59.0285284875623));
#6990=CARTESIAN_POINT('Ctrl Pts',(32.3235081970302,3.95848808507062E-15,
58.6624129567716));
#6991=CARTESIAN_POINT('Ctrl Pts',(32.3235081970301,32.3235081970302,58.6624129567716));
#6992=CARTESIAN_POINT('Ctrl Pts',(-3.95848808507062E-15,32.3235081970302,
58.6624129567716));
#6993=CARTESIAN_POINT('Ctrl Pts',(-32.3235081970302,32.3235081970301,58.6624129567716));
#6994=CARTESIAN_POINT('Ctrl Pts',(-32.3235081970302,-3.95848808507062E-15,
58.6624129567716));
#6995=CARTESIAN_POINT('Ctrl Pts',(-32.3235081970301,-32.3235081970302,58.6624129567716));
#6996=CARTESIAN_POINT('Ctrl Pts',(3.95848808507062E-15,-32.3235081970302,
58.6624129567716));
#6997=CARTESIAN_POINT('Ctrl Pts',(32.3235081970302,-32.3235081970301,58.6624129567716));
#6998=CARTESIAN_POINT('Ctrl Pts',(32.3235081970302,3.95848808507062E-15,
58.6624129567716));
#6999=CARTESIAN_POINT('Ctrl Pts',(32.3344240270779,3.95982488870342E-15,
58.3000402936128));
#7000=CARTESIAN_POINT('Ctrl Pts',(32.3344240270778,32.3344240270778,58.3000402936128));
#7001=CARTESIAN_POINT('Ctrl Pts',(-3.95982488870342E-15,32.3344240270779,
58.3000402936128));
#7002=CARTESIAN_POINT('Ctrl Pts',(-32.3344240270778,32.3344240270778,58.3000402936128));
#7003=CARTESIAN_POINT('Ctrl Pts',(-32.3344240270779,-3.95982488870342E-15,
58.3000402936128));
#7004=CARTESIAN_POINT('Ctrl Pts',(-32.3344240270778,-32.3344240270778,58.3000402936128));
#7005=CARTESIAN_POINT('Ctrl Pts',(3.95982488870342E-15,-32.3344240270779,
58.3000402936128));
#7006=CARTESIAN_POINT('Ctrl Pts',(32.3344240270778,-32.3344240270778,58.3000402936128));
#7007=CARTESIAN_POINT('Ctrl Pts',(32.3344240270779,3.95982488870342E-15,
58.3000402936128));
#7008=CARTESIAN_POINT('Ctrl Pts',(32.3449967363517,3.96111967216047E-15,
57.9415026394569));
#7009=CARTESIAN_POINT('Ctrl Pts',(32.3449967363517,32.3449967363517,57.9415026394569));
#7010=CARTESIAN_POINT('Ctrl Pts',(-3.96111967216047E-15,32.3449967363517,
57.9415026394569));
#7011=CARTESIAN_POINT('Ctrl Pts',(-32.3449967363517,32.3449967363517,57.9415026394569));
#7012=CARTESIAN_POINT('Ctrl Pts',(-32.3449967363517,-3.96111967216047E-15,
57.9415026394569));
#7013=CARTESIAN_POINT('Ctrl Pts',(-32.3449967363517,-32.3449967363517,57.9415026394569));
#7014=CARTESIAN_POINT('Ctrl Pts',(3.96111967216047E-15,-32.3449967363517,
57.9415026394569));
#7015=CARTESIAN_POINT('Ctrl Pts',(32.3449967363517,-32.3449967363517,57.9415026394569));
#7016=CARTESIAN_POINT('Ctrl Pts',(32.3449967363517,3.96111967216047E-15,
57.9415026394569));
#7017=CARTESIAN_POINT('Ctrl Pts',(32.3552256863819,3.96237235725178E-15,
57.5868966270106));
#7018=CARTESIAN_POINT('Ctrl Pts',(32.3552256863819,32.3552256863819,57.5868966270106));
#7019=CARTESIAN_POINT('Ctrl Pts',(-3.96237235725178E-15,32.3552256863819,
57.5868966270106));
#7020=CARTESIAN_POINT('Ctrl Pts',(-32.3552256863819,32.3552256863819,57.5868966270106));
#7021=CARTESIAN_POINT('Ctrl Pts',(-32.3552256863819,-3.96237235725178E-15,
57.5868966270106));
#7022=CARTESIAN_POINT('Ctrl Pts',(-32.3552256863819,-32.3552256863819,57.5868966270106));
#7023=CARTESIAN_POINT('Ctrl Pts',(3.96237235725178E-15,-32.3552256863819,
57.5868966270106));
#7024=CARTESIAN_POINT('Ctrl Pts',(32.3552256863819,-32.3552256863819,57.5868966270106));
#7025=CARTESIAN_POINT('Ctrl Pts',(32.3552256863819,3.96237235725178E-15,
57.5868966270106));
#7026=CARTESIAN_POINT('Ctrl Pts',(32.3651102438417,3.9635828664172E-15,
57.236322827802));
#7027=CARTESIAN_POINT('Ctrl Pts',(32.3651102438417,32.3651102438417,57.236322827802));
#7028=CARTESIAN_POINT('Ctrl Pts',(-3.9635828664172E-15,32.3651102438417,
57.236322827802));
#7029=CARTESIAN_POINT('Ctrl Pts',(-32.3651102438417,32.3651102438417,57.236322827802));
#7030=CARTESIAN_POINT('Ctrl Pts',(-32.3651102438417,-3.9635828664172E-15,
57.236322827802));
#7031=CARTESIAN_POINT('Ctrl Pts',(-32.3651102438417,-32.3651102438417,57.236322827802));
#7032=CARTESIAN_POINT('Ctrl Pts',(3.9635828664172E-15,-32.3651102438417,
57.236322827802));
#7033=CARTESIAN_POINT('Ctrl Pts',(32.3651102438417,-32.3651102438417,57.236322827802));
#7034=CARTESIAN_POINT('Ctrl Pts',(32.3651102438417,3.9635828664172E-15,
57.236322827802));
#7035=CARTESIAN_POINT('Ctrl Pts',(32.3746497795429,3.96475112260338E-15,
56.8898844048364));
#7036=CARTESIAN_POINT('Ctrl Pts',(32.3746497795429,32.3746497795429,56.8898844048364));
#7037=CARTESIAN_POINT('Ctrl Pts',(-3.96475112260338E-15,32.3746497795429,
56.8898844048364));
#7038=CARTESIAN_POINT('Ctrl Pts',(-32.3746497795429,32.3746497795429,56.8898844048364));
#7039=CARTESIAN_POINT('Ctrl Pts',(-32.3746497795429,-3.96475112260338E-15,
56.8898844048364));
#7040=CARTESIAN_POINT('Ctrl Pts',(-32.3746497795429,-32.3746497795429,56.8898844048364));
#7041=CARTESIAN_POINT('Ctrl Pts',(3.96475112260338E-15,-32.3746497795429,
56.8898844048364));
#7042=CARTESIAN_POINT('Ctrl Pts',(32.3746497795429,-32.3746497795429,56.8898844048364));
#7043=CARTESIAN_POINT('Ctrl Pts',(32.3746497795429,3.96475112260338E-15,
56.8898844048364));
#7044=CARTESIAN_POINT('Ctrl Pts',(32.3838436697199,3.96587704942107E-15,
56.5476882606236));
#7045=CARTESIAN_POINT('Ctrl Pts',(32.3838436697199,32.3838436697199,56.5476882606236));
#7046=CARTESIAN_POINT('Ctrl Pts',(-3.96587704942107E-15,32.3838436697199,
56.5476882606236));
#7047=CARTESIAN_POINT('Ctrl Pts',(-32.3838436697199,32.3838436697199,56.5476882606236));
#7048=CARTESIAN_POINT('Ctrl Pts',(-32.3838436697199,-3.96587704942107E-15,
56.5476882606236));
#7049=CARTESIAN_POINT('Ctrl Pts',(-32.3838436697199,-32.3838436697199,56.5476882606236));
#7050=CARTESIAN_POINT('Ctrl Pts',(3.96587704942107E-15,-32.3838436697199,
56.5476882606236));
#7051=CARTESIAN_POINT('Ctrl Pts',(32.3838436697199,-32.3838436697199,56.5476882606236));
#7052=CARTESIAN_POINT('Ctrl Pts',(32.3838436697199,3.96587704942107E-15,
56.5476882606236));
#7053=CARTESIAN_POINT('Ctrl Pts',(32.3926913007014,3.96696057171723E-15,
56.2098498889415));
#7054=CARTESIAN_POINT('Ctrl Pts',(32.3926913007014,32.3926913007014,56.2098498889415));
#7055=CARTESIAN_POINT('Ctrl Pts',(-3.96696057171723E-15,32.3926913007014,
56.2098498889415));
#7056=CARTESIAN_POINT('Ctrl Pts',(-32.3926913007014,32.3926913007014,56.2098498889415));
#7057=CARTESIAN_POINT('Ctrl Pts',(-32.3926913007014,-3.96696057171723E-15,
56.2098498889415));
#7058=CARTESIAN_POINT('Ctrl Pts',(-32.3926913007014,-32.3926913007014,56.2098498889415));
#7059=CARTESIAN_POINT('Ctrl Pts',(3.96696057171723E-15,-32.3926913007014,
56.2098498889415));
#7060=CARTESIAN_POINT('Ctrl Pts',(32.3926913007014,-32.3926913007014,56.2098498889415));
#7061=CARTESIAN_POINT('Ctrl Pts',(32.3926913007014,3.96696057171723E-15,
56.2098498889415));
#7062=CARTESIAN_POINT('Ctrl Pts',(32.4011920721167,3.96800161596764E-15,
55.8764966068519));
#7063=CARTESIAN_POINT('Ctrl Pts',(32.4011920721167,32.4011920721167,55.8764966068519));
#7064=CARTESIAN_POINT('Ctrl Pts',(-3.96800161596764E-15,32.4011920721167,
55.8764966068519));
#7065=CARTESIAN_POINT('Ctrl Pts',(-32.4011920721167,32.4011920721167,55.8764966068519));
#7066=CARTESIAN_POINT('Ctrl Pts',(-32.4011920721167,-3.96800161596764E-15,
55.8764966068519));
#7067=CARTESIAN_POINT('Ctrl Pts',(-32.4011920721167,-32.4011920721167,55.8764966068519));
#7068=CARTESIAN_POINT('Ctrl Pts',(3.96800161596764E-15,-32.4011920721167,
55.8764966068519));
#7069=CARTESIAN_POINT('Ctrl Pts',(32.4011920721167,-32.4011920721167,55.8764966068519));
#7070=CARTESIAN_POINT('Ctrl Pts',(32.4011920721167,3.96800161596764E-15,
55.8764966068519));
#7071=CARTESIAN_POINT('Ctrl Pts',(32.4093454021663,3.9690001109224E-15,
55.5477730876841));
#7072=CARTESIAN_POINT('Ctrl Pts',(32.4093454021663,32.4093454021663,55.5477730876841));
#7073=CARTESIAN_POINT('Ctrl Pts',(-3.9690001109224E-15,32.4093454021663,
55.5477730876841));
#7074=CARTESIAN_POINT('Ctrl Pts',(-32.4093454021663,32.4093454021663,55.5477730876841));
#7075=CARTESIAN_POINT('Ctrl Pts',(-32.4093454021663,-3.9690001109224E-15,
55.5477730876841));
#7076=CARTESIAN_POINT('Ctrl Pts',(-32.4093454021663,-32.4093454021663,55.5477730876841));
#7077=CARTESIAN_POINT('Ctrl Pts',(3.9690001109224E-15,-32.4093454021663,
55.5477730876841));
#7078=CARTESIAN_POINT('Ctrl Pts',(32.4093454021663,-32.4093454021663,55.5477730876841));
#7079=CARTESIAN_POINT('Ctrl Pts',(32.4093454021663,3.9690001109224E-15,
55.5477730876841));
#7080=CARTESIAN_POINT('Ctrl Pts',(32.4171507236398,3.96995598711827E-15,
55.223836539117));
#7081=CARTESIAN_POINT('Ctrl Pts',(32.4171507236397,32.4171507236398,55.223836539117));
#7082=CARTESIAN_POINT('Ctrl Pts',(-3.96995598711827E-15,32.4171507236398,
55.223836539117));
#7083=CARTESIAN_POINT('Ctrl Pts',(-32.4171507236398,32.4171507236397,55.223836539117));
#7084=CARTESIAN_POINT('Ctrl Pts',(-32.4171507236398,-3.96995598711827E-15,
55.223836539117));
#7085=CARTESIAN_POINT('Ctrl Pts',(-32.4171507236397,-32.4171507236398,55.223836539117));
#7086=CARTESIAN_POINT('Ctrl Pts',(3.96995598711827E-15,-32.4171507236398,
55.223836539117));
#7087=CARTESIAN_POINT('Ctrl Pts',(32.4171507236398,-32.4171507236397,55.223836539117));
#7088=CARTESIAN_POINT('Ctrl Pts',(32.4171507236398,3.96995598711827E-15,
55.223836539117));
#7089=CARTESIAN_POINT('Ctrl Pts',(32.4246074774055,3.9708691760814E-15,
54.9048490346716));
#7090=CARTESIAN_POINT('Ctrl Pts',(32.4246074774055,32.4246074774055,54.9048490346716));
#7091=CARTESIAN_POINT('Ctrl Pts',(-3.9708691760814E-15,32.4246074774055,
54.9048490346716));
#7092=CARTESIAN_POINT('Ctrl Pts',(-32.4246074774055,32.4246074774055,54.9048490346716));
#7093=CARTESIAN_POINT('Ctrl Pts',(-32.4246074774055,-3.9708691760814E-15,
54.9048490346716));
#7094=CARTESIAN_POINT('Ctrl Pts',(-32.4246074774055,-32.4246074774055,54.9048490346716));
#7095=CARTESIAN_POINT('Ctrl Pts',(3.9708691760814E-15,-32.4246074774055,
54.9048490346716));
#7096=CARTESIAN_POINT('Ctrl Pts',(32.4246074774055,-32.4246074774055,54.9048490346716));
#7097=CARTESIAN_POINT('Ctrl Pts',(32.4246074774055,3.9708691760814E-15,
54.9048490346716));
#7098=CARTESIAN_POINT('Ctrl Pts',(32.4317151053535,3.971739609463E-15,54.5909692621554));
#7099=CARTESIAN_POINT('Ctrl Pts',(32.4317151053535,32.4317151053535,54.5909692621554));
#7100=CARTESIAN_POINT('Ctrl Pts',(-3.971739609463E-15,32.4317151053535,
54.5909692621554));
#7101=CARTESIAN_POINT('Ctrl Pts',(-32.4317151053535,32.4317151053535,54.5909692621554));
#7102=CARTESIAN_POINT('Ctrl Pts',(-32.4317151053535,-3.971739609463E-15,
54.5909692621554));
#7103=CARTESIAN_POINT('Ctrl Pts',(-32.4317151053535,-32.4317151053535,54.5909692621554));
#7104=CARTESIAN_POINT('Ctrl Pts',(3.971739609463E-15,-32.4317151053535,
54.5909692621554));
#7105=CARTESIAN_POINT('Ctrl Pts',(32.4317151053535,-32.4317151053535,54.5909692621554));
#7106=CARTESIAN_POINT('Ctrl Pts',(32.4317151053535,3.971739609463E-15,54.5909692621554));
#7107=CARTESIAN_POINT('Ctrl Pts',(32.4384730477247,3.97256721871238E-15,
54.2823490962016));
#7108=CARTESIAN_POINT('Ctrl Pts',(32.4384730477247,32.4384730477247,54.2823490962016));
#7109=CARTESIAN_POINT('Ctrl Pts',(-3.97256721871238E-15,32.4384730477247,
54.2823490962016));
#7110=CARTESIAN_POINT('Ctrl Pts',(-32.4384730477247,32.4384730477247,54.2823490962016));
#7111=CARTESIAN_POINT('Ctrl Pts',(-32.4384730477247,-3.97256721871238E-15,
54.2823490962016));
#7112=CARTESIAN_POINT('Ctrl Pts',(-32.4384730477247,-32.4384730477247,54.2823490962016));
#7113=CARTESIAN_POINT('Ctrl Pts',(3.97256721871238E-15,-32.4384730477247,
54.2823490962016));
#7114=CARTESIAN_POINT('Ctrl Pts',(32.4384730477247,-32.4384730477247,54.2823490962016));
#7115=CARTESIAN_POINT('Ctrl Pts',(32.4384730477247,3.97256721871238E-15,
54.2823490962016));
#7116=CARTESIAN_POINT('Ctrl Pts',(32.4448807705339,3.97335193843519E-15,
53.9791633881234));
#7117=CARTESIAN_POINT('Ctrl Pts',(32.4448807705339,32.4448807705339,53.9791633881234));
#7118=CARTESIAN_POINT('Ctrl Pts',(-3.97335193843519E-15,32.4448807705339,
53.9791633881234));
#7119=CARTESIAN_POINT('Ctrl Pts',(-32.4448807705339,32.4448807705339,53.9791633881234));
#7120=CARTESIAN_POINT('Ctrl Pts',(-32.4448807705339,-3.97335193843519E-15,
53.9791633881234));
#7121=CARTESIAN_POINT('Ctrl Pts',(-32.4448807705339,-32.4448807705339,53.9791633881234));
#7122=CARTESIAN_POINT('Ctrl Pts',(3.97335193843519E-15,-32.4448807705339,
53.9791633881234));
#7123=CARTESIAN_POINT('Ctrl Pts',(32.4448807705339,-32.4448807705339,53.9791633881234));
#7124=CARTESIAN_POINT('Ctrl Pts',(32.4448807705339,3.97335193843519E-15,
53.9791633881234));
#7125=CARTESIAN_POINT('Ctrl Pts',(32.450937784283,3.97409370868521E-15,
53.681630107253));
#7126=CARTESIAN_POINT('Ctrl Pts',(32.450937784283,32.450937784283,53.681630107253));
#7127=CARTESIAN_POINT('Ctrl Pts',(-3.97409370868521E-15,32.450937784283,
53.681630107253));
#7128=CARTESIAN_POINT('Ctrl Pts',(-32.450937784283,32.450937784283,53.681630107253));
#7129=CARTESIAN_POINT('Ctrl Pts',(-32.450937784283,-3.97409370868521E-15,
53.681630107253));
#7130=CARTESIAN_POINT('Ctrl Pts',(-32.450937784283,-32.450937784283,53.681630107253));
#7131=CARTESIAN_POINT('Ctrl Pts',(3.97409370868521E-15,-32.450937784283,
53.681630107253));
#7132=CARTESIAN_POINT('Ctrl Pts',(32.450937784283,-32.450937784283,53.681630107253));
#7133=CARTESIAN_POINT('Ctrl Pts',(32.450937784283,3.97409370868521E-15,
53.681630107253));
#7134=CARTESIAN_POINT('Ctrl Pts',(32.4566436765422,3.97479247895436E-15,
53.3900458788514));
#7135=CARTESIAN_POINT('Ctrl Pts',(32.4566436765422,32.4566436765422,53.3900458788514));
#7136=CARTESIAN_POINT('Ctrl Pts',(-3.97479247895436E-15,32.4566436765422,
53.3900458788514));
#7137=CARTESIAN_POINT('Ctrl Pts',(-32.4566436765422,32.4566436765422,53.3900458788514));
#7138=CARTESIAN_POINT('Ctrl Pts',(-32.4566436765422,-3.97479247895436E-15,
53.3900458788514));
#7139=CARTESIAN_POINT('Ctrl Pts',(-32.4566436765422,-32.4566436765422,53.3900458788514));
#7140=CARTESIAN_POINT('Ctrl Pts',(3.97479247895436E-15,-32.4566436765422,
53.3900458788514));
#7141=CARTESIAN_POINT('Ctrl Pts',(32.4566436765422,-32.4566436765422,53.3900458788514));
#7142=CARTESIAN_POINT('Ctrl Pts',(32.4566436765422,3.97479247895436E-15,
53.3900458788514));
#7143=CARTESIAN_POINT('Ctrl Pts',(32.4619980664335,3.97544820259854E-15,
53.1047346860038));
#7144=CARTESIAN_POINT('Ctrl Pts',(32.4619980664335,32.4619980664335,53.1047346860038));
#7145=CARTESIAN_POINT('Ctrl Pts',(-3.97544820259854E-15,32.4619980664335,
53.1047346860038));
#7146=CARTESIAN_POINT('Ctrl Pts',(-32.4619980664335,32.4619980664335,53.1047346860038));
#7147=CARTESIAN_POINT('Ctrl Pts',(-32.4619980664335,-3.97544820259854E-15,
53.1047346860038));
#7148=CARTESIAN_POINT('Ctrl Pts',(-32.4619980664335,-32.4619980664335,53.1047346860038));
#7149=CARTESIAN_POINT('Ctrl Pts',(3.97544820259854E-15,-32.4619980664335,
53.1047346860038));
#7150=CARTESIAN_POINT('Ctrl Pts',(32.4619980664335,-32.4619980664335,53.1047346860038));
#7151=CARTESIAN_POINT('Ctrl Pts',(32.4619980664335,3.97544820259854E-15,
53.1047346860038));
#7152=CARTESIAN_POINT('Ctrl Pts',(32.4670005626928,3.9760608317017E-15,
52.8260004601729));
#7153=CARTESIAN_POINT('Ctrl Pts',(32.4670005626928,32.4670005626928,52.8260004601729));
#7154=CARTESIAN_POINT('Ctrl Pts',(-3.9760608317017E-15,32.4670005626928,
52.8260004601729));
#7155=CARTESIAN_POINT('Ctrl Pts',(-32.4670005626928,32.4670005626928,52.8260004601729));
#7156=CARTESIAN_POINT('Ctrl Pts',(-32.4670005626928,-3.9760608317017E-15,
52.8260004601729));
#7157=CARTESIAN_POINT('Ctrl Pts',(-32.4670005626928,-32.4670005626928,52.8260004601729));
#7158=CARTESIAN_POINT('Ctrl Pts',(3.9760608317017E-15,-32.4670005626928,
52.8260004601729));
#7159=CARTESIAN_POINT('Ctrl Pts',(32.4670005626928,-32.4670005626928,52.8260004601729));
#7160=CARTESIAN_POINT('Ctrl Pts',(32.4670005626928,3.9760608317017E-15,
52.8260004601729));
#7161=CARTESIAN_POINT('Ctrl Pts',(32.4716506831948,3.97663030722054E-15,
52.554037022645));
#7162=CARTESIAN_POINT('Ctrl Pts',(32.4716506831948,32.4716506831948,52.554037022645));
#7163=CARTESIAN_POINT('Ctrl Pts',(-3.97663030722054E-15,32.4716506831948,
52.554037022645));
#7164=CARTESIAN_POINT('Ctrl Pts',(-32.4716506831948,32.4716506831948,52.554037022645));
#7165=CARTESIAN_POINT('Ctrl Pts',(-32.4716506831948,-3.97663030722054E-15,
52.554037022645));
#7166=CARTESIAN_POINT('Ctrl Pts',(-32.4716506831948,-32.4716506831948,52.554037022645));
#7167=CARTESIAN_POINT('Ctrl Pts',(3.97663030722054E-15,-32.4716506831948,
52.554037022645));
#7168=CARTESIAN_POINT('Ctrl Pts',(32.4716506831948,-32.4716506831948,52.554037022645));
#7169=CARTESIAN_POINT('Ctrl Pts',(32.4716506831948,3.97663030722054E-15,
52.554037022645));
#7170=CARTESIAN_POINT('Ctrl Pts',(32.4759479605493,3.97715657191627E-15,
52.2890440186394));
#7171=CARTESIAN_POINT('Ctrl Pts',(32.4759479605493,32.4759479605493,52.2890440186394));
#7172=CARTESIAN_POINT('Ctrl Pts',(-3.97715657191627E-15,32.4759479605493,
52.2890440186394));
#7173=CARTESIAN_POINT('Ctrl Pts',(-32.4759479605493,32.4759479605493,52.2890440186394));
#7174=CARTESIAN_POINT('Ctrl Pts',(-32.4759479605493,-3.97715657191627E-15,
52.2890440186394));
#7175=CARTESIAN_POINT('Ctrl Pts',(-32.4759479605493,-32.4759479605493,52.2890440186394));
#7176=CARTESIAN_POINT('Ctrl Pts',(3.97715657191627E-15,-32.4759479605493,
52.2890440186394));
#7177=CARTESIAN_POINT('Ctrl Pts',(32.4759479605493,-32.4759479605493,52.2890440186394));
#7178=CARTESIAN_POINT('Ctrl Pts',(32.4759479605493,3.97715657191627E-15,
52.2890440186394));
#7179=CARTESIAN_POINT('Ctrl Pts',(32.4798921011579,3.97763958983344E-15,
52.0314019181783));
#7180=CARTESIAN_POINT('Ctrl Pts',(32.4798921011579,32.4798921011579,52.0314019181783));
#7181=CARTESIAN_POINT('Ctrl Pts',(-3.97763958983344E-15,32.4798921011579,
52.0314019181783));
#7182=CARTESIAN_POINT('Ctrl Pts',(-32.4798921011579,32.4798921011579,52.0314019181783));
#7183=CARTESIAN_POINT('Ctrl Pts',(-32.4798921011579,-3.97763958983344E-15,
52.0314019181783));
#7184=CARTESIAN_POINT('Ctrl Pts',(-32.4798921011579,-32.4798921011579,52.0314019181783));
#7185=CARTESIAN_POINT('Ctrl Pts',(3.97763958983344E-15,-32.4798921011579,
52.0314019181783));
#7186=CARTESIAN_POINT('Ctrl Pts',(32.4798921011579,-32.4798921011579,52.0314019181783));
#7187=CARTESIAN_POINT('Ctrl Pts',(32.4798921011579,3.97763958983344E-15,
52.0314019181783));
#7188=CARTESIAN_POINT('Ctrl Pts',(32.483483204264,3.97807937312587E-15,
51.7819137036416));
#7189=CARTESIAN_POINT('Ctrl Pts',(32.483483204264,32.483483204264,51.7819137036416));
#7190=CARTESIAN_POINT('Ctrl Pts',(-3.97807937312587E-15,32.483483204264,
51.7819137036416));
#7191=CARTESIAN_POINT('Ctrl Pts',(-32.483483204264,32.483483204264,51.7819137036416));
#7192=CARTESIAN_POINT('Ctrl Pts',(-32.483483204264,-3.97807937312587E-15,
51.7819137036416));
#7193=CARTESIAN_POINT('Ctrl Pts',(-32.483483204264,-32.483483204264,51.7819137036416));
#7194=CARTESIAN_POINT('Ctrl Pts',(3.97807937312587E-15,-32.483483204264,
51.7819137036416));
#7195=CARTESIAN_POINT('Ctrl Pts',(32.483483204264,-32.483483204264,51.7819137036416));
#7196=CARTESIAN_POINT('Ctrl Pts',(32.483483204264,3.97807937312587E-15,
51.7819137036416));
#7197=CARTESIAN_POINT('Ctrl Pts',(32.4867215160601,3.97847595194345E-15,
51.5415303418369));
#7198=CARTESIAN_POINT('Ctrl Pts',(32.4867215160601,32.4867215160601,51.5415303418369));
#7199=CARTESIAN_POINT('Ctrl Pts',(-3.97847595194345E-15,32.4867215160601,
51.5415303418369));
#7200=CARTESIAN_POINT('Ctrl Pts',(-32.4867215160601,32.4867215160601,51.5415303418369));
#7201=CARTESIAN_POINT('Ctrl Pts',(-32.4867215160601,-3.97847595194345E-15,
51.5415303418369));
#7202=CARTESIAN_POINT('Ctrl Pts',(-32.4867215160601,-32.4867215160601,51.5415303418369));
#7203=CARTESIAN_POINT('Ctrl Pts',(3.97847595194345E-15,-32.4867215160601,
51.5415303418369));
#7204=CARTESIAN_POINT('Ctrl Pts',(32.4867215160601,-32.4867215160601,51.5415303418369));
#7205=CARTESIAN_POINT('Ctrl Pts',(32.4867215160601,3.97847595194345E-15,
51.5415303418369));
#7206=CARTESIAN_POINT('Ctrl Pts',(32.4896069399263,3.97882931445363E-15,
51.3108054590304));
#7207=CARTESIAN_POINT('Ctrl Pts',(32.4896069399263,32.4896069399263,51.3108054590304));
#7208=CARTESIAN_POINT('Ctrl Pts',(-3.97882931445363E-15,32.4896069399263,
51.3108054590304));
#7209=CARTESIAN_POINT('Ctrl Pts',(-32.4896069399263,32.4896069399263,51.3108054590304));
#7210=CARTESIAN_POINT('Ctrl Pts',(-32.4896069399263,-3.97882931445363E-15,
51.3108054590304));
#7211=CARTESIAN_POINT('Ctrl Pts',(-32.4896069399263,-32.4896069399263,51.3108054590304));
#7212=CARTESIAN_POINT('Ctrl Pts',(3.97882931445363E-15,-32.4896069399263,
51.3108054590304));
#7213=CARTESIAN_POINT('Ctrl Pts',(32.4896069399263,-32.4896069399263,51.3108054590304));
#7214=CARTESIAN_POINT('Ctrl Pts',(32.4896069399263,3.97882931445363E-15,
51.3108054590304));
#7215=CARTESIAN_POINT('Ctrl Pts',(32.492138702697,3.97913936597098E-15,
51.0895233841552));
#7216=CARTESIAN_POINT('Ctrl Pts',(32.492138702697,32.492138702697,51.0895233841552));
#7217=CARTESIAN_POINT('Ctrl Pts',(-3.97913936597098E-15,32.492138702697,
51.0895233841552));
#7218=CARTESIAN_POINT('Ctrl Pts',(-32.492138702697,32.492138702697,51.0895233841552));
#7219=CARTESIAN_POINT('Ctrl Pts',(-32.492138702697,-3.97913936597098E-15,
51.0895233841552));
#7220=CARTESIAN_POINT('Ctrl Pts',(-32.492138702697,-32.492138702697,51.0895233841552));
#7221=CARTESIAN_POINT('Ctrl Pts',(3.97913936597098E-15,-32.492138702697,
51.0895233841552));
#7222=CARTESIAN_POINT('Ctrl Pts',(32.492138702697,-32.492138702697,51.0895233841552));
#7223=CARTESIAN_POINT('Ctrl Pts',(32.492138702697,3.97913936597098E-15,
51.0895233841552));
#7224=CARTESIAN_POINT('Ctrl Pts',(32.4943164834801,3.9794060671975E-15,
50.8779468720075));
#7225=CARTESIAN_POINT('Ctrl Pts',(32.4943164834801,32.4943164834801,50.8779468720075));
#7226=CARTESIAN_POINT('Ctrl Pts',(-3.9794060671975E-15,32.4943164834801,
50.8779468720075));
#7227=CARTESIAN_POINT('Ctrl Pts',(-32.4943164834801,32.4943164834801,50.8779468720075));
#7228=CARTESIAN_POINT('Ctrl Pts',(-32.4943164834801,-3.9794060671975E-15,
50.8779468720075));
#7229=CARTESIAN_POINT('Ctrl Pts',(-32.4943164834801,-32.4943164834801,50.8779468720075));
#7230=CARTESIAN_POINT('Ctrl Pts',(3.9794060671975E-15,-32.4943164834801,
50.8779468720075));
#7231=CARTESIAN_POINT('Ctrl Pts',(32.4943164834801,-32.4943164834801,50.8779468720075));
#7232=CARTESIAN_POINT('Ctrl Pts',(32.4943164834801,3.9794060671975E-15,
50.8779468720075));
#7233=CARTESIAN_POINT('Ctrl Pts',(32.4961423003421,3.97962966527508E-15,
50.6789065321521));
#7234=CARTESIAN_POINT('Ctrl Pts',(32.4961423003421,32.4961423003421,50.6789065321521));
#7235=CARTESIAN_POINT('Ctrl Pts',(-3.97962966527508E-15,32.4961423003421,
50.6789065321521));
#7236=CARTESIAN_POINT('Ctrl Pts',(-32.4961423003421,32.4961423003421,50.6789065321521));
#7237=CARTESIAN_POINT('Ctrl Pts',(-32.4961423003421,-3.97962966527508E-15,
50.6789065321521));
#7238=CARTESIAN_POINT('Ctrl Pts',(-32.4961423003421,-32.4961423003421,50.6789065321521));
#7239=CARTESIAN_POINT('Ctrl Pts',(3.97962966527508E-15,-32.4961423003421,
50.6789065321521));
#7240=CARTESIAN_POINT('Ctrl Pts',(32.4961423003421,-32.4961423003421,50.6789065321521));
#7241=CARTESIAN_POINT('Ctrl Pts',(32.4961423003421,3.97962966527508E-15,
50.6789065321521));
#7242=CARTESIAN_POINT('Ctrl Pts',(32.4976195170583,3.9798105721474E-15,
50.4966927915067));
#7243=CARTESIAN_POINT('Ctrl Pts',(32.4976195170583,32.4976195170583,50.4966927915067));
#7244=CARTESIAN_POINT('Ctrl Pts',(-3.9798105721474E-15,32.4976195170583,
50.4966927915067));
#7245=CARTESIAN_POINT('Ctrl Pts',(-32.4976195170583,32.4976195170583,50.4966927915067));
#7246=CARTESIAN_POINT('Ctrl Pts',(-32.4976195170583,-3.9798105721474E-15,
50.4966927915067));
#7247=CARTESIAN_POINT('Ctrl Pts',(-32.4976195170583,-32.4976195170583,50.4966927915067));
#7248=CARTESIAN_POINT('Ctrl Pts',(3.9798105721474E-15,-32.4976195170583,
50.4966927915067));
#7249=CARTESIAN_POINT('Ctrl Pts',(32.4976195170583,-32.4976195170583,50.4966927915067));
#7250=CARTESIAN_POINT('Ctrl Pts',(32.4976195170583,3.9798105721474E-15,
50.4966927915067));
#7251=CARTESIAN_POINT('Ctrl Pts',(32.4987476450844,3.97994872798502E-15,
50.3312868698909));
#7252=CARTESIAN_POINT('Ctrl Pts',(32.4987476450844,32.4987476450844,50.3312868698909));
#7253=CARTESIAN_POINT('Ctrl Pts',(-3.97994872798502E-15,32.4987476450844,
50.3312868698909));
#7254=CARTESIAN_POINT('Ctrl Pts',(-32.4987476450844,32.4987476450844,50.3312868698909));
#7255=CARTESIAN_POINT('Ctrl Pts',(-32.4987476450844,-3.97994872798502E-15,
50.3312868698909));
#7256=CARTESIAN_POINT('Ctrl Pts',(-32.4987476450844,-32.4987476450844,50.3312868698909));
#7257=CARTESIAN_POINT('Ctrl Pts',(3.97994872798502E-15,-32.4987476450844,
50.3312868698909));
#7258=CARTESIAN_POINT('Ctrl Pts',(32.4987476450844,-32.4987476450844,50.3312868698909));
#7259=CARTESIAN_POINT('Ctrl Pts',(32.4987476450844,3.97994872798502E-15,
50.3312868698909));
#7260=CARTESIAN_POINT('Ctrl Pts',(32.4995220450891,3.98004356463373E-15,
50.1780158194975));
#7261=CARTESIAN_POINT('Ctrl Pts',(32.4995220450891,32.4995220450891,50.1780158194975));
#7262=CARTESIAN_POINT('Ctrl Pts',(-3.98004356463373E-15,32.4995220450891,
50.1780158194975));
#7263=CARTESIAN_POINT('Ctrl Pts',(-32.4995220450891,32.4995220450891,50.1780158194975));
#7264=CARTESIAN_POINT('Ctrl Pts',(-32.4995220450891,-3.98004356463373E-15,
50.1780158194975));
#7265=CARTESIAN_POINT('Ctrl Pts',(-32.4995220450891,-32.4995220450891,50.1780158194975));
#7266=CARTESIAN_POINT('Ctrl Pts',(3.98004356463373E-15,-32.4995220450891,
50.1780158194975));
#7267=CARTESIAN_POINT('Ctrl Pts',(32.4995220450891,-32.4995220450891,50.1780158194975));
#7268=CARTESIAN_POINT('Ctrl Pts',(32.4995220450891,3.98004356463373E-15,
50.1780158194975));
#7269=CARTESIAN_POINT('Ctrl Pts',(32.4998695815805,3.98008612557889E-15,
50.0776390239125));
#7270=CARTESIAN_POINT('Ctrl Pts',(32.4998695815805,32.4998695815805,50.0776390239125));
#7271=CARTESIAN_POINT('Ctrl Pts',(-3.98008612557889E-15,32.4998695815805,
50.0776390239125));
#7272=CARTESIAN_POINT('Ctrl Pts',(-32.4998695815805,32.4998695815805,50.0776390239125));
#7273=CARTESIAN_POINT('Ctrl Pts',(-32.4998695815805,-3.98008612557889E-15,
50.0776390239125));
#7274=CARTESIAN_POINT('Ctrl Pts',(-32.4998695815805,-32.4998695815805,50.0776390239125));
#7275=CARTESIAN_POINT('Ctrl Pts',(3.98008612557889E-15,-32.4998695815805,
50.0776390239125));
#7276=CARTESIAN_POINT('Ctrl Pts',(32.4998695815805,-32.4998695815805,50.0776390239125));
#7277=CARTESIAN_POINT('Ctrl Pts',(32.4998695815805,3.98008612557889E-15,
50.0776390239125));
#7278=CARTESIAN_POINT('Ctrl Pts',(32.4999895251882,3.98010081443442E-15,
50.0286213744035));
#7279=CARTESIAN_POINT('Ctrl Pts',(32.4999895251881,32.4999895251882,50.0286213744035));
#7280=CARTESIAN_POINT('Ctrl Pts',(-3.98010081443442E-15,32.4999895251882,
50.0286213744035));
#7281=CARTESIAN_POINT('Ctrl Pts',(-32.4999895251882,32.4999895251881,50.0286213744035));
#7282=CARTESIAN_POINT('Ctrl Pts',(-32.4999895251882,-3.98010081443442E-15,
50.0286213744035));
#7283=CARTESIAN_POINT('Ctrl Pts',(-32.4999895251881,-32.4999895251882,50.0286213744035));
#7284=CARTESIAN_POINT('Ctrl Pts',(3.98010081443442E-15,-32.4999895251882,
50.0286213744035));
#7285=CARTESIAN_POINT('Ctrl Pts',(32.4999895251882,-32.4999895251881,50.0286213744035));
#7286=CARTESIAN_POINT('Ctrl Pts',(32.4999895251882,3.98010081443442E-15,
50.0286213744035));
#7287=CARTESIAN_POINT('Ctrl Pts',(32.5000069330491,3.98010294628254E-15,
50.0075969162389));
#7288=CARTESIAN_POINT('Ctrl Pts',(32.5000069330491,32.5000069330491,50.0075969162389));
#7289=CARTESIAN_POINT('Ctrl Pts',(-3.98010294628254E-15,32.5000069330491,
50.0075969162389));
#7290=CARTESIAN_POINT('Ctrl Pts',(-32.5000069330491,32.5000069330491,50.0075969162389));
#7291=CARTESIAN_POINT('Ctrl Pts',(-32.5000069330491,-3.98010294628254E-15,
50.0075969162389));
#7292=CARTESIAN_POINT('Ctrl Pts',(-32.5000069330491,-32.5000069330491,50.0075969162389));
#7293=CARTESIAN_POINT('Ctrl Pts',(3.98010294628254E-15,-32.5000069330491,
50.0075969162389));
#7294=CARTESIAN_POINT('Ctrl Pts',(32.5000069330491,-32.5000069330491,50.0075969162389));
#7295=CARTESIAN_POINT('Ctrl Pts',(32.5000069330491,3.98010294628254E-15,
50.0075969162389));
#7296=CARTESIAN_POINT('Ctrl Pts',(32.5,3.9801020972289E-15,50.));
#7297=CARTESIAN_POINT('Ctrl Pts',(32.5,32.5,50.));
#7298=CARTESIAN_POINT('Ctrl Pts',(-3.9801020972289E-15,32.5,50.));
#7299=CARTESIAN_POINT('Ctrl Pts',(-32.5,32.5,50.));
#7300=CARTESIAN_POINT('Ctrl Pts',(-32.5,-3.9801020972289E-15,50.));
#7301=CARTESIAN_POINT('Ctrl Pts',(-32.5,-32.5,50.));
#7302=CARTESIAN_POINT('Ctrl Pts',(3.9801020972289E-15,-32.5,50.));
#7303=CARTESIAN_POINT('Ctrl Pts',(32.5,-32.5,50.));
#7304=CARTESIAN_POINT('Ctrl Pts',(32.5,3.9801020972289E-15,50.));
#7305=CARTESIAN_POINT('',(0.,0.,300.));
#7306=CARTESIAN_POINT('Ctrl Pts',(0.,0.,300.));
#7307=CARTESIAN_POINT('Ctrl Pts',(0.0123581088159931,1.51343184050206E-18,
299.99483081999));
#7308=CARTESIAN_POINT('Ctrl Pts',(0.038862816662971,4.75932240321578E-18,
299.979715438252));
#7309=CARTESIAN_POINT('Ctrl Pts',(0.083956856880426,1.02817496045086E-17,
299.942756062466));
#7310=CARTESIAN_POINT('Ctrl Pts',(0.155019408495575,1.89844022419822E-17,
299.86449044738));
#7311=CARTESIAN_POINT('Ctrl Pts',(0.252483288225032,3.09202850762985E-17,
299.734028073476));
#7312=CARTESIAN_POINT('Ctrl Pts',(0.349204136981187,4.27651728603025E-17,
299.587257927546));
#7313=CARTESIAN_POINT('Ctrl Pts',(0.445893483495493,5.46062027323419E-17,
299.425718164276));
#7314=CARTESIAN_POINT('Ctrl Pts',(0.544972242902907,6.67398512895199E-17,
299.24798856314));
#7315=CARTESIAN_POINT('Ctrl Pts',(0.645926072266358,7.91031296886818E-17,
299.056076640138));
#7316=CARTESIAN_POINT('Ctrl Pts',(0.747307722016106,9.15188009745124E-17,
298.852922797257));
#7317=CARTESIAN_POINT('Ctrl Pts',(0.848634500526721,1.03927752471606E-16,
298.640007748427));
#7318=CARTESIAN_POINT('Ctrl Pts',(0.950225454189387,1.16369056094137E-16,
298.417617449049));
#7319=CARTESIAN_POINT('Ctrl Pts',(1.05240630939353,1.28882601820126E-16,
298.185914658219));
#7320=CARTESIAN_POINT('Ctrl Pts',(1.1551006700594,1.41459033828121E-16,
297.945508709991));
#7321=CARTESIAN_POINT('Ctrl Pts',(1.25807530268846,1.54069789252377E-16,
297.697144673883));
#7322=CARTESIAN_POINT('Ctrl Pts',(1.36115002222585,1.66692801787824E-16,
297.441444332104));
#7323=CARTESIAN_POINT('Ctrl Pts',(1.46431282016036,1.79326600815982E-16,
297.178766212011));
#7324=CARTESIAN_POINT('Ctrl Pts',(1.56761055580698,1.91976924947862E-16,
296.909354181796));
#7325=CARTESIAN_POINT('Ctrl Pts',(1.67108138104125,2.0464844644069E-16,
296.63343273889));
#7326=CARTESIAN_POINT('Ctrl Pts',(1.7747012114327,2.17338215802398E-16,
296.351282413757));
#7327=CARTESIAN_POINT('Ctrl Pts',(1.87842479554187,2.30040691329937E-16,
296.063188778454));
#7328=CARTESIAN_POINT('Ctrl Pts',(1.9822064921672,2.42750283588166E-16,
295.769418502568));
#7329=CARTESIAN_POINT('Ctrl Pts',(2.0860282668492,2.55464783992777E-16,
295.470185715797));
#7330=CARTESIAN_POINT('Ctrl Pts',(2.189887189768,2.68183833744317E-16,295.165670033288));
#7331=CARTESIAN_POINT('Ctrl Pts',(2.29378666188868,2.80907849340886E-16,
294.856029665087));
#7332=CARTESIAN_POINT('Ctrl Pts',(2.39772408222307,2.93636512253301E-16,
294.541419303295));
#7333=CARTESIAN_POINT('Ctrl Pts',(2.50168910929303,3.0636855601575E-16,
294.221993635581));
#7334=CARTESIAN_POINT('Ctrl Pts',(2.60566879839869,3.19102395359708E-16,
293.897901507693));
#7335=CARTESIAN_POINT('Ctrl Pts',(2.70965066577101,3.31836501464396E-16,
293.569282898561));
#7336=CARTESIAN_POINT('Ctrl Pts',(2.81362678222294,3.4456990328446E-16,
293.23626451866));
#7337=CARTESIAN_POINT('Ctrl Pts',(2.91759229948499,3.57302007078125E-16,
292.898962326342));
#7338=CARTESIAN_POINT('Ctrl Pts',(3.02154395415462,3.70032413193849E-16,
292.557484043505));
#7339=CARTESIAN_POINT('Ctrl Pts',(3.12547847123599,3.82760720560311E-16,
292.211931824392));
#7340=CARTESIAN_POINT('Ctrl Pts',(3.22939129639821,3.95486371432839E-16,
291.862404454954));
#7341=CARTESIAN_POINT('Ctrl Pts',(3.33327730840098,4.08208738640377E-16,
291.508996765139));
#7342=CARTESIAN_POINT('Ctrl Pts',(3.43713127487373,4.20927181402337E-16,
291.151799395645));
#7343=CARTESIAN_POINT('Ctrl Pts',(3.54094845534162,4.33641119177988E-16,
290.790898372664));
#7344=CARTESIAN_POINT('Ctrl Pts',(3.64472499820576,4.46350080282503E-16,
290.426374928197));
#7345=CARTESIAN_POINT('Ctrl Pts',(3.74845762821726,4.59053663613574E-16,
290.058306129348));
#7346=CARTESIAN_POINT('Ctrl Pts',(3.85214343469671,4.71751512715782E-16,
289.686765392315));
#7347=CARTESIAN_POINT('Ctrl Pts',(3.95577961213966,4.84443284013919E-16,
289.31182305409));
#7348=CARTESIAN_POINT('Ctrl Pts',(4.05936324539197,4.97128620504569E-16,
288.933546882166));
#7349=CARTESIAN_POINT('Ctrl Pts',(4.16289140008795,5.09807162831575E-16,
288.552002108398));
#7350=CARTESIAN_POINT('Ctrl Pts',(4.26636119552837,5.22478558211029E-16,
288.167251492724));
#7351=CARTESIAN_POINT('Ctrl Pts',(4.36976987970951,5.35142469619677E-16,
287.779355379488));
#7352=CARTESIAN_POINT('Ctrl Pts',(4.47311491475925,5.4779858625782E-16,
287.388371746891));
#7353=CARTESIAN_POINT('Ctrl Pts',(4.57639395120721,5.60446620398322E-16,
286.994356354671));
#7354=CARTESIAN_POINT('Ctrl Pts',(4.67960477966448,5.73086301469076E-16,
286.597362913891));
#7355=CARTESIAN_POINT('Ctrl Pts',(4.78274529325348,5.85717371451994E-16,
286.197443243486));
#7356=CARTESIAN_POINT('Ctrl Pts',(4.88581343881384,5.98339578907449E-16,
285.794647445197));
#7357=CARTESIAN_POINT('Ctrl Pts',(4.98880719771637,6.10952676624663E-16,
285.389024023002));
#7358=CARTESIAN_POINT('Ctrl Pts',(5.09172460134137,6.23556423517254E-16,
284.980619935223));
#7359=CARTESIAN_POINT('Ctrl Pts',(5.19456373802034,6.36150585473353E-16,
284.569480663582));
#7360=CARTESIAN_POINT('Ctrl Pts',(5.29732276310814,6.4873493658908E-16,
284.155650275354));
#7361=CARTESIAN_POINT('Ctrl Pts',(5.39999990860598,6.61309260347032E-16,
283.739171488405));
#7362=CARTESIAN_POINT('Ctrl Pts',(5.50259347562302,6.73873348693084E-16,
283.320085737131));
#7363=CARTESIAN_POINT('Ctrl Pts',(5.60510182508549,6.86427000898593E-16,
282.898433239589));
#7364=CARTESIAN_POINT('Ctrl Pts',(5.70752336943208,6.98970022543371E-16,
282.47425306318));
#7365=CARTESIAN_POINT('Ctrl Pts',(5.80985656311789,7.11502224352757E-16,
282.047583193172));
#7366=CARTESIAN_POINT('Ctrl Pts',(5.91209989610483,7.24023421400418E-16,
281.618460592761));
#7367=CARTESIAN_POINT('Ctrl Pts',(6.01425189496243,7.36533433243165E-16,
281.18692124043));
#7368=CARTESIAN_POINT('Ctrl Pts',(6.1163111226376,7.49032083892749E-16,
280.75300017167));
#7369=CARTESIAN_POINT('Ctrl Pts',(6.21827617860353,7.61519201834105E-16,
280.316731518579));
#7370=CARTESIAN_POINT('Ctrl Pts',(6.32014569921051,7.73994620068306E-16,
279.87814855128));
#7371=CARTESIAN_POINT('Ctrl Pts',(6.42191835649735,7.86458175967012E-16,
279.437283714729));
#7372=CARTESIAN_POINT('Ctrl Pts',(6.52359285544617,7.9890971093627E-16,
278.994168661424));
#7373=CARTESIAN_POINT('Ctrl Pts',(6.62516793162893,8.11349070128306E-16,
278.548834285458));
#7374=CARTESIAN_POINT('Ctrl Pts',(6.72664234879337,8.23776102145884E-16,
278.101310755459));
#7375=CARTESIAN_POINT('Ctrl Pts',(6.8280148962275,8.36190658719545E-16,
277.65162754936));
#7376=CARTESIAN_POINT('Ctrl Pts',(6.92928438743796,8.48592594545763E-16,
277.199813481663));
#7377=CARTESIAN_POINT('Ctrl Pts',(7.03044965959414,8.60981767218856E-16,
276.745896726508));
#7378=CARTESIAN_POINT('Ctrl Pts',(7.13150957274213,8.73358037134736E-16,
276.28990484215));
#7379=CARTESIAN_POINT('Ctrl Pts',(7.23246300910108,8.85721267404727E-16,
275.831864794563));
#7380=CARTESIAN_POINT('Ctrl Pts',(7.33330887236078,8.98071323769551E-16,
275.37180298211));
#7381=CARTESIAN_POINT('Ctrl Pts',(7.4340460868054,9.10408074492014E-16,
274.909745256201));
#7382=CARTESIAN_POINT('Ctrl Pts',(7.53467359633372,9.22731390237016E-16,
274.445716939832));
#7383=CARTESIAN_POINT('Ctrl Pts',(7.63519036350227,9.35041143954378E-16,
273.979742846879));
#7384=CARTESIAN_POINT('Ctrl Pts',(7.73559536858432,9.47337210763588E-16,
273.511847300819));
#7385=CARTESIAN_POINT('Ctrl Pts',(7.83588760856289,9.59619467830495E-16,
273.042054154317));
#7386=CARTESIAN_POINT('Ctrl Pts',(7.93606609640724,9.71887794278695E-16,
272.570386805749));
#7387=CARTESIAN_POINT('Ctrl Pts',(8.03612986058217,9.84142071129442E-16,
272.096868213262));
#7388=CARTESIAN_POINT('Ctrl Pts',(8.13607794448983,9.96382181233284E-16,
271.62152090959));
#7389=CARTESIAN_POINT('Ctrl Pts',(8.2359094059424,1.00860800920549E-15,
271.144367016419));
#7390=CARTESIAN_POINT('Ctrl Pts',(8.33562331661661,1.02081944135926E-15,
270.665428259266));
#7391=CARTESIAN_POINT('Ctrl Pts',(8.43521876153641,1.03301636564233E-15,
270.184725981031));
#7392=CARTESIAN_POINT('Ctrl Pts',(8.53469483859703,1.04519867157873E-15,
269.702281153209));
#7393=CARTESIAN_POINT('Ctrl Pts',(8.63405065808027,1.05736625020941E-15,
269.218114387615));
#7394=CARTESIAN_POINT('Ctrl Pts',(8.73328534217504,1.06951899403352E-15,
268.732245947881));
#7395=CARTESIAN_POINT('Ctrl Pts',(8.83239802449377,1.08165679694917E-15,
268.244695761097));
#7396=CARTESIAN_POINT('Ctrl Pts',(8.93138784959873,1.09377955419547E-15,
267.755483429249));
#7397=CARTESIAN_POINT('Ctrl Pts',(9.03025397266621,1.10588716231133E-15,
267.264628238314));
#7398=CARTESIAN_POINT('Ctrl Pts',(9.12899555914431,1.11797951909365E-15,
266.772149167467));
#7399=CARTESIAN_POINT('Ctrl Pts',(9.2276117844126,1.13005652355553E-15,
266.278064898278));
#7400=CARTESIAN_POINT('Ctrl Pts',(9.32610183344475,1.14211807588504E-15,
265.782393823815));
#7401=CARTESIAN_POINT('Ctrl Pts',(9.42446490046197,1.15416407740273E-15,
265.285154058029));
#7402=CARTESIAN_POINT('Ctrl Pts',(9.52270018863613,1.16619443052531E-15,
264.786363443671));
#7403=CARTESIAN_POINT('Ctrl Pts',(9.62080690981618,1.17820903873211E-15,
264.286039559548));
#7404=CARTESIAN_POINT('Ctrl Pts',(9.71878428424684,1.19020780653065E-15,
263.784199727999));
#7405=CARTESIAN_POINT('Ctrl Pts',(9.81663154029267,1.20219063942284E-15,
263.280861022242));
#7406=CARTESIAN_POINT('Ctrl Pts',(9.91434791415641,1.21415744387049E-15,
262.77604027387));
#7407=CARTESIAN_POINT('Ctrl Pts',(10.0119326496127,1.22610812726271E-15,
262.269754079988));
#7408=CARTESIAN_POINT('Ctrl Pts',(10.109384997799,1.23804259789029E-15,
261.762018809096));
#7409=CARTESIAN_POINT('Ctrl Pts',(10.206704216998,1.24996076491904E-15,
261.252850607132));
#7410=CARTESIAN_POINT('Ctrl Pts',(10.3038895724235,1.26186253836362E-15,
260.742265403494));
#7411=CARTESIAN_POINT('Ctrl Pts',(10.4009403360072,1.27374782906138E-15,
260.230278916994));
#7412=CARTESIAN_POINT('Ctrl Pts',(10.4978557861796,1.28561654864554E-15,
259.716906662002));
#7413=CARTESIAN_POINT('Ctrl Pts',(10.5946352076832,1.29746860952231E-15,
259.202163953713));
#7414=CARTESIAN_POINT('Ctrl Pts',(10.6912778914001,1.30930392484979E-15,
258.686065912975));
#7415=CARTESIAN_POINT('Ctrl Pts',(10.7877831341762,1.32112240851647E-15,
258.168627471261));
#7416=CARTESIAN_POINT('Ctrl Pts',(10.8841502386485,1.33292397511997E-15,
257.649863375574));
#7417=CARTESIAN_POINT('Ctrl Pts',(10.9803785130698,1.34470853994573E-15,
257.129788193394));
#7418=CARTESIAN_POINT('Ctrl Pts',(11.0764672711374,1.35647601894589E-15,
256.608416317584));
#7419=CARTESIAN_POINT('Ctrl Pts',(11.1724158318521,1.36822632872209E-15,
256.085761970451));
#7420=CARTESIAN_POINT('Ctrl Pts',(11.2682235193778,1.37995938650829E-15,
255.561839207822));
#7421=CARTESIAN_POINT('Ctrl Pts',(11.363889662901,1.39167511015355E-15,
255.036661923122));
#7422=CARTESIAN_POINT('Ctrl Pts',(11.459413596492,1.40337341810496E-15,
254.510243851427));
#7423=CARTESIAN_POINT('Ctrl Pts',(11.5547946589623,1.41505422939031E-15,
253.982598573586));
#7424=CARTESIAN_POINT('Ctrl Pts',(11.6500321937321,1.42671746360177E-15,
253.453739520101));
#7425=CARTESIAN_POINT('Ctrl Pts',(11.7451255487177,1.4383630408821E-15,
252.923679974436));
#7426=CARTESIAN_POINT('Ctrl Pts',(11.8400740762147,1.44999088191039E-15,
252.392433076453));
#7427=CARTESIAN_POINT('Ctrl Pts',(11.9348771327831,1.46160090788797E-15,
251.860011825793));
#7428=CARTESIAN_POINT('Ctrl Pts',(12.0295340791335,1.47319304052449E-15,
251.326429085256));
#7429=CARTESIAN_POINT('Ctrl Pts',(12.1240442800105,1.48476720202356E-15,
250.791697584255));
#7430=CARTESIAN_POINT('Ctrl Pts',(12.2184071040882,1.49632331507009E-15,
250.255829921914));
#7431=CARTESIAN_POINT('Ctrl Pts',(12.3126219238767,1.50786130281871E-15,
249.718838569853));
#7432=CARTESIAN_POINT('Ctrl Pts',(12.4066881156259,1.51938108888208E-15,
249.180735875063));
#7433=CARTESIAN_POINT('Ctrl Pts',(12.5006050592307,1.53088259731921E-15,
248.641534062748));
#7434=CARTESIAN_POINT('Ctrl Pts',(12.5943721381368,1.54236575262398E-15,
248.101245239168));
#7435=CARTESIAN_POINT('Ctrl Pts',(12.687988739245,1.55383047971341E-15,
247.55988139454));
#7436=CARTESIAN_POINT('Ctrl Pts',(12.7814542528269,1.56527670391728E-15,
247.017454405565));
#7437=CARTESIAN_POINT('Ctrl Pts',(12.8747680724455,1.57670435096849E-15,
246.47397603781));
#7438=CARTESIAN_POINT('Ctrl Pts',(12.9679295948751,1.5881133469932E-15,
245.929457948125));
#7439=CARTESIAN_POINT('Ctrl Pts',(13.0609382200224,1.59950361850117E-15,
245.383911687052));
#7440=CARTESIAN_POINT('Ctrl Pts',(13.1537933508475,1.61087509237611E-15,
244.837348701231));
#7441=CARTESIAN_POINT('Ctrl Pts',(13.2464943932845,1.62222769586592E-15,
244.289780335837));
#7442=CARTESIAN_POINT('Ctrl Pts',(13.3390407561715,1.63356135657415E-15,
243.741217836707));
#7443=CARTESIAN_POINT('Ctrl Pts',(13.4314318511837,1.64487600245179E-15,
243.191672352368));
#7444=CARTESIAN_POINT('Ctrl Pts',(13.523667092766,1.65617156178903E-15,
242.641154936102));
#7445=CARTESIAN_POINT('Ctrl Pts',(13.6157458980665,1.66744796320709E-15,
242.089676547992));
#7446=CARTESIAN_POINT('Ctrl Pts',(13.70766768687,1.67870513565009E-15,241.537248056974));
#7447=CARTESIAN_POINT('Ctrl Pts',(13.7994318815311,1.6899430083769E-15,
240.983880242912));
#7448=CARTESIAN_POINT('Ctrl Pts',(13.8910379069153,1.70116151095384E-15,
240.429583798408));
#7449=CARTESIAN_POINT('Ctrl Pts',(13.982485190341,1.71236057324764E-15,
239.874369330548));
#7450=CARTESIAN_POINT('Ctrl Pts',(14.0737731615228,1.72354012541848E-15,
239.318247362666));
#7451=CARTESIAN_POINT('Ctrl Pts',(14.164901252514,1.73470009791296E-15,
238.761228336105));
#7452=CARTESIAN_POINT('Ctrl Pts',(14.2558688976508,1.74584042145723E-15,
238.20332261197));
#7453=CARTESIAN_POINT('Ctrl Pts',(14.3466755334955,1.75696102705009E-15,
237.644540472915));
#7454=CARTESIAN_POINT('Ctrl Pts',(14.4373205987858,1.76806184595672E-15,
237.084892124708));
#7455=CARTESIAN_POINT('Ctrl Pts',(14.5278035343857,1.7791428097027E-15,
236.524387697742));
#7456=CARTESIAN_POINT('Ctrl Pts',(14.618123783236,1.79020385006797E-15,
235.963037248548));
#7457=CARTESIAN_POINT('Ctrl Pts',(14.7082807903061,1.80124489908089E-15,
235.400850761323));
#7458=CARTESIAN_POINT('Ctrl Pts',(14.7982740025453,1.81226588901225E-15,
234.837838149443));
#7459=CARTESIAN_POINT('Ctrl Pts',(14.8881028688341,1.82326675236942E-15,
234.274009257003));
#7460=CARTESIAN_POINT('Ctrl Pts',(14.9777668399397,1.83424742189076E-15,
233.709373860199));
#7461=CARTESIAN_POINT('Ctrl Pts',(15.0672653684735,1.84520783054048E-15,
233.143941668634));
#7462=CARTESIAN_POINT('Ctrl Pts',(15.1565979088475,1.85614791150335E-15,
232.577722326638));
#7463=CARTESIAN_POINT('Ctrl Pts',(15.2457639172329,1.86706759817955E-15,
232.010725414595));
#7464=CARTESIAN_POINT('Ctrl Pts',(15.3347628515185,1.87796682417958E-15,
231.442960450249));
#7465=CARTESIAN_POINT('Ctrl Pts',(15.4235941712684,1.88884552331916E-15,
230.874436890057));
#7466=CARTESIAN_POINT('Ctrl Pts',(15.5122573376835,1.89970362961441E-15,
230.305164130412));
#7467=CARTESIAN_POINT('Ctrl Pts',(15.6007518135637,1.9105410772773E-15,
229.735151508781));
#7468=CARTESIAN_POINT('Ctrl Pts',(15.6890770632705,1.92135780071104E-15,
229.164408304867));
#7469=CARTESIAN_POINT('Ctrl Pts',(15.7772325526902,1.93215373450555E-15,
228.592943741764));
#7470=CARTESIAN_POINT('Ctrl Pts',(15.8652177491976,1.94292881343306E-15,
228.020766987107));
#7471=CARTESIAN_POINT('Ctrl Pts',(15.9530321216193,1.95368297244359E-15,
227.447887154245));
#7472=CARTESIAN_POINT('Ctrl Pts',(16.0406751401989,1.96441614666071E-15,
226.874313303346));
#7473=CARTESIAN_POINT('Ctrl Pts',(16.1281462765641,1.97512827137745E-15,
226.300054442408));
#7474=CARTESIAN_POINT('Ctrl Pts',(16.2154450036934,1.98581928205231E-15,
225.725119528273));
#7475=CARTESIAN_POINT('Ctrl Pts',(16.3025707958835,1.99648911430519E-15,
225.149517467646));
#7476=CARTESIAN_POINT('Ctrl Pts',(16.3895231287175,2.00713770391354E-15,
224.573257118107));
#7477=CARTESIAN_POINT('Ctrl Pts',(16.4763014790331,2.01776498680846E-15,
223.996347289142));
#7478=CARTESIAN_POINT('Ctrl Pts',(16.5629053248912,2.02837089907086E-15,
223.418796743144));
#7479=CARTESIAN_POINT('Ctrl Pts',(16.6493341455469,2.03895537692788E-15,
222.840614196312));
#7480=CARTESIAN_POINT('Ctrl Pts',(16.7355874214197,2.04951835674923E-15,
222.261808319554));
#7481=CARTESIAN_POINT('Ctrl Pts',(16.8216646340648,2.06005977504377E-15,
221.682387739395));
#7482=CARTESIAN_POINT('Ctrl Pts',(16.9075652661447,2.0705795684559E-15,
221.102361038873));
#7483=CARTESIAN_POINT('Ctrl Pts',(16.9932888014007,2.0810776737622E-15,
220.521736758448));
#7484=CARTESIAN_POINT('Ctrl Pts',(17.0788347246259,2.09155402786798E-15,
219.940523396907));
#7485=CARTESIAN_POINT('Ctrl Pts',(17.1642025216372,2.102008567804E-15,219.35872941218));
#7486=CARTESIAN_POINT('Ctrl Pts',(17.2493916792498,2.11244123072322E-15,
218.776363222146));
#7487=CARTESIAN_POINT('Ctrl Pts',(17.3344016852505,2.12285195389765E-15,
218.193433205438));
#7488=CARTESIAN_POINT('Ctrl Pts',(17.4192320283728,2.13324067471518E-15,
217.609947702254));
#7489=CARTESIAN_POINT('Ctrl Pts',(17.5038821982715,2.14360733067656E-15,
217.025915015158));
#7490=CARTESIAN_POINT('Ctrl Pts',(17.588351685498,2.15395185939231E-15,
216.441343409899));
#7491=CARTESIAN_POINT('Ctrl Pts',(17.6726399814762,2.16427419857983E-15,
215.856241116174));
#7492=CARTESIAN_POINT('Ctrl Pts',(17.7567465784781,2.17457428606039E-15,
215.270616328342));
#7493=CARTESIAN_POINT('Ctrl Pts',(17.8406709696011,2.18485205975631E-15,
214.684477206154));
#7494=CARTESIAN_POINT('Ctrl Pts',(17.9244126487444,2.19510745768812E-15,
214.097831875476));
#7495=CARTESIAN_POINT('Ctrl Pts',(18.0079711105867,2.2053404179718E-15,
213.510688429023));
#7496=CARTESIAN_POINT('Ctrl Pts',(18.0913458505635,2.21555087881603E-15,
212.923054927084));
#7497=CARTESIAN_POINT('Ctrl Pts',(18.1745363648453,2.2257387785195E-15,
212.334939398234));
#7498=CARTESIAN_POINT('Ctrl Pts',(18.2575421503157,2.23590405546819E-15,
211.74634983999));
#7499=CARTESIAN_POINT('Ctrl Pts',(18.3403627045492,2.24604664813277E-15,
211.157294219465));
#7500=CARTESIAN_POINT('Ctrl Pts',(18.4229975257907,2.25616649506592E-15,
210.567780474028));
#7501=CARTESIAN_POINT('Ctrl Pts',(18.5054461129344,2.2662635348999E-15,
209.977816511964));
#7502=CARTESIAN_POINT('Ctrl Pts',(18.5877079655042,2.27633770634404E-15,
209.387410213128));
#7503=CARTESIAN_POINT('Ctrl Pts',(18.6697825836331,2.28638894818233E-15,
208.796569429613));
#7504=CARTESIAN_POINT('Ctrl Pts',(18.7516694680439,2.29641719927091E-15,
208.205301986359));
#7505=CARTESIAN_POINT('Ctrl Pts',(18.8333681200294,2.30642239853578E-15,
207.613615681754));
#7506=CARTESIAN_POINT('Ctrl Pts',(18.9148780414325,2.31640448497029E-15,
207.021518288237));
#7507=CARTESIAN_POINT('Ctrl Pts',(18.9961987346278,2.32636339763289E-15,
206.4290175529));
#7508=CARTESIAN_POINT('Ctrl Pts',(19.0773297025024,2.33629907564483E-15,
205.836121198087));
#7509=CARTESIAN_POINT('Ctrl Pts',(19.1582704484381,2.34621145818791E-15,
205.242836922002));
#7510=CARTESIAN_POINT('Ctrl Pts',(19.239020476293,2.35610048450226E-15,
204.649172399292));
#7511=CARTESIAN_POINT('Ctrl Pts',(19.3195792903826,2.36596609388405E-15,
204.055135281592));
#7512=CARTESIAN_POINT('Ctrl Pts',(19.3999463954617,2.37580822568324E-15,
203.46073319808));
#7513=CARTESIAN_POINT('Ctrl Pts',(19.4801212967071,2.38562681930145E-15,
202.865973756036));
#7514=CARTESIAN_POINT('Ctrl Pts',(19.5601034997001,2.39542181418987E-15,
202.270864541393));
#7515=CARTESIAN_POINT('Ctrl Pts',(19.63989251041,2.40519314984717E-15,201.675413119297));
#7516=CARTESIAN_POINT('Ctrl Pts',(19.7194878351774,2.41494076581752E-15,
201.079627034666));
#7517=CARTESIAN_POINT('Ctrl Pts',(19.7988889806978,2.42466460168854E-15,
200.4835138127));
#7518=CARTESIAN_POINT('Ctrl Pts',(19.8780954540039,2.43436459708914E-15,
199.887080959403));
#7519=CARTESIAN_POINT('Ctrl Pts',(19.9571067624494,2.44404069168756E-15,
199.290335962094));
#7520=CARTESIAN_POINT('Ctrl Pts',(20.0359224136928,2.45369282518936E-15,
198.693286289926));
#7521=CARTESIAN_POINT('Ctrl Pts',(20.1145419156815,2.46332093733546E-15,
198.095939394397));
#7522=CARTESIAN_POINT('Ctrl Pts',(20.1929647766366,2.47292496790033E-15,
197.498302709876));
#7523=CARTESIAN_POINT('Ctrl Pts',(20.2711905050369,2.48250485668997E-15,
196.900383654098));
#7524=CARTESIAN_POINT('Ctrl Pts',(20.349218609603,2.49206054354001E-15,
196.302189628647));
#7525=CARTESIAN_POINT('Ctrl Pts',(20.4270485992821,2.50159196831382E-15,
195.70372801944));
#7526=CARTESIAN_POINT('Ctrl Pts',(20.5046799832324,2.51109907090063E-15,
195.105006197213));
#7527=CARTESIAN_POINT('Ctrl Pts',(20.5821122708087,2.52058179121374E-15,
194.506031518005));
#7528=CARTESIAN_POINT('Ctrl Pts',(20.6593449715481,2.53004006918873E-15,
193.906811323643));
#7529=CARTESIAN_POINT('Ctrl Pts',(20.7363775951551,2.53947384478176E-15,
193.307352942225));
#7530=CARTESIAN_POINT('Ctrl Pts',(20.8132096514868,2.54888305796761E-15,
192.707663688579));
#7531=CARTESIAN_POINT('Ctrl Pts',(20.8898406505383,2.558267648738E-15,192.107750864726));
#7532=CARTESIAN_POINT('Ctrl Pts',(20.9662701024276,2.56762755709968E-15,
191.507621760336));
#7533=CARTESIAN_POINT('Ctrl Pts',(21.0424975173824,2.57696272307285E-15,
190.907283653193));
#7534=CARTESIAN_POINT('Ctrl Pts',(21.1185224057262,2.58627308668942E-15,
190.306743809653));
#7535=CARTESIAN_POINT('Ctrl Pts',(21.1943442778653,2.59555858799148E-15,
189.70600948511));
#7536=CARTESIAN_POINT('Ctrl Pts',(21.2699626442748,2.60481916702949E-15,
189.105087924438));
#7537=CARTESIAN_POINT('Ctrl Pts',(21.3453770154837,2.61405476386056E-15,
188.503986362428));
#7538=CARTESIAN_POINT('Ctrl Pts',(21.4205869020615,2.62326531854673E-15,
187.902712024226));
#7539=CARTESIAN_POINT('Ctrl Pts',(21.495591814604,2.63245077115328E-15,
187.301272125771));
#7540=CARTESIAN_POINT('Ctrl Pts',(21.5703912637208,2.64161106174717E-15,
186.69967387424));
#7541=CARTESIAN_POINT('Ctrl Pts',(21.6449847600226,2.6507461303955E-15,
186.097924468491));
#7542=CARTESIAN_POINT('Ctrl Pts',(21.7193718141099,2.65985591716409E-15,
185.496031099506));
#7543=CARTESIAN_POINT('Ctrl Pts',(21.793551936558,2.66894036211573E-15,
184.894000950819));
#7544=CARTESIAN_POINT('Ctrl Pts',(21.8675246379042,2.67799940530853E-15,
184.291841198938));
#7545=CARTESIAN_POINT('Ctrl Pts',(21.9412894286346,2.6870329867943E-15,
183.689559013774));
#7546=CARTESIAN_POINT('Ctrl Pts',(22.0148458191711,2.69604104661704E-15,
183.087161559063));
#7547=CARTESIAN_POINT('Ctrl Pts',(22.0881933198598,2.70502352481142E-15,
182.484655992794));
#7548=CARTESIAN_POINT('Ctrl Pts',(22.1613314409586,2.71398036140135E-15,
181.882049467635));
#7549=CARTESIAN_POINT('Ctrl Pts',(22.2342596926255,2.72291149639849E-15,
181.279349131354));
#7550=CARTESIAN_POINT('Ctrl Pts',(22.3069775849052,2.7318168698006E-15,
180.67656212724));
#7551=CARTESIAN_POINT('Ctrl Pts',(22.3794846277163,2.74069642159001E-15,
180.073695594514));
#7552=CARTESIAN_POINT('Ctrl Pts',(22.4517803308389,2.74955009173213E-15,
179.47075666875));
#7553=CARTESIAN_POINT('Ctrl Pts',(22.5238642039033,2.75837782017398E-15,
178.867752482293));
#7554=CARTESIAN_POINT('Ctrl Pts',(22.5957357563784,2.76717954684282E-15,
178.264690164676));
#7555=CARTESIAN_POINT('Ctrl Pts',(22.6673944975604,2.77595521164477E-15,
177.66157684304));
#7556=CARTESIAN_POINT('Ctrl Pts',(22.7388399365602,2.78470475446325E-15,
177.058419642548));
#7557=CARTESIAN_POINT('Ctrl Pts',(22.8100715822909,2.79342811515746E-15,
176.455225686795));
#7558=CARTESIAN_POINT('Ctrl Pts',(22.8810889434564,2.80212523356098E-15,
175.852002098226));
#7559=CARTESIAN_POINT('Ctrl Pts',(22.9518915285392,2.81079604948028E-15,
175.248755998545));
#7560=CARTESIAN_POINT('Ctrl Pts',(23.0224788457891,2.81944050269333E-15,
174.645494509125));
#7561=CARTESIAN_POINT('Ctrl Pts',(23.0928504032133,2.82805853294838E-15,
174.04222475143));
#7562=CARTESIAN_POINT('Ctrl Pts',(23.1630057085643,2.83665007996252E-15,
173.438953847419));
#7563=CARTESIAN_POINT('Ctrl Pts',(23.2329442693279,2.84521508342013E-15,
172.835688919966));
#7564=CARTESIAN_POINT('Ctrl Pts',(23.302665592711,2.85375348297147E-15,
172.232437093273));
#7565=CARTESIAN_POINT('Ctrl Pts',(23.3721691856311,2.86226521823135E-15,
171.629205493289));
#7566=CARTESIAN_POINT('Ctrl Pts',(23.4414545547045,2.8707502287777E-15,
171.026001248118));
#7567=CARTESIAN_POINT('Ctrl Pts',(23.5105212062365,2.87920845415035E-15,
170.422831488434));
#7568=CARTESIAN_POINT('Ctrl Pts',(23.5793686462109,2.88763983384977E-15,
169.819703347897));
#7569=CARTESIAN_POINT('Ctrl Pts',(23.6479963802775,2.89604430733551E-15,
169.216623963569));
#7570=CARTESIAN_POINT('Ctrl Pts',(23.7164039137409,2.90442181402485E-15,
168.613600476334));
#7571=CARTESIAN_POINT('Ctrl Pts',(23.784590751549,2.91277229329142E-15,
168.010640031318));
#7572=CARTESIAN_POINT('Ctrl Pts',(23.8525563982821,2.92109568446379E-15,
167.407749778305));
#7573=CARTESIAN_POINT('Ctrl Pts',(23.920300358143,2.92939192682431E-15,
166.804936872161));
#7574=CARTESIAN_POINT('Ctrl Pts',(23.9878221349471,2.93766095960789E-15,
166.202208473248));
#7575=CARTESIAN_POINT('Ctrl Pts',(24.055121232111,2.94590272200063E-15,
165.599571747855));
#7576=CARTESIAN_POINT('Ctrl Pts',(24.1221971526413,2.95411715313836E-15,
164.997033868623));
#7577=CARTESIAN_POINT('Ctrl Pts',(24.189049399123,2.96230419210532E-15,
164.394602014973));
#7578=CARTESIAN_POINT('Ctrl Pts',(24.255677473709,2.97046377793283E-15,
163.792283373538));
#7579=CARTESIAN_POINT('Ctrl Pts',(24.3220808781097,2.97859584959801E-15,
163.190085138594));
#7580=CARTESIAN_POINT('Ctrl Pts',(24.3882591135836,2.98670034602265E-15,
162.588014512484));
#7581=CARTESIAN_POINT('Ctrl Pts',(24.4542116809275,2.99477720607196E-15,
161.986078706053));
#7582=CARTESIAN_POINT('Ctrl Pts',(24.5199380804642,3.00282636855317E-15,
161.384284939093));
#7583=CARTESIAN_POINT('Ctrl Pts',(24.5854378120319,3.01084777221412E-15,
160.782640440777));
#7584=CARTESIAN_POINT('Ctrl Pts',(24.6507103749732,3.01884135574194E-15,
160.181152450112));
#7585=CARTESIAN_POINT('Ctrl Pts',(24.7157552681246,3.02680705776182E-15,
159.579828216375));
#7586=CARTESIAN_POINT('Ctrl Pts',(24.7805719898072,3.0347448168358E-15,
158.978674999564));
#7587=CARTESIAN_POINT('Ctrl Pts',(24.845160037817,3.04265457146164E-15,
158.377700070842));
#7588=CARTESIAN_POINT('Ctrl Pts',(24.909518909415,3.05053626007155E-15,
157.776910712991));
#7589=CARTESIAN_POINT('Ctrl Pts',(24.9736481013151,3.05838982103079E-15,
157.176314220882));
#7590=CARTESIAN_POINT('Ctrl Pts',(25.037547109674,3.06621519263633E-15,
156.575917901933));
#7591=CARTESIAN_POINT('Ctrl Pts',(25.1012154300808,3.07401231311566E-15,
155.975729076578));
#7592=CARTESIAN_POINT('Ctrl Pts',(25.1646525575467,3.08178112062548E-15,
155.375755078728));
#7593=CARTESIAN_POINT('Ctrl Pts',(25.2278579864962,3.08952155325065E-15,
154.776003256238));
#7594=CARTESIAN_POINT('Ctrl Pts',(25.2908312107572,3.09723354900297E-15,
154.176480971368));
#7595=CARTESIAN_POINT('Ctrl Pts',(25.3535717235498,3.10491704581982E-15,
153.577195601281));
#7596=CARTESIAN_POINT('Ctrl Pts',(25.4160790174755,3.11257198156276E-15,
152.97815453853));
#7597=CARTESIAN_POINT('Ctrl Pts',(25.4783525845065,3.12019829401636E-15,
152.379365191554));
#7598=CARTESIAN_POINT('Ctrl Pts',(25.5403919159767,3.12779592088698E-15,
151.780834985168));
#7599=CARTESIAN_POINT('Ctrl Pts',(25.6021965025713,3.13536479980155E-15,
151.182571361051));
#7600=CARTESIAN_POINT('Ctrl Pts',(25.6637658343187,3.14290486830656E-15,
150.584581778239));
#7601=CARTESIAN_POINT('Ctrl Pts',(25.7250994005801,3.15041606386679E-15,
149.98687371363));
#7602=CARTESIAN_POINT('Ctrl Pts',(25.7861966900378,3.15789832386389E-15,
149.389454662518));
#7603=CARTESIAN_POINT('Ctrl Pts',(25.8470571906854,3.16535158559515E-15,
148.792332139112));
#7604=CARTESIAN_POINT('Ctrl Pts',(25.9076803898173,3.17277578627224E-15,
148.195513677058));
#7605=CARTESIAN_POINT('Ctrl Pts',(25.9680657740186,3.18017086301999E-15,
147.59900682997));
#7606=CARTESIAN_POINT('Ctrl Pts',(26.0282128291573,3.18753675287535E-15,
147.002819171942));
#7607=CARTESIAN_POINT('Ctrl Pts',(26.088121040374,3.19487339278628E-15,
146.406958298088));
#7608=CARTESIAN_POINT('Ctrl Pts',(26.1477898920719,3.20218071961034E-15,
145.811431825106));
#7609=CARTESIAN_POINT('Ctrl Pts',(26.2072188679054,3.20945867011344E-15,
145.216247391843));
#7610=CARTESIAN_POINT('Ctrl Pts',(26.2664074507704,3.21670718096861E-15,
144.621412659862));
#7611=CARTESIAN_POINT('Ctrl Pts',(26.3253551227952,3.22392618875485E-15,
144.026935314002));
#7612=CARTESIAN_POINT('Ctrl Pts',(26.3840613653306,3.23111562995594E-15,
143.432823062949));
#7613=CARTESIAN_POINT('Ctrl Pts',(26.4425256589416,3.23827544095946E-15,
142.839083639786));
#7614=CARTESIAN_POINT('Ctrl Pts',(26.5007474833967,3.2454055580554E-15,
142.245724802606));
#7615=CARTESIAN_POINT('Ctrl Pts',(26.5587263176568,3.2525059174349E-15,
141.65275433512));
#7616=CARTESIAN_POINT('Ctrl Pts',(26.6164616398654,3.25957645518895E-15,
141.060180047276));
#7617=CARTESIAN_POINT('Ctrl Pts',(26.6739529273383,3.2666171073072E-15,
140.468009775865));
#7618=CARTESIAN_POINT('Ctrl Pts',(26.7311996565547,3.27362780967686E-15,
139.876251385143));
#7619=CARTESIAN_POINT('Ctrl Pts',(26.7882013031492,3.28060849808166E-15,
139.284912767432));
#7620=CARTESIAN_POINT('Ctrl Pts',(26.8449573419018,3.28755910820073E-15,
138.694001843764));
#7621=CARTESIAN_POINT('Ctrl Pts',(26.9014672467275,3.29447957560722E-15,
138.103526564554));
#7622=CARTESIAN_POINT('Ctrl Pts',(26.9577304906652,3.30136983576702E-15,
137.513494910272));
#7623=CARTESIAN_POINT('Ctrl Pts',(27.0137465458688,3.3082298240376E-15,
136.923914892118));
#7624=CARTESIAN_POINT('Ctrl Pts',(27.069514883597,3.31505947566687E-15,
136.334794552688));
#7625=CARTESIAN_POINT('Ctrl Pts',(27.1250349742052,3.32185872579204E-15,
135.746141966648));
#7626=CARTESIAN_POINT('Ctrl Pts',(27.1803062871362,3.3286275094386E-15,
135.157965241409));
#7627=CARTESIAN_POINT('Ctrl Pts',(27.2353282909097,3.335365761519E-15,134.57027251787));
#7628=CARTESIAN_POINT('Ctrl Pts',(27.2901004531123,3.34207341683137E-15,
133.983071971157));
#7629=CARTESIAN_POINT('Ctrl Pts',(27.3446222403866,3.34875041005829E-15,
133.39637181137));
#7630=CARTESIAN_POINT('Ctrl Pts',(27.3988931184228,3.35539667576569E-15,
132.810180284316));
#7631=CARTESIAN_POINT('Ctrl Pts',(27.4529125519494,3.3620121484017E-15,
132.22450567226));
#7632=CARTESIAN_POINT('Ctrl Pts',(27.5066800047255,3.36859676229576E-15,
131.639356294654));
#7633=CARTESIAN_POINT('Ctrl Pts',(27.5601949395302,3.37515045165727E-15,
131.05474050895));
#7634=CARTESIAN_POINT('Ctrl Pts',(27.6134568181519,3.38167315057434E-15,
130.470666711427));
#7635=CARTESIAN_POINT('Ctrl Pts',(27.6664651013788,3.38816479301255E-15,
129.887143338018));
#7636=CARTESIAN_POINT('Ctrl Pts',(27.7192192489887,3.39462531281378E-15,
129.304178865133));
#7637=CARTESIAN_POINT('Ctrl Pts',(27.771718719741,3.40105464369515E-15,
128.721781810491));
#7638=CARTESIAN_POINT('Ctrl Pts',(27.8239629713678,3.40745271924801E-15,
128.139960733928));
#7639=CARTESIAN_POINT('Ctrl Pts',(27.875951460565,3.41381947293679E-15,
127.558724238271));
#7640=CARTESIAN_POINT('Ctrl Pts',(27.9276836429816,3.42015483809773E-15,
126.978080970274));
#7641=CARTESIAN_POINT('Ctrl Pts',(27.9791589732099,3.42645874793765E-15,
126.398039621539));
#7642=CARTESIAN_POINT('Ctrl Pts',(28.0303769047759,3.43273113553277E-15,
125.818608929441));
#7643=CARTESIAN_POINT('Ctrl Pts',(28.0813368901301,3.43897193382763E-15,
125.239797678058));
#7644=CARTESIAN_POINT('Ctrl Pts',(28.1320383806395,3.44518107563407E-15,
124.661614699091));
#7645=CARTESIAN_POINT('Ctrl Pts',(28.1824808265793,3.45135849363019E-15,
124.084068872812));
#7646=CARTESIAN_POINT('Ctrl Pts',(28.232663677122,3.45750412035912E-15,
123.507169129116));
#7647=CARTESIAN_POINT('Ctrl Pts',(28.282586380328,3.46361788822772E-15,
122.930924448566));
#7648=CARTESIAN_POINT('Ctrl Pts',(28.3322483831356,3.46969972950548E-15,
122.355343863434));
#7649=CARTESIAN_POINT('Ctrl Pts',(28.3816491313525,3.47574957632341E-15,
121.780436458751));
#7650=CARTESIAN_POINT('Ctrl Pts',(28.4307880696475,3.48176736067305E-15,
121.206211373349));
#7651=CARTESIAN_POINT('Ctrl Pts',(28.4796646415425,3.48775301440551E-15,
120.632677800905));
#7652=CARTESIAN_POINT('Ctrl Pts',(28.5282782894025,3.49370646923016E-15,
120.05984499113));
#7653=CARTESIAN_POINT('Ctrl Pts',(28.5766284544253,3.49962765671352E-15,
119.487722250957));
#7654=CARTESIAN_POINT('Ctrl Pts',(28.624714576633,3.50551650827802E-15,
118.91631894573));
#7655=CARTESIAN_POINT('Ctrl Pts',(28.6725360948627,3.51137295520105E-15,
118.345644500387));
#7656=CARTESIAN_POINT('Ctrl Pts',(28.720092446758,3.51719692861383E-15,
117.775708400659));
#7657=CARTESIAN_POINT('Ctrl Pts',(28.7673830687625,3.52298835950058E-15,
117.206520194233));
#7658=CARTESIAN_POINT('Ctrl Pts',(28.8144073961091,3.52874717869729E-15,
116.638089492102));
#7659=CARTESIAN_POINT('Ctrl Pts',(28.861164862811,3.53447331689055E-15,
116.070425969922));
#7660=CARTESIAN_POINT('Ctrl Pts',(28.9076549016523,3.54016670461648E-15,
115.503539369376));
#7661=CARTESIAN_POINT('Ctrl Pts',(28.9538769441801,3.54582727225965E-15,
114.93743949953));
#7662=CARTESIAN_POINT('Ctrl Pts',(28.9998304206954,3.55145495005207E-15,
114.372136238199));
#7663=CARTESIAN_POINT('Ctrl Pts',(29.0455147602471,3.55704966807239E-15,
113.807639533285));
#7664=CARTESIAN_POINT('Ctrl Pts',(29.0909293906223,3.56261135624472E-15,
113.243959404291));
#7665=CARTESIAN_POINT('Ctrl Pts',(29.1360737383369,3.56813994433755E-15,
112.681105943903));
#7666=CARTESIAN_POINT('Ctrl Pts',(29.180947228627,3.57363536196259E-15,
112.119089319553));
#7667=CARTESIAN_POINT('Ctrl Pts',(29.2255492854407,3.57909753857382E-15,
111.557919774981));
#7668=CARTESIAN_POINT('Ctrl Pts',(29.2698793314302,3.58452640346653E-15,
110.997607631817));
#7669=CARTESIAN_POINT('Ctrl Pts',(29.3139367879452,3.58992188577649E-15,
110.438163291114));
#7670=CARTESIAN_POINT('Ctrl Pts',(29.3577210750243,3.59528391447893E-15,
109.879597235087));
#7671=CARTESIAN_POINT('Ctrl Pts',(29.4012316113865,3.60061241838745E-15,
109.321920028956));
#7672=CARTESIAN_POINT('Ctrl Pts',(29.4444678144227,3.60590732615301E-15,
108.765142322755));
#7673=CARTESIAN_POINT('Ctrl Pts',(29.4874291001882,3.61116856626299E-15,
108.209274853144));
#7674=CARTESIAN_POINT('Ctrl Pts',(29.5301148833953,3.61639606704036E-15,
107.654328445244));
#7675=CARTESIAN_POINT('Ctrl Pts',(29.5725245774072,3.62158975664281E-15,
107.100314014414));
#7676=CARTESIAN_POINT('Ctrl Pts',(29.6146575942298,3.62674956306184E-15,
106.547242568279));
#7677=CARTESIAN_POINT('Ctrl Pts',(29.6565133445036,3.6318754141217E-15,
105.995125208878));
#7678=CARTESIAN_POINT('Ctrl Pts',(29.6980912374952,3.63696723747846E-15,
105.443973134778));
#7679=CARTESIAN_POINT('Ctrl Pts',(29.7393906810917,3.64202496061915E-15,
104.893797643195));
#7680=CARTESIAN_POINT('Ctrl Pts',(29.7804110817931,3.64704851086103E-15,
104.34461013213));
#7681=CARTESIAN_POINT('Ctrl Pts',(29.8211518447074,3.65203781535081E-15,
103.79642210245));
#7682=CARTESIAN_POINT('Ctrl Pts',(29.8616123735434,3.6569928010639E-15,
103.249245160294));
#7683=CARTESIAN_POINT('Ctrl Pts',(29.901792070603,3.66191339480337E-15,
102.703091019588));
#7684=CARTESIAN_POINT('Ctrl Pts',(29.9416903367747,3.66679952319923E-15,
102.15797150454));
#7685=CARTESIAN_POINT('Ctrl Pts',(29.9813065715269,3.6716511127076E-15,
101.613898552125));
#7686=CARTESIAN_POINT('Ctrl Pts',(30.020640172903,3.67646808961001E-15,
101.070884214602));
#7687=CARTESIAN_POINT('Ctrl Pts',(30.0596905375158,3.68125038001287E-15,
100.528940661966));
#7688=CARTESIAN_POINT('Ctrl Pts',(30.0984570605412,3.68599790984658E-15,
99.9880801848519));
#7689=CARTESIAN_POINT('Ctrl Pts',(30.1369391357125,3.6907106048649E-15,
99.4483151975027));
#7690=CARTESIAN_POINT('Ctrl Pts',(30.1751361553149,3.6953883906442E-15,
98.9096582407188));
#7691=CARTESIAN_POINT('Ctrl Pts',(30.2130475101801,3.7000311925829E-15,
98.3721219848182));
#7692=CARTESIAN_POINT('Ctrl Pts',(30.2506725896821,3.70463893590088E-15,
97.8357192325869));
#7693=CARTESIAN_POINT('Ctrl Pts',(30.2880107817332,3.70921154563901E-15,
97.3004629222476));
#7694=CARTESIAN_POINT('Ctrl Pts',(30.3250614727785,3.71374894665849E-15,
96.7663661309934));
#7695=CARTESIAN_POINT('Ctrl Pts',(30.3618240477915,3.7182510636403E-15,
96.2334420785142));
#7696=CARTESIAN_POINT('Ctrl Pts',(30.3982978902701,3.72271782108471E-15,
95.7017041305158));
#7697=CARTESIAN_POINT('Ctrl Pts',(30.434482382233,3.72714914331082E-15,
95.1711658022679));
#7698=CARTESIAN_POINT('Ctrl Pts',(30.4703769042167,3.73154495445624E-15,
94.6418407620768));
#7699=CARTESIAN_POINT('Ctrl Pts',(30.5059808352725,3.7359051784767E-15,
94.1137428349946));
#7700=CARTESIAN_POINT('Ctrl Pts',(30.5412935529639,3.74022973914569E-15,
93.5868860071376));
#7701=CARTESIAN_POINT('Ctrl Pts',(30.576314433363,3.74451856005411E-15,
93.0612844298987));
#7702=CARTESIAN_POINT('Ctrl Pts',(30.611042851049,3.74877156460997E-15,
92.5369524241816));
#7703=CARTESIAN_POINT('Ctrl Pts',(30.6454781791061,3.75298867603824E-15,
92.0139044846783));
#7704=CARTESIAN_POINT('Ctrl Pts',(30.6796197891226,3.75716981738068E-15,
91.4921552839996));
#7705=CARTESIAN_POINT('Ctrl Pts',(30.7134670511898,3.76131491149573E-15,
90.9717196774838));
#7706=CARTESIAN_POINT('Ctrl Pts',(30.7470193339007,3.76542388105833E-15,
90.4526127084259));
#7707=CARTESIAN_POINT('Ctrl Pts',(30.7802760043503,3.76949664855997E-15,
89.9348496131784));
#7708=CARTESIAN_POINT('Ctrl Pts',(30.8132364281352,3.77353313630864E-15,
89.4184458263098));
#7709=CARTESIAN_POINT('Ctrl Pts',(30.8458999693545,3.77753326642894E-15,
88.9034169857316));
#7710=CARTESIAN_POINT('Ctrl Pts',(30.8782659906114,3.78149696086228E-15,
88.3897789378655));
#7711=CARTESIAN_POINT('Ctrl Pts',(30.9103338530145,3.78542414136702E-15,
87.8775477439278));
#7712=CARTESIAN_POINT('Ctrl Pts',(30.9421029161801,3.7893147295188E-15,
87.3667396862107));
#7713=CARTESIAN_POINT('Ctrl Pts',(30.9735725382349,3.79316864671077E-15,
86.8573712743304));
#7714=CARTESIAN_POINT('Ctrl Pts',(31.0047420758186,3.79698581415405E-15,
86.3494592515757));
#7715=CARTESIAN_POINT('Ctrl Pts',(31.0356108840886,3.80076615287818E-15,
85.8430206010089));
#7716=CARTESIAN_POINT('Ctrl Pts',(31.0661783167239,3.80450958373168E-15,
85.3380725525073));
#7717=CARTESIAN_POINT('Ctrl Pts',(31.0964437259308,3.8082160273827E-15,
84.8346325906927));
#7718=CARTESIAN_POINT('Ctrl Pts',(31.1264064624487,3.81188540431972E-15,
84.3327184626083));
#7719=CARTESIAN_POINT('Ctrl Pts',(31.1560658755561,3.81551763485239E-15,
83.8323481855237));
#7720=CARTESIAN_POINT('Ctrl Pts',(31.1854213130786,3.81911263911234E-15,
83.3335400546371));
#7721=CARTESIAN_POINT('Ctrl Pts',(31.2144721213965,3.82267033705425E-15,
82.8363126509729));
#7722=CARTESIAN_POINT('Ctrl Pts',(31.2432176454538,3.82619064845691E-15,
82.3406848510907));
#7723=CARTESIAN_POINT('Ctrl Pts',(31.2716572287691,3.82967349292453E-15,
81.8466758366899));
#7724=CARTESIAN_POINT('Ctrl Pts',(31.2997902134456,3.83311878988798E-15,
81.3543051042053));
#7725=CARTESIAN_POINT('Ctrl Pts',(31.3276159401827,3.83652645860624E-15,
80.8635924745303));
#7726=CARTESIAN_POINT('Ctrl Pts',(31.355133748288,3.8398964181678E-15,80.3745581023806));
#7727=CARTESIAN_POINT('Ctrl Pts',(31.3823429756913,3.84322858749248E-15,
79.887222487939));
#7728=CARTESIAN_POINT('Ctrl Pts',(31.4092429589613,3.84652288533335E-15,
79.4016064892423));
#7729=CARTESIAN_POINT('Ctrl Pts',(31.4358330333211,3.84977923027873E-15,
78.9177313342463));
#7730=CARTESIAN_POINT('Ctrl Pts',(31.4621125326659,3.85299754075431E-15,
78.4356186332041));
#7731=CARTESIAN_POINT('Ctrl Pts',(31.4880807895795,3.85617773502518E-15,
77.9552903904876));
#7732=CARTESIAN_POINT('Ctrl Pts',(31.5137371353549,3.85931973119835E-15,
77.4767690184024));
#7733=CARTESIAN_POINT('Ctrl Pts',(31.5390809000175,3.86242344722559E-15,
77.0000773528966));
#7734=CARTESIAN_POINT('Ctrl Pts',(31.5641114123482,3.86548880090626E-15,
76.5252386686455));
#7735=CARTESIAN_POINT('Ctrl Pts',(31.5888279999074,3.86851570989028E-15,
76.0522766946295));
#7736=CARTESIAN_POINT('Ctrl Pts',(31.6132299890592,3.87150409168104E-15,
75.5812156289552));
#7737=CARTESIAN_POINT('Ctrl Pts',(31.637316704999,3.87445386363881E-15,
75.1120801559279));
#7738=CARTESIAN_POINT('Ctrl Pts',(31.661087471787,3.87736494298483E-15,
74.644895466933));
#7739=CARTESIAN_POINT('Ctrl Pts',(31.6845416123806,3.88023724680531E-15,
74.1796872803674));
#7740=CARTESIAN_POINT('Ctrl Pts',(31.7076784486691,3.88307069205562E-15,
73.7164818621643));
#7741=CARTESIAN_POINT('Ctrl Pts',(31.7304973015069,3.88586519556441E-15,
73.255306045586));
#7742=CARTESIAN_POINT('Ctrl Pts',(31.7529974907511,3.88862067403822E-15,
72.7961872529931));
#7743=CARTESIAN_POINT('Ctrl Pts',(31.7751783353066,3.89133704406696E-15,
72.3391535217024));
#7744=CARTESIAN_POINT('Ctrl Pts',(31.79703915317,3.89401422212927E-15,71.8842335287304));
#7745=CARTESIAN_POINT('Ctrl Pts',(31.8185792614747,3.89665212459814E-15,
71.4314566165544));
#7746=CARTESIAN_POINT('Ctrl Pts',(31.8397979765362,3.89925066774634E-15,
70.9808528171));
#7747=CARTESIAN_POINT('Ctrl Pts',(31.8606946139031,3.90180976775278E-15,
70.5324528813118));
#7748=CARTESIAN_POINT('Ctrl Pts',(31.8812684884231,3.90432934071047E-15,
70.0862883170777));
#7749=CARTESIAN_POINT('Ctrl Pts',(31.9015189143038,3.90680930263409E-15,
69.6423914250519));
#7750=CARTESIAN_POINT('Ctrl Pts',(31.9214452051786,3.90924956946797E-15,
69.2007953356159));
#7751=CARTESIAN_POINT('Ctrl Pts',(31.9410466741691,3.91165005709374E-15,
68.76153404469));
#7752=CARTESIAN_POINT('Ctrl Pts',(31.9603226339577,3.9140106813393E-15,
68.3246424531588));
#7753=CARTESIAN_POINT('Ctrl Pts',(31.979272396867,3.91633135798844E-15,
67.8901564089455));
#7754=CARTESIAN_POINT('Ctrl Pts',(31.9978952749375,3.91861200279044E-15,
67.4581127478943));
#7755=CARTESIAN_POINT('Ctrl Pts',(32.0161905800082,3.92085253146987E-15,
67.028549336135));
#7756=CARTESIAN_POINT('Ctrl Pts',(32.0341576237937,3.92305285973608E-15,
66.6015051092554));
#7757=CARTESIAN_POINT('Ctrl Pts',(32.0517957180029,3.9252129032977E-15,
66.1770201450573));
#7758=CARTESIAN_POINT('Ctrl Pts',(32.0691041744631,3.92733257787792E-15,
65.7551357409306));
#7759=CARTESIAN_POINT('Ctrl Pts',(32.0860823052437,3.92941179922953E-15,
65.3358944888325));
#7760=CARTESIAN_POINT('Ctrl Pts',(32.1027294227807,3.93145048315019E-15,
64.9193403531231));
#7761=CARTESIAN_POINT('Ctrl Pts',(32.119044840001,3.93344854549776E-15,
64.505518741467));
#7762=CARTESIAN_POINT('Ctrl Pts',(32.1350278704481,3.93540590220553E-15,
64.0944765617478));
#7763=CARTESIAN_POINT('Ctrl Pts',(32.1506778284044,3.93732246929733E-15,
63.6862622794223));
#7764=CARTESIAN_POINT('Ctrl Pts',(32.1659940290219,3.93919816290345E-15,
63.2809259796076));
#7765=CARTESIAN_POINT('Ctrl Pts',(32.1809757884361,3.94103289927468E-15,
62.8785194143828));
#7766=CARTESIAN_POINT('Ctrl Pts',(32.1956224240254,3.94282659481395E-15,
62.4790961879782));
#7767=CARTESIAN_POINT('Ctrl Pts',(32.2099332546996,3.94457916611177E-15,
62.0827119717877));
#7768=CARTESIAN_POINT('Ctrl Pts',(32.2239076011707,3.94629052997938E-15,
61.6894246975075));
#7769=CARTESIAN_POINT('Ctrl Pts',(32.2375447862536,3.94796060348549E-15,
61.2992947871821));
#7770=CARTESIAN_POINT('Ctrl Pts',(32.2508441350642,3.94958930398066E-15,
60.9123852502109));
#7771=CARTESIAN_POINT('Ctrl Pts',(32.2638049751067,3.95117654910789E-15,
60.5287616393899));
#7772=CARTESIAN_POINT('Ctrl Pts',(32.2764266364258,3.95272225682132E-15,
60.148492081217));
#7773=CARTESIAN_POINT('Ctrl Pts',(32.2887084516575,3.95422634539244E-15,
59.7716471960999));
#7774=CARTESIAN_POINT('Ctrl Pts',(32.3006497563823,3.95568873345333E-15,
59.3983003369546));
#7775=CARTESIAN_POINT('Ctrl Pts',(32.312249890102,3.95710934011629E-15,
59.0285284875623));
#7776=CARTESIAN_POINT('Ctrl Pts',(32.3235081970302,3.95848808507062E-15,
58.6624129567716));
#7777=CARTESIAN_POINT('Ctrl Pts',(32.3344240270779,3.95982488870342E-15,
58.3000402936128));
#7778=CARTESIAN_POINT('Ctrl Pts',(32.3449967363517,3.96111967216047E-15,
57.9415026394569));
#7779=CARTESIAN_POINT('Ctrl Pts',(32.3552256863819,3.96237235725178E-15,
57.5868966270106));
#7780=CARTESIAN_POINT('Ctrl Pts',(32.3651102438417,3.9635828664172E-15,
57.236322827802));
#7781=CARTESIAN_POINT('Ctrl Pts',(32.3746497795429,3.96475112260338E-15,
56.8898844048364));
#7782=CARTESIAN_POINT('Ctrl Pts',(32.3838436697199,3.96587704942107E-15,
56.5476882606236));
#7783=CARTESIAN_POINT('Ctrl Pts',(32.3926913007014,3.96696057171723E-15,
56.2098498889415));
#7784=CARTESIAN_POINT('Ctrl Pts',(32.4011920721167,3.96800161596764E-15,
55.8764966068519));
#7785=CARTESIAN_POINT('Ctrl Pts',(32.4093454021663,3.9690001109224E-15,
55.5477730876841));
#7786=CARTESIAN_POINT('Ctrl Pts',(32.4171507236398,3.96995598711827E-15,
55.223836539117));
#7787=CARTESIAN_POINT('Ctrl Pts',(32.4246074774055,3.9708691760814E-15,
54.9048490346716));
#7788=CARTESIAN_POINT('Ctrl Pts',(32.4317151053535,3.971739609463E-15,54.5909692621554));
#7789=CARTESIAN_POINT('Ctrl Pts',(32.4384730477247,3.97256721871238E-15,
54.2823490962016));
#7790=CARTESIAN_POINT('Ctrl Pts',(32.4448807705339,3.97335193843519E-15,
53.9791633881234));
#7791=CARTESIAN_POINT('Ctrl Pts',(32.450937784283,3.97409370868521E-15,
53.681630107253));
#7792=CARTESIAN_POINT('Ctrl Pts',(32.4566436765422,3.97479247895436E-15,
53.3900458788514));
#7793=CARTESIAN_POINT('Ctrl Pts',(32.4619980664335,3.97544820259854E-15,
53.1047346860038));
#7794=CARTESIAN_POINT('Ctrl Pts',(32.4670005626928,3.9760608317017E-15,
52.8260004601729));
#7795=CARTESIAN_POINT('Ctrl Pts',(32.4716506831948,3.97663030722054E-15,
52.554037022645));
#7796=CARTESIAN_POINT('Ctrl Pts',(32.4759479605493,3.97715657191627E-15,
52.2890440186394));
#7797=CARTESIAN_POINT('Ctrl Pts',(32.4798921011579,3.97763958983344E-15,
52.0314019181783));
#7798=CARTESIAN_POINT('Ctrl Pts',(32.483483204264,3.97807937312587E-15,
51.7819137036416));
#7799=CARTESIAN_POINT('Ctrl Pts',(32.4867215160601,3.97847595194345E-15,
51.5415303418369));
#7800=CARTESIAN_POINT('Ctrl Pts',(32.4896069399263,3.97882931445363E-15,
51.3108054590304));
#7801=CARTESIAN_POINT('Ctrl Pts',(32.492138702697,3.97913936597098E-15,
51.0895233841552));
#7802=CARTESIAN_POINT('Ctrl Pts',(32.4943164834801,3.9794060671975E-15,
50.8779468720075));
#7803=CARTESIAN_POINT('Ctrl Pts',(32.4961423003421,3.97962966527508E-15,
50.6789065321521));
#7804=CARTESIAN_POINT('Ctrl Pts',(32.4976195170583,3.9798105721474E-15,
50.4966927915067));
#7805=CARTESIAN_POINT('Ctrl Pts',(32.4987476450844,3.97994872798502E-15,
50.3312868698909));
#7806=CARTESIAN_POINT('Ctrl Pts',(32.4995220450891,3.98004356463373E-15,
50.1780158194975));
#7807=CARTESIAN_POINT('Ctrl Pts',(32.4998695815805,3.98008612557889E-15,
50.0776390239125));
#7808=CARTESIAN_POINT('Ctrl Pts',(32.4999895251882,3.98010081443442E-15,
50.0286213744035));
#7809=CARTESIAN_POINT('Ctrl Pts',(32.5000069330491,3.98010294628254E-15,
50.0075969162389));
#7810=CARTESIAN_POINT('Ctrl Pts',(32.5,3.9801020972289E-15,50.));
#7811=CARTESIAN_POINT('Origin',(0.,0.,0.));
#7812=CARTESIAN_POINT('',(-30.85,-3.77803537536959E-15,0.));
#7813=CARTESIAN_POINT('',(-30.85,-3.77803537536959E-15,0.));
#7814=CARTESIAN_POINT('Origin',(0.,0.,0.));
#7815=CARTESIAN_POINT('Origin',(0.,0.,0.));
#7816=CARTESIAN_POINT('Origin',(32.5,3.9801020972289E-15,51.6));
#7817=CARTESIAN_POINT('',(30.8857572242565,-3.7824143723928E-15,51.5999999999999));
#7818=CARTESIAN_POINT('Ctrl Pts',(30.8857572242565,-1.11022302462516E-14,
51.6));
#7819=CARTESIAN_POINT('Ctrl Pts',(30.8857572242565,-2.32450509304496,51.6));
#7820=CARTESIAN_POINT('Ctrl Pts',(30.6233323869663,-4.64699593376368,51.6000000000001));
#7821=CARTESIAN_POINT('Ctrl Pts',(29.198477543315,-10.8422161309349,51.6000000000001));
#7822=CARTESIAN_POINT('Ctrl Pts',(27.540092933612,-14.5481278068825,51.6000000000001));
#7823=CARTESIAN_POINT('Ctrl Pts',(25.2181151730657,-17.8319002474136,51.6000000000001));
#7824=CARTESIAN_POINT('Ctrl Pts',(23.9034311051303,-19.691144286545,51.6000000000001));
#7825=CARTESIAN_POINT('Ctrl Pts',(22.3871563867473,-21.3993086530047,51.6000000000001));
#7826=CARTESIAN_POINT('Ctrl Pts',(19.0067621757208,-24.4511384910157,51.6000000000001));
#7827=CARTESIAN_POINT('Ctrl Pts',(17.1529862367375,-25.7854657718944,51.6000000000001));
#7828=CARTESIAN_POINT('Ctrl Pts',(11.666177241984,-28.8791455904774,51.6000000000001));
#7829=CARTESIAN_POINT('Ctrl Pts',(7.81057173177738,-30.1512804155999,51.6000000000001));
#7830=CARTESIAN_POINT('Ctrl Pts',(-0.171247267070271,-31.1460337097823,
51.6000000000001));
#7831=CARTESIAN_POINT('Ctrl Pts',(-4.22115021565483,-30.8591417951675,51.6000000000001));
#7832=CARTESIAN_POINT('Ctrl Pts',(-11.9830292250466,-28.7491174137408,51.6000000000001));
#7833=CARTESIAN_POINT('Ctrl Pts',(-15.6207974919732,-26.9461579300675,51.6000000000001));
#7834=CARTESIAN_POINT('Ctrl Pts',(-22.0004734150187,-22.0473107428646,51.6000000000001));
#7835=CARTESIAN_POINT('Ctrl Pts',(-24.6813878921213,-18.9982586885226,51.6000000000001));
#7836=CARTESIAN_POINT('Ctrl Pts',(-28.7235686034853,-12.04414165303,51.6000000000001));
#7837=CARTESIAN_POINT('Ctrl Pts',(-30.0461893869873,-8.20556182102522,51.6000000000001));
#7838=CARTESIAN_POINT('Ctrl Pts',(-31.1455990937727,-0.237483825468315,
51.6000000000001));
#7839=CARTESIAN_POINT('Ctrl Pts',(-30.9118770610347,3.81583516950827,51.6000000000001));
#7840=CARTESIAN_POINT('Ctrl Pts',(-28.9038902480777,11.6047348097427,51.6000000000001));
#7841=CARTESIAN_POINT('Ctrl Pts',(-27.1488229162282,15.2658493291615,51.6000000000001));
#7842=CARTESIAN_POINT('Ctrl Pts',(-22.3341153566141,21.709261450239,51.6000000000001));
#7843=CARTESIAN_POINT('Ctrl Pts',(-19.3205063573379,24.4299565200891,51.6000000000001));
#7844=CARTESIAN_POINT('Ctrl Pts',(-12.4200319479373,28.5630451438497,51.6000000000001));
#7845=CARTESIAN_POINT('Ctrl Pts',(-8.59913883421583,29.9359241178097,51.6000000000001));
#7846=CARTESIAN_POINT('Ctrl Pts',(-0.646174021025675,31.1398009083541,51.6000000000001));
#7847=CARTESIAN_POINT('Ctrl Pts',(3.40986300012823,30.9592890066573,51.6000000000001));
#7848=CARTESIAN_POINT('Ctrl Pts',(11.224441948352,29.0536855566631,51.6000000000001));
#7849=CARTESIAN_POINT('Ctrl Pts',(14.9082722414023,27.3468126159816,51.6000000000001));
#7850=CARTESIAN_POINT('Ctrl Pts',(21.4143109434502,22.6170738225484,51.6000000000001));
#7851=CARTESIAN_POINT('Ctrl Pts',(24.1743180763913,19.6394268505687,51.6000000000001));
#7852=CARTESIAN_POINT('Ctrl Pts',(28.3976028552424,12.7937833948097,51.6000000000001));
#7853=CARTESIAN_POINT('Ctrl Pts',(29.8205035967986,8.99123499363131,51.6000000000001));
#7854=CARTESIAN_POINT('Ctrl Pts',(30.7488668098907,3.35884290796296,51.6000000000001));
#7855=CARTESIAN_POINT('Ctrl Pts',(30.8857572242565,1.67889607765075,51.6));
#7856=CARTESIAN_POINT('Ctrl Pts',(30.8857572242565,-1.11022302462516E-14,
51.6));
#7857=CARTESIAN_POINT('',(-29.25,3.58209188750601E-15,51.6));
#7858=CARTESIAN_POINT('Origin',(0.,0.,51.6));
#7859=CARTESIAN_POINT('Ctrl Pts',(5.01202968017367E-10,6.13782471770941E-26,
296.527716238107));
#7860=CARTESIAN_POINT('Ctrl Pts',(5.01202968017367E-10,5.01202968017367E-10,
296.527716238107));
#7861=CARTESIAN_POINT('Ctrl Pts',(-6.13782471770941E-26,5.01202968017367E-10,
296.527716238107));
#7862=CARTESIAN_POINT('Ctrl Pts',(-5.01202968017367E-10,5.01202968017367E-10,
296.527716238107));
#7863=CARTESIAN_POINT('Ctrl Pts',(-5.01202968017367E-10,-6.13782471770941E-26,
296.527716238107));
#7864=CARTESIAN_POINT('Ctrl Pts',(-5.01202968017367E-10,-5.01202968017367E-10,
296.527716238107));
#7865=CARTESIAN_POINT('Ctrl Pts',(6.13782471770941E-26,-5.01202968017367E-10,
296.527716238107));
#7866=CARTESIAN_POINT('Ctrl Pts',(5.01202968017367E-10,-5.01202968017367E-10,
296.527716238107));
#7867=CARTESIAN_POINT('Ctrl Pts',(5.01202968017367E-10,6.13782471770941E-26,
296.527716238107));
#7868=CARTESIAN_POINT('Ctrl Pts',(0.625041730919036,7.65455355103527E-17,
294.906409626532));
#7869=CARTESIAN_POINT('Ctrl Pts',(0.625041730919036,0.625041730919036,294.906409626532));
#7870=CARTESIAN_POINT('Ctrl Pts',(-7.65455355103527E-17,0.625041730919036,
294.906409626532));
#7871=CARTESIAN_POINT('Ctrl Pts',(-0.625041730919036,0.625041730919036,
294.906409626532));
#7872=CARTESIAN_POINT('Ctrl Pts',(-0.625041730919036,-7.65455355103527E-17,
294.906409626532));
#7873=CARTESIAN_POINT('Ctrl Pts',(-0.625041730919036,-0.625041730919036,
294.906409626532));
#7874=CARTESIAN_POINT('Ctrl Pts',(7.65455355103527E-17,-0.625041730919036,
294.906409626532));
#7875=CARTESIAN_POINT('Ctrl Pts',(0.625041730919036,-0.625041730919036,
294.906409626532));
#7876=CARTESIAN_POINT('Ctrl Pts',(0.625041730919036,7.65455355103527E-17,
294.906409626532));
#7877=CARTESIAN_POINT('Ctrl Pts',(1.28345457798964,1.571778540786E-16,292.846668030811));
#7878=CARTESIAN_POINT('Ctrl Pts',(1.28345457798964,1.28345457798964,292.846668030811));
#7879=CARTESIAN_POINT('Ctrl Pts',(-1.571778540786E-16,1.28345457798964,
292.846668030811));
#7880=CARTESIAN_POINT('Ctrl Pts',(-1.28345457798964,1.28345457798964,292.846668030811));
#7881=CARTESIAN_POINT('Ctrl Pts',(-1.28345457798964,-1.571778540786E-16,
292.846668030811));
#7882=CARTESIAN_POINT('Ctrl Pts',(-1.28345457798964,-1.28345457798964,292.846668030811));
#7883=CARTESIAN_POINT('Ctrl Pts',(1.571778540786E-16,-1.28345457798964,
292.846668030811));
#7884=CARTESIAN_POINT('Ctrl Pts',(1.28345457798964,-1.28345457798964,292.846668030811));
#7885=CARTESIAN_POINT('Ctrl Pts',(1.28345457798964,1.571778540786E-16,292.846668030811));
#7886=CARTESIAN_POINT('Ctrl Pts',(1.93542333295117,2.37020998969374E-16,
290.584027546176));
#7887=CARTESIAN_POINT('Ctrl Pts',(1.93542333295117,1.93542333295117,290.584027546176));
#7888=CARTESIAN_POINT('Ctrl Pts',(-2.37020998969374E-16,1.93542333295117,
290.584027546176));
#7889=CARTESIAN_POINT('Ctrl Pts',(-1.93542333295117,1.93542333295117,290.584027546176));
#7890=CARTESIAN_POINT('Ctrl Pts',(-1.93542333295117,-2.37020998969374E-16,
290.584027546176));
#7891=CARTESIAN_POINT('Ctrl Pts',(-1.93542333295117,-1.93542333295117,290.584027546176));
#7892=CARTESIAN_POINT('Ctrl Pts',(2.37020998969374E-16,-1.93542333295117,
290.584027546176));
#7893=CARTESIAN_POINT('Ctrl Pts',(1.93542333295117,-1.93542333295117,290.584027546176));
#7894=CARTESIAN_POINT('Ctrl Pts',(1.93542333295117,2.37020998969374E-16,
290.584027546176));
#7895=CARTESIAN_POINT('Ctrl Pts',(3.24453307810829,3.97340704883304E-16,
286.040796470022));
#7896=CARTESIAN_POINT('Ctrl Pts',(3.24453307810829,3.24453307810829,286.040796470022));
#7897=CARTESIAN_POINT('Ctrl Pts',(-3.97340704883304E-16,3.24453307810829,
286.040796470022));
#7898=CARTESIAN_POINT('Ctrl Pts',(-3.24453307810829,3.24453307810829,286.040796470022));
#7899=CARTESIAN_POINT('Ctrl Pts',(-3.24453307810829,-3.97340704883304E-16,
286.040796470022));
#7900=CARTESIAN_POINT('Ctrl Pts',(-3.24453307810829,-3.24453307810829,286.040796470022));
#7901=CARTESIAN_POINT('Ctrl Pts',(3.97340704883304E-16,-3.24453307810829,
286.040796470022));
#7902=CARTESIAN_POINT('Ctrl Pts',(3.24453307810829,-3.24453307810829,286.040796470022));
#7903=CARTESIAN_POINT('Ctrl Pts',(3.24453307810829,3.97340704883304E-16,
286.040796470022));
#7904=CARTESIAN_POINT('Ctrl Pts',(4.55294359667297,5.57574780236413E-16,
280.617220317051));
#7905=CARTESIAN_POINT('Ctrl Pts',(4.55294359667297,4.55294359667297,280.617220317051));
#7906=CARTESIAN_POINT('Ctrl Pts',(-5.57574780236413E-16,4.55294359667297,
280.617220317051));
#7907=CARTESIAN_POINT('Ctrl Pts',(-4.55294359667297,4.55294359667297,280.617220317051));
#7908=CARTESIAN_POINT('Ctrl Pts',(-4.55294359667297,-5.57574780236413E-16,
280.617220317051));
#7909=CARTESIAN_POINT('Ctrl Pts',(-4.55294359667297,-4.55294359667297,280.617220317051));
#7910=CARTESIAN_POINT('Ctrl Pts',(5.57574780236413E-16,-4.55294359667297,
280.617220317051));
#7911=CARTESIAN_POINT('Ctrl Pts',(4.55294359667297,-4.55294359667297,280.617220317051));
#7912=CARTESIAN_POINT('Ctrl Pts',(4.55294359667297,5.57574780236413E-16,
280.617220317051));
#7913=CARTESIAN_POINT('Ctrl Pts',(5.83353885070366,7.14402468121595E-16,
274.739350429801));
#7914=CARTESIAN_POINT('Ctrl Pts',(5.83353885070366,5.83353885070366,274.739350429801));
#7915=CARTESIAN_POINT('Ctrl Pts',(-7.14402468121595E-16,5.83353885070366,
274.739350429801));
#7916=CARTESIAN_POINT('Ctrl Pts',(-5.83353885070366,5.83353885070366,274.739350429801));
#7917=CARTESIAN_POINT('Ctrl Pts',(-5.83353885070366,-7.14402468121595E-16,
274.739350429801));
#7918=CARTESIAN_POINT('Ctrl Pts',(-5.83353885070366,-5.83353885070366,274.739350429801));
#7919=CARTESIAN_POINT('Ctrl Pts',(7.14402468121595E-16,-5.83353885070366,
274.739350429801));
#7920=CARTESIAN_POINT('Ctrl Pts',(5.83353885070366,-5.83353885070366,274.739350429801));
#7921=CARTESIAN_POINT('Ctrl Pts',(5.83353885070366,7.14402468121595E-16,
274.739350429801));
#7922=CARTESIAN_POINT('Ctrl Pts',(7.90471922235218,9.68048909381189E-16,
265.232733331809));
#7923=CARTESIAN_POINT('Ctrl Pts',(7.90471922235218,7.90471922235218,265.232733331809));
#7924=CARTESIAN_POINT('Ctrl Pts',(-9.68048909381189E-16,7.90471922235218,
265.232733331809));
#7925=CARTESIAN_POINT('Ctrl Pts',(-7.90471922235218,7.90471922235218,265.232733331809));
#7926=CARTESIAN_POINT('Ctrl Pts',(-7.90471922235218,-9.68048909381189E-16,
265.232733331809));
#7927=CARTESIAN_POINT('Ctrl Pts',(-7.90471922235218,-7.90471922235218,265.232733331809));
#7928=CARTESIAN_POINT('Ctrl Pts',(9.68048909381189E-16,-7.90471922235218,
265.232733331809));
#7929=CARTESIAN_POINT('Ctrl Pts',(7.90471922235218,-7.90471922235218,265.232733331809));
#7930=CARTESIAN_POINT('Ctrl Pts',(7.90471922235218,9.68048909381189E-16,
265.232733331809));
#7931=CARTESIAN_POINT('Ctrl Pts',(9.90860281648688,1.21345387232333E-15,
254.497028261135));
#7932=CARTESIAN_POINT('Ctrl Pts',(9.90860281648688,9.90860281648688,254.497028261135));
#7933=CARTESIAN_POINT('Ctrl Pts',(-1.21345387232333E-15,9.90860281648688,
254.497028261135));
#7934=CARTESIAN_POINT('Ctrl Pts',(-9.90860281648688,9.90860281648688,254.497028261135));
#7935=CARTESIAN_POINT('Ctrl Pts',(-9.90860281648688,-1.21345387232333E-15,
254.497028261135));
#7936=CARTESIAN_POINT('Ctrl Pts',(-9.90860281648688,-9.90860281648688,254.497028261135));
#7937=CARTESIAN_POINT('Ctrl Pts',(1.21345387232333E-15,-9.90860281648688,
254.497028261135));
#7938=CARTESIAN_POINT('Ctrl Pts',(9.90860281648688,-9.90860281648688,254.497028261135));
#7939=CARTESIAN_POINT('Ctrl Pts',(9.90860281648688,1.21345387232333E-15,
254.497028261135));
#7940=CARTESIAN_POINT('Ctrl Pts',(11.8123840900309,1.44659983661555E-15,
243.171167544367));
#7941=CARTESIAN_POINT('Ctrl Pts',(11.8123840900309,11.8123840900309,243.171167544367));
#7942=CARTESIAN_POINT('Ctrl Pts',(-1.44659983661555E-15,11.8123840900309,
243.171167544367));
#7943=CARTESIAN_POINT('Ctrl Pts',(-11.8123840900309,11.8123840900309,243.171167544367));
#7944=CARTESIAN_POINT('Ctrl Pts',(-11.8123840900309,-1.44659983661555E-15,
243.171167544367));
#7945=CARTESIAN_POINT('Ctrl Pts',(-11.8123840900309,-11.8123840900309,243.171167544367));
#7946=CARTESIAN_POINT('Ctrl Pts',(1.44659983661555E-15,-11.8123840900309,
243.171167544367));
#7947=CARTESIAN_POINT('Ctrl Pts',(11.8123840900309,-11.8123840900309,243.171167544367));
#7948=CARTESIAN_POINT('Ctrl Pts',(11.8123840900309,1.44659983661555E-15,
243.171167544367));
#7949=CARTESIAN_POINT('Ctrl Pts',(14.9080413416216,1.8257085110573E-15,
224.754670152785));
#7950=CARTESIAN_POINT('Ctrl Pts',(14.9080413416216,14.9080413416216,224.754670152785));
#7951=CARTESIAN_POINT('Ctrl Pts',(-1.8257085110573E-15,14.9080413416216,
224.754670152785));
#7952=CARTESIAN_POINT('Ctrl Pts',(-14.9080413416216,14.9080413416216,224.754670152785));
#7953=CARTESIAN_POINT('Ctrl Pts',(-14.9080413416216,-1.8257085110573E-15,
224.754670152785));
#7954=CARTESIAN_POINT('Ctrl Pts',(-14.9080413416216,-14.9080413416216,224.754670152785));
#7955=CARTESIAN_POINT('Ctrl Pts',(1.8257085110573E-15,-14.9080413416216,
224.754670152785));
#7956=CARTESIAN_POINT('Ctrl Pts',(14.9080413416216,-14.9080413416216,224.754670152785));
#7957=CARTESIAN_POINT('Ctrl Pts',(14.9080413416216,1.8257085110573E-15,
224.754670152785));
#7958=CARTESIAN_POINT('Ctrl Pts',(17.741459553975,2.17270216549797E-15,
204.741035508097));
#7959=CARTESIAN_POINT('Ctrl Pts',(17.741459553975,17.741459553975,204.741035508097));
#7960=CARTESIAN_POINT('Ctrl Pts',(-2.17270216549797E-15,17.741459553975,
204.741035508097));
#7961=CARTESIAN_POINT('Ctrl Pts',(-17.741459553975,17.741459553975,204.741035508097));
#7962=CARTESIAN_POINT('Ctrl Pts',(-17.741459553975,-2.17270216549797E-15,
204.741035508097));
#7963=CARTESIAN_POINT('Ctrl Pts',(-17.741459553975,-17.741459553975,204.741035508097));
#7964=CARTESIAN_POINT('Ctrl Pts',(2.17270216549797E-15,-17.741459553975,
204.741035508097));
#7965=CARTESIAN_POINT('Ctrl Pts',(17.741459553975,-17.741459553975,204.741035508097));
#7966=CARTESIAN_POINT('Ctrl Pts',(17.741459553975,2.17270216549797E-15,
204.741035508097));
#7967=CARTESIAN_POINT('Ctrl Pts',(20.2236309252539,2.47668048797496E-15,
184.550954503764));
#7968=CARTESIAN_POINT('Ctrl Pts',(20.2236309252539,20.2236309252539,184.550954503764));
#7969=CARTESIAN_POINT('Ctrl Pts',(-2.47668048797496E-15,20.2236309252539,
184.550954503764));
#7970=CARTESIAN_POINT('Ctrl Pts',(-20.2236309252539,20.2236309252539,184.550954503764));
#7971=CARTESIAN_POINT('Ctrl Pts',(-20.2236309252539,-2.47668048797496E-15,
184.550954503764));
#7972=CARTESIAN_POINT('Ctrl Pts',(-20.2236309252539,-20.2236309252539,184.550954503764));
#7973=CARTESIAN_POINT('Ctrl Pts',(2.47668048797496E-15,-20.2236309252539,
184.550954503764));
#7974=CARTESIAN_POINT('Ctrl Pts',(20.2236309252539,-20.2236309252539,184.550954503764));
#7975=CARTESIAN_POINT('Ctrl Pts',(20.2236309252539,2.47668048797496E-15,
184.550954503764));
#7976=CARTESIAN_POINT('Ctrl Pts',(22.775132491391,2.78914931057369E-15,
163.796938927292));
#7977=CARTESIAN_POINT('Ctrl Pts',(22.775132491391,22.775132491391,163.796938927292));
#7978=CARTESIAN_POINT('Ctrl Pts',(-2.78914931057369E-15,22.775132491391,
163.796938927292));
#7979=CARTESIAN_POINT('Ctrl Pts',(-22.775132491391,22.775132491391,163.796938927292));
#7980=CARTESIAN_POINT('Ctrl Pts',(-22.775132491391,-2.78914931057369E-15,
163.796938927292));
#7981=CARTESIAN_POINT('Ctrl Pts',(-22.775132491391,-22.775132491391,163.796938927292));
#7982=CARTESIAN_POINT('Ctrl Pts',(2.78914931057369E-15,-22.775132491391,
163.796938927292));
#7983=CARTESIAN_POINT('Ctrl Pts',(22.775132491391,-22.775132491391,163.796938927292));
#7984=CARTESIAN_POINT('Ctrl Pts',(22.775132491391,2.78914931057369E-15,
163.796938927292));
#7985=CARTESIAN_POINT('Ctrl Pts',(24.9574835051537,3.05641022893595E-15,
142.793894249402));
#7986=CARTESIAN_POINT('Ctrl Pts',(24.9574835051537,24.9574835051537,142.793894249402));
#7987=CARTESIAN_POINT('Ctrl Pts',(-3.05641022893595E-15,24.9574835051537,
142.793894249402));
#7988=CARTESIAN_POINT('Ctrl Pts',(-24.9574835051537,24.9574835051537,142.793894249402));
#7989=CARTESIAN_POINT('Ctrl Pts',(-24.9574835051537,-3.05641022893595E-15,
142.793894249402));
#7990=CARTESIAN_POINT('Ctrl Pts',(-24.9574835051537,-24.9574835051537,142.793894249402));
#7991=CARTESIAN_POINT('Ctrl Pts',(3.05641022893595E-15,-24.9574835051537,
142.793894249402));
#7992=CARTESIAN_POINT('Ctrl Pts',(24.9574835051537,-24.9574835051537,142.793894249402));
#7993=CARTESIAN_POINT('Ctrl Pts',(24.9574835051537,3.05641022893595E-15,
142.793894249402));
#7994=CARTESIAN_POINT('Ctrl Pts',(26.6759659267938,3.26686362864119E-15,
122.937798789542));
#7995=CARTESIAN_POINT('Ctrl Pts',(26.6759659267938,26.6759659267938,122.937798789542));
#7996=CARTESIAN_POINT('Ctrl Pts',(-3.26686362864119E-15,26.6759659267938,
122.937798789542));
#7997=CARTESIAN_POINT('Ctrl Pts',(-26.6759659267938,26.6759659267938,122.937798789542));
#7998=CARTESIAN_POINT('Ctrl Pts',(-26.6759659267938,-3.26686362864119E-15,
122.937798789542));
#7999=CARTESIAN_POINT('Ctrl Pts',(-26.6759659267938,-26.6759659267938,122.937798789542));
#8000=CARTESIAN_POINT('Ctrl Pts',(3.26686362864119E-15,-26.6759659267938,
122.937798789542));
#8001=CARTESIAN_POINT('Ctrl Pts',(26.6759659267938,-26.6759659267938,122.937798789542));
#8002=CARTESIAN_POINT('Ctrl Pts',(26.6759659267938,3.26686362864119E-15,
122.937798789542));
#8003=CARTESIAN_POINT('Ctrl Pts',(27.8168677775546,3.40658380860872E-15,
109.755321172216));
#8004=CARTESIAN_POINT('Ctrl Pts',(27.8168677775546,27.8168677775546,109.755321172216));
#8005=CARTESIAN_POINT('Ctrl Pts',(-3.40658380860872E-15,27.8168677775546,
109.755321172216));
#8006=CARTESIAN_POINT('Ctrl Pts',(-27.8168677775546,27.8168677775546,109.755321172216));
#8007=CARTESIAN_POINT('Ctrl Pts',(-27.8168677775546,-3.40658380860872E-15,
109.755321172216));
#8008=CARTESIAN_POINT('Ctrl Pts',(-27.8168677775546,-27.8168677775546,109.755321172216));
#8009=CARTESIAN_POINT('Ctrl Pts',(3.40658380860872E-15,-27.8168677775546,
109.755321172216));
#8010=CARTESIAN_POINT('Ctrl Pts',(27.8168677775546,-27.8168677775546,109.755321172216));
#8011=CARTESIAN_POINT('Ctrl Pts',(27.8168677775546,3.40658380860872E-15,
109.755321172216));
#8012=CARTESIAN_POINT('Ctrl Pts',(28.7532314399871,3.5212552848124E-15,
97.063692153228));
#8013=CARTESIAN_POINT('Ctrl Pts',(28.7532314399871,28.7532314399871,97.063692153228));
#8014=CARTESIAN_POINT('Ctrl Pts',(-3.5212552848124E-15,28.7532314399871,
97.063692153228));
#8015=CARTESIAN_POINT('Ctrl Pts',(-28.7532314399871,28.7532314399871,97.063692153228));
#8016=CARTESIAN_POINT('Ctrl Pts',(-28.7532314399871,-3.5212552848124E-15,
97.063692153228));
#8017=CARTESIAN_POINT('Ctrl Pts',(-28.7532314399871,-28.7532314399871,97.063692153228));
#8018=CARTESIAN_POINT('Ctrl Pts',(3.5212552848124E-15,-28.7532314399871,
97.063692153228));
#8019=CARTESIAN_POINT('Ctrl Pts',(28.7532314399871,-28.7532314399871,97.063692153228));
#8020=CARTESIAN_POINT('Ctrl Pts',(28.7532314399871,3.5212552848124E-15,
97.063692153228));
#8021=CARTESIAN_POINT('Ctrl Pts',(29.4527067310951,3.60691630244613E-15,
85.5117896031946));
#8022=CARTESIAN_POINT('Ctrl Pts',(29.452706731095,29.4527067310951,85.5117896031946));
#8023=CARTESIAN_POINT('Ctrl Pts',(-3.60691630244613E-15,29.4527067310951,
85.5117896031946));
#8024=CARTESIAN_POINT('Ctrl Pts',(-29.4527067310951,29.452706731095,85.5117896031946));
#8025=CARTESIAN_POINT('Ctrl Pts',(-29.4527067310951,-3.60691630244613E-15,
85.5117896031946));
#8026=CARTESIAN_POINT('Ctrl Pts',(-29.452706731095,-29.4527067310951,85.5117896031946));
#8027=CARTESIAN_POINT('Ctrl Pts',(3.60691630244613E-15,-29.4527067310951,
85.5117896031946));
#8028=CARTESIAN_POINT('Ctrl Pts',(29.4527067310951,-29.452706731095,85.5117896031946));
#8029=CARTESIAN_POINT('Ctrl Pts',(29.4527067310951,3.60691630244613E-15,
85.5117896031946));
#8030=CARTESIAN_POINT('Ctrl Pts',(29.9236747189708,3.66459324633136E-15,
77.7337074188935));
#8031=CARTESIAN_POINT('Ctrl Pts',(29.9236747189707,29.9236747189708,77.7337074188935));
#8032=CARTESIAN_POINT('Ctrl Pts',(-3.66459324633136E-15,29.9236747189708,
77.7337074188935));
#8033=CARTESIAN_POINT('Ctrl Pts',(-29.9236747189708,29.9236747189707,77.7337074188935));
#8034=CARTESIAN_POINT('Ctrl Pts',(-29.9236747189708,-3.66459324633136E-15,
77.7337074188935));
#8035=CARTESIAN_POINT('Ctrl Pts',(-29.9236747189707,-29.9236747189708,77.7337074188935));
#8036=CARTESIAN_POINT('Ctrl Pts',(3.66459324633136E-15,-29.9236747189708,
77.7337074188935));
#8037=CARTESIAN_POINT('Ctrl Pts',(29.9236747189708,-29.9236747189707,77.7337074188935));
#8038=CARTESIAN_POINT('Ctrl Pts',(29.9236747189708,3.66459324633136E-15,
77.7337074188935));
#8039=CARTESIAN_POINT('Ctrl Pts',(30.2871176021532,3.70910216268761E-15,
70.4585853705139));
#8040=CARTESIAN_POINT('Ctrl Pts',(30.2871176021532,30.2871176021532,70.4585853705139));
#8041=CARTESIAN_POINT('Ctrl Pts',(-3.70910216268761E-15,30.2871176021532,
70.4585853705139));
#8042=CARTESIAN_POINT('Ctrl Pts',(-30.2871176021532,30.2871176021532,70.4585853705139));
#8043=CARTESIAN_POINT('Ctrl Pts',(-30.2871176021532,-3.70910216268761E-15,
70.4585853705139));
#8044=CARTESIAN_POINT('Ctrl Pts',(-30.2871176021532,-30.2871176021532,70.4585853705139));
#8045=CARTESIAN_POINT('Ctrl Pts',(3.70910216268761E-15,-30.2871176021532,
70.4585853705139));
#8046=CARTESIAN_POINT('Ctrl Pts',(30.2871176021532,-30.2871176021532,70.4585853705139));
#8047=CARTESIAN_POINT('Ctrl Pts',(30.2871176021532,3.70910216268761E-15,
70.4585853705139));
#8048=CARTESIAN_POINT('Ctrl Pts',(30.5319008465796,3.7390794643648E-15,
64.1429272825116));
#8049=CARTESIAN_POINT('Ctrl Pts',(30.5319008465795,30.5319008465795,64.1429272825116));
#8050=CARTESIAN_POINT('Ctrl Pts',(-3.7390794643648E-15,30.5319008465796,
64.1429272825116));
#8051=CARTESIAN_POINT('Ctrl Pts',(-30.5319008465795,30.5319008465795,64.1429272825116));
#8052=CARTESIAN_POINT('Ctrl Pts',(-30.5319008465796,-3.7390794643648E-15,
64.1429272825116));
#8053=CARTESIAN_POINT('Ctrl Pts',(-30.5319008465795,-30.5319008465795,64.1429272825116));
#8054=CARTESIAN_POINT('Ctrl Pts',(3.7390794643648E-15,-30.5319008465796,
64.1429272825116));
#8055=CARTESIAN_POINT('Ctrl Pts',(30.5319008465795,-30.5319008465795,64.1429272825116));
#8056=CARTESIAN_POINT('Ctrl Pts',(30.5319008465796,3.7390794643648E-15,
64.1429272825116));
#8057=CARTESIAN_POINT('Ctrl Pts',(30.6542924687927,3.75406811520339E-15,
60.9850982385104));
#8058=CARTESIAN_POINT('Ctrl Pts',(30.6542924687927,30.6542924687927,60.9850982385104));
#8059=CARTESIAN_POINT('Ctrl Pts',(-3.75406811520339E-15,30.6542924687927,
60.9850982385104));
#8060=CARTESIAN_POINT('Ctrl Pts',(-30.6542924687927,30.6542924687927,60.9850982385104));
#8061=CARTESIAN_POINT('Ctrl Pts',(-30.6542924687927,-3.75406811520339E-15,
60.9850982385104));
#8062=CARTESIAN_POINT('Ctrl Pts',(-30.6542924687927,-30.6542924687927,60.9850982385104));
#8063=CARTESIAN_POINT('Ctrl Pts',(3.75406811520339E-15,-30.6542924687927,
60.9850982385104));
#8064=CARTESIAN_POINT('Ctrl Pts',(30.6542924687927,-30.6542924687927,60.9850982385104));
#8065=CARTESIAN_POINT('Ctrl Pts',(30.6542924687927,3.75406811520339E-15,
60.9850982385104));
#8066=CARTESIAN_POINT('Ctrl Pts',(30.7469939404959,3.76542077126317E-15,
58.0659443607542));
#8067=CARTESIAN_POINT('Ctrl Pts',(30.7469939404959,30.7469939404959,58.0659443607542));
#8068=CARTESIAN_POINT('Ctrl Pts',(-3.76542077126317E-15,30.7469939404959,
58.0659443607542));
#8069=CARTESIAN_POINT('Ctrl Pts',(-30.7469939404959,30.7469939404959,58.0659443607542));
#8070=CARTESIAN_POINT('Ctrl Pts',(-30.7469939404959,-3.76542077126317E-15,
58.0659443607542));
#8071=CARTESIAN_POINT('Ctrl Pts',(-30.7469939404959,-30.7469939404959,58.0659443607542));
#8072=CARTESIAN_POINT('Ctrl Pts',(3.76542077126317E-15,-30.7469939404959,
58.0659443607542));
#8073=CARTESIAN_POINT('Ctrl Pts',(30.7469939404959,-30.7469939404959,58.0659443607542));
#8074=CARTESIAN_POINT('Ctrl Pts',(30.7469939404959,3.76542077126317E-15,
58.0659443607542));
#8075=CARTESIAN_POINT('Ctrl Pts',(30.8086695512886,3.77297385519741E-15,
55.5534077345718));
#8076=CARTESIAN_POINT('Ctrl Pts',(30.8086695512886,30.8086695512886,55.5534077345718));
#8077=CARTESIAN_POINT('Ctrl Pts',(-3.77297385519741E-15,30.8086695512886,
55.5534077345718));
#8078=CARTESIAN_POINT('Ctrl Pts',(-30.8086695512886,30.8086695512886,55.5534077345718));
#8079=CARTESIAN_POINT('Ctrl Pts',(-30.8086695512886,-3.77297385519741E-15,
55.5534077345718));
#8080=CARTESIAN_POINT('Ctrl Pts',(-30.8086695512886,-30.8086695512886,55.5534077345718));
#8081=CARTESIAN_POINT('Ctrl Pts',(3.77297385519741E-15,-30.8086695512886,
55.5534077345718));
#8082=CARTESIAN_POINT('Ctrl Pts',(30.8086695512886,-30.8086695512886,55.5534077345718));
#8083=CARTESIAN_POINT('Ctrl Pts',(30.8086695512886,3.77297385519741E-15,
55.5534077345718));
#8084=CARTESIAN_POINT('Ctrl Pts',(30.839507356685,3.77675039716454E-15,
54.2971394214806));
#8085=CARTESIAN_POINT('Ctrl Pts',(30.839507356685,30.839507356685,54.2971394214806));
#8086=CARTESIAN_POINT('Ctrl Pts',(-3.77675039716454E-15,30.839507356685,
54.2971394214806));
#8087=CARTESIAN_POINT('Ctrl Pts',(-30.839507356685,30.839507356685,54.2971394214806));
#8088=CARTESIAN_POINT('Ctrl Pts',(-30.839507356685,-3.77675039716454E-15,
54.2971394214806));
#8089=CARTESIAN_POINT('Ctrl Pts',(-30.839507356685,-30.839507356685,54.2971394214806));
#8090=CARTESIAN_POINT('Ctrl Pts',(3.77675039716454E-15,-30.839507356685,
54.2971394214806));
#8091=CARTESIAN_POINT('Ctrl Pts',(30.839507356685,-30.839507356685,54.2971394214806));
#8092=CARTESIAN_POINT('Ctrl Pts',(30.839507356685,3.77675039716454E-15,
54.2971394214806));
#8093=CARTESIAN_POINT('Ctrl Pts',(30.8625883297706,3.77957700114562E-15,
53.1429523603552));
#8094=CARTESIAN_POINT('Ctrl Pts',(30.8625883297706,30.8625883297706,53.1429523603552));
#8095=CARTESIAN_POINT('Ctrl Pts',(-3.77957700114562E-15,30.8625883297706,
53.1429523603552));
#8096=CARTESIAN_POINT('Ctrl Pts',(-30.8625883297706,30.8625883297706,53.1429523603552));
#8097=CARTESIAN_POINT('Ctrl Pts',(-30.8625883297706,-3.77957700114562E-15,
53.1429523603552));
#8098=CARTESIAN_POINT('Ctrl Pts',(-30.8625883297706,-30.8625883297706,53.1429523603552));
#8099=CARTESIAN_POINT('Ctrl Pts',(3.77957700114562E-15,-30.8625883297706,
53.1429523603552));
#8100=CARTESIAN_POINT('Ctrl Pts',(30.8625883297706,-30.8625883297706,53.1429523603552));
#8101=CARTESIAN_POINT('Ctrl Pts',(30.8625883297706,3.77957700114562E-15,
53.1429523603552));
#8102=CARTESIAN_POINT('Ctrl Pts',(30.8778004429127,3.78143994771238E-15,
52.15382950505));
#8103=CARTESIAN_POINT('Ctrl Pts',(30.8778004429127,30.8778004429127,52.15382950505));
#8104=CARTESIAN_POINT('Ctrl Pts',(-3.78143994771238E-15,30.8778004429127,
52.15382950505));
#8105=CARTESIAN_POINT('Ctrl Pts',(-30.8778004429127,30.8778004429127,52.15382950505));
#8106=CARTESIAN_POINT('Ctrl Pts',(-30.8778004429127,-3.78143994771238E-15,
52.15382950505));
#8107=CARTESIAN_POINT('Ctrl Pts',(-30.8778004429127,-30.8778004429127,52.15382950505));
#8108=CARTESIAN_POINT('Ctrl Pts',(3.78143994771238E-15,-30.8778004429127,
52.15382950505));
#8109=CARTESIAN_POINT('Ctrl Pts',(30.8778004429127,-30.8778004429127,52.15382950505));
#8110=CARTESIAN_POINT('Ctrl Pts',(30.8778004429127,3.78143994771238E-15,
52.15382950505));
#8111=CARTESIAN_POINT('Ctrl Pts',(30.8854064994838,3.78237142099575E-15,
51.6592680773974));
#8112=CARTESIAN_POINT('Ctrl Pts',(30.8854064994837,30.8854064994838,51.6592680773974));
#8113=CARTESIAN_POINT('Ctrl Pts',(-3.78237142099575E-15,30.8854064994838,
51.6592680773974));
#8114=CARTESIAN_POINT('Ctrl Pts',(-30.8854064994838,30.8854064994837,51.6592680773974));
#8115=CARTESIAN_POINT('Ctrl Pts',(-30.8854064994838,-3.78237142099575E-15,
51.6592680773974));
#8116=CARTESIAN_POINT('Ctrl Pts',(-30.8854064994837,-30.8854064994838,51.6592680773974));
#8117=CARTESIAN_POINT('Ctrl Pts',(3.78237142099575E-15,-30.8854064994838,
51.6592680773974));
#8118=CARTESIAN_POINT('Ctrl Pts',(30.8854064994838,-30.8854064994837,51.6592680773974));
#8119=CARTESIAN_POINT('Ctrl Pts',(30.8854064994838,3.78237142099575E-15,
51.6592680773974));
#8120=CARTESIAN_POINT('Ctrl Pts',(30.8910458266888,3.78306203939687E-15,
51.2081023179414));
#8121=CARTESIAN_POINT('Ctrl Pts',(30.8910458266888,30.8910458266888,51.2081023179414));
#8122=CARTESIAN_POINT('Ctrl Pts',(-3.78306203939687E-15,30.8910458266888,
51.2081023179414));
#8123=CARTESIAN_POINT('Ctrl Pts',(-30.8910458266888,30.8910458266888,51.2081023179414));
#8124=CARTESIAN_POINT('Ctrl Pts',(-30.8910458266888,-3.78306203939687E-15,
51.2081023179414));
#8125=CARTESIAN_POINT('Ctrl Pts',(-30.8910458266888,-30.8910458266888,51.2081023179414));
#8126=CARTESIAN_POINT('Ctrl Pts',(3.78306203939687E-15,-30.8910458266888,
51.2081023179414));
#8127=CARTESIAN_POINT('Ctrl Pts',(30.8910458266888,-30.8910458266888,51.2081023179414));
#8128=CARTESIAN_POINT('Ctrl Pts',(30.8910458266888,3.78306203939687E-15,
51.2081023179414));
#8129=CARTESIAN_POINT('Ctrl Pts',(30.8947264052316,3.78351278027001E-15,
50.8217610670726));
#8130=CARTESIAN_POINT('Ctrl Pts',(30.8947264052316,30.8947264052316,50.8217610670726));
#8131=CARTESIAN_POINT('Ctrl Pts',(-3.78351278027001E-15,30.8947264052316,
50.8217610670726));
#8132=CARTESIAN_POINT('Ctrl Pts',(-30.8947264052316,30.8947264052316,50.8217610670726));
#8133=CARTESIAN_POINT('Ctrl Pts',(-30.8947264052316,-3.78351278027001E-15,
50.8217610670726));
#8134=CARTESIAN_POINT('Ctrl Pts',(-30.8947264052316,-30.8947264052316,50.8217610670726));
#8135=CARTESIAN_POINT('Ctrl Pts',(3.78351278027001E-15,-30.8947264052316,
50.8217610670726));
#8136=CARTESIAN_POINT('Ctrl Pts',(30.8947264052316,-30.8947264052316,50.8217610670726));
#8137=CARTESIAN_POINT('Ctrl Pts',(30.8947264052316,3.78351278027001E-15,
50.8217610670726));
#8138=CARTESIAN_POINT('Ctrl Pts',(30.8973771635984,3.78383740454493E-15,
50.5435174998517));
#8139=CARTESIAN_POINT('Ctrl Pts',(30.8973771635984,30.8973771635984,50.5435174998517));
#8140=CARTESIAN_POINT('Ctrl Pts',(-3.78383740454493E-15,30.8973771635984,
50.5435174998517));
#8141=CARTESIAN_POINT('Ctrl Pts',(-30.8973771635984,30.8973771635984,50.5435174998517));
#8142=CARTESIAN_POINT('Ctrl Pts',(-30.8973771635984,-3.78383740454493E-15,
50.5435174998517));
#8143=CARTESIAN_POINT('Ctrl Pts',(-30.8973771635984,-30.8973771635984,50.5435174998517));
#8144=CARTESIAN_POINT('Ctrl Pts',(3.78383740454493E-15,-30.8973771635984,
50.5435174998517));
#8145=CARTESIAN_POINT('Ctrl Pts',(30.8973771635984,-30.8973771635984,50.5435174998517));
#8146=CARTESIAN_POINT('Ctrl Pts',(30.8973771635984,3.78383740454493E-15,
50.5435174998517));
#8147=CARTESIAN_POINT('Ctrl Pts',(30.899003491756,3.78403657230219E-15,
50.298027269614));
#8148=CARTESIAN_POINT('Ctrl Pts',(30.899003491756,30.899003491756,50.298027269614));
#8149=CARTESIAN_POINT('Ctrl Pts',(-3.78403657230219E-15,30.899003491756,
50.298027269614));
#8150=CARTESIAN_POINT('Ctrl Pts',(-30.899003491756,30.899003491756,50.298027269614));
#8151=CARTESIAN_POINT('Ctrl Pts',(-30.899003491756,-3.78403657230219E-15,
50.298027269614));
#8152=CARTESIAN_POINT('Ctrl Pts',(-30.899003491756,-30.899003491756,50.298027269614));
#8153=CARTESIAN_POINT('Ctrl Pts',(3.78403657230219E-15,-30.899003491756,
50.298027269614));
#8154=CARTESIAN_POINT('Ctrl Pts',(30.899003491756,-30.899003491756,50.298027269614));
#8155=CARTESIAN_POINT('Ctrl Pts',(30.899003491756,3.78403657230219E-15,
50.298027269614));
#8156=CARTESIAN_POINT('Ctrl Pts',(30.8996560709775,3.78411649020767E-15,
50.1288727939219));
#8157=CARTESIAN_POINT('Ctrl Pts',(30.8996560709775,30.8996560709775,50.1288727939219));
#8158=CARTESIAN_POINT('Ctrl Pts',(-3.78411649020767E-15,30.8996560709775,
50.1288727939219));
#8159=CARTESIAN_POINT('Ctrl Pts',(-30.8996560709775,30.8996560709775,50.1288727939219));
#8160=CARTESIAN_POINT('Ctrl Pts',(-30.8996560709775,-3.78411649020767E-15,
50.1288727939219));
#8161=CARTESIAN_POINT('Ctrl Pts',(-30.8996560709775,-30.8996560709775,50.1288727939219));
#8162=CARTESIAN_POINT('Ctrl Pts',(3.78411649020767E-15,-30.8996560709775,
50.1288727939219));
#8163=CARTESIAN_POINT('Ctrl Pts',(30.8996560709775,-30.8996560709775,50.1288727939219));
#8164=CARTESIAN_POINT('Ctrl Pts',(30.8996560709775,3.78411649020767E-15,
50.1288727939219));
#8165=CARTESIAN_POINT('Ctrl Pts',(30.8999095981406,3.78414753833054E-15,
50.0631562449873));
#8166=CARTESIAN_POINT('Ctrl Pts',(30.8999095981405,30.8999095981406,50.0631562449873));
#8167=CARTESIAN_POINT('Ctrl Pts',(-3.78414753833054E-15,30.8999095981406,
50.0631562449873));
#8168=CARTESIAN_POINT('Ctrl Pts',(-30.8999095981406,30.8999095981405,50.0631562449873));
#8169=CARTESIAN_POINT('Ctrl Pts',(-30.8999095981406,-3.78414753833054E-15,
50.0631562449873));
#8170=CARTESIAN_POINT('Ctrl Pts',(-30.8999095981405,-30.8999095981406,50.0631562449873));
#8171=CARTESIAN_POINT('Ctrl Pts',(3.78414753833054E-15,-30.8999095981406,
50.0631562449873));
#8172=CARTESIAN_POINT('Ctrl Pts',(30.8999095981406,-30.8999095981405,50.0631562449873));
#8173=CARTESIAN_POINT('Ctrl Pts',(30.8999095981406,3.78414753833054E-15,
50.0631562449873));
#8174=CARTESIAN_POINT('Ctrl Pts',(30.9000117766317,3.78416005158675E-15,
50.0136343818774));
#8175=CARTESIAN_POINT('Ctrl Pts',(30.9000117766317,30.9000117766317,50.0136343818774));
#8176=CARTESIAN_POINT('Ctrl Pts',(-3.78416005158675E-15,30.9000117766317,
50.0136343818774));
#8177=CARTESIAN_POINT('Ctrl Pts',(-30.9000117766317,30.9000117766317,50.0136343818774));
#8178=CARTESIAN_POINT('Ctrl Pts',(-30.9000117766317,-3.78416005158675E-15,
50.0136343818774));
#8179=CARTESIAN_POINT('Ctrl Pts',(-30.9000117766317,-30.9000117766317,50.0136343818774));
#8180=CARTESIAN_POINT('Ctrl Pts',(3.78416005158675E-15,-30.9000117766317,
50.0136343818774));
#8181=CARTESIAN_POINT('Ctrl Pts',(30.9000117766317,-30.9000117766317,50.0136343818774));
#8182=CARTESIAN_POINT('Ctrl Pts',(30.9000117766317,3.78416005158675E-15,
50.0136343818774));
#8183=CARTESIAN_POINT('Ctrl Pts',(30.9000006662905,3.78415869096237E-15,
50.0014601811602));
#8184=CARTESIAN_POINT('Ctrl Pts',(30.9000006662904,30.9000006662905,50.0014601811602));
#8185=CARTESIAN_POINT('Ctrl Pts',(-3.78415869096237E-15,30.9000006662905,
50.0014601811602));
#8186=CARTESIAN_POINT('Ctrl Pts',(-30.9000006662905,30.9000006662904,50.0014601811602));
#8187=CARTESIAN_POINT('Ctrl Pts',(-30.9000006662905,-3.78415869096237E-15,
50.0014601811602));
#8188=CARTESIAN_POINT('Ctrl Pts',(-30.9000006662904,-30.9000006662905,50.0014601811602));
#8189=CARTESIAN_POINT('Ctrl Pts',(3.78415869096237E-15,-30.9000006662905,
50.0014601811602));
#8190=CARTESIAN_POINT('Ctrl Pts',(30.9000006662905,-30.9000006662904,50.0014601811602));
#8191=CARTESIAN_POINT('Ctrl Pts',(30.9000006662905,3.78415869096237E-15,
50.0014601811602));
#8192=CARTESIAN_POINT('',(-5.01202968017367E-10,1.41387346802732E-30,296.527716238107));
#8193=CARTESIAN_POINT('Ctrl Pts',(5.01202968017367E-10,-6.13810513310932E-26,
296.527716238107));
#8194=CARTESIAN_POINT('Ctrl Pts',(0.625041730919036,-7.65455355103555E-17,
294.906409626532));
#8195=CARTESIAN_POINT('Ctrl Pts',(1.28345457798964,-1.57177854078606E-16,
292.846668030811));
#8196=CARTESIAN_POINT('Ctrl Pts',(1.93542333295117,-2.37020998969377E-16,
290.584027546176));
#8197=CARTESIAN_POINT('Ctrl Pts',(3.24453307810829,-3.97340704883301E-16,
286.040796470022));
#8198=CARTESIAN_POINT('Ctrl Pts',(4.55294359667297,-5.57574780236385E-16,
280.617220317051));
#8199=CARTESIAN_POINT('Ctrl Pts',(5.83353885070366,-7.14402468121598E-16,
274.739350429801));
#8200=CARTESIAN_POINT('Ctrl Pts',(7.90471922235218,-9.68048909381242E-16,
265.232733331809));
#8201=CARTESIAN_POINT('Ctrl Pts',(9.90860281648688,-1.21345387232329E-15,
254.497028261135));
#8202=CARTESIAN_POINT('Ctrl Pts',(11.8123840900309,-1.44659983661555E-15,
243.171167544367));
#8203=CARTESIAN_POINT('Ctrl Pts',(14.9080413416216,-1.82570851105737E-15,
224.754670152785));
#8204=CARTESIAN_POINT('Ctrl Pts',(17.741459553975,-2.17270216549758E-15,
204.741035508097));
#8205=CARTESIAN_POINT('Ctrl Pts',(20.2236309252539,-2.47668048797496E-15,
184.550954503764));
#8206=CARTESIAN_POINT('Ctrl Pts',(22.775132491391,-2.78914931057409E-15,
163.796938927292));
#8207=CARTESIAN_POINT('Ctrl Pts',(24.9574835051537,-3.05641022893591E-15,
142.793894249402));
#8208=CARTESIAN_POINT('Ctrl Pts',(26.6759659267938,-3.26686362864119E-15,
122.937798789542));
#8209=CARTESIAN_POINT('Ctrl Pts',(27.8168677775546,-3.40658380860875E-15,
109.755321172216));
#8210=CARTESIAN_POINT('Ctrl Pts',(28.7532314399871,-3.52125528481226E-15,
97.063692153228));
#8211=CARTESIAN_POINT('Ctrl Pts',(29.4527067310951,-3.60691630244613E-15,
85.5117896031946));
#8212=CARTESIAN_POINT('Ctrl Pts',(29.9236747189708,-3.66459324633146E-15,
77.7337074188935));
#8213=CARTESIAN_POINT('Ctrl Pts',(30.2871176021532,-3.70910216268767E-15,
70.4585853705139));
#8214=CARTESIAN_POINT('Ctrl Pts',(30.5319008465796,-3.7390794643648E-15,
64.1429272825116));
#8215=CARTESIAN_POINT('Ctrl Pts',(30.6542924687927,-3.75406811520337E-15,
60.9850982385104));
#8216=CARTESIAN_POINT('Ctrl Pts',(30.7469939404959,-3.76542077126312E-15,
58.0659443607542));
#8217=CARTESIAN_POINT('Ctrl Pts',(30.8086695512886,-3.77297385519742E-15,
55.5534077345718));
#8218=CARTESIAN_POINT('Ctrl Pts',(30.839507356685,-3.77675039716457E-15,
54.2971394214806));
#8219=CARTESIAN_POINT('Ctrl Pts',(30.8625883297706,-3.77957700114559E-15,
53.1429523603552));
#8220=CARTESIAN_POINT('Ctrl Pts',(30.8778004429127,-3.78143994771238E-15,
52.15382950505));
#8221=CARTESIAN_POINT('Ctrl Pts',(30.8807471575791,-3.7818008161808E-15,
51.9622280623461));
#8222=CARTESIAN_POINT('Ctrl Pts',(30.8833964278617,-3.78212525821797E-15,
51.7773286720354));
#8223=CARTESIAN_POINT('Ctrl Pts',(30.8857572242565,-3.7824143723928E-15,
51.5999999999999));
#8224=CARTESIAN_POINT('Origin',(0.,0.,0.));
#8225=CARTESIAN_POINT('',(-29.25,3.58209188750601E-15,1.6));
#8226=CARTESIAN_POINT('Origin',(0.,0.,1.6));
#8227=CARTESIAN_POINT('',(-29.25,-3.58209188750601E-15,0.));
#8228=CARTESIAN_POINT('Origin',(0.,0.,1.6));
#8229=CARTESIAN_POINT('',(0.,0.,0.));
#8230=CARTESIAN_POINT('Origin',(-1.5,56.1894652162943,-536.510766280673));
#8231=CARTESIAN_POINT('',(-1.5,97.3789302090712,-613.021525706811));
#8232=CARTESIAN_POINT('',(-1.5,32.4999992735684,-579.99998703599));
#8233=CARTESIAN_POINT('',(-1.5,97.3789302090712,-613.021525706811));
#8234=CARTESIAN_POINT('',(-1.5,32.499999475355,-559.999987483025));
#8235=CARTESIAN_POINT('',(-1.5,32.4999992735684,-579.99998703599));
#8236=CARTESIAN_POINT('',(-1.5,15.0000002235174,-559.999987483025));
#8237=CARTESIAN_POINT('',(-1.5,32.4999992735684,-559.999987483025));
#8238=CARTESIAN_POINT('',(-1.5,15.0000002235174,-479.999987483025));
#8239=CARTESIAN_POINT('',(-1.5,15.0000002235174,-559.999987483025));
#8240=CARTESIAN_POINT('',(-1.5,32.5000002825013,-479.999987483025));
#8241=CARTESIAN_POINT('',(-1.5,15.0000002235174,-479.999987483025));
#8242=CARTESIAN_POINT('',(-1.5,32.5000004842877,-460.000006854534));
#8243=CARTESIAN_POINT('',(-1.5,32.4999992735684,-579.99998703599));
#8244=CARTESIAN_POINT('',(-1.5,97.3789302090712,-593.021525706811));
#8245=CARTESIAN_POINT('',(-1.5,32.5000004842877,-460.000006854534));
#8246=CARTESIAN_POINT('',(-1.5,97.3789302090712,-593.021525706811));
#8247=CARTESIAN_POINT('Origin',(0.,32.499999475355,-559.999987483025));
#8248=CARTESIAN_POINT('',(1.5,32.4999992735684,-579.99998703599));
#8249=CARTESIAN_POINT('',(0.,32.4999992735684,-579.99998703599));
#8250=CARTESIAN_POINT('',(1.5,32.499999475355,-559.999987483025));
#8251=CARTESIAN_POINT('',(1.5,32.4999992735684,-579.99998703599));
#8252=CARTESIAN_POINT('',(0.,32.499999475355,-559.999987483025));
#8253=CARTESIAN_POINT('Origin',(0.,15.0000002235174,-559.999987483025));
#8254=CARTESIAN_POINT('',(1.5,15.0000002235174,-559.999987483025));
#8255=CARTESIAN_POINT('',(1.5,32.4999992735684,-559.999987483025));
#8256=CARTESIAN_POINT('',(0.,15.0000002235174,-559.999987483025));
#8257=CARTESIAN_POINT('Origin',(0.,15.0000002235174,-479.999987483025));
#8258=CARTESIAN_POINT('',(1.5,15.0000002235174,-479.999987483025));
#8259=CARTESIAN_POINT('',(1.5,15.0000002235174,-559.999987483025));
#8260=CARTESIAN_POINT('',(0.,15.0000002235174,-479.999987483025));
#8261=CARTESIAN_POINT('Origin',(0.,32.5000002235174,-479.999987483025));
#8262=CARTESIAN_POINT('',(1.5,32.5000002825013,-479.999987483025));
#8263=CARTESIAN_POINT('',(1.5,15.0000002235174,-479.999987483025));
#8264=CARTESIAN_POINT('',(0.,32.5000002825013,-479.999987483025));
#8265=CARTESIAN_POINT('Origin',(0.,32.5000004842877,-460.000006854534));
#8266=CARTESIAN_POINT('',(1.5,32.5000004842877,-460.000006854534));
#8267=CARTESIAN_POINT('',(1.5,32.4999992735684,-579.99998703599));
#8268=CARTESIAN_POINT('',(0.,32.5000004842877,-460.000006854534));
#8269=CARTESIAN_POINT('Origin',(0.,97.3789302090712,-593.021525706811));
#8270=CARTESIAN_POINT('',(1.5,97.3789302090712,-593.021525706811));
#8271=CARTESIAN_POINT('',(1.5,32.5000004842877,-460.000006854534));
#8272=CARTESIAN_POINT('',(0.,97.3789302090712,-593.021525706811));
#8273=CARTESIAN_POINT('Origin',(0.,97.3789302090712,-613.021525706811));
#8274=CARTESIAN_POINT('',(1.5,97.3789302090712,-613.021525706811));
#8275=CARTESIAN_POINT('',(1.5,97.3789302090712,-593.021525706811));
#8276=CARTESIAN_POINT('',(0.,97.3789302090712,-613.021525706811));
#8277=CARTESIAN_POINT('Origin',(0.,32.4999992735684,-579.99998703599));
#8278=CARTESIAN_POINT('',(1.5,97.3789302090712,-613.021525706811));
#8279=CARTESIAN_POINT('Origin',(1.5,56.1894652162943,-536.510766280673));
#8280=CARTESIAN_POINT('Origin',(-56.1894652162943,-1.5,-536.510766280673));
#8281=CARTESIAN_POINT('',(-97.3789302090712,-1.49999999999999,-613.021525706811));
#8282=CARTESIAN_POINT('',(-32.4999992735684,-1.5,-579.99998703599));
#8283=CARTESIAN_POINT('',(-97.3789302090712,-1.49999999999999,-613.021525706811));
#8284=CARTESIAN_POINT('',(-32.499999475355,-1.5,-559.999987483025));
#8285=CARTESIAN_POINT('',(-32.4999992735684,-1.5,-579.99998703599));
#8286=CARTESIAN_POINT('',(-15.0000002235174,-1.5,-559.999987483025));
#8287=CARTESIAN_POINT('',(-32.4999992735684,-1.5,-559.999987483025));
#8288=CARTESIAN_POINT('',(-15.0000002235174,-1.5,-479.999987483025));
#8289=CARTESIAN_POINT('',(-15.0000002235174,-1.5,-559.999987483025));
#8290=CARTESIAN_POINT('',(-32.5000002825013,-1.5,-479.999987483025));
#8291=CARTESIAN_POINT('',(-15.0000002235174,-1.5,-479.999987483025));
#8292=CARTESIAN_POINT('',(-32.5000004842877,-1.5,-460.000006854534));
#8293=CARTESIAN_POINT('',(-32.4999992735684,-1.5,-579.99998703599));
#8294=CARTESIAN_POINT('',(-97.3789302090712,-1.49999999999999,-593.021525706811));
#8295=CARTESIAN_POINT('',(-32.5000004842877,-1.5,-460.000006854534));
#8296=CARTESIAN_POINT('',(-97.3789302090712,-1.49999999999999,-593.021525706811));
#8297=CARTESIAN_POINT('Origin',(-32.499999475355,1.99005101648921E-15,-559.999987483025));
#8298=CARTESIAN_POINT('',(-32.4999992735684,1.5,-579.99998703599));
#8299=CARTESIAN_POINT('',(-32.4999992735684,1.99005100413334E-15,-579.99998703599));
#8300=CARTESIAN_POINT('',(-32.499999475355,1.5,-559.999987483025));
#8301=CARTESIAN_POINT('',(-32.4999992735684,1.5,-579.99998703599));
#8302=CARTESIAN_POINT('',(-32.499999475355,1.99005101648921E-15,-559.999987483025));
#8303=CARTESIAN_POINT('Origin',(-15.0000002235174,9.1848511304701E-16,-559.999987483025));
#8304=CARTESIAN_POINT('',(-15.0000002235174,1.5,-559.999987483025));
#8305=CARTESIAN_POINT('',(-32.4999992735684,1.5,-559.999987483025));
#8306=CARTESIAN_POINT('',(-15.0000002235174,9.1848511304701E-16,-559.999987483025));
#8307=CARTESIAN_POINT('Origin',(-15.0000002235174,9.1848511304701E-16,-479.999987483025));
#8308=CARTESIAN_POINT('',(-15.0000002235174,1.5,-479.999987483025));
#8309=CARTESIAN_POINT('',(-15.0000002235174,1.5,-559.999987483025));
#8310=CARTESIAN_POINT('',(-15.0000002235174,9.1848511304701E-16,-479.999987483025));
#8311=CARTESIAN_POINT('Origin',(-32.5000002235174,1.99005106230094E-15,
-479.999987483025));
#8312=CARTESIAN_POINT('',(-32.5000002825013,1.5,-479.999987483025));
#8313=CARTESIAN_POINT('',(-15.0000002235174,1.5,-479.999987483025));
#8314=CARTESIAN_POINT('',(-32.5000002825013,1.99005106591267E-15,-479.999987483025));
#8315=CARTESIAN_POINT('Origin',(-32.5000004842877,1.99005107826852E-15,
-460.000006854534));
#8316=CARTESIAN_POINT('',(-32.5000004842877,1.5,-460.000006854534));
#8317=CARTESIAN_POINT('',(-32.4999992735684,1.5,-579.99998703599));
#8318=CARTESIAN_POINT('',(-32.5000004842877,1.99005107826852E-15,-460.000006854534));
#8319=CARTESIAN_POINT('Origin',(-97.3789302090712,5.96273975924663E-15,
-593.021525706811));
#8320=CARTESIAN_POINT('',(-97.3789302090712,1.50000000000001,-593.021525706811));
#8321=CARTESIAN_POINT('',(-32.5000004842877,1.5,-460.000006854534));
#8322=CARTESIAN_POINT('',(-97.3789302090712,5.96273975924663E-15,-593.021525706811));
#8323=CARTESIAN_POINT('Origin',(-97.3789302090712,5.96273975924663E-15,
-613.021525706811));
#8324=CARTESIAN_POINT('',(-97.3789302090712,1.50000000000001,-613.021525706811));
#8325=CARTESIAN_POINT('',(-97.3789302090712,1.50000000000001,-593.021525706811));
#8326=CARTESIAN_POINT('',(-97.3789302090712,5.96273975924663E-15,-613.021525706811));
#8327=CARTESIAN_POINT('Origin',(-32.4999992735684,1.99005100413334E-15,
-579.99998703599));
#8328=CARTESIAN_POINT('',(-97.3789302090712,1.50000000000001,-613.021525706811));
#8329=CARTESIAN_POINT('Origin',(-56.1894652162943,1.5,-536.510766280673));
#8330=CARTESIAN_POINT('Origin',(1.49999999999999,-56.1894652162943,-536.510766280673));
#8331=CARTESIAN_POINT('',(1.49999999999999,-97.3789302090712,-613.021525706811));
#8332=CARTESIAN_POINT('',(1.5,-32.4999992735684,-579.99998703599));
#8333=CARTESIAN_POINT('',(1.49999999999999,-97.3789302090712,-613.021525706811));
#8334=CARTESIAN_POINT('',(1.5,-32.499999475355,-559.999987483025));
#8335=CARTESIAN_POINT('',(1.5,-32.4999992735684,-579.99998703599));
#8336=CARTESIAN_POINT('',(1.5,-15.0000002235174,-559.999987483025));
#8337=CARTESIAN_POINT('',(1.5,-32.4999992735684,-559.999987483025));
#8338=CARTESIAN_POINT('',(1.5,-15.0000002235174,-479.999987483025));
#8339=CARTESIAN_POINT('',(1.5,-15.0000002235174,-559.999987483025));
#8340=CARTESIAN_POINT('',(1.5,-32.5000002825013,-479.999987483025));
#8341=CARTESIAN_POINT('',(1.5,-15.0000002235174,-479.999987483025));
#8342=CARTESIAN_POINT('',(1.5,-32.5000004842877,-460.000006854534));
#8343=CARTESIAN_POINT('',(1.5,-32.4999992735684,-579.99998703599));
#8344=CARTESIAN_POINT('',(1.49999999999999,-97.3789302090712,-593.021525706811));
#8345=CARTESIAN_POINT('',(1.5,-32.5000004842877,-460.000006854534));
#8346=CARTESIAN_POINT('',(1.49999999999999,-97.3789302090712,-593.021525706811));
#8347=CARTESIAN_POINT('Origin',(-3.98010203297841E-15,-32.499999475355,
-559.999987483025));
#8348=CARTESIAN_POINT('',(-1.5,-32.4999992735684,-579.99998703599));
#8349=CARTESIAN_POINT('',(-3.98010200826668E-15,-32.4999992735684,-579.99998703599));
#8350=CARTESIAN_POINT('',(-1.5,-32.499999475355,-559.999987483025));
#8351=CARTESIAN_POINT('',(-1.5,-32.4999992735684,-579.99998703599));
#8352=CARTESIAN_POINT('',(-3.98010203297841E-15,-32.499999475355,-559.999987483025));
#8353=CARTESIAN_POINT('Origin',(-1.83697022609402E-15,-15.0000002235174,
-559.999987483025));
#8354=CARTESIAN_POINT('',(-1.5,-15.0000002235174,-559.999987483025));
#8355=CARTESIAN_POINT('',(-1.5,-32.4999992735684,-559.999987483025));
#8356=CARTESIAN_POINT('',(-1.83697022609402E-15,-15.0000002235174,-559.999987483025));
#8357=CARTESIAN_POINT('Origin',(-1.83697022609402E-15,-15.0000002235174,
-479.999987483025));
#8358=CARTESIAN_POINT('',(-1.5,-15.0000002235174,-479.999987483025));
#8359=CARTESIAN_POINT('',(-1.5,-15.0000002235174,-559.999987483025));
#8360=CARTESIAN_POINT('',(-1.83697022609402E-15,-15.0000002235174,-479.999987483025));
#8361=CARTESIAN_POINT('Origin',(-3.98010212460189E-15,-32.5000002235174,
-479.999987483025));
#8362=CARTESIAN_POINT('',(-1.5,-32.5000002825013,-479.999987483025));
#8363=CARTESIAN_POINT('',(-1.5,-15.0000002235174,-479.999987483025));
#8364=CARTESIAN_POINT('',(-3.98010213182533E-15,-32.5000002825013,-479.999987483025));
#8365=CARTESIAN_POINT('Origin',(-3.98010215653704E-15,-32.5000004842877,
-460.000006854534));
#8366=CARTESIAN_POINT('',(-1.5,-32.5000004842877,-460.000006854534));
#8367=CARTESIAN_POINT('',(-1.5,-32.4999992735684,-579.99998703599));
#8368=CARTESIAN_POINT('',(-3.98010215653704E-15,-32.5000004842877,-460.000006854534));
#8369=CARTESIAN_POINT('Origin',(-1.19254795184933E-14,-97.3789302090712,
-593.021525706811));
#8370=CARTESIAN_POINT('',(-1.50000000000001,-97.3789302090712,-593.021525706811));
#8371=CARTESIAN_POINT('',(-1.5,-32.5000004842877,-460.000006854534));
#8372=CARTESIAN_POINT('',(-1.19254795184933E-14,-97.3789302090712,-593.021525706811));
#8373=CARTESIAN_POINT('Origin',(-1.19254795184933E-14,-97.3789302090712,
-613.021525706811));
#8374=CARTESIAN_POINT('',(-1.50000000000001,-97.3789302090712,-613.021525706811));
#8375=CARTESIAN_POINT('',(-1.50000000000001,-97.3789302090712,-593.021525706811));
#8376=CARTESIAN_POINT('',(-1.19254795184933E-14,-97.3789302090712,-613.021525706811));
#8377=CARTESIAN_POINT('Origin',(-3.98010200826668E-15,-32.4999992735684,
-579.99998703599));
#8378=CARTESIAN_POINT('',(-1.50000000000001,-97.3789302090712,-613.021525706811));
#8379=CARTESIAN_POINT('Origin',(-1.50000000000001,-56.1894652162943,-536.510766280673));
#8380=CARTESIAN_POINT('Origin',(56.1894652162943,1.49999999999999,-536.510766280673));
#8381=CARTESIAN_POINT('',(97.3789302090712,1.49999999999998,-613.021525706811));
#8382=CARTESIAN_POINT('',(32.4999992735684,1.49999999999999,-579.99998703599));
#8383=CARTESIAN_POINT('',(97.3789302090712,1.49999999999998,-613.021525706811));
#8384=CARTESIAN_POINT('',(32.499999475355,1.49999999999999,-559.999987483025));
#8385=CARTESIAN_POINT('',(32.4999992735684,1.49999999999999,-579.99998703599));
#8386=CARTESIAN_POINT('',(15.0000002235174,1.5,-559.999987483025));
#8387=CARTESIAN_POINT('',(32.4999992735684,1.49999999999999,-559.999987483025));
#8388=CARTESIAN_POINT('',(15.0000002235174,1.5,-479.999987483025));
#8389=CARTESIAN_POINT('',(15.0000002235174,1.5,-559.999987483025));
#8390=CARTESIAN_POINT('',(32.5000002825013,1.49999999999999,-479.999987483025));
#8391=CARTESIAN_POINT('',(15.0000002235174,1.5,-479.999987483025));
#8392=CARTESIAN_POINT('',(32.5000004842877,1.49999999999999,-460.000006854534));
#8393=CARTESIAN_POINT('',(32.4999992735684,1.49999999999999,-579.99998703599));
#8394=CARTESIAN_POINT('',(97.3789302090712,1.49999999999998,-593.021525706811));
#8395=CARTESIAN_POINT('',(32.5000004842877,1.49999999999999,-460.000006854534));
#8396=CARTESIAN_POINT('',(97.3789302090712,1.49999999999998,-593.021525706811));
#8397=CARTESIAN_POINT('Origin',(32.499999475355,-5.97015304946762E-15,-559.999987483025));
#8398=CARTESIAN_POINT('',(32.4999992735684,-1.50000000000001,-579.99998703599));
#8399=CARTESIAN_POINT('',(32.4999992735684,-5.97015301240003E-15,-579.99998703599));
#8400=CARTESIAN_POINT('',(32.499999475355,-1.50000000000001,-559.999987483025));
#8401=CARTESIAN_POINT('',(32.4999992735684,-1.50000000000001,-579.99998703599));
#8402=CARTESIAN_POINT('',(32.499999475355,-5.97015304946762E-15,-559.999987483025));
#8403=CARTESIAN_POINT('Origin',(15.0000002235174,-2.75545533914103E-15,
-559.999987483025));
#8404=CARTESIAN_POINT('',(15.0000002235174,-1.5,-559.999987483025));
#8405=CARTESIAN_POINT('',(32.4999992735684,-1.50000000000001,-559.999987483025));
#8406=CARTESIAN_POINT('',(15.0000002235174,-2.75545533914103E-15,-559.999987483025));
#8407=CARTESIAN_POINT('Origin',(15.0000002235174,-2.75545533914103E-15,
-479.999987483025));
#8408=CARTESIAN_POINT('',(15.0000002235174,-1.5,-479.999987483025));
#8409=CARTESIAN_POINT('',(15.0000002235174,-1.5,-559.999987483025));
#8410=CARTESIAN_POINT('',(15.0000002235174,-2.75545533914103E-15,-479.999987483025));
#8411=CARTESIAN_POINT('Origin',(32.5000002235174,-5.97015318690283E-15,
-479.999987483025));
#8412=CARTESIAN_POINT('',(32.5000002825013,-1.50000000000001,-479.999987483025));
#8413=CARTESIAN_POINT('',(15.0000002235174,-1.5,-479.999987483025));
#8414=CARTESIAN_POINT('',(32.5000002825013,-5.970153197738E-15,-479.999987483025));
#8415=CARTESIAN_POINT('Origin',(32.5000004842877,-5.97015323480556E-15,
-460.000006854534));
#8416=CARTESIAN_POINT('',(32.5000004842877,-1.50000000000001,-460.000006854534));
#8417=CARTESIAN_POINT('',(32.4999992735684,-1.50000000000001,-579.99998703599));
#8418=CARTESIAN_POINT('',(32.5000004842877,-5.97015323480556E-15,-460.000006854534));
#8419=CARTESIAN_POINT('Origin',(97.3789302090712,-1.78882192777399E-14,
-593.021525706811));
#8420=CARTESIAN_POINT('',(97.3789302090712,-1.50000000000002,-593.021525706811));
#8421=CARTESIAN_POINT('',(32.5000004842877,-1.50000000000001,-460.000006854534));
#8422=CARTESIAN_POINT('',(97.3789302090712,-1.78882192777399E-14,-593.021525706811));
#8423=CARTESIAN_POINT('Origin',(97.3789302090712,-1.78882192777399E-14,
-613.021525706811));
#8424=CARTESIAN_POINT('',(97.3789302090712,-1.50000000000002,-613.021525706811));
#8425=CARTESIAN_POINT('',(97.3789302090712,-1.50000000000002,-593.021525706811));
#8426=CARTESIAN_POINT('',(97.3789302090712,-1.78882192777399E-14,-613.021525706811));
#8427=CARTESIAN_POINT('Origin',(32.4999992735684,-5.97015301240003E-15,
-579.99998703599));
#8428=CARTESIAN_POINT('',(97.3789302090712,-1.50000000000002,-613.021525706811));
#8429=CARTESIAN_POINT('Origin',(56.1894652162943,-1.50000000000001,-536.510766280673));
#8430=CARTESIAN_POINT('',(0.,0.,0.));
#8431=CARTESIAN_POINT('',(0.,0.,0.));
#8432=CARTESIAN_POINT('',(0.,0.,-50.));
#8433=CARTESIAN_POINT('',(0.,0.,0.));
#8434=UNCERTAINTY_MEASURE_WITH_UNIT(LENGTH_MEASURE(0.01),#8446,
'DISTANCE_ACCURACY_VALUE',
'Maximum model space distance between geometric entities at asserted c
onnectivities');
#8435=UNCERTAINTY_MEASURE_WITH_UNIT(LENGTH_MEASURE(0.01),#8446,
'DISTANCE_ACCURACY_VALUE',
'Maximum model space distance between geometric entities at asserted c
onnectivities');
#8436=UNCERTAINTY_MEASURE_WITH_UNIT(LENGTH_MEASURE(0.01),#8446,
'DISTANCE_ACCURACY_VALUE',
'Maximum model space distance between geometric entities at asserted c
onnectivities');
#8437=UNCERTAINTY_MEASURE_WITH_UNIT(LENGTH_MEASURE(0.01),#8446,
'DISTANCE_ACCURACY_VALUE',
'Maximum model space distance between geometric entities at asserted c
onnectivities');
#8438=UNCERTAINTY_MEASURE_WITH_UNIT(LENGTH_MEASURE(0.01),#8446,
'DISTANCE_ACCURACY_VALUE',
'Maximum model space distance between geometric entities at asserted c
onnectivities');
#8439=UNCERTAINTY_MEASURE_WITH_UNIT(LENGTH_MEASURE(0.01),#8446,
'DISTANCE_ACCURACY_VALUE',
'Maximum model space distance between geometric entities at asserted c
onnectivities');
#8440=(
GEOMETRIC_REPRESENTATION_CONTEXT(3)
GLOBAL_UNCERTAINTY_ASSIGNED_CONTEXT((#8434))
GLOBAL_UNIT_ASSIGNED_CONTEXT((#8446,#8448,#8449))
REPRESENTATION_CONTEXT('','3D')
);
#8441=(
GEOMETRIC_REPRESENTATION_CONTEXT(3)
GLOBAL_UNCERTAINTY_ASSIGNED_CONTEXT((#8435))
GLOBAL_UNIT_ASSIGNED_CONTEXT((#8446,#8448,#8449))
REPRESENTATION_CONTEXT('','3D')
);
#8442=(
GEOMETRIC_REPRESENTATION_CONTEXT(3)
GLOBAL_UNCERTAINTY_ASSIGNED_CONTEXT((#8436))
GLOBAL_UNIT_ASSIGNED_CONTEXT((#8446,#8448,#8449))
REPRESENTATION_CONTEXT('','3D')
);
#8443=(
GEOMETRIC_REPRESENTATION_CONTEXT(3)
GLOBAL_UNCERTAINTY_ASSIGNED_CONTEXT((#8437))
GLOBAL_UNIT_ASSIGNED_CONTEXT((#8446,#8448,#8449))
REPRESENTATION_CONTEXT('','3D')
);
#8444=(
GEOMETRIC_REPRESENTATION_CONTEXT(3)
GLOBAL_UNCERTAINTY_ASSIGNED_CONTEXT((#8438))
GLOBAL_UNIT_ASSIGNED_CONTEXT((#8446,#8448,#8449))
REPRESENTATION_CONTEXT('','3D')
);
#8445=(
GEOMETRIC_REPRESENTATION_CONTEXT(3)
GLOBAL_UNCERTAINTY_ASSIGNED_CONTEXT((#8439))
GLOBAL_UNIT_ASSIGNED_CONTEXT((#8446,#8448,#8449))
REPRESENTATION_CONTEXT('','3D')
);
#8446=(
LENGTH_UNIT()
NAMED_UNIT(*)
SI_UNIT(.MILLI.,.METRE.)
);
#8447=(
LENGTH_UNIT()
NAMED_UNIT(*)
SI_UNIT($,.METRE.)
);
#8448=(
NAMED_UNIT(*)
PLANE_ANGLE_UNIT()
SI_UNIT($,.RADIAN.)
);
#8449=(
NAMED_UNIT(*)
SI_UNIT($,.STERADIAN.)
SOLID_ANGLE_UNIT()
);
#8450=SHAPE_DEFINITION_REPRESENTATION(#8455,#8464);
#8451=SHAPE_DEFINITION_REPRESENTATION(#8456,#8465);
#8452=SHAPE_DEFINITION_REPRESENTATION(#8457,#8466);
#8453=SHAPE_DEFINITION_REPRESENTATION(#8458,#8467);
#8454=SHAPE_DEFINITION_REPRESENTATION(#8459,#8468);
#8455=PRODUCT_DEFINITION_SHAPE('',$,#8470);
#8456=PRODUCT_DEFINITION_SHAPE('',$,#8471);
#8457=PRODUCT_DEFINITION_SHAPE('',$,#8472);
#8458=PRODUCT_DEFINITION_SHAPE('',$,#8473);
#8459=PRODUCT_DEFINITION_SHAPE('',$,#8474);
#8460=PRODUCT_DEFINITION_SHAPE($,$,#23);
#8461=PRODUCT_DEFINITION_SHAPE($,$,#24);
#8462=PRODUCT_DEFINITION_SHAPE($,$,#25);
#8463=PRODUCT_DEFINITION_SHAPE($,$,#26);
#8464=SHAPE_REPRESENTATION('',(#1817,#1977,#1978,#1979,#1980),#8440);
#8465=SHAPE_REPRESENTATION('',(#1818),#8441);
#8466=SHAPE_REPRESENTATION('',(#1875),#8442);
#8467=SHAPE_REPRESENTATION('',(#1924),#8443);
#8468=SHAPE_REPRESENTATION('',(#1936),#8444);
#8469=PRODUCT_DEFINITION_CONTEXT('part definition',#8486,'design');
#8470=PRODUCT_DEFINITION('Configuration 1','Rocket_MK-1 v2',#8475,#8469);
#8471=PRODUCT_DEFINITION('Rocket motor','Rocket motor',#8476,#8469);
#8472=PRODUCT_DEFINITION('Main_Body_Tube','Main_Body_Tube',#8477,#8469);
#8473=PRODUCT_DEFINITION('Nose Cone','Nose Cone',#8478,#8469);
#8474=PRODUCT_DEFINITION('Fins','Fins',#8479,#8469);
#8475=PRODUCT_DEFINITION_FORMATION('',$,#8488);
#8476=PRODUCT_DEFINITION_FORMATION('',$,#8489);
#8477=PRODUCT_DEFINITION_FORMATION('',$,#8490);
#8478=PRODUCT_DEFINITION_FORMATION('',$,#8491);
#8479=PRODUCT_DEFINITION_FORMATION('',$,#8492);
#8480=PRODUCT_RELATED_PRODUCT_CATEGORY('Rocket_MK-1 v2',
'Rocket_MK-1 v2',(#8488));
#8481=PRODUCT_RELATED_PRODUCT_CATEGORY('Rocket motor','Rocket motor',(#8489));
#8482=PRODUCT_RELATED_PRODUCT_CATEGORY('Main_Body_Tube',
'Main_Body_Tube',(#8490));
#8483=PRODUCT_RELATED_PRODUCT_CATEGORY('Nose Cone','Nose Cone',(#8491));
#8484=PRODUCT_RELATED_PRODUCT_CATEGORY('Fins','Fins',(#8492));
#8485=APPLICATION_PROTOCOL_DEFINITION('international standard',
'automotive_design',2009,#8486);
#8486=APPLICATION_CONTEXT(
'Core Data for Automotive Mechanical Design Process');
#8487=PRODUCT_CONTEXT('part definition',#8486,'mechanical');
#8488=PRODUCT('Configuration 1','Rocket_MK-1 v2',$,(#8487));
#8489=PRODUCT('Rocket motor','Rocket motor',$,(#8487));
#8490=PRODUCT('Main_Body_Tube','Main_Body_Tube',$,(#8487));
#8491=PRODUCT('Nose Cone','Nose Cone',$,(#8487));
#8492=PRODUCT('Fins','Fins',$,(#8487));
#8493=PRESENTATION_STYLE_ASSIGNMENT((#8496));
#8494=PRESENTATION_STYLE_ASSIGNMENT((#8497));
#8495=PRESENTATION_STYLE_ASSIGNMENT((#8498));
#8496=SURFACE_STYLE_USAGE(.BOTH.,#8499);
#8497=SURFACE_STYLE_USAGE(.BOTH.,#8500);
#8498=SURFACE_STYLE_USAGE(.BOTH.,#8501);
#8499=SURFACE_SIDE_STYLE('',(#8502));
#8500=SURFACE_SIDE_STYLE('',(#8503));
#8501=SURFACE_SIDE_STYLE('',(#8504));
#8502=SURFACE_STYLE_FILL_AREA(#8505);
#8503=SURFACE_STYLE_FILL_AREA(#8506);
#8504=SURFACE_STYLE_FILL_AREA(#8507);
#8505=FILL_AREA_STYLE('Carbon Fiber - Plain',(#8508));
#8506=FILL_AREA_STYLE('Paint - Enamel Glossy (Red)',(#8509));
#8507=FILL_AREA_STYLE('Plastic - Matte (White)',(#8510));
#8508=FILL_AREA_STYLE_COLOUR('Carbon Fiber - Plain',#8511);
#8509=FILL_AREA_STYLE_COLOUR('Paint - Enamel Glossy (Red)',#8512);
#8510=FILL_AREA_STYLE_COLOUR('Plastic - Matte (White)',#8513);
#8511=COLOUR_RGB('Carbon Fiber - Plain',0.0980392156862745,0.0980392156862745,
0.0980392156862745);
#8512=COLOUR_RGB('Paint - Enamel Glossy (Red)',0.768627450980392,0.207843137254902,
0.152941176470588);
#8513=COLOUR_RGB('Plastic - Matte (White)',0.964705882352941,0.964705882352941,
0.952941176470588);
ENDSEC;
END-ISO-10303-21;
