ISO-10303-21;
HEADER;
/* Generated by software containing ST-Developer
 * from STEP Tools, Inc. (www.steptools.com) 
 */

FILE_DESCRIPTION(
/* description */ (''),
/* implementation_level */ '2;1');

FILE_NAME(
/* name */ 'Rocket_MK-1_Launch_Rail_Assembly v1.step',
/* time_stamp */ '2026-10-03T23:01:30+05:30',
/* author */ (''),
/* organization */ (''),
/* preprocessor_version */ 'ST-DEVELOPER v20.2',
/* originating_system */ 'Autodesk Translation Framework v15.15.0.0',
/* authorisation */ '');

FILE_SCHEMA (('AUTOMOTIVE_DESIGN { 1 0 10303 214 3 1 1 }'));
ENDSEC;

DATA;
#10=MECHANICAL_DESIGN_GEOMETRIC_PRESENTATION_REPRESENTATION('',(#71,#72,
#73,#74,#75,#76,#77,#78,#79,#80,#81),#12457);
#11=CONTEXT_DEPENDENT_OVER_RIDING_STYLED_ITEM('',(#12540),#12489,#81,(#29));
#12=MAPPED_ITEM('',#13,#4573);
#13=REPRESENTATION_MAP(#4573,#12488);
#14=TOROIDAL_SURFACE('',#4357,1.69999999999999,0.2);
#15=CONICAL_SURFACE('',#4354,0.887310000000008,0.82453550268586);
#16=ITEM_DEFINED_TRANSFORMATION($,$,#4189,#4348);
#17=ITEM_DEFINED_TRANSFORMATION($,$,#4246,#4349);
#18=ITEM_DEFINED_TRANSFORMATION($,$,#4295,#4350);
#19=ITEM_DEFINED_TRANSFORMATION($,$,#4307,#4351);
#20=ITEM_DEFINED_TRANSFORMATION($,$,#4353,#4435);
#21=ITEM_DEFINED_TRANSFORMATION($,$,#4188,#4570);
#22=ITEM_DEFINED_TRANSFORMATION($,$,#4352,#4571);
#23=ITEM_DEFINED_TRANSFORMATION($,$,#4436,#4572);
#24=(
REPRESENTATION_RELATIONSHIP($,$,#12490,#12489)
REPRESENTATION_RELATIONSHIP_WITH_TRANSFORMATION(#16)
SHAPE_REPRESENTATION_RELATIONSHIP()
);
#25=(
REPRESENTATION_RELATIONSHIP($,$,#12491,#12489)
REPRESENTATION_RELATIONSHIP_WITH_TRANSFORMATION(#17)
SHAPE_REPRESENTATION_RELATIONSHIP()
);
#26=(
REPRESENTATION_RELATIONSHIP($,$,#12492,#12489)
REPRESENTATION_RELATIONSHIP_WITH_TRANSFORMATION(#18)
SHAPE_REPRESENTATION_RELATIONSHIP()
);
#27=(
REPRESENTATION_RELATIONSHIP($,$,#12493,#12489)
REPRESENTATION_RELATIONSHIP_WITH_TRANSFORMATION(#19)
SHAPE_REPRESENTATION_RELATIONSHIP()
);
#28=(
REPRESENTATION_RELATIONSHIP($,$,#12495,#12494)
REPRESENTATION_RELATIONSHIP_WITH_TRANSFORMATION(#20)
SHAPE_REPRESENTATION_RELATIONSHIP()
);
#29=(
REPRESENTATION_RELATIONSHIP($,$,#12489,#12488)
REPRESENTATION_RELATIONSHIP_WITH_TRANSFORMATION(#21)
SHAPE_REPRESENTATION_RELATIONSHIP()
);
#30=(
REPRESENTATION_RELATIONSHIP($,$,#12494,#12488)
REPRESENTATION_RELATIONSHIP_WITH_TRANSFORMATION(#22)
SHAPE_REPRESENTATION_RELATIONSHIP()
);
#31=(
REPRESENTATION_RELATIONSHIP($,$,#12496,#12488)
REPRESENTATION_RELATIONSHIP_WITH_TRANSFORMATION(#23)
SHAPE_REPRESENTATION_RELATIONSHIP()
);
#32=CONTEXT_DEPENDENT_SHAPE_REPRESENTATION(#24,#12477);
#33=CONTEXT_DEPENDENT_SHAPE_REPRESENTATION(#25,#12478);
#34=CONTEXT_DEPENDENT_SHAPE_REPRESENTATION(#26,#12479);
#35=CONTEXT_DEPENDENT_SHAPE_REPRESENTATION(#27,#12480);
#36=CONTEXT_DEPENDENT_SHAPE_REPRESENTATION(#28,#12483);
#37=CONTEXT_DEPENDENT_SHAPE_REPRESENTATION(#29,#12485);
#38=CONTEXT_DEPENDENT_SHAPE_REPRESENTATION(#30,#12486);
#39=CONTEXT_DEPENDENT_SHAPE_REPRESENTATION(#31,#12487);
#40=NEXT_ASSEMBLY_USAGE_OCCURRENCE('Rocket motor:1','Rocket motor:1',
'Rocket motor:1',#12499,#12500,'Rocket motor:1');
#41=NEXT_ASSEMBLY_USAGE_OCCURRENCE('Main_Body_Tube:1',
'Main_Body_Tube:1','Main_Body_Tube:1',#12499,#12501,'Main_Body_Tube:1');
#42=NEXT_ASSEMBLY_USAGE_OCCURRENCE('Nose Cone:1','Nose Cone:1',
'Nose Cone:1',#12499,#12502,'Nose Cone:1');
#43=NEXT_ASSEMBLY_USAGE_OCCURRENCE('Fins:1','Fins:1','Fins:1',#12499,#12503,
'Fins:1');
#44=NEXT_ASSEMBLY_USAGE_OCCURRENCE(
'Broached Hexagon Socket Head Cap Screw ANSI B18.3.1M - M2x0.4 x 8 Ste
el Grade 2 Plain v1:1',
'Broached Hexagon Socket Head Cap Screw ANSI B18.3.1M - M2x0.4 x 8 Ste
el Grade 2 Plain v1:1',
'Broached Hexagon Socket Head Cap Screw ANSI B18.3.1M - M2x0.4 x 8 Ste
el Grade 2 Plain v1:1',#12504,#12505,
'Broached Hexagon Socket Head Cap Screw ANSI B18.3.1M - M2x0.4 x 8 Ste
el Grade 2 Plain v1:1');
#45=NEXT_ASSEMBLY_USAGE_OCCURRENCE('Configuration 1 v11:1',
'Configuration 1 v11:1','Configuration 1 v11:1',#12498,#12499,
'Configuration 1 v11:1');
#46=NEXT_ASSEMBLY_USAGE_OCCURRENCE('RailButton v6:1','RailButton v6:1',
'RailButton v6:1',#12498,#12504,'RailButton v6:1');
#47=NEXT_ASSEMBLY_USAGE_OCCURRENCE('2020 alu section v1 v2:1',
'2020 alu section v1 v2:1','2020 alu section v1 v2:1',#12498,#12506,
'2020 alu section v1 v2:1');
#48=ORIENTED_CLOSED_SHELL('',*,#4112,.F.);
#49=B_SPLINE_CURVE_WITH_KNOTS('',3,(#11101,#11102,#11103,#11104,#11105,
#11106,#11107,#11108,#11109,#11110,#11111,#11112,#11113,#11114,#11115,#11116,
#11117,#11118,#11119,#11120,#11121,#11122,#11123,#11124,#11125,#11126,#11127,
#11128,#11129,#11130,#11131,#11132,#11133,#11134,#11135,#11136,#11137,#11138,
#11139),.UNSPECIFIED.,.T.,.F.,(4,2,3,2,2,2,2,2,2,2,2,2,2,2,2,2,2,2,4),(-1.90708857044508,
-1.20653503660262,0.,0.683129880474866,1.36625976094973,2.57279479755234,
3.77932983415496,4.98586487075758,6.19239990736019,7.39893494396281,8.60546998056542,
9.81200501716804,11.0185400537706,12.2250750903733,13.4316101269759,14.6381451635785,
15.8446802001811,17.0512152367837,17.5571967395439),.UNSPECIFIED.);
#50=B_SPLINE_CURVE_WITH_KNOTS('',3,(#11476,#11477,#11478,#11479,#11480,
#11481,#11482,#11483,#11484,#11485,#11486,#11487,#11488,#11489,#11490,#11491,
#11492,#11493,#11494,#11495,#11496,#11497,#11498,#11499,#11500,#11501,#11502,
#11503,#11504,#11505,#11506),.UNSPECIFIED.,.F.,.F.,(4,3,3,3,3,3,3,3,3,3,
4),(0.0305531064785218,0.0686886043089496,0.145262138648301,0.269108920691442,
0.470490872623513,0.677497677911784,0.814929661096148,0.907464830548074,
0.953732415274037,0.976866207637018,0.98134741840693),.UNSPECIFIED.);
#51=B_SPLINE_CURVE_WITH_KNOTS('',3,(#11797,#11798,#11799,#11800,#11801,
#11802,#11803,#11804,#11805,#11806,#11807,#11808,#11809,#11810,#11811,#11812,
#11813,#11814),.UNSPECIFIED.,.F.,.F.,(4,2,2,2,2,2,2,2,4),(0.,0.0376716993436081,
0.0753433986872162,0.113027853801693,0.15071230891617,0.188381576183159,
0.226050843450148,0.263721027338889,0.301391211227631),.UNSPECIFIED.);
#52=B_SPLINE_CURVE_WITH_KNOTS('',3,(#11815,#11816,#11817,#11818,#11819,
#11820,#11821,#11822,#11823,#11824,#11825,#11826,#11827,#11828,#11829,#11830,
#11831,#11832),.UNSPECIFIED.,.F.,.F.,(4,2,2,2,2,2,2,2,4),(0.301391211227631,
0.339061395116373,0.376731579005115,0.414400846272103,0.452070113539092,
0.489754568653569,0.527439023768046,0.565110723111654,0.602782422455262),
 .UNSPECIFIED.);
#53=(
BOUNDED_CURVE()
B_SPLINE_CURVE(5,(#10589,#10590,#10591,#10592,#10593,#10594,#10595,#10596,
#10597,#10598,#10599,#10600,#10601,#10602,#10603,#10604,#10605,#10606,#10607,
#10608,#10609,#10610,#10611,#10612,#10613,#10614,#10615,#10616,#10617,#10618,
#10619,#10620,#10621,#10622,#10623,#10624,#10625,#10626,#10627,#10628,#10629,
#10630,#10631,#10632,#10633,#10634,#10635,#10636,#10637,#10638,#10639,#10640,
#10641,#10642,#10643,#10644,#10645,#10646,#10647,#10648,#10649,#10650,#10651,
#10652,#10653,#10654,#10655,#10656,#10657,#10658,#10659,#10660,#10661,#10662,
#10663,#10664,#10665,#10666,#10667,#10668,#10669,#10670,#10671,#10672,#10673,
#10674,#10675,#10676,#10677,#10678,#10679,#10680,#10681,#10682,#10683,#10684,
#10685,#10686,#10687,#10688,#10689,#10690,#10691,#10692,#10693,#10694,#10695,
#10696,#10697,#10698,#10699,#10700,#10701,#10702,#10703,#10704,#10705,#10706,
#10707,#10708,#10709,#10710,#10711,#10712,#10713,#10714,#10715,#10716,#10717,
#10718,#10719,#10720,#10721,#10722,#10723,#10724,#10725,#10726,#10727,#10728,
#10729,#10730,#10731,#10732,#10733,#10734,#10735,#10736,#10737,#10738,#10739,
#10740,#10741,#10742,#10743,#10744,#10745,#10746,#10747,#10748,#10749,#10750,
#10751,#10752,#10753,#10754,#10755,#10756,#10757,#10758,#10759,#10760,#10761,
#10762,#10763,#10764,#10765,#10766,#10767,#10768,#10769,#10770,#10771,#10772,
#10773,#10774,#10775,#10776,#10777,#10778,#10779,#10780,#10781,#10782,#10783,
#10784,#10785,#10786,#10787,#10788,#10789,#10790,#10791,#10792,#10793,#10794,
#10795,#10796,#10797,#10798,#10799,#10800,#10801,#10802,#10803,#10804,#10805,
#10806,#10807,#10808,#10809,#10810,#10811,#10812,#10813,#10814,#10815,#10816,
#10817,#10818,#10819,#10820,#10821,#10822,#10823,#10824,#10825,#10826,#10827,
#10828,#10829,#10830,#10831,#10832,#10833,#10834,#10835,#10836,#10837,#10838,
#10839,#10840,#10841,#10842,#10843,#10844,#10845,#10846,#10847,#10848,#10849,
#10850,#10851,#10852,#10853,#10854,#10855,#10856,#10857,#10858,#10859,#10860,
#10861,#10862,#10863,#10864,#10865,#10866,#10867,#10868,#10869,#10870,#10871,
#10872,#10873,#10874,#10875,#10876,#10877,#10878,#10879,#10880,#10881,#10882,
#10883,#10884,#10885,#10886,#10887,#10888,#10889,#10890,#10891,#10892,#10893,
#10894,#10895,#10896,#10897,#10898,#10899,#10900,#10901,#10902,#10903,#10904,
#10905,#10906,#10907,#10908,#10909,#10910,#10911,#10912,#10913,#10914,#10915,
#10916,#10917,#10918,#10919,#10920,#10921,#10922,#10923,#10924,#10925,#10926,
#10927,#10928,#10929,#10930,#10931,#10932,#10933,#10934,#10935,#10936,#10937,
#10938,#10939,#10940,#10941,#10942,#10943,#10944,#10945,#10946,#10947,#10948,
#10949,#10950,#10951,#10952,#10953,#10954,#10955,#10956,#10957,#10958,#10959,
#10960,#10961,#10962,#10963,#10964,#10965,#10966,#10967,#10968,#10969,#10970,
#10971,#10972,#10973,#10974,#10975,#10976,#10977,#10978,#10979,#10980,#10981,
#10982,#10983,#10984,#10985,#10986,#10987,#10988,#10989,#10990,#10991,#10992,
#10993,#10994,#10995,#10996,#10997,#10998,#10999,#11000,#11001,#11002,#11003,
#11004,#11005,#11006,#11007,#11008,#11009,#11010,#11011,#11012,#11013,#11014,
#11015,#11016,#11017,#11018,#11019,#11020,#11021,#11022,#11023,#11024,#11025,
#11026,#11027,#11028,#11029,#11030,#11031,#11032,#11033,#11034,#11035,#11036,
#11037,#11038,#11039,#11040,#11041,#11042,#11043,#11044,#11045,#11046,#11047,
#11048,#11049,#11050,#11051,#11052,#11053,#11054,#11055,#11056,#11057,#11058,
#11059,#11060,#11061,#11062,#11063,#11064,#11065,#11066,#11067,#11068,#11069,
#11070,#11071,#11072,#11073,#11074,#11075,#11076,#11077,#11078,#11079,#11080,
#11081,#11082,#11083,#11084,#11085,#11086,#11087,#11088,#11089,#11090,#11091,
#11092,#11093),.UNSPECIFIED.,.F.,.F.)
B_SPLINE_CURVE_WITH_KNOTS((6,1,1,1,1,1,1,1,1,1,1,1,1,1,1,1,1,1,1,1,1,1,
1,1,1,1,1,1,1,1,1,1,1,1,1,1,1,1,1,1,1,1,1,1,1,1,1,1,1,1,1,1,1,1,1,1,1,1,
1,1,1,1,1,1,1,1,1,1,1,1,1,1,1,1,1,1,1,1,1,1,1,1,1,1,1,1,1,1,1,1,1,1,1,1,
1,1,1,1,1,1,1,1,1,1,1,1,1,1,1,1,1,1,1,1,1,1,1,1,1,1,1,1,1,1,1,1,1,1,1,1,
1,1,1,1,1,1,1,1,1,1,1,1,1,1,1,1,1,1,1,1,1,1,1,1,1,1,1,1,1,1,1,1,1,1,1,1,
1,1,1,1,1,1,1,1,1,1,1,1,1,1,1,1,1,1,1,1,1,1,1,1,1,1,1,1,1,1,1,1,1,1,1,1,
1,1,1,1,1,1,1,1,1,1,1,1,1,1,1,1,1,1,1,1,1,1,1,1,1,1,1,1,1,1,1,1,1,1,1,1,
1,1,1,1,1,1,1,1,1,1,1,1,1,1,1,1,1,1,1,1,1,1,1,1,1,1,1,1,1,1,1,1,1,1,1,1,
1,1,1,1,1,1,1,1,1,1,1,1,1,1,1,1,1,1,1,1,1,1,1,1,1,1,1,1,1,1,1,1,1,1,1,1,
1,1,1,1,1,1,1,1,1,1,1,1,1,1,1,1,1,1,1,1,1,1,1,1,1,1,1,1,1,1,1,1,1,1,1,1,
1,1,1,1,1,1,1,1,1,1,1,1,1,1,1,1,1,1,1,1,1,1,1,1,1,1,1,1,1,1,1,1,1,1,1,1,
1,1,1,1,1,1,1,1,1,1,1,1,1,1,1,1,1,1,1,1,1,1,1,1,1,1,1,1,1,1,1,1,1,1,1,1,
1,1,1,1,1,1,1,1,1,1,1,1,1,1,1,1,1,1,1,1,1,1,1,1,1,1,1,1,1,1,1,1,1,1,1,1,
1,1,1,1,1,1,1,1,1,1,1,1,1,1,1,1,1,1,1,1,1,1,1,1,1,1,1,1,1,1,1,1,1,1,1,1,
1,1,1,1,1,1,1,1,1,1,6),(0.,0.002,0.004,0.006,0.008,0.01,0.012,0.014,0.016,
0.018,0.02,0.022,0.024,0.026,0.028,0.03,0.032,0.034,0.036,0.038,0.04,0.042,
0.044,0.046,0.048,0.05,0.052,0.054,0.056,0.058,0.06,0.062,0.064,0.066,0.068,
0.07,0.0720000000000001,0.0740000000000001,0.0760000000000001,0.0780000000000001,
0.0800000000000001,0.0820000000000001,0.0840000000000001,0.0860000000000001,
0.0880000000000001,0.0900000000000001,0.0920000000000001,0.0940000000000001,
0.0960000000000001,0.0980000000000001,0.1,0.102,0.104,0.106,0.108,0.11,
0.112,0.114,0.116,0.118,0.12,0.122,0.124,0.126,0.128,0.13,0.132,0.134,0.136,
0.138,0.14,0.142,0.144,0.146,0.148,0.15,0.152,0.154,0.156,0.158,0.16,0.162,
0.164,0.166,0.168,0.17,0.172,0.174,0.176,0.178,0.18,0.182,0.184,0.186,0.188,
0.19,0.192,0.194,0.196,0.198,0.2,0.202,0.204,0.206,0.208,0.21,0.212,0.214,
0.216,0.218,0.22,0.222,0.224,0.226,0.228,0.23,0.232,0.234,0.236,0.238,0.24,
0.242,0.244,0.246,0.248,0.25,0.252,0.254,0.256,0.258,0.26,0.262,0.264,0.266,
0.268,0.27,0.272,0.274,0.276,0.278,0.28,0.282,0.284,0.286,0.288,0.29,0.292,
0.294,0.296,0.298,0.3,0.302,0.304,0.306,0.308,0.31,0.312,0.314,0.316,0.318,
0.32,0.322,0.324,0.326,0.328,0.33,0.332,0.334,0.336,0.338,0.34,0.342,0.344,
0.346,0.348,0.35,0.352,0.354,0.356,0.358,0.36,0.362,0.364,0.366,0.368,0.37,
0.372,0.374,0.376,0.378,0.38,0.382,0.384,0.386,0.388,0.39,0.392,0.394,0.396,
0.398,0.4,0.402,0.404,0.406,0.408,0.41,0.412,0.414,0.416,0.418,0.42,0.422,
0.424,0.426,0.428,0.43,0.432,0.434,0.436,0.438,0.44,0.442,0.444,0.446,0.448,
0.45,0.452,0.454,0.456,0.458,0.46,0.462,0.464,0.466,0.468,0.47,0.472,0.474,
0.476,0.478,0.48,0.482,0.484,0.486,0.488,0.49,0.492,0.494,0.496,0.498,0.5,
0.502,0.504,0.506,0.508,0.51,0.512,0.514,0.516,0.518,0.52,0.522,0.524,0.526,
0.528,0.53,0.532,0.534,0.536,0.538,0.54,0.542,0.544,0.546,0.548,0.55,0.552,
0.554,0.556,0.558,0.56,0.562,0.564,0.566,0.568,0.57,0.572,0.574,0.576,0.578,
0.58,0.582,0.584,0.586,0.588,0.59,0.592,0.594,0.596,0.598,0.6,0.602,0.604,
0.606,0.608,0.61,0.612,0.614,0.616,0.618,0.62,0.622,0.624,0.626,0.628,0.63,
0.632,0.634,0.636,0.638,0.64,0.642,0.644,0.646,0.648,0.65,0.652,0.654,0.656,
0.658,0.66,0.662,0.664,0.666,0.668,0.67,0.672,0.674,0.676,0.678,0.68,0.682,
0.684,0.686,0.688000000000001,0.690000000000001,0.692000000000001,0.694000000000001,
0.696000000000001,0.698000000000001,0.700000000000001,0.702000000000001,
0.704000000000001,0.706000000000001,0.708000000000001,0.710000000000001,
0.712000000000001,0.714000000000001,0.716000000000001,0.718000000000001,
0.720000000000001,0.722000000000001,0.724000000000001,0.726000000000001,
0.728000000000001,0.730000000000001,0.732000000000001,0.734000000000001,
0.736000000000001,0.738000000000001,0.740000000000001,0.742000000000001,
0.744000000000001,0.746000000000001,0.748000000000001,0.750000000000001,
0.752000000000001,0.754000000000001,0.756000000000001,0.758000000000001,
0.760000000000001,0.762000000000001,0.764000000000001,0.766000000000001,
0.768000000000001,0.770000000000001,0.772000000000001,0.774000000000001,
0.776000000000001,0.778000000000001,0.780000000000001,0.782000000000001,
0.784000000000001,0.786000000000001,0.788000000000001,0.790000000000001,
0.792000000000001,0.794000000000001,0.796000000000001,0.798000000000001,
0.800000000000001,0.802000000000001,0.804000000000001,0.806000000000001,
0.808000000000001,0.810000000000001,0.812000000000001,0.814000000000001,
0.816000000000001,0.818000000000001,0.820000000000001,0.822000000000001,
0.824000000000001,0.826000000000001,0.828000000000001,0.830000000000001,
0.832000000000001,0.834000000000001,0.836000000000001,0.838000000000001,
0.840000000000001,0.842000000000001,0.844000000000001,0.846000000000001,
0.848000000000001,0.850000000000001,0.852000000000001,0.854000000000001,
0.856000000000001,0.858000000000001,0.860000000000001,0.862000000000001,
0.864000000000001,0.866000000000001,0.868000000000001,0.870000000000001,
0.872000000000001,0.874000000000001,0.876000000000001,0.878000000000001,
0.880000000000001,0.882000000000001,0.884000000000001,0.886000000000001,
0.888000000000001,0.890000000000001,0.892000000000001,0.894000000000001,
0.896000000000001,0.898000000000001,0.900000000000001,0.902000000000001,
0.904000000000001,0.906000000000001,0.908000000000001,0.910000000000001,
0.912000000000001,0.914000000000001,0.916000000000001,0.918000000000001,
0.920000000000001,0.922000000000001,0.924000000000001,0.926000000000001,
0.928000000000001,0.930000000000001,0.932000000000001,0.934000000000001,
0.936000000000001,0.938000000000001,0.940000000000001,0.942000000000001,
0.944000000000001,0.946000000000001,0.948000000000001,0.950000000000001,
0.952000000000001,0.954000000000001,0.956000000000001,0.958000000000001,
0.960000000000001,0.962000000000001,0.964000000000001,0.966000000000001,
0.968000000000001,0.970000000000001,0.972000000000001,0.974000000000001,
0.976000000000001,0.978000000000001,0.980000000000001,0.982000000000001,
0.984000000000001,0.986000000000001,0.988000000000001,0.990000000000001,
0.992000000000001,0.994000000000001,0.996000000000001,0.998000000000001,
1.),.UNSPECIFIED.)
CURVE()
GEOMETRIC_REPRESENTATION_ITEM()
RATIONAL_B_SPLINE_CURVE((1.,1.,1.,1.,1.,1.,1.,1.,1.,1.,1.,1.,1.,1.,1.,1.,
1.,1.,1.,1.,1.,1.,1.,1.,1.,1.,1.,1.,1.,1.,1.,1.,1.,1.,1.,1.,1.,1.,1.,1.,
1.,1.,1.,1.,1.,1.,1.,1.,1.,1.,1.,1.,1.,1.,1.,1.,1.,1.,1.,1.,1.,1.,1.,1.,
1.,1.,1.,1.,1.,1.,1.,1.,1.,1.,1.,1.,1.,1.,1.,1.,1.,1.,1.,1.,1.,1.,1.,1.,
1.,1.,1.,1.,1.,1.,1.,1.,1.,1.,1.,1.,1.,1.,1.,1.,1.,1.,1.,1.,1.,1.,1.,1.,
1.,1.,1.,1.,1.,1.,1.,1.,1.,1.,1.,1.,1.,1.,1.,1.,1.,1.,1.,1.,1.,1.,1.,1.,
1.,1.,1.,1.,1.,1.,1.,1.,1.,1.,1.,1.,1.,1.,1.,1.,1.,1.,1.,1.,1.,1.,1.,1.,
1.,1.,1.,1.,1.,1.,1.,1.,1.,1.,1.,1.,1.,1.,1.,1.,1.,1.,1.,1.,1.,1.,1.,1.,
1.,1.,1.,1.,1.,1.,1.,1.,1.,1.,1.,1.,1.,1.,1.,1.,1.,1.,1.,1.,1.,1.,1.,1.,
1.,1.,1.,1.,1.,1.,1.,1.,1.,1.,1.,1.,1.,1.,1.,1.,1.,1.,1.,1.,1.,1.,1.,1.,
1.,1.,1.,1.,1.,1.,1.,1.,1.,1.,1.,1.,1.,1.,1.,1.,1.,1.,1.,1.,1.,1.,1.,1.,
1.,1.,1.,1.,1.,1.,1.,1.,1.,1.,1.,1.,1.,1.,1.,1.,1.,1.,1.,1.,1.,1.,1.,1.,
1.,1.,1.,1.,1.,1.,1.,1.,1.,1.,1.,1.,1.,1.,1.,1.,1.,1.,1.,1.,1.,1.,1.,1.,
1.,1.,1.,1.,1.,1.,1.,1.,1.,1.,1.,1.,1.,1.,1.,1.,1.,1.,1.,1.,1.,1.,1.,1.,
1.,1.,1.,1.,1.,1.,1.,1.,1.,1.,1.,1.,1.,1.,1.,1.,1.,1.,1.,1.,1.,1.,1.,1.,
1.,1.,1.,1.,1.,1.,1.,1.,1.,1.,1.,1.,1.,1.,1.,1.,1.,1.,1.,1.,1.,1.,1.,1.,
1.,1.,1.,1.,1.,1.,1.,1.,1.,1.,1.,1.,1.,1.,1.,1.,1.,1.,1.,1.,1.,1.,1.,1.,
1.,1.,1.,1.,1.,1.,1.,1.,1.,1.,1.,1.,1.,1.,1.,1.,1.,1.,1.,1.,1.,1.,1.,1.,
1.,1.,1.,1.,1.,1.,1.,1.,1.,1.,1.,1.,1.,1.,1.,1.,1.,1.,1.,1.,1.,1.,1.,1.,
1.,1.,1.,1.,1.,1.,1.,1.,1.,1.,1.,1.,1.,1.,1.,1.,1.,1.,1.,1.,1.,1.,1.,1.,
1.,1.,1.,1.,1.,1.,1.,1.,1.,1.,1.,1.,1.,1.,1.,1.,1.,1.,1.,1.,1.,1.,1.,1.,
1.,1.,1.,1.,1.,1.,1.,1.,1.))
REPRESENTATION_ITEM('')
);
#54=(
BOUNDED_SURFACE()
B_SPLINE_SURFACE(5,2,((#6043,#6044,#6045,#6046,#6047,#6048,#6049,#6050,
#6051),(#6052,#6053,#6054,#6055,#6056,#6057,#6058,#6059,#6060),(#6061,#6062,
#6063,#6064,#6065,#6066,#6067,#6068,#6069),(#6070,#6071,#6072,#6073,#6074,
#6075,#6076,#6077,#6078),(#6079,#6080,#6081,#6082,#6083,#6084,#6085,#6086,
#6087),(#6088,#6089,#6090,#6091,#6092,#6093,#6094,#6095,#6096),(#6097,#6098,
#6099,#6100,#6101,#6102,#6103,#6104,#6105),(#6106,#6107,#6108,#6109,#6110,
#6111,#6112,#6113,#6114),(#6115,#6116,#6117,#6118,#6119,#6120,#6121,#6122,
#6123),(#6124,#6125,#6126,#6127,#6128,#6129,#6130,#6131,#6132),(#6133,#6134,
#6135,#6136,#6137,#6138,#6139,#6140,#6141),(#6142,#6143,#6144,#6145,#6146,
#6147,#6148,#6149,#6150),(#6151,#6152,#6153,#6154,#6155,#6156,#6157,#6158,
#6159),(#6160,#6161,#6162,#6163,#6164,#6165,#6166,#6167,#6168),(#6169,#6170,
#6171,#6172,#6173,#6174,#6175,#6176,#6177),(#6178,#6179,#6180,#6181,#6182,
#6183,#6184,#6185,#6186),(#6187,#6188,#6189,#6190,#6191,#6192,#6193,#6194,
#6195),(#6196,#6197,#6198,#6199,#6200,#6201,#6202,#6203,#6204),(#6205,#6206,
#6207,#6208,#6209,#6210,#6211,#6212,#6213),(#6214,#6215,#6216,#6217,#6218,
#6219,#6220,#6221,#6222),(#6223,#6224,#6225,#6226,#6227,#6228,#6229,#6230,
#6231),(#6232,#6233,#6234,#6235,#6236,#6237,#6238,#6239,#6240),(#6241,#6242,
#6243,#6244,#6245,#6246,#6247,#6248,#6249),(#6250,#6251,#6252,#6253,#6254,
#6255,#6256,#6257,#6258),(#6259,#6260,#6261,#6262,#6263,#6264,#6265,#6266,
#6267),(#6268,#6269,#6270,#6271,#6272,#6273,#6274,#6275,#6276),(#6277,#6278,
#6279,#6280,#6281,#6282,#6283,#6284,#6285),(#6286,#6287,#6288,#6289,#6290,
#6291,#6292,#6293,#6294),(#6295,#6296,#6297,#6298,#6299,#6300,#6301,#6302,
#6303),(#6304,#6305,#6306,#6307,#6308,#6309,#6310,#6311,#6312),(#6313,#6314,
#6315,#6316,#6317,#6318,#6319,#6320,#6321),(#6322,#6323,#6324,#6325,#6326,
#6327,#6328,#6329,#6330),(#6331,#6332,#6333,#6334,#6335,#6336,#6337,#6338,
#6339),(#6340,#6341,#6342,#6343,#6344,#6345,#6346,#6347,#6348),(#6349,#6350,
#6351,#6352,#6353,#6354,#6355,#6356,#6357),(#6358,#6359,#6360,#6361,#6362,
#6363,#6364,#6365,#6366),(#6367,#6368,#6369,#6370,#6371,#6372,#6373,#6374,
#6375),(#6376,#6377,#6378,#6379,#6380,#6381,#6382,#6383,#6384),(#6385,#6386,
#6387,#6388,#6389,#6390,#6391,#6392,#6393),(#6394,#6395,#6396,#6397,#6398,
#6399,#6400,#6401,#6402),(#6403,#6404,#6405,#6406,#6407,#6408,#6409,#6410,
#6411),(#6412,#6413,#6414,#6415,#6416,#6417,#6418,#6419,#6420),(#6421,#6422,
#6423,#6424,#6425,#6426,#6427,#6428,#6429),(#6430,#6431,#6432,#6433,#6434,
#6435,#6436,#6437,#6438),(#6439,#6440,#6441,#6442,#6443,#6444,#6445,#6446,
#6447),(#6448,#6449,#6450,#6451,#6452,#6453,#6454,#6455,#6456),(#6457,#6458,
#6459,#6460,#6461,#6462,#6463,#6464,#6465),(#6466,#6467,#6468,#6469,#6470,
#6471,#6472,#6473,#6474),(#6475,#6476,#6477,#6478,#6479,#6480,#6481,#6482,
#6483),(#6484,#6485,#6486,#6487,#6488,#6489,#6490,#6491,#6492),(#6493,#6494,
#6495,#6496,#6497,#6498,#6499,#6500,#6501),(#6502,#6503,#6504,#6505,#6506,
#6507,#6508,#6509,#6510),(#6511,#6512,#6513,#6514,#6515,#6516,#6517,#6518,
#6519),(#6520,#6521,#6522,#6523,#6524,#6525,#6526,#6527,#6528),(#6529,#6530,
#6531,#6532,#6533,#6534,#6535,#6536,#6537),(#6538,#6539,#6540,#6541,#6542,
#6543,#6544,#6545,#6546),(#6547,#6548,#6549,#6550,#6551,#6552,#6553,#6554,
#6555),(#6556,#6557,#6558,#6559,#6560,#6561,#6562,#6563,#6564),(#6565,#6566,
#6567,#6568,#6569,#6570,#6571,#6572,#6573),(#6574,#6575,#6576,#6577,#6578,
#6579,#6580,#6581,#6582),(#6583,#6584,#6585,#6586,#6587,#6588,#6589,#6590,
#6591),(#6592,#6593,#6594,#6595,#6596,#6597,#6598,#6599,#6600),(#6601,#6602,
#6603,#6604,#6605,#6606,#6607,#6608,#6609),(#6610,#6611,#6612,#6613,#6614,
#6615,#6616,#6617,#6618),(#6619,#6620,#6621,#6622,#6623,#6624,#6625,#6626,
#6627),(#6628,#6629,#6630,#6631,#6632,#6633,#6634,#6635,#6636),(#6637,#6638,
#6639,#6640,#6641,#6642,#6643,#6644,#6645),(#6646,#6647,#6648,#6649,#6650,
#6651,#6652,#6653,#6654),(#6655,#6656,#6657,#6658,#6659,#6660,#6661,#6662,
#6663),(#6664,#6665,#6666,#6667,#6668,#6669,#6670,#6671,#6672),(#6673,#6674,
#6675,#6676,#6677,#6678,#6679,#6680,#6681),(#6682,#6683,#6684,#6685,#6686,
#6687,#6688,#6689,#6690),(#6691,#6692,#6693,#6694,#6695,#6696,#6697,#6698,
#6699),(#6700,#6701,#6702,#6703,#6704,#6705,#6706,#6707,#6708),(#6709,#6710,
#6711,#6712,#6713,#6714,#6715,#6716,#6717),(#6718,#6719,#6720,#6721,#6722,
#6723,#6724,#6725,#6726),(#6727,#6728,#6729,#6730,#6731,#6732,#6733,#6734,
#6735),(#6736,#6737,#6738,#6739,#6740,#6741,#6742,#6743,#6744),(#6745,#6746,
#6747,#6748,#6749,#6750,#6751,#6752,#6753),(#6754,#6755,#6756,#6757,#6758,
#6759,#6760,#6761,#6762),(#6763,#6764,#6765,#6766,#6767,#6768,#6769,#6770,
#6771),(#6772,#6773,#6774,#6775,#6776,#6777,#6778,#6779,#6780),(#6781,#6782,
#6783,#6784,#6785,#6786,#6787,#6788,#6789),(#6790,#6791,#6792,#6793,#6794,
#6795,#6796,#6797,#6798),(#6799,#6800,#6801,#6802,#6803,#6804,#6805,#6806,
#6807),(#6808,#6809,#6810,#6811,#6812,#6813,#6814,#6815,#6816),(#6817,#6818,
#6819,#6820,#6821,#6822,#6823,#6824,#6825),(#6826,#6827,#6828,#6829,#6830,
#6831,#6832,#6833,#6834),(#6835,#6836,#6837,#6838,#6839,#6840,#6841,#6842,
#6843),(#6844,#6845,#6846,#6847,#6848,#6849,#6850,#6851,#6852),(#6853,#6854,
#6855,#6856,#6857,#6858,#6859,#6860,#6861),(#6862,#6863,#6864,#6865,#6866,
#6867,#6868,#6869,#6870),(#6871,#6872,#6873,#6874,#6875,#6876,#6877,#6878,
#6879),(#6880,#6881,#6882,#6883,#6884,#6885,#6886,#6887,#6888),(#6889,#6890,
#6891,#6892,#6893,#6894,#6895,#6896,#6897),(#6898,#6899,#6900,#6901,#6902,
#6903,#6904,#6905,#6906),(#6907,#6908,#6909,#6910,#6911,#6912,#6913,#6914,
#6915),(#6916,#6917,#6918,#6919,#6920,#6921,#6922,#6923,#6924),(#6925,#6926,
#6927,#6928,#6929,#6930,#6931,#6932,#6933),(#6934,#6935,#6936,#6937,#6938,
#6939,#6940,#6941,#6942),(#6943,#6944,#6945,#6946,#6947,#6948,#6949,#6950,
#6951),(#6952,#6953,#6954,#6955,#6956,#6957,#6958,#6959,#6960),(#6961,#6962,
#6963,#6964,#6965,#6966,#6967,#6968,#6969),(#6970,#6971,#6972,#6973,#6974,
#6975,#6976,#6977,#6978),(#6979,#6980,#6981,#6982,#6983,#6984,#6985,#6986,
#6987),(#6988,#6989,#6990,#6991,#6992,#6993,#6994,#6995,#6996),(#6997,#6998,
#6999,#7000,#7001,#7002,#7003,#7004,#7005),(#7006,#7007,#7008,#7009,#7010,
#7011,#7012,#7013,#7014),(#7015,#7016,#7017,#7018,#7019,#7020,#7021,#7022,
#7023),(#7024,#7025,#7026,#7027,#7028,#7029,#7030,#7031,#7032),(#7033,#7034,
#7035,#7036,#7037,#7038,#7039,#7040,#7041),(#7042,#7043,#7044,#7045,#7046,
#7047,#7048,#7049,#7050),(#7051,#7052,#7053,#7054,#7055,#7056,#7057,#7058,
#7059),(#7060,#7061,#7062,#7063,#7064,#7065,#7066,#7067,#7068),(#7069,#7070,
#7071,#7072,#7073,#7074,#7075,#7076,#7077),(#7078,#7079,#7080,#7081,#7082,
#7083,#7084,#7085,#7086),(#7087,#7088,#7089,#7090,#7091,#7092,#7093,#7094,
#7095),(#7096,#7097,#7098,#7099,#7100,#7101,#7102,#7103,#7104),(#7105,#7106,
#7107,#7108,#7109,#7110,#7111,#7112,#7113),(#7114,#7115,#7116,#7117,#7118,
#7119,#7120,#7121,#7122),(#7123,#7124,#7125,#7126,#7127,#7128,#7129,#7130,
#7131),(#7132,#7133,#7134,#7135,#7136,#7137,#7138,#7139,#7140),(#7141,#7142,
#7143,#7144,#7145,#7146,#7147,#7148,#7149),(#7150,#7151,#7152,#7153,#7154,
#7155,#7156,#7157,#7158),(#7159,#7160,#7161,#7162,#7163,#7164,#7165,#7166,
#7167),(#7168,#7169,#7170,#7171,#7172,#7173,#7174,#7175,#7176),(#7177,#7178,
#7179,#7180,#7181,#7182,#7183,#7184,#7185),(#7186,#7187,#7188,#7189,#7190,
#7191,#7192,#7193,#7194),(#7195,#7196,#7197,#7198,#7199,#7200,#7201,#7202,
#7203),(#7204,#7205,#7206,#7207,#7208,#7209,#7210,#7211,#7212),(#7213,#7214,
#7215,#7216,#7217,#7218,#7219,#7220,#7221),(#7222,#7223,#7224,#7225,#7226,
#7227,#7228,#7229,#7230),(#7231,#7232,#7233,#7234,#7235,#7236,#7237,#7238,
#7239),(#7240,#7241,#7242,#7243,#7244,#7245,#7246,#7247,#7248),(#7249,#7250,
#7251,#7252,#7253,#7254,#7255,#7256,#7257),(#7258,#7259,#7260,#7261,#7262,
#7263,#7264,#7265,#7266),(#7267,#7268,#7269,#7270,#7271,#7272,#7273,#7274,
#7275),(#7276,#7277,#7278,#7279,#7280,#7281,#7282,#7283,#7284),(#7285,#7286,
#7287,#7288,#7289,#7290,#7291,#7292,#7293),(#7294,#7295,#7296,#7297,#7298,
#7299,#7300,#7301,#7302),(#7303,#7304,#7305,#7306,#7307,#7308,#7309,#7310,
#7311),(#7312,#7313,#7314,#7315,#7316,#7317,#7318,#7319,#7320),(#7321,#7322,
#7323,#7324,#7325,#7326,#7327,#7328,#7329),(#7330,#7331,#7332,#7333,#7334,
#7335,#7336,#7337,#7338),(#7339,#7340,#7341,#7342,#7343,#7344,#7345,#7346,
#7347),(#7348,#7349,#7350,#7351,#7352,#7353,#7354,#7355,#7356),(#7357,#7358,
#7359,#7360,#7361,#7362,#7363,#7364,#7365),(#7366,#7367,#7368,#7369,#7370,
#7371,#7372,#7373,#7374),(#7375,#7376,#7377,#7378,#7379,#7380,#7381,#7382,
#7383),(#7384,#7385,#7386,#7387,#7388,#7389,#7390,#7391,#7392),(#7393,#7394,
#7395,#7396,#7397,#7398,#7399,#7400,#7401),(#7402,#7403,#7404,#7405,#7406,
#7407,#7408,#7409,#7410),(#7411,#7412,#7413,#7414,#7415,#7416,#7417,#7418,
#7419),(#7420,#7421,#7422,#7423,#7424,#7425,#7426,#7427,#7428),(#7429,#7430,
#7431,#7432,#7433,#7434,#7435,#7436,#7437),(#7438,#7439,#7440,#7441,#7442,
#7443,#7444,#7445,#7446),(#7447,#7448,#7449,#7450,#7451,#7452,#7453,#7454,
#7455),(#7456,#7457,#7458,#7459,#7460,#7461,#7462,#7463,#7464),(#7465,#7466,
#7467,#7468,#7469,#7470,#7471,#7472,#7473),(#7474,#7475,#7476,#7477,#7478,
#7479,#7480,#7481,#7482),(#7483,#7484,#7485,#7486,#7487,#7488,#7489,#7490,
#7491),(#7492,#7493,#7494,#7495,#7496,#7497,#7498,#7499,#7500),(#7501,#7502,
#7503,#7504,#7505,#7506,#7507,#7508,#7509),(#7510,#7511,#7512,#7513,#7514,
#7515,#7516,#7517,#7518),(#7519,#7520,#7521,#7522,#7523,#7524,#7525,#7526,
#7527),(#7528,#7529,#7530,#7531,#7532,#7533,#7534,#7535,#7536),(#7537,#7538,
#7539,#7540,#7541,#7542,#7543,#7544,#7545),(#7546,#7547,#7548,#7549,#7550,
#7551,#7552,#7553,#7554),(#7555,#7556,#7557,#7558,#7559,#7560,#7561,#7562,
#7563),(#7564,#7565,#7566,#7567,#7568,#7569,#7570,#7571,#7572),(#7573,#7574,
#7575,#7576,#7577,#7578,#7579,#7580,#7581),(#7582,#7583,#7584,#7585,#7586,
#7587,#7588,#7589,#7590),(#7591,#7592,#7593,#7594,#7595,#7596,#7597,#7598,
#7599),(#7600,#7601,#7602,#7603,#7604,#7605,#7606,#7607,#7608),(#7609,#7610,
#7611,#7612,#7613,#7614,#7615,#7616,#7617),(#7618,#7619,#7620,#7621,#7622,
#7623,#7624,#7625,#7626),(#7627,#7628,#7629,#7630,#7631,#7632,#7633,#7634,
#7635),(#7636,#7637,#7638,#7639,#7640,#7641,#7642,#7643,#7644),(#7645,#7646,
#7647,#7648,#7649,#7650,#7651,#7652,#7653),(#7654,#7655,#7656,#7657,#7658,
#7659,#7660,#7661,#7662),(#7663,#7664,#7665,#7666,#7667,#7668,#7669,#7670,
#7671),(#7672,#7673,#7674,#7675,#7676,#7677,#7678,#7679,#7680),(#7681,#7682,
#7683,#7684,#7685,#7686,#7687,#7688,#7689),(#7690,#7691,#7692,#7693,#7694,
#7695,#7696,#7697,#7698),(#7699,#7700,#7701,#7702,#7703,#7704,#7705,#7706,
#7707),(#7708,#7709,#7710,#7711,#7712,#7713,#7714,#7715,#7716),(#7717,#7718,
#7719,#7720,#7721,#7722,#7723,#7724,#7725),(#7726,#7727,#7728,#7729,#7730,
#7731,#7732,#7733,#7734),(#7735,#7736,#7737,#7738,#7739,#7740,#7741,#7742,
#7743),(#7744,#7745,#7746,#7747,#7748,#7749,#7750,#7751,#7752),(#7753,#7754,
#7755,#7756,#7757,#7758,#7759,#7760,#7761),(#7762,#7763,#7764,#7765,#7766,
#7767,#7768,#7769,#7770),(#7771,#7772,#7773,#7774,#7775,#7776,#7777,#7778,
#7779),(#7780,#7781,#7782,#7783,#7784,#7785,#7786,#7787,#7788),(#7789,#7790,
#7791,#7792,#7793,#7794,#7795,#7796,#7797),(#7798,#7799,#7800,#7801,#7802,
#7803,#7804,#7805,#7806),(#7807,#7808,#7809,#7810,#7811,#7812,#7813,#7814,
#7815),(#7816,#7817,#7818,#7819,#7820,#7821,#7822,#7823,#7824),(#7825,#7826,
#7827,#7828,#7829,#7830,#7831,#7832,#7833),(#7834,#7835,#7836,#7837,#7838,
#7839,#7840,#7841,#7842),(#7843,#7844,#7845,#7846,#7847,#7848,#7849,#7850,
#7851),(#7852,#7853,#7854,#7855,#7856,#7857,#7858,#7859,#7860),(#7861,#7862,
#7863,#7864,#7865,#7866,#7867,#7868,#7869),(#7870,#7871,#7872,#7873,#7874,
#7875,#7876,#7877,#7878),(#7879,#7880,#7881,#7882,#7883,#7884,#7885,#7886,
#7887),(#7888,#7889,#7890,#7891,#7892,#7893,#7894,#7895,#7896),(#7897,#7898,
#7899,#7900,#7901,#7902,#7903,#7904,#7905),(#7906,#7907,#7908,#7909,#7910,
#7911,#7912,#7913,#7914),(#7915,#7916,#7917,#7918,#7919,#7920,#7921,#7922,
#7923),(#7924,#7925,#7926,#7927,#7928,#7929,#7930,#7931,#7932),(#7933,#7934,
#7935,#7936,#7937,#7938,#7939,#7940,#7941),(#7942,#7943,#7944,#7945,#7946,
#7947,#7948,#7949,#7950),(#7951,#7952,#7953,#7954,#7955,#7956,#7957,#7958,
#7959),(#7960,#7961,#7962,#7963,#7964,#7965,#7966,#7967,#7968),(#7969,#7970,
#7971,#7972,#7973,#7974,#7975,#7976,#7977),(#7978,#7979,#7980,#7981,#7982,
#7983,#7984,#7985,#7986),(#7987,#7988,#7989,#7990,#7991,#7992,#7993,#7994,
#7995),(#7996,#7997,#7998,#7999,#8000,#8001,#8002,#8003,#8004),(#8005,#8006,
#8007,#8008,#8009,#8010,#8011,#8012,#8013),(#8014,#8015,#8016,#8017,#8018,
#8019,#8020,#8021,#8022),(#8023,#8024,#8025,#8026,#8027,#8028,#8029,#8030,
#8031),(#8032,#8033,#8034,#8035,#8036,#8037,#8038,#8039,#8040),(#8041,#8042,
#8043,#8044,#8045,#8046,#8047,#8048,#8049),(#8050,#8051,#8052,#8053,#8054,
#8055,#8056,#8057,#8058),(#8059,#8060,#8061,#8062,#8063,#8064,#8065,#8066,
#8067),(#8068,#8069,#8070,#8071,#8072,#8073,#8074,#8075,#8076),(#8077,#8078,
#8079,#8080,#8081,#8082,#8083,#8084,#8085),(#8086,#8087,#8088,#8089,#8090,
#8091,#8092,#8093,#8094),(#8095,#8096,#8097,#8098,#8099,#8100,#8101,#8102,
#8103),(#8104,#8105,#8106,#8107,#8108,#8109,#8110,#8111,#8112),(#8113,#8114,
#8115,#8116,#8117,#8118,#8119,#8120,#8121),(#8122,#8123,#8124,#8125,#8126,
#8127,#8128,#8129,#8130),(#8131,#8132,#8133,#8134,#8135,#8136,#8137,#8138,
#8139),(#8140,#8141,#8142,#8143,#8144,#8145,#8146,#8147,#8148),(#8149,#8150,
#8151,#8152,#8153,#8154,#8155,#8156,#8157),(#8158,#8159,#8160,#8161,#8162,
#8163,#8164,#8165,#8166),(#8167,#8168,#8169,#8170,#8171,#8172,#8173,#8174,
#8175),(#8176,#8177,#8178,#8179,#8180,#8181,#8182,#8183,#8184),(#8185,#8186,
#8187,#8188,#8189,#8190,#8191,#8192,#8193),(#8194,#8195,#8196,#8197,#8198,
#8199,#8200,#8201,#8202),(#8203,#8204,#8205,#8206,#8207,#8208,#8209,#8210,
#8211),(#8212,#8213,#8214,#8215,#8216,#8217,#8218,#8219,#8220),(#8221,#8222,
#8223,#8224,#8225,#8226,#8227,#8228,#8229),(#8230,#8231,#8232,#8233,#8234,
#8235,#8236,#8237,#8238),(#8239,#8240,#8241,#8242,#8243,#8244,#8245,#8246,
#8247),(#8248,#8249,#8250,#8251,#8252,#8253,#8254,#8255,#8256),(#8257,#8258,
#8259,#8260,#8261,#8262,#8263,#8264,#8265),(#8266,#8267,#8268,#8269,#8270,
#8271,#8272,#8273,#8274),(#8275,#8276,#8277,#8278,#8279,#8280,#8281,#8282,
#8283),(#8284,#8285,#8286,#8287,#8288,#8289,#8290,#8291,#8292),(#8293,#8294,
#8295,#8296,#8297,#8298,#8299,#8300,#8301),(#8302,#8303,#8304,#8305,#8306,
#8307,#8308,#8309,#8310),(#8311,#8312,#8313,#8314,#8315,#8316,#8317,#8318,
#8319),(#8320,#8321,#8322,#8323,#8324,#8325,#8326,#8327,#8328),(#8329,#8330,
#8331,#8332,#8333,#8334,#8335,#8336,#8337),(#8338,#8339,#8340,#8341,#8342,
#8343,#8344,#8345,#8346),(#8347,#8348,#8349,#8350,#8351,#8352,#8353,#8354,
#8355),(#8356,#8357,#8358,#8359,#8360,#8361,#8362,#8363,#8364),(#8365,#8366,
#8367,#8368,#8369,#8370,#8371,#8372,#8373),(#8374,#8375,#8376,#8377,#8378,
#8379,#8380,#8381,#8382),(#8383,#8384,#8385,#8386,#8387,#8388,#8389,#8390,
#8391),(#8392,#8393,#8394,#8395,#8396,#8397,#8398,#8399,#8400),(#8401,#8402,
#8403,#8404,#8405,#8406,#8407,#8408,#8409),(#8410,#8411,#8412,#8413,#8414,
#8415,#8416,#8417,#8418),(#8419,#8420,#8421,#8422,#8423,#8424,#8425,#8426,
#8427),(#8428,#8429,#8430,#8431,#8432,#8433,#8434,#8435,#8436),(#8437,#8438,
#8439,#8440,#8441,#8442,#8443,#8444,#8445),(#8446,#8447,#8448,#8449,#8450,
#8451,#8452,#8453,#8454),(#8455,#8456,#8457,#8458,#8459,#8460,#8461,#8462,
#8463),(#8464,#8465,#8466,#8467,#8468,#8469,#8470,#8471,#8472),(#8473,#8474,
#8475,#8476,#8477,#8478,#8479,#8480,#8481),(#8482,#8483,#8484,#8485,#8486,
#8487,#8488,#8489,#8490),(#8491,#8492,#8493,#8494,#8495,#8496,#8497,#8498,
#8499),(#8500,#8501,#8502,#8503,#8504,#8505,#8506,#8507,#8508),(#8509,#8510,
#8511,#8512,#8513,#8514,#8515,#8516,#8517),(#8518,#8519,#8520,#8521,#8522,
#8523,#8524,#8525,#8526),(#8527,#8528,#8529,#8530,#8531,#8532,#8533,#8534,
#8535),(#8536,#8537,#8538,#8539,#8540,#8541,#8542,#8543,#8544),(#8545,#8546,
#8547,#8548,#8549,#8550,#8551,#8552,#8553),(#8554,#8555,#8556,#8557,#8558,
#8559,#8560,#8561,#8562),(#8563,#8564,#8565,#8566,#8567,#8568,#8569,#8570,
#8571),(#8572,#8573,#8574,#8575,#8576,#8577,#8578,#8579,#8580),(#8581,#8582,
#8583,#8584,#8585,#8586,#8587,#8588,#8589),(#8590,#8591,#8592,#8593,#8594,
#8595,#8596,#8597,#8598),(#8599,#8600,#8601,#8602,#8603,#8604,#8605,#8606,
#8607),(#8608,#8609,#8610,#8611,#8612,#8613,#8614,#8615,#8616),(#8617,#8618,
#8619,#8620,#8621,#8622,#8623,#8624,#8625),(#8626,#8627,#8628,#8629,#8630,
#8631,#8632,#8633,#8634),(#8635,#8636,#8637,#8638,#8639,#8640,#8641,#8642,
#8643),(#8644,#8645,#8646,#8647,#8648,#8649,#8650,#8651,#8652),(#8653,#8654,
#8655,#8656,#8657,#8658,#8659,#8660,#8661),(#8662,#8663,#8664,#8665,#8666,
#8667,#8668,#8669,#8670),(#8671,#8672,#8673,#8674,#8675,#8676,#8677,#8678,
#8679),(#8680,#8681,#8682,#8683,#8684,#8685,#8686,#8687,#8688),(#8689,#8690,
#8691,#8692,#8693,#8694,#8695,#8696,#8697),(#8698,#8699,#8700,#8701,#8702,
#8703,#8704,#8705,#8706),(#8707,#8708,#8709,#8710,#8711,#8712,#8713,#8714,
#8715),(#8716,#8717,#8718,#8719,#8720,#8721,#8722,#8723,#8724),(#8725,#8726,
#8727,#8728,#8729,#8730,#8731,#8732,#8733),(#8734,#8735,#8736,#8737,#8738,
#8739,#8740,#8741,#8742),(#8743,#8744,#8745,#8746,#8747,#8748,#8749,#8750,
#8751),(#8752,#8753,#8754,#8755,#8756,#8757,#8758,#8759,#8760),(#8761,#8762,
#8763,#8764,#8765,#8766,#8767,#8768,#8769),(#8770,#8771,#8772,#8773,#8774,
#8775,#8776,#8777,#8778),(#8779,#8780,#8781,#8782,#8783,#8784,#8785,#8786,
#8787),(#8788,#8789,#8790,#8791,#8792,#8793,#8794,#8795,#8796),(#8797,#8798,
#8799,#8800,#8801,#8802,#8803,#8804,#8805),(#8806,#8807,#8808,#8809,#8810,
#8811,#8812,#8813,#8814),(#8815,#8816,#8817,#8818,#8819,#8820,#8821,#8822,
#8823),(#8824,#8825,#8826,#8827,#8828,#8829,#8830,#8831,#8832),(#8833,#8834,
#8835,#8836,#8837,#8838,#8839,#8840,#8841),(#8842,#8843,#8844,#8845,#8846,
#8847,#8848,#8849,#8850),(#8851,#8852,#8853,#8854,#8855,#8856,#8857,#8858,
#8859),(#8860,#8861,#8862,#8863,#8864,#8865,#8866,#8867,#8868),(#8869,#8870,
#8871,#8872,#8873,#8874,#8875,#8876,#8877),(#8878,#8879,#8880,#8881,#8882,
#8883,#8884,#8885,#8886),(#8887,#8888,#8889,#8890,#8891,#8892,#8893,#8894,
#8895),(#8896,#8897,#8898,#8899,#8900,#8901,#8902,#8903,#8904),(#8905,#8906,
#8907,#8908,#8909,#8910,#8911,#8912,#8913),(#8914,#8915,#8916,#8917,#8918,
#8919,#8920,#8921,#8922),(#8923,#8924,#8925,#8926,#8927,#8928,#8929,#8930,
#8931),(#8932,#8933,#8934,#8935,#8936,#8937,#8938,#8939,#8940),(#8941,#8942,
#8943,#8944,#8945,#8946,#8947,#8948,#8949),(#8950,#8951,#8952,#8953,#8954,
#8955,#8956,#8957,#8958),(#8959,#8960,#8961,#8962,#8963,#8964,#8965,#8966,
#8967),(#8968,#8969,#8970,#8971,#8972,#8973,#8974,#8975,#8976),(#8977,#8978,
#8979,#8980,#8981,#8982,#8983,#8984,#8985),(#8986,#8987,#8988,#8989,#8990,
#8991,#8992,#8993,#8994),(#8995,#8996,#8997,#8998,#8999,#9000,#9001,#9002,
#9003),(#9004,#9005,#9006,#9007,#9008,#9009,#9010,#9011,#9012),(#9013,#9014,
#9015,#9016,#9017,#9018,#9019,#9020,#9021),(#9022,#9023,#9024,#9025,#9026,
#9027,#9028,#9029,#9030),(#9031,#9032,#9033,#9034,#9035,#9036,#9037,#9038,
#9039),(#9040,#9041,#9042,#9043,#9044,#9045,#9046,#9047,#9048),(#9049,#9050,
#9051,#9052,#9053,#9054,#9055,#9056,#9057),(#9058,#9059,#9060,#9061,#9062,
#9063,#9064,#9065,#9066),(#9067,#9068,#9069,#9070,#9071,#9072,#9073,#9074,
#9075),(#9076,#9077,#9078,#9079,#9080,#9081,#9082,#9083,#9084),(#9085,#9086,
#9087,#9088,#9089,#9090,#9091,#9092,#9093),(#9094,#9095,#9096,#9097,#9098,
#9099,#9100,#9101,#9102),(#9103,#9104,#9105,#9106,#9107,#9108,#9109,#9110,
#9111),(#9112,#9113,#9114,#9115,#9116,#9117,#9118,#9119,#9120),(#9121,#9122,
#9123,#9124,#9125,#9126,#9127,#9128,#9129),(#9130,#9131,#9132,#9133,#9134,
#9135,#9136,#9137,#9138),(#9139,#9140,#9141,#9142,#9143,#9144,#9145,#9146,
#9147),(#9148,#9149,#9150,#9151,#9152,#9153,#9154,#9155,#9156),(#9157,#9158,
#9159,#9160,#9161,#9162,#9163,#9164,#9165),(#9166,#9167,#9168,#9169,#9170,
#9171,#9172,#9173,#9174),(#9175,#9176,#9177,#9178,#9179,#9180,#9181,#9182,
#9183),(#9184,#9185,#9186,#9187,#9188,#9189,#9190,#9191,#9192),(#9193,#9194,
#9195,#9196,#9197,#9198,#9199,#9200,#9201),(#9202,#9203,#9204,#9205,#9206,
#9207,#9208,#9209,#9210),(#9211,#9212,#9213,#9214,#9215,#9216,#9217,#9218,
#9219),(#9220,#9221,#9222,#9223,#9224,#9225,#9226,#9227,#9228),(#9229,#9230,
#9231,#9232,#9233,#9234,#9235,#9236,#9237),(#9238,#9239,#9240,#9241,#9242,
#9243,#9244,#9245,#9246),(#9247,#9248,#9249,#9250,#9251,#9252,#9253,#9254,
#9255),(#9256,#9257,#9258,#9259,#9260,#9261,#9262,#9263,#9264),(#9265,#9266,
#9267,#9268,#9269,#9270,#9271,#9272,#9273),(#9274,#9275,#9276,#9277,#9278,
#9279,#9280,#9281,#9282),(#9283,#9284,#9285,#9286,#9287,#9288,#9289,#9290,
#9291),(#9292,#9293,#9294,#9295,#9296,#9297,#9298,#9299,#9300),(#9301,#9302,
#9303,#9304,#9305,#9306,#9307,#9308,#9309),(#9310,#9311,#9312,#9313,#9314,
#9315,#9316,#9317,#9318),(#9319,#9320,#9321,#9322,#9323,#9324,#9325,#9326,
#9327),(#9328,#9329,#9330,#9331,#9332,#9333,#9334,#9335,#9336),(#9337,#9338,
#9339,#9340,#9341,#9342,#9343,#9344,#9345),(#9346,#9347,#9348,#9349,#9350,
#9351,#9352,#9353,#9354),(#9355,#9356,#9357,#9358,#9359,#9360,#9361,#9362,
#9363),(#9364,#9365,#9366,#9367,#9368,#9369,#9370,#9371,#9372),(#9373,#9374,
#9375,#9376,#9377,#9378,#9379,#9380,#9381),(#9382,#9383,#9384,#9385,#9386,
#9387,#9388,#9389,#9390),(#9391,#9392,#9393,#9394,#9395,#9396,#9397,#9398,
#9399),(#9400,#9401,#9402,#9403,#9404,#9405,#9406,#9407,#9408),(#9409,#9410,
#9411,#9412,#9413,#9414,#9415,#9416,#9417),(#9418,#9419,#9420,#9421,#9422,
#9423,#9424,#9425,#9426),(#9427,#9428,#9429,#9430,#9431,#9432,#9433,#9434,
#9435),(#9436,#9437,#9438,#9439,#9440,#9441,#9442,#9443,#9444),(#9445,#9446,
#9447,#9448,#9449,#9450,#9451,#9452,#9453),(#9454,#9455,#9456,#9457,#9458,
#9459,#9460,#9461,#9462),(#9463,#9464,#9465,#9466,#9467,#9468,#9469,#9470,
#9471),(#9472,#9473,#9474,#9475,#9476,#9477,#9478,#9479,#9480),(#9481,#9482,
#9483,#9484,#9485,#9486,#9487,#9488,#9489),(#9490,#9491,#9492,#9493,#9494,
#9495,#9496,#9497,#9498),(#9499,#9500,#9501,#9502,#9503,#9504,#9505,#9506,
#9507),(#9508,#9509,#9510,#9511,#9512,#9513,#9514,#9515,#9516),(#9517,#9518,
#9519,#9520,#9521,#9522,#9523,#9524,#9525),(#9526,#9527,#9528,#9529,#9530,
#9531,#9532,#9533,#9534),(#9535,#9536,#9537,#9538,#9539,#9540,#9541,#9542,
#9543),(#9544,#9545,#9546,#9547,#9548,#9549,#9550,#9551,#9552),(#9553,#9554,
#9555,#9556,#9557,#9558,#9559,#9560,#9561),(#9562,#9563,#9564,#9565,#9566,
#9567,#9568,#9569,#9570),(#9571,#9572,#9573,#9574,#9575,#9576,#9577,#9578,
#9579),(#9580,#9581,#9582,#9583,#9584,#9585,#9586,#9587,#9588),(#9589,#9590,
#9591,#9592,#9593,#9594,#9595,#9596,#9597),(#9598,#9599,#9600,#9601,#9602,
#9603,#9604,#9605,#9606),(#9607,#9608,#9609,#9610,#9611,#9612,#9613,#9614,
#9615),(#9616,#9617,#9618,#9619,#9620,#9621,#9622,#9623,#9624),(#9625,#9626,
#9627,#9628,#9629,#9630,#9631,#9632,#9633),(#9634,#9635,#9636,#9637,#9638,
#9639,#9640,#9641,#9642),(#9643,#9644,#9645,#9646,#9647,#9648,#9649,#9650,
#9651),(#9652,#9653,#9654,#9655,#9656,#9657,#9658,#9659,#9660),(#9661,#9662,
#9663,#9664,#9665,#9666,#9667,#9668,#9669),(#9670,#9671,#9672,#9673,#9674,
#9675,#9676,#9677,#9678),(#9679,#9680,#9681,#9682,#9683,#9684,#9685,#9686,
#9687),(#9688,#9689,#9690,#9691,#9692,#9693,#9694,#9695,#9696),(#9697,#9698,
#9699,#9700,#9701,#9702,#9703,#9704,#9705),(#9706,#9707,#9708,#9709,#9710,
#9711,#9712,#9713,#9714),(#9715,#9716,#9717,#9718,#9719,#9720,#9721,#9722,
#9723),(#9724,#9725,#9726,#9727,#9728,#9729,#9730,#9731,#9732),(#9733,#9734,
#9735,#9736,#9737,#9738,#9739,#9740,#9741),(#9742,#9743,#9744,#9745,#9746,
#9747,#9748,#9749,#9750),(#9751,#9752,#9753,#9754,#9755,#9756,#9757,#9758,
#9759),(#9760,#9761,#9762,#9763,#9764,#9765,#9766,#9767,#9768),(#9769,#9770,
#9771,#9772,#9773,#9774,#9775,#9776,#9777),(#9778,#9779,#9780,#9781,#9782,
#9783,#9784,#9785,#9786),(#9787,#9788,#9789,#9790,#9791,#9792,#9793,#9794,
#9795),(#9796,#9797,#9798,#9799,#9800,#9801,#9802,#9803,#9804),(#9805,#9806,
#9807,#9808,#9809,#9810,#9811,#9812,#9813),(#9814,#9815,#9816,#9817,#9818,
#9819,#9820,#9821,#9822),(#9823,#9824,#9825,#9826,#9827,#9828,#9829,#9830,
#9831),(#9832,#9833,#9834,#9835,#9836,#9837,#9838,#9839,#9840),(#9841,#9842,
#9843,#9844,#9845,#9846,#9847,#9848,#9849),(#9850,#9851,#9852,#9853,#9854,
#9855,#9856,#9857,#9858),(#9859,#9860,#9861,#9862,#9863,#9864,#9865,#9866,
#9867),(#9868,#9869,#9870,#9871,#9872,#9873,#9874,#9875,#9876),(#9877,#9878,
#9879,#9880,#9881,#9882,#9883,#9884,#9885),(#9886,#9887,#9888,#9889,#9890,
#9891,#9892,#9893,#9894),(#9895,#9896,#9897,#9898,#9899,#9900,#9901,#9902,
#9903),(#9904,#9905,#9906,#9907,#9908,#9909,#9910,#9911,#9912),(#9913,#9914,
#9915,#9916,#9917,#9918,#9919,#9920,#9921),(#9922,#9923,#9924,#9925,#9926,
#9927,#9928,#9929,#9930),(#9931,#9932,#9933,#9934,#9935,#9936,#9937,#9938,
#9939),(#9940,#9941,#9942,#9943,#9944,#9945,#9946,#9947,#9948),(#9949,#9950,
#9951,#9952,#9953,#9954,#9955,#9956,#9957),(#9958,#9959,#9960,#9961,#9962,
#9963,#9964,#9965,#9966),(#9967,#9968,#9969,#9970,#9971,#9972,#9973,#9974,
#9975),(#9976,#9977,#9978,#9979,#9980,#9981,#9982,#9983,#9984),(#9985,#9986,
#9987,#9988,#9989,#9990,#9991,#9992,#9993),(#9994,#9995,#9996,#9997,#9998,
#9999,#10000,#10001,#10002),(#10003,#10004,#10005,#10006,#10007,#10008,
#10009,#10010,#10011),(#10012,#10013,#10014,#10015,#10016,#10017,#10018,
#10019,#10020),(#10021,#10022,#10023,#10024,#10025,#10026,#10027,#10028,
#10029),(#10030,#10031,#10032,#10033,#10034,#10035,#10036,#10037,#10038),
(#10039,#10040,#10041,#10042,#10043,#10044,#10045,#10046,#10047),(#10048,
#10049,#10050,#10051,#10052,#10053,#10054,#10055,#10056),(#10057,#10058,
#10059,#10060,#10061,#10062,#10063,#10064,#10065),(#10066,#10067,#10068,
#10069,#10070,#10071,#10072,#10073,#10074),(#10075,#10076,#10077,#10078,
#10079,#10080,#10081,#10082,#10083),(#10084,#10085,#10086,#10087,#10088,
#10089,#10090,#10091,#10092),(#10093,#10094,#10095,#10096,#10097,#10098,
#10099,#10100,#10101),(#10102,#10103,#10104,#10105,#10106,#10107,#10108,
#10109,#10110),(#10111,#10112,#10113,#10114,#10115,#10116,#10117,#10118,
#10119),(#10120,#10121,#10122,#10123,#10124,#10125,#10126,#10127,#10128),
(#10129,#10130,#10131,#10132,#10133,#10134,#10135,#10136,#10137),(#10138,
#10139,#10140,#10141,#10142,#10143,#10144,#10145,#10146),(#10147,#10148,
#10149,#10150,#10151,#10152,#10153,#10154,#10155),(#10156,#10157,#10158,
#10159,#10160,#10161,#10162,#10163,#10164),(#10165,#10166,#10167,#10168,
#10169,#10170,#10171,#10172,#10173),(#10174,#10175,#10176,#10177,#10178,
#10179,#10180,#10181,#10182),(#10183,#10184,#10185,#10186,#10187,#10188,
#10189,#10190,#10191),(#10192,#10193,#10194,#10195,#10196,#10197,#10198,
#10199,#10200),(#10201,#10202,#10203,#10204,#10205,#10206,#10207,#10208,
#10209),(#10210,#10211,#10212,#10213,#10214,#10215,#10216,#10217,#10218),
(#10219,#10220,#10221,#10222,#10223,#10224,#10225,#10226,#10227),(#10228,
#10229,#10230,#10231,#10232,#10233,#10234,#10235,#10236),(#10237,#10238,
#10239,#10240,#10241,#10242,#10243,#10244,#10245),(#10246,#10247,#10248,
#10249,#10250,#10251,#10252,#10253,#10254),(#10255,#10256,#10257,#10258,
#10259,#10260,#10261,#10262,#10263),(#10264,#10265,#10266,#10267,#10268,
#10269,#10270,#10271,#10272),(#10273,#10274,#10275,#10276,#10277,#10278,
#10279,#10280,#10281),(#10282,#10283,#10284,#10285,#10286,#10287,#10288,
#10289,#10290),(#10291,#10292,#10293,#10294,#10295,#10296,#10297,#10298,
#10299),(#10300,#10301,#10302,#10303,#10304,#10305,#10306,#10307,#10308),
(#10309,#10310,#10311,#10312,#10313,#10314,#10315,#10316,#10317),(#10318,
#10319,#10320,#10321,#10322,#10323,#10324,#10325,#10326),(#10327,#10328,
#10329,#10330,#10331,#10332,#10333,#10334,#10335),(#10336,#10337,#10338,
#10339,#10340,#10341,#10342,#10343,#10344),(#10345,#10346,#10347,#10348,
#10349,#10350,#10351,#10352,#10353),(#10354,#10355,#10356,#10357,#10358,
#10359,#10360,#10361,#10362),(#10363,#10364,#10365,#10366,#10367,#10368,
#10369,#10370,#10371),(#10372,#10373,#10374,#10375,#10376,#10377,#10378,
#10379,#10380),(#10381,#10382,#10383,#10384,#10385,#10386,#10387,#10388,
#10389),(#10390,#10391,#10392,#10393,#10394,#10395,#10396,#10397,#10398),
(#10399,#10400,#10401,#10402,#10403,#10404,#10405,#10406,#10407),(#10408,
#10409,#10410,#10411,#10412,#10413,#10414,#10415,#10416),(#10417,#10418,
#10419,#10420,#10421,#10422,#10423,#10424,#10425),(#10426,#10427,#10428,
#10429,#10430,#10431,#10432,#10433,#10434),(#10435,#10436,#10437,#10438,
#10439,#10440,#10441,#10442,#10443),(#10444,#10445,#10446,#10447,#10448,
#10449,#10450,#10451,#10452),(#10453,#10454,#10455,#10456,#10457,#10458,
#10459,#10460,#10461),(#10462,#10463,#10464,#10465,#10466,#10467,#10468,
#10469,#10470),(#10471,#10472,#10473,#10474,#10475,#10476,#10477,#10478,
#10479),(#10480,#10481,#10482,#10483,#10484,#10485,#10486,#10487,#10488),
(#10489,#10490,#10491,#10492,#10493,#10494,#10495,#10496,#10497),(#10498,
#10499,#10500,#10501,#10502,#10503,#10504,#10505,#10506),(#10507,#10508,
#10509,#10510,#10511,#10512,#10513,#10514,#10515),(#10516,#10517,#10518,
#10519,#10520,#10521,#10522,#10523,#10524),(#10525,#10526,#10527,#10528,
#10529,#10530,#10531,#10532,#10533),(#10534,#10535,#10536,#10537,#10538,
#10539,#10540,#10541,#10542),(#10543,#10544,#10545,#10546,#10547,#10548,
#10549,#10550,#10551),(#10552,#10553,#10554,#10555,#10556,#10557,#10558,
#10559,#10560),(#10561,#10562,#10563,#10564,#10565,#10566,#10567,#10568,
#10569),(#10570,#10571,#10572,#10573,#10574,#10575,#10576,#10577,#10578),
(#10579,#10580,#10581,#10582,#10583,#10584,#10585,#10586,#10587)),
 .UNSPECIFIED.,.F.,.T.,.F.)
B_SPLINE_SURFACE_WITH_KNOTS((6,1,1,1,1,1,1,1,1,1,1,1,1,1,1,1,1,1,1,1,1,
1,1,1,1,1,1,1,1,1,1,1,1,1,1,1,1,1,1,1,1,1,1,1,1,1,1,1,1,1,1,1,1,1,1,1,1,
1,1,1,1,1,1,1,1,1,1,1,1,1,1,1,1,1,1,1,1,1,1,1,1,1,1,1,1,1,1,1,1,1,1,1,1,
1,1,1,1,1,1,1,1,1,1,1,1,1,1,1,1,1,1,1,1,1,1,1,1,1,1,1,1,1,1,1,1,1,1,1,1,
1,1,1,1,1,1,1,1,1,1,1,1,1,1,1,1,1,1,1,1,1,1,1,1,1,1,1,1,1,1,1,1,1,1,1,1,
1,1,1,1,1,1,1,1,1,1,1,1,1,1,1,1,1,1,1,1,1,1,1,1,1,1,1,1,1,1,1,1,1,1,1,1,
1,1,1,1,1,1,1,1,1,1,1,1,1,1,1,1,1,1,1,1,1,1,1,1,1,1,1,1,1,1,1,1,1,1,1,1,
1,1,1,1,1,1,1,1,1,1,1,1,1,1,1,1,1,1,1,1,1,1,1,1,1,1,1,1,1,1,1,1,1,1,1,1,
1,1,1,1,1,1,1,1,1,1,1,1,1,1,1,1,1,1,1,1,1,1,1,1,1,1,1,1,1,1,1,1,1,1,1,1,
1,1,1,1,1,1,1,1,1,1,1,1,1,1,1,1,1,1,1,1,1,1,1,1,1,1,1,1,1,1,1,1,1,1,1,1,
1,1,1,1,1,1,1,1,1,1,1,1,1,1,1,1,1,1,1,1,1,1,1,1,1,1,1,1,1,1,1,1,1,1,1,1,
1,1,1,1,1,1,1,1,1,1,1,1,1,1,1,1,1,1,1,1,1,1,1,1,1,1,1,1,1,1,1,1,1,1,1,1,
1,1,1,1,1,1,1,1,1,1,1,1,1,1,1,1,1,1,1,1,1,1,1,1,1,1,1,1,1,1,1,1,1,1,1,1,
1,1,1,1,1,1,1,1,1,1,1,1,1,1,1,1,1,1,1,1,1,1,1,1,1,1,1,1,1,1,1,1,1,1,1,1,
1,1,1,1,1,1,1,1,1,1,1,6),(3,2,2,2,3),(0.,0.002,0.004,0.006,0.008,0.01,0.012,
0.014,0.016,0.018,0.02,0.022,0.024,0.026,0.028,0.03,0.032,0.034,0.036,0.038,
0.04,0.042,0.044,0.046,0.048,0.05,0.052,0.054,0.056,0.058,0.06,0.062,0.064,
0.066,0.068,0.07,0.0720000000000001,0.0740000000000001,0.0760000000000001,
0.0780000000000001,0.0800000000000001,0.0820000000000001,0.0840000000000001,
0.0860000000000001,0.0880000000000001,0.0900000000000001,0.0920000000000001,
0.0940000000000001,0.0960000000000001,0.0980000000000001,0.1,0.102,0.104,
0.106,0.108,0.11,0.112,0.114,0.116,0.118,0.12,0.122,0.124,0.126,0.128,0.13,
0.132,0.134,0.136,0.138,0.14,0.142,0.144,0.146,0.148,0.15,0.152,0.154,0.156,
0.158,0.16,0.162,0.164,0.166,0.168,0.17,0.172,0.174,0.176,0.178,0.18,0.182,
0.184,0.186,0.188,0.19,0.192,0.194,0.196,0.198,0.2,0.202,0.204,0.206,0.208,
0.21,0.212,0.214,0.216,0.218,0.22,0.222,0.224,0.226,0.228,0.23,0.232,0.234,
0.236,0.238,0.24,0.242,0.244,0.246,0.248,0.25,0.252,0.254,0.256,0.258,0.26,
0.262,0.264,0.266,0.268,0.27,0.272,0.274,0.276,0.278,0.28,0.282,0.284,0.286,
0.288,0.29,0.292,0.294,0.296,0.298,0.3,0.302,0.304,0.306,0.308,0.31,0.312,
0.314,0.316,0.318,0.32,0.322,0.324,0.326,0.328,0.33,0.332,0.334,0.336,0.338,
0.34,0.342,0.344,0.346,0.348,0.35,0.352,0.354,0.356,0.358,0.36,0.362,0.364,
0.366,0.368,0.37,0.372,0.374,0.376,0.378,0.38,0.382,0.384,0.386,0.388,0.39,
0.392,0.394,0.396,0.398,0.4,0.402,0.404,0.406,0.408,0.41,0.412,0.414,0.416,
0.418,0.42,0.422,0.424,0.426,0.428,0.43,0.432,0.434,0.436,0.438,0.44,0.442,
0.444,0.446,0.448,0.45,0.452,0.454,0.456,0.458,0.46,0.462,0.464,0.466,0.468,
0.47,0.472,0.474,0.476,0.478,0.48,0.482,0.484,0.486,0.488,0.49,0.492,0.494,
0.496,0.498,0.5,0.502,0.504,0.506,0.508,0.51,0.512,0.514,0.516,0.518,0.52,
0.522,0.524,0.526,0.528,0.53,0.532,0.534,0.536,0.538,0.54,0.542,0.544,0.546,
0.548,0.55,0.552,0.554,0.556,0.558,0.56,0.562,0.564,0.566,0.568,0.57,0.572,
0.574,0.576,0.578,0.58,0.582,0.584,0.586,0.588,0.59,0.592,0.594,0.596,0.598,
0.6,0.602,0.604,0.606,0.608,0.61,0.612,0.614,0.616,0.618,0.62,0.622,0.624,
0.626,0.628,0.63,0.632,0.634,0.636,0.638,0.64,0.642,0.644,0.646,0.648,0.65,
0.652,0.654,0.656,0.658,0.66,0.662,0.664,0.666,0.668,0.67,0.672,0.674,0.676,
0.678,0.68,0.682,0.684,0.686,0.688000000000001,0.690000000000001,0.692000000000001,
0.694000000000001,0.696000000000001,0.698000000000001,0.700000000000001,
0.702000000000001,0.704000000000001,0.706000000000001,0.708000000000001,
0.710000000000001,0.712000000000001,0.714000000000001,0.716000000000001,
0.718000000000001,0.720000000000001,0.722000000000001,0.724000000000001,
0.726000000000001,0.728000000000001,0.730000000000001,0.732000000000001,
0.734000000000001,0.736000000000001,0.738000000000001,0.740000000000001,
0.742000000000001,0.744000000000001,0.746000000000001,0.748000000000001,
0.750000000000001,0.752000000000001,0.754000000000001,0.756000000000001,
0.758000000000001,0.760000000000001,0.762000000000001,0.764000000000001,
0.766000000000001,0.768000000000001,0.770000000000001,0.772000000000001,
0.774000000000001,0.776000000000001,0.778000000000001,0.780000000000001,
0.782000000000001,0.784000000000001,0.786000000000001,0.788000000000001,
0.790000000000001,0.792000000000001,0.794000000000001,0.796000000000001,
0.798000000000001,0.800000000000001,0.802000000000001,0.804000000000001,
0.806000000000001,0.808000000000001,0.810000000000001,0.812000000000001,
0.814000000000001,0.816000000000001,0.818000000000001,0.820000000000001,
0.822000000000001,0.824000000000001,0.826000000000001,0.828000000000001,
0.830000000000001,0.832000000000001,0.834000000000001,0.836000000000001,
0.838000000000001,0.840000000000001,0.842000000000001,0.844000000000001,
0.846000000000001,0.848000000000001,0.850000000000001,0.852000000000001,
0.854000000000001,0.856000000000001,0.858000000000001,0.860000000000001,
0.862000000000001,0.864000000000001,0.866000000000001,0.868000000000001,
0.870000000000001,0.872000000000001,0.874000000000001,0.876000000000001,
0.878000000000001,0.880000000000001,0.882000000000001,0.884000000000001,
0.886000000000001,0.888000000000001,0.890000000000001,0.892000000000001,
0.894000000000001,0.896000000000001,0.898000000000001,0.900000000000001,
0.902000000000001,0.904000000000001,0.906000000000001,0.908000000000001,
0.910000000000001,0.912000000000001,0.914000000000001,0.916000000000001,
0.918000000000001,0.920000000000001,0.922000000000001,0.924000000000001,
0.926000000000001,0.928000000000001,0.930000000000001,0.932000000000001,
0.934000000000001,0.936000000000001,0.938000000000001,0.940000000000001,
0.942000000000001,0.944000000000001,0.946000000000001,0.948000000000001,
0.950000000000001,0.952000000000001,0.954000000000001,0.956000000000001,
0.958000000000001,0.960000000000001,0.962000000000001,0.964000000000001,
0.966000000000001,0.968000000000001,0.970000000000001,0.972000000000001,
0.974000000000001,0.976000000000001,0.978000000000001,0.980000000000001,
0.982000000000001,0.984000000000001,0.986000000000001,0.988000000000001,
0.990000000000001,0.992000000000001,0.994000000000001,0.996000000000001,
0.998000000000001,1.),(0.,1.5707963267949,3.14159265358979,4.71238898038469,
6.28318530717959),.UNSPECIFIED.)
GEOMETRIC_REPRESENTATION_ITEM()
RATIONAL_B_SPLINE_SURFACE(((1.,0.707106781186548,1.,0.707106781186548,1.,
0.707106781186548,1.,0.707106781186548,1.),(1.,0.707106781186548,1.,0.707106781186548,
1.,0.707106781186548,1.,0.707106781186548,1.),(1.,0.707106781186548,1.,
0.707106781186548,1.,0.707106781186548,1.,0.707106781186548,1.),(1.,0.707106781186548,
1.,0.707106781186548,1.,0.707106781186548,1.,0.707106781186548,1.),(1.,
0.707106781186548,1.,0.707106781186548,1.,0.707106781186548,1.,0.707106781186548,
1.),(1.,0.707106781186548,1.,0.707106781186548,1.,0.707106781186548,1.,
0.707106781186548,1.),(1.,0.707106781186548,1.,0.707106781186548,1.,0.707106781186548,
1.,0.707106781186548,1.),(1.,0.707106781186548,1.,0.707106781186548,1.,
0.707106781186548,1.,0.707106781186548,1.),(1.,0.707106781186548,1.,0.707106781186548,
1.,0.707106781186548,1.,0.707106781186548,1.),(1.,0.707106781186548,1.,
0.707106781186548,1.,0.707106781186548,1.,0.707106781186548,1.),(1.,0.707106781186548,
1.,0.707106781186548,1.,0.707106781186548,1.,0.707106781186548,1.),(1.,
0.707106781186548,1.,0.707106781186548,1.,0.707106781186548,1.,0.707106781186548,
1.),(1.,0.707106781186548,1.,0.707106781186548,1.,0.707106781186548,1.,
0.707106781186548,1.),(1.,0.707106781186548,1.,0.707106781186548,1.,0.707106781186548,
1.,0.707106781186548,1.),(1.,0.707106781186548,1.,0.707106781186548,1.,
0.707106781186548,1.,0.707106781186548,1.),(1.,0.707106781186548,1.,0.707106781186548,
1.,0.707106781186548,1.,0.707106781186548,1.),(1.,0.707106781186548,1.,
0.707106781186548,1.,0.707106781186548,1.,0.707106781186548,1.),(1.,0.707106781186548,
1.,0.707106781186548,1.,0.707106781186548,1.,0.707106781186548,1.),(1.,
0.707106781186548,1.,0.707106781186548,1.,0.707106781186548,1.,0.707106781186548,
1.),(1.,0.707106781186548,1.,0.707106781186548,1.,0.707106781186548,1.,
0.707106781186548,1.),(1.,0.707106781186548,1.,0.707106781186548,1.,0.707106781186548,
1.,0.707106781186548,1.),(1.,0.707106781186548,1.,0.707106781186548,1.,
0.707106781186548,1.,0.707106781186548,1.),(1.,0.707106781186548,1.,0.707106781186548,
1.,0.707106781186548,1.,0.707106781186548,1.),(1.,0.707106781186548,1.,
0.707106781186548,1.,0.707106781186548,1.,0.707106781186548,1.),(1.,0.707106781186548,
1.,0.707106781186548,1.,0.707106781186548,1.,0.707106781186548,1.),(1.,
0.707106781186548,1.,0.707106781186548,1.,0.707106781186548,1.,0.707106781186548,
1.),(1.,0.707106781186548,1.,0.707106781186548,1.,0.707106781186548,1.,
0.707106781186548,1.),(1.,0.707106781186548,1.,0.707106781186548,1.,0.707106781186548,
1.,0.707106781186548,1.),(1.,0.707106781186548,1.,0.707106781186548,1.,
0.707106781186548,1.,0.707106781186548,1.),(1.,0.707106781186548,1.,0.707106781186548,
1.,0.707106781186548,1.,0.707106781186548,1.),(1.,0.707106781186548,1.,
0.707106781186548,1.,0.707106781186548,1.,0.707106781186548,1.),(1.,0.707106781186548,
1.,0.707106781186548,1.,0.707106781186548,1.,0.707106781186548,1.),(1.,
0.707106781186548,1.,0.707106781186548,1.,0.707106781186548,1.,0.707106781186548,
1.),(1.,0.707106781186548,1.,0.707106781186548,1.,0.707106781186548,1.,
0.707106781186548,1.),(1.,0.707106781186548,1.,0.707106781186548,1.,0.707106781186548,
1.,0.707106781186548,1.),(1.,0.707106781186548,1.,0.707106781186548,1.,
0.707106781186548,1.,0.707106781186548,1.),(1.,0.707106781186548,1.,0.707106781186548,
1.,0.707106781186548,1.,0.707106781186548,1.),(1.,0.707106781186548,1.,
0.707106781186548,1.,0.707106781186548,1.,0.707106781186548,1.),(1.,0.707106781186548,
1.,0.707106781186548,1.,0.707106781186548,1.,0.707106781186548,1.),(1.,
0.707106781186548,1.,0.707106781186548,1.,0.707106781186548,1.,0.707106781186548,
1.),(1.,0.707106781186548,1.,0.707106781186548,1.,0.707106781186548,1.,
0.707106781186548,1.),(1.,0.707106781186548,1.,0.707106781186548,1.,0.707106781186548,
1.,0.707106781186548,1.),(1.,0.707106781186548,1.,0.707106781186548,1.,
0.707106781186548,1.,0.707106781186548,1.),(1.,0.707106781186548,1.,0.707106781186548,
1.,0.707106781186548,1.,0.707106781186548,1.),(1.,0.707106781186548,1.,
0.707106781186548,1.,0.707106781186548,1.,0.707106781186548,1.),(1.,0.707106781186548,
1.,0.707106781186548,1.,0.707106781186548,1.,0.707106781186548,1.),(1.,
0.707106781186548,1.,0.707106781186548,1.,0.707106781186548,1.,0.707106781186548,
1.),(1.,0.707106781186548,1.,0.707106781186548,1.,0.707106781186548,1.,
0.707106781186548,1.),(1.,0.707106781186548,1.,0.707106781186548,1.,0.707106781186548,
1.,0.707106781186548,1.),(1.,0.707106781186548,1.,0.707106781186548,1.,
0.707106781186548,1.,0.707106781186548,1.),(1.,0.707106781186548,1.,0.707106781186548,
1.,0.707106781186548,1.,0.707106781186548,1.),(1.,0.707106781186548,1.,
0.707106781186548,1.,0.707106781186548,1.,0.707106781186548,1.),(1.,0.707106781186548,
1.,0.707106781186548,1.,0.707106781186548,1.,0.707106781186548,1.),(1.,
0.707106781186548,1.,0.707106781186548,1.,0.707106781186548,1.,0.707106781186548,
1.),(1.,0.707106781186548,1.,0.707106781186548,1.,0.707106781186548,1.,
0.707106781186548,1.),(1.,0.707106781186548,1.,0.707106781186548,1.,0.707106781186548,
1.,0.707106781186548,1.),(1.,0.707106781186548,1.,0.707106781186548,1.,
0.707106781186548,1.,0.707106781186548,1.),(1.,0.707106781186548,1.,0.707106781186548,
1.,0.707106781186548,1.,0.707106781186548,1.),(1.,0.707106781186548,1.,
0.707106781186548,1.,0.707106781186548,1.,0.707106781186548,1.),(1.,0.707106781186548,
1.,0.707106781186548,1.,0.707106781186548,1.,0.707106781186548,1.),(1.,
0.707106781186548,1.,0.707106781186548,1.,0.707106781186548,1.,0.707106781186548,
1.),(1.,0.707106781186548,1.,0.707106781186548,1.,0.707106781186548,1.,
0.707106781186548,1.),(1.,0.707106781186548,1.,0.707106781186548,1.,0.707106781186548,
1.,0.707106781186548,1.),(1.,0.707106781186548,1.,0.707106781186548,1.,
0.707106781186548,1.,0.707106781186548,1.),(1.,0.707106781186548,1.,0.707106781186548,
1.,0.707106781186548,1.,0.707106781186548,1.),(1.,0.707106781186548,1.,
0.707106781186548,1.,0.707106781186548,1.,0.707106781186548,1.),(1.,0.707106781186548,
1.,0.707106781186548,1.,0.707106781186548,1.,0.707106781186548,1.),(1.,
0.707106781186548,1.,0.707106781186548,1.,0.707106781186548,1.,0.707106781186548,
1.),(1.,0.707106781186548,1.,0.707106781186548,1.,0.707106781186548,1.,
0.707106781186548,1.),(1.,0.707106781186548,1.,0.707106781186548,1.,0.707106781186548,
1.,0.707106781186548,1.),(1.,0.707106781186548,1.,0.707106781186548,1.,
0.707106781186548,1.,0.707106781186548,1.),(1.,0.707106781186548,1.,0.707106781186548,
1.,0.707106781186548,1.,0.707106781186548,1.),(1.,0.707106781186548,1.,
0.707106781186548,1.,0.707106781186548,1.,0.707106781186548,1.),(1.,0.707106781186548,
1.,0.707106781186548,1.,0.707106781186548,1.,0.707106781186548,1.),(1.,
0.707106781186548,1.,0.707106781186548,1.,0.707106781186548,1.,0.707106781186548,
1.),(1.,0.707106781186548,1.,0.707106781186548,1.,0.707106781186548,1.,
0.707106781186548,1.),(1.,0.707106781186548,1.,0.707106781186548,1.,0.707106781186548,
1.,0.707106781186548,1.),(1.,0.707106781186548,1.,0.707106781186548,1.,
0.707106781186548,1.,0.707106781186548,1.),(1.,0.707106781186548,1.,0.707106781186548,
1.,0.707106781186548,1.,0.707106781186548,1.),(1.,0.707106781186548,1.,
0.707106781186548,1.,0.707106781186548,1.,0.707106781186548,1.),(1.,0.707106781186548,
1.,0.707106781186548,1.,0.707106781186548,1.,0.707106781186548,1.),(1.,
0.707106781186548,1.,0.707106781186548,1.,0.707106781186548,1.,0.707106781186548,
1.),(1.,0.707106781186548,1.,0.707106781186548,1.,0.707106781186548,1.,
0.707106781186548,1.),(1.,0.707106781186548,1.,0.707106781186548,1.,0.707106781186548,
1.,0.707106781186548,1.),(1.,0.707106781186548,1.,0.707106781186548,1.,
0.707106781186548,1.,0.707106781186548,1.),(1.,0.707106781186548,1.,0.707106781186548,
1.,0.707106781186548,1.,0.707106781186548,1.),(1.,0.707106781186548,1.,
0.707106781186548,1.,0.707106781186548,1.,0.707106781186548,1.),(1.,0.707106781186548,
1.,0.707106781186548,1.,0.707106781186548,1.,0.707106781186548,1.),(1.,
0.707106781186548,1.,0.707106781186548,1.,0.707106781186548,1.,0.707106781186548,
1.),(1.,0.707106781186548,1.,0.707106781186548,1.,0.707106781186548,1.,
0.707106781186548,1.),(1.,0.707106781186548,1.,0.707106781186548,1.,0.707106781186548,
1.,0.707106781186548,1.),(1.,0.707106781186548,1.,0.707106781186548,1.,
0.707106781186548,1.,0.707106781186548,1.),(1.,0.707106781186548,1.,0.707106781186548,
1.,0.707106781186548,1.,0.707106781186548,1.),(1.,0.707106781186548,1.,
0.707106781186548,1.,0.707106781186548,1.,0.707106781186548,1.),(1.,0.707106781186548,
1.,0.707106781186548,1.,0.707106781186548,1.,0.707106781186548,1.),(1.,
0.707106781186548,1.,0.707106781186548,1.,0.707106781186548,1.,0.707106781186548,
1.),(1.,0.707106781186548,1.,0.707106781186548,1.,0.707106781186548,1.,
0.707106781186548,1.),(1.,0.707106781186548,1.,0.707106781186548,1.,0.707106781186548,
1.,0.707106781186548,1.),(1.,0.707106781186548,1.,0.707106781186548,1.,
0.707106781186548,1.,0.707106781186548,1.),(1.,0.707106781186548,1.,0.707106781186548,
1.,0.707106781186548,1.,0.707106781186548,1.),(1.,0.707106781186548,1.,
0.707106781186548,1.,0.707106781186548,1.,0.707106781186548,1.),(1.,0.707106781186548,
1.,0.707106781186548,1.,0.707106781186548,1.,0.707106781186548,1.),(1.,
0.707106781186548,1.,0.707106781186548,1.,0.707106781186548,1.,0.707106781186548,
1.),(1.,0.707106781186548,1.,0.707106781186548,1.,0.707106781186548,1.,
0.707106781186548,1.),(1.,0.707106781186548,1.,0.707106781186548,1.,0.707106781186548,
1.,0.707106781186548,1.),(1.,0.707106781186548,1.,0.707106781186548,1.,
0.707106781186548,1.,0.707106781186548,1.),(1.,0.707106781186548,1.,0.707106781186548,
1.,0.707106781186548,1.,0.707106781186548,1.),(1.,0.707106781186548,1.,
0.707106781186548,1.,0.707106781186548,1.,0.707106781186548,1.),(1.,0.707106781186548,
1.,0.707106781186548,1.,0.707106781186548,1.,0.707106781186548,1.),(1.,
0.707106781186548,1.,0.707106781186548,1.,0.707106781186548,1.,0.707106781186548,
1.),(1.,0.707106781186548,1.,0.707106781186548,1.,0.707106781186548,1.,
0.707106781186548,1.),(1.,0.707106781186548,1.,0.707106781186548,1.,0.707106781186548,
1.,0.707106781186548,1.),(1.,0.707106781186548,1.,0.707106781186548,1.,
0.707106781186548,1.,0.707106781186548,1.),(1.,0.707106781186548,1.,0.707106781186548,
1.,0.707106781186548,1.,0.707106781186548,1.),(1.,0.707106781186548,1.,
0.707106781186548,1.,0.707106781186548,1.,0.707106781186548,1.),(1.,0.707106781186548,
1.,0.707106781186548,1.,0.707106781186548,1.,0.707106781186548,1.),(1.,
0.707106781186548,1.,0.707106781186548,1.,0.707106781186548,1.,0.707106781186548,
1.),(1.,0.707106781186548,1.,0.707106781186548,1.,0.707106781186548,1.,
0.707106781186548,1.),(1.,0.707106781186548,1.,0.707106781186548,1.,0.707106781186548,
1.,0.707106781186548,1.),(1.,0.707106781186548,1.,0.707106781186548,1.,
0.707106781186548,1.,0.707106781186548,1.),(1.,0.707106781186548,1.,0.707106781186548,
1.,0.707106781186548,1.,0.707106781186548,1.),(1.,0.707106781186548,1.,
0.707106781186548,1.,0.707106781186548,1.,0.707106781186548,1.),(1.,0.707106781186548,
1.,0.707106781186548,1.,0.707106781186548,1.,0.707106781186548,1.),(1.,
0.707106781186548,1.,0.707106781186548,1.,0.707106781186548,1.,0.707106781186548,
1.),(1.,0.707106781186548,1.,0.707106781186548,1.,0.707106781186548,1.,
0.707106781186548,1.),(1.,0.707106781186548,1.,0.707106781186548,1.,0.707106781186548,
1.,0.707106781186548,1.),(1.,0.707106781186548,1.,0.707106781186548,1.,
0.707106781186548,1.,0.707106781186548,1.),(1.,0.707106781186548,1.,0.707106781186548,
1.,0.707106781186548,1.,0.707106781186548,1.),(1.,0.707106781186548,1.,
0.707106781186548,1.,0.707106781186548,1.,0.707106781186548,1.),(1.,0.707106781186548,
1.,0.707106781186548,1.,0.707106781186548,1.,0.707106781186548,1.),(1.,
0.707106781186548,1.,0.707106781186548,1.,0.707106781186548,1.,0.707106781186548,
1.),(1.,0.707106781186548,1.,0.707106781186548,1.,0.707106781186548,1.,
0.707106781186548,1.),(1.,0.707106781186548,1.,0.707106781186548,1.,0.707106781186548,
1.,0.707106781186548,1.),(1.,0.707106781186548,1.,0.707106781186548,1.,
0.707106781186548,1.,0.707106781186548,1.),(1.,0.707106781186548,1.,0.707106781186548,
1.,0.707106781186548,1.,0.707106781186548,1.),(1.,0.707106781186548,1.,
0.707106781186548,1.,0.707106781186548,1.,0.707106781186548,1.),(1.,0.707106781186548,
1.,0.707106781186548,1.,0.707106781186548,1.,0.707106781186548,1.),(1.,
0.707106781186548,1.,0.707106781186548,1.,0.707106781186548,1.,0.707106781186548,
1.),(1.,0.707106781186548,1.,0.707106781186548,1.,0.707106781186548,1.,
0.707106781186548,1.),(1.,0.707106781186548,1.,0.707106781186548,1.,0.707106781186548,
1.,0.707106781186548,1.),(1.,0.707106781186548,1.,0.707106781186548,1.,
0.707106781186548,1.,0.707106781186548,1.),(1.,0.707106781186548,1.,0.707106781186548,
1.,0.707106781186548,1.,0.707106781186548,1.),(1.,0.707106781186548,1.,
0.707106781186548,1.,0.707106781186548,1.,0.707106781186548,1.),(1.,0.707106781186548,
1.,0.707106781186548,1.,0.707106781186548,1.,0.707106781186548,1.),(1.,
0.707106781186548,1.,0.707106781186548,1.,0.707106781186548,1.,0.707106781186548,
1.),(1.,0.707106781186548,1.,0.707106781186548,1.,0.707106781186548,1.,
0.707106781186548,1.),(1.,0.707106781186548,1.,0.707106781186548,1.,0.707106781186548,
1.,0.707106781186548,1.),(1.,0.707106781186548,1.,0.707106781186548,1.,
0.707106781186548,1.,0.707106781186548,1.),(1.,0.707106781186548,1.,0.707106781186548,
1.,0.707106781186548,1.,0.707106781186548,1.),(1.,0.707106781186548,1.,
0.707106781186548,1.,0.707106781186548,1.,0.707106781186548,1.),(1.,0.707106781186548,
1.,0.707106781186548,1.,0.707106781186548,1.,0.707106781186548,1.),(1.,
0.707106781186548,1.,0.707106781186548,1.,0.707106781186548,1.,0.707106781186548,
1.),(1.,0.707106781186548,1.,0.707106781186548,1.,0.707106781186548,1.,
0.707106781186548,1.),(1.,0.707106781186548,1.,0.707106781186548,1.,0.707106781186548,
1.,0.707106781186548,1.),(1.,0.707106781186548,1.,0.707106781186548,1.,
0.707106781186548,1.,0.707106781186548,1.),(1.,0.707106781186548,1.,0.707106781186548,
1.,0.707106781186548,1.,0.707106781186548,1.),(1.,0.707106781186548,1.,
0.707106781186548,1.,0.707106781186548,1.,0.707106781186548,1.),(1.,0.707106781186548,
1.,0.707106781186548,1.,0.707106781186548,1.,0.707106781186548,1.),(1.,
0.707106781186548,1.,0.707106781186548,1.,0.707106781186548,1.,0.707106781186548,
1.),(1.,0.707106781186548,1.,0.707106781186548,1.,0.707106781186548,1.,
0.707106781186548,1.),(1.,0.707106781186548,1.,0.707106781186548,1.,0.707106781186548,
1.,0.707106781186548,1.),(1.,0.707106781186548,1.,0.707106781186548,1.,
0.707106781186548,1.,0.707106781186548,1.),(1.,0.707106781186548,1.,0.707106781186548,
1.,0.707106781186548,1.,0.707106781186548,1.),(1.,0.707106781186548,1.,
0.707106781186548,1.,0.707106781186548,1.,0.707106781186548,1.),(1.,0.707106781186548,
1.,0.707106781186548,1.,0.707106781186548,1.,0.707106781186548,1.),(1.,
0.707106781186548,1.,0.707106781186548,1.,0.707106781186548,1.,0.707106781186548,
1.),(1.,0.707106781186548,1.,0.707106781186548,1.,0.707106781186548,1.,
0.707106781186548,1.),(1.,0.707106781186548,1.,0.707106781186548,1.,0.707106781186548,
1.,0.707106781186548,1.),(1.,0.707106781186548,1.,0.707106781186548,1.,
0.707106781186548,1.,0.707106781186548,1.),(1.,0.707106781186548,1.,0.707106781186548,
1.,0.707106781186548,1.,0.707106781186548,1.),(1.,0.707106781186548,1.,
0.707106781186548,1.,0.707106781186548,1.,0.707106781186548,1.),(1.,0.707106781186548,
1.,0.707106781186548,1.,0.707106781186548,1.,0.707106781186548,1.),(1.,
0.707106781186548,1.,0.707106781186548,1.,0.707106781186548,1.,0.707106781186548,
1.),(1.,0.707106781186548,1.,0.707106781186548,1.,0.707106781186548,1.,
0.707106781186548,1.),(1.,0.707106781186548,1.,0.707106781186548,1.,0.707106781186548,
1.,0.707106781186548,1.),(1.,0.707106781186548,1.,0.707106781186548,1.,
0.707106781186548,1.,0.707106781186548,1.),(1.,0.707106781186548,1.,0.707106781186548,
1.,0.707106781186548,1.,0.707106781186548,1.),(1.,0.707106781186548,1.,
0.707106781186548,1.,0.707106781186548,1.,0.707106781186548,1.),(1.,0.707106781186548,
1.,0.707106781186548,1.,0.707106781186548,1.,0.707106781186548,1.),(1.,
0.707106781186548,1.,0.707106781186548,1.,0.707106781186548,1.,0.707106781186548,
1.),(1.,0.707106781186548,1.,0.707106781186548,1.,0.707106781186548,1.,
0.707106781186548,1.),(1.,0.707106781186548,1.,0.707106781186548,1.,0.707106781186548,
1.,0.707106781186548,1.),(1.,0.707106781186548,1.,0.707106781186548,1.,
0.707106781186548,1.,0.707106781186548,1.),(1.,0.707106781186548,1.,0.707106781186548,
1.,0.707106781186548,1.,0.707106781186548,1.),(1.,0.707106781186548,1.,
0.707106781186548,1.,0.707106781186548,1.,0.707106781186548,1.),(1.,0.707106781186548,
1.,0.707106781186548,1.,0.707106781186548,1.,0.707106781186548,1.),(1.,
0.707106781186548,1.,0.707106781186548,1.,0.707106781186548,1.,0.707106781186548,
1.),(1.,0.707106781186548,1.,0.707106781186548,1.,0.707106781186548,1.,
0.707106781186548,1.),(1.,0.707106781186548,1.,0.707106781186548,1.,0.707106781186548,
1.,0.707106781186548,1.),(1.,0.707106781186548,1.,0.707106781186548,1.,
0.707106781186548,1.,0.707106781186548,1.),(1.,0.707106781186548,1.,0.707106781186548,
1.,0.707106781186548,1.,0.707106781186548,1.),(1.,0.707106781186548,1.,
0.707106781186548,1.,0.707106781186548,1.,0.707106781186548,1.),(1.,0.707106781186548,
1.,0.707106781186548,1.,0.707106781186548,1.,0.707106781186548,1.),(1.,
0.707106781186548,1.,0.707106781186548,1.,0.707106781186548,1.,0.707106781186548,
1.),(1.,0.707106781186548,1.,0.707106781186548,1.,0.707106781186548,1.,
0.707106781186548,1.),(1.,0.707106781186548,1.,0.707106781186548,1.,0.707106781186548,
1.,0.707106781186548,1.),(1.,0.707106781186548,1.,0.707106781186548,1.,
0.707106781186548,1.,0.707106781186548,1.),(1.,0.707106781186548,1.,0.707106781186548,
1.,0.707106781186548,1.,0.707106781186548,1.),(1.,0.707106781186548,1.,
0.707106781186548,1.,0.707106781186548,1.,0.707106781186548,1.),(1.,0.707106781186548,
1.,0.707106781186548,1.,0.707106781186548,1.,0.707106781186548,1.),(1.,
0.707106781186548,1.,0.707106781186548,1.,0.707106781186548,1.,0.707106781186548,
1.),(1.,0.707106781186548,1.,0.707106781186548,1.,0.707106781186548,1.,
0.707106781186548,1.),(1.,0.707106781186548,1.,0.707106781186548,1.,0.707106781186548,
1.,0.707106781186548,1.),(1.,0.707106781186548,1.,0.707106781186548,1.,
0.707106781186548,1.,0.707106781186548,1.),(1.,0.707106781186548,1.,0.707106781186548,
1.,0.707106781186548,1.,0.707106781186548,1.),(1.,0.707106781186548,1.,
0.707106781186548,1.,0.707106781186548,1.,0.707106781186548,1.),(1.,0.707106781186548,
1.,0.707106781186548,1.,0.707106781186548,1.,0.707106781186548,1.),(1.,
0.707106781186548,1.,0.707106781186548,1.,0.707106781186548,1.,0.707106781186548,
1.),(1.,0.707106781186548,1.,0.707106781186548,1.,0.707106781186548,1.,
0.707106781186548,1.),(1.,0.707106781186548,1.,0.707106781186548,1.,0.707106781186548,
1.,0.707106781186548,1.),(1.,0.707106781186548,1.,0.707106781186548,1.,
0.707106781186548,1.,0.707106781186548,1.),(1.,0.707106781186548,1.,0.707106781186548,
1.,0.707106781186548,1.,0.707106781186548,1.),(1.,0.707106781186548,1.,
0.707106781186548,1.,0.707106781186548,1.,0.707106781186548,1.),(1.,0.707106781186548,
1.,0.707106781186548,1.,0.707106781186548,1.,0.707106781186548,1.),(1.,
0.707106781186548,1.,0.707106781186548,1.,0.707106781186548,1.,0.707106781186548,
1.),(1.,0.707106781186548,1.,0.707106781186548,1.,0.707106781186548,1.,
0.707106781186548,1.),(1.,0.707106781186548,1.,0.707106781186548,1.,0.707106781186548,
1.,0.707106781186548,1.),(1.,0.707106781186548,1.,0.707106781186548,1.,
0.707106781186548,1.,0.707106781186548,1.),(1.,0.707106781186548,1.,0.707106781186548,
1.,0.707106781186548,1.,0.707106781186548,1.),(1.,0.707106781186548,1.,
0.707106781186548,1.,0.707106781186548,1.,0.707106781186548,1.),(1.,0.707106781186548,
1.,0.707106781186548,1.,0.707106781186548,1.,0.707106781186548,1.),(1.,
0.707106781186548,1.,0.707106781186548,1.,0.707106781186548,1.,0.707106781186548,
1.),(1.,0.707106781186548,1.,0.707106781186548,1.,0.707106781186548,1.,
0.707106781186548,1.),(1.,0.707106781186548,1.,0.707106781186548,1.,0.707106781186548,
1.,0.707106781186548,1.),(1.,0.707106781186548,1.,0.707106781186548,1.,
0.707106781186548,1.,0.707106781186548,1.),(1.,0.707106781186548,1.,0.707106781186548,
1.,0.707106781186548,1.,0.707106781186548,1.),(1.,0.707106781186548,1.,
0.707106781186548,1.,0.707106781186548,1.,0.707106781186548,1.),(1.,0.707106781186548,
1.,0.707106781186548,1.,0.707106781186548,1.,0.707106781186548,1.),(1.,
0.707106781186548,1.,0.707106781186548,1.,0.707106781186548,1.,0.707106781186548,
1.),(1.,0.707106781186548,1.,0.707106781186548,1.,0.707106781186548,1.,
0.707106781186548,1.),(1.,0.707106781186548,1.,0.707106781186548,1.,0.707106781186548,
1.,0.707106781186548,1.),(1.,0.707106781186548,1.,0.707106781186548,1.,
0.707106781186548,1.,0.707106781186548,1.),(1.,0.707106781186548,1.,0.707106781186548,
1.,0.707106781186548,1.,0.707106781186548,1.),(1.,0.707106781186548,1.,
0.707106781186548,1.,0.707106781186548,1.,0.707106781186548,1.),(1.,0.707106781186548,
1.,0.707106781186548,1.,0.707106781186548,1.,0.707106781186548,1.),(1.,
0.707106781186548,1.,0.707106781186548,1.,0.707106781186548,1.,0.707106781186548,
1.),(1.,0.707106781186548,1.,0.707106781186548,1.,0.707106781186548,1.,
0.707106781186548,1.),(1.,0.707106781186548,1.,0.707106781186548,1.,0.707106781186548,
1.,0.707106781186548,1.),(1.,0.707106781186548,1.,0.707106781186548,1.,
0.707106781186548,1.,0.707106781186548,1.),(1.,0.707106781186548,1.,0.707106781186548,
1.,0.707106781186548,1.,0.707106781186548,1.),(1.,0.707106781186548,1.,
0.707106781186548,1.,0.707106781186548,1.,0.707106781186548,1.),(1.,0.707106781186548,
1.,0.707106781186548,1.,0.707106781186548,1.,0.707106781186548,1.),(1.,
0.707106781186548,1.,0.707106781186548,1.,0.707106781186548,1.,0.707106781186548,
1.),(1.,0.707106781186548,1.,0.707106781186548,1.,0.707106781186548,1.,
0.707106781186548,1.),(1.,0.707106781186548,1.,0.707106781186548,1.,0.707106781186548,
1.,0.707106781186548,1.),(1.,0.707106781186548,1.,0.707106781186548,1.,
0.707106781186548,1.,0.707106781186548,1.),(1.,0.707106781186548,1.,0.707106781186548,
1.,0.707106781186548,1.,0.707106781186548,1.),(1.,0.707106781186548,1.,
0.707106781186548,1.,0.707106781186548,1.,0.707106781186548,1.),(1.,0.707106781186548,
1.,0.707106781186548,1.,0.707106781186548,1.,0.707106781186548,1.),(1.,
0.707106781186548,1.,0.707106781186548,1.,0.707106781186548,1.,0.707106781186548,
1.),(1.,0.707106781186548,1.,0.707106781186548,1.,0.707106781186548,1.,
0.707106781186548,1.),(1.,0.707106781186548,1.,0.707106781186548,1.,0.707106781186548,
1.,0.707106781186548,1.),(1.,0.707106781186548,1.,0.707106781186548,1.,
0.707106781186548,1.,0.707106781186548,1.),(1.,0.707106781186548,1.,0.707106781186548,
1.,0.707106781186548,1.,0.707106781186548,1.),(1.,0.707106781186548,1.,
0.707106781186548,1.,0.707106781186548,1.,0.707106781186548,1.),(1.,0.707106781186548,
1.,0.707106781186548,1.,0.707106781186548,1.,0.707106781186548,1.),(1.,
0.707106781186548,1.,0.707106781186548,1.,0.707106781186548,1.,0.707106781186548,
1.),(1.,0.707106781186548,1.,0.707106781186548,1.,0.707106781186548,1.,
0.707106781186548,1.),(1.,0.707106781186548,1.,0.707106781186548,1.,0.707106781186548,
1.,0.707106781186548,1.),(1.,0.707106781186548,1.,0.707106781186548,1.,
0.707106781186548,1.,0.707106781186548,1.),(1.,0.707106781186548,1.,0.707106781186548,
1.,0.707106781186548,1.,0.707106781186548,1.),(1.,0.707106781186548,1.,
0.707106781186548,1.,0.707106781186548,1.,0.707106781186548,1.),(1.,0.707106781186548,
1.,0.707106781186548,1.,0.707106781186548,1.,0.707106781186548,1.),(1.,
0.707106781186548,1.,0.707106781186548,1.,0.707106781186548,1.,0.707106781186548,
1.),(1.,0.707106781186548,1.,0.707106781186548,1.,0.707106781186548,1.,
0.707106781186548,1.),(1.,0.707106781186548,1.,0.707106781186548,1.,0.707106781186548,
1.,0.707106781186548,1.),(1.,0.707106781186548,1.,0.707106781186548,1.,
0.707106781186548,1.,0.707106781186548,1.),(1.,0.707106781186548,1.,0.707106781186548,
1.,0.707106781186548,1.,0.707106781186548,1.),(1.,0.707106781186548,1.,
0.707106781186548,1.,0.707106781186548,1.,0.707106781186548,1.),(1.,0.707106781186548,
1.,0.707106781186548,1.,0.707106781186548,1.,0.707106781186548,1.),(1.,
0.707106781186548,1.,0.707106781186548,1.,0.707106781186548,1.,0.707106781186548,
1.),(1.,0.707106781186548,1.,0.707106781186548,1.,0.707106781186548,1.,
0.707106781186548,1.),(1.,0.707106781186548,1.,0.707106781186548,1.,0.707106781186548,
1.,0.707106781186548,1.),(1.,0.707106781186548,1.,0.707106781186548,1.,
0.707106781186548,1.,0.707106781186548,1.),(1.,0.707106781186548,1.,0.707106781186548,
1.,0.707106781186548,1.,0.707106781186548,1.),(1.,0.707106781186548,1.,
0.707106781186548,1.,0.707106781186548,1.,0.707106781186548,1.),(1.,0.707106781186548,
1.,0.707106781186548,1.,0.707106781186548,1.,0.707106781186548,1.),(1.,
0.707106781186548,1.,0.707106781186548,1.,0.707106781186548,1.,0.707106781186548,
1.),(1.,0.707106781186548,1.,0.707106781186548,1.,0.707106781186548,1.,
0.707106781186548,1.),(1.,0.707106781186548,1.,0.707106781186548,1.,0.707106781186548,
1.,0.707106781186548,1.),(1.,0.707106781186548,1.,0.707106781186548,1.,
0.707106781186548,1.,0.707106781186548,1.),(1.,0.707106781186548,1.,0.707106781186548,
1.,0.707106781186548,1.,0.707106781186548,1.),(1.,0.707106781186548,1.,
0.707106781186548,1.,0.707106781186548,1.,0.707106781186548,1.),(1.,0.707106781186548,
1.,0.707106781186548,1.,0.707106781186548,1.,0.707106781186548,1.),(1.,
0.707106781186548,1.,0.707106781186548,1.,0.707106781186548,1.,0.707106781186548,
1.),(1.,0.707106781186548,1.,0.707106781186548,1.,0.707106781186548,1.,
0.707106781186548,1.),(1.,0.707106781186548,1.,0.707106781186548,1.,0.707106781186548,
1.,0.707106781186548,1.),(1.,0.707106781186548,1.,0.707106781186548,1.,
0.707106781186548,1.,0.707106781186548,1.),(1.,0.707106781186548,1.,0.707106781186548,
1.,0.707106781186548,1.,0.707106781186548,1.),(1.,0.707106781186548,1.,
0.707106781186548,1.,0.707106781186548,1.,0.707106781186548,1.),(1.,0.707106781186548,
1.,0.707106781186548,1.,0.707106781186548,1.,0.707106781186548,1.),(1.,
0.707106781186548,1.,0.707106781186548,1.,0.707106781186548,1.,0.707106781186548,
1.),(1.,0.707106781186548,1.,0.707106781186548,1.,0.707106781186548,1.,
0.707106781186548,1.),(1.,0.707106781186548,1.,0.707106781186548,1.,0.707106781186548,
1.,0.707106781186548,1.),(1.,0.707106781186548,1.,0.707106781186548,1.,
0.707106781186548,1.,0.707106781186548,1.),(1.,0.707106781186548,1.,0.707106781186548,
1.,0.707106781186548,1.,0.707106781186548,1.),(1.,0.707106781186548,1.,
0.707106781186548,1.,0.707106781186548,1.,0.707106781186548,1.),(1.,0.707106781186548,
1.,0.707106781186548,1.,0.707106781186548,1.,0.707106781186548,1.),(1.,
0.707106781186548,1.,0.707106781186548,1.,0.707106781186548,1.,0.707106781186548,
1.),(1.,0.707106781186548,1.,0.707106781186548,1.,0.707106781186548,1.,
0.707106781186548,1.),(1.,0.707106781186548,1.,0.707106781186548,1.,0.707106781186548,
1.,0.707106781186548,1.),(1.,0.707106781186548,1.,0.707106781186548,1.,
0.707106781186548,1.,0.707106781186548,1.),(1.,0.707106781186548,1.,0.707106781186548,
1.,0.707106781186548,1.,0.707106781186548,1.),(1.,0.707106781186548,1.,
0.707106781186548,1.,0.707106781186548,1.,0.707106781186548,1.),(1.,0.707106781186548,
1.,0.707106781186548,1.,0.707106781186548,1.,0.707106781186548,1.),(1.,
0.707106781186548,1.,0.707106781186548,1.,0.707106781186548,1.,0.707106781186548,
1.),(1.,0.707106781186548,1.,0.707106781186548,1.,0.707106781186548,1.,
0.707106781186548,1.),(1.,0.707106781186548,1.,0.707106781186548,1.,0.707106781186548,
1.,0.707106781186548,1.),(1.,0.707106781186548,1.,0.707106781186548,1.,
0.707106781186548,1.,0.707106781186548,1.),(1.,0.707106781186548,1.,0.707106781186548,
1.,0.707106781186548,1.,0.707106781186548,1.),(1.,0.707106781186548,1.,
0.707106781186548,1.,0.707106781186548,1.,0.707106781186548,1.),(1.,0.707106781186548,
1.,0.707106781186548,1.,0.707106781186548,1.,0.707106781186548,1.),(1.,
0.707106781186548,1.,0.707106781186548,1.,0.707106781186548,1.,0.707106781186548,
1.),(1.,0.707106781186548,1.,0.707106781186548,1.,0.707106781186548,1.,
0.707106781186548,1.),(1.,0.707106781186548,1.,0.707106781186548,1.,0.707106781186548,
1.,0.707106781186548,1.),(1.,0.707106781186548,1.,0.707106781186548,1.,
0.707106781186548,1.,0.707106781186548,1.),(1.,0.707106781186548,1.,0.707106781186548,
1.,0.707106781186548,1.,0.707106781186548,1.),(1.,0.707106781186548,1.,
0.707106781186548,1.,0.707106781186548,1.,0.707106781186548,1.),(1.,0.707106781186548,
1.,0.707106781186548,1.,0.707106781186548,1.,0.707106781186548,1.),(1.,
0.707106781186548,1.,0.707106781186548,1.,0.707106781186548,1.,0.707106781186548,
1.),(1.,0.707106781186548,1.,0.707106781186548,1.,0.707106781186548,1.,
0.707106781186548,1.),(1.,0.707106781186548,1.,0.707106781186548,1.,0.707106781186548,
1.,0.707106781186548,1.),(1.,0.707106781186548,1.,0.707106781186548,1.,
0.707106781186548,1.,0.707106781186548,1.),(1.,0.707106781186548,1.,0.707106781186548,
1.,0.707106781186548,1.,0.707106781186548,1.),(1.,0.707106781186548,1.,
0.707106781186548,1.,0.707106781186548,1.,0.707106781186548,1.),(1.,0.707106781186548,
1.,0.707106781186548,1.,0.707106781186548,1.,0.707106781186548,1.),(1.,
0.707106781186548,1.,0.707106781186548,1.,0.707106781186548,1.,0.707106781186548,
1.),(1.,0.707106781186548,1.,0.707106781186548,1.,0.707106781186548,1.,
0.707106781186548,1.),(1.,0.707106781186548,1.,0.707106781186548,1.,0.707106781186548,
1.,0.707106781186548,1.),(1.,0.707106781186548,1.,0.707106781186548,1.,
0.707106781186548,1.,0.707106781186548,1.),(1.,0.707106781186548,1.,0.707106781186548,
1.,0.707106781186548,1.,0.707106781186548,1.),(1.,0.707106781186548,1.,
0.707106781186548,1.,0.707106781186548,1.,0.707106781186548,1.),(1.,0.707106781186548,
1.,0.707106781186548,1.,0.707106781186548,1.,0.707106781186548,1.),(1.,
0.707106781186548,1.,0.707106781186548,1.,0.707106781186548,1.,0.707106781186548,
1.),(1.,0.707106781186548,1.,0.707106781186548,1.,0.707106781186548,1.,
0.707106781186548,1.),(1.,0.707106781186548,1.,0.707106781186548,1.,0.707106781186548,
1.,0.707106781186548,1.),(1.,0.707106781186548,1.,0.707106781186548,1.,
0.707106781186548,1.,0.707106781186548,1.),(1.,0.707106781186548,1.,0.707106781186548,
1.,0.707106781186548,1.,0.707106781186548,1.),(1.,0.707106781186548,1.,
0.707106781186548,1.,0.707106781186548,1.,0.707106781186548,1.),(1.,0.707106781186548,
1.,0.707106781186548,1.,0.707106781186548,1.,0.707106781186548,1.),(1.,
0.707106781186548,1.,0.707106781186548,1.,0.707106781186548,1.,0.707106781186548,
1.),(1.,0.707106781186548,1.,0.707106781186548,1.,0.707106781186548,1.,
0.707106781186548,1.),(1.,0.707106781186548,1.,0.707106781186548,1.,0.707106781186548,
1.,0.707106781186548,1.),(1.,0.707106781186548,1.,0.707106781186548,1.,
0.707106781186548,1.,0.707106781186548,1.),(1.,0.707106781186548,1.,0.707106781186548,
1.,0.707106781186548,1.,0.707106781186548,1.),(1.,0.707106781186548,1.,
0.707106781186548,1.,0.707106781186548,1.,0.707106781186548,1.),(1.,0.707106781186548,
1.,0.707106781186548,1.,0.707106781186548,1.,0.707106781186548,1.),(1.,
0.707106781186548,1.,0.707106781186548,1.,0.707106781186548,1.,0.707106781186548,
1.),(1.,0.707106781186548,1.,0.707106781186548,1.,0.707106781186548,1.,
0.707106781186548,1.),(1.,0.707106781186548,1.,0.707106781186548,1.,0.707106781186548,
1.,0.707106781186548,1.),(1.,0.707106781186548,1.,0.707106781186548,1.,
0.707106781186548,1.,0.707106781186548,1.),(1.,0.707106781186548,1.,0.707106781186548,
1.,0.707106781186548,1.,0.707106781186548,1.),(1.,0.707106781186548,1.,
0.707106781186548,1.,0.707106781186548,1.,0.707106781186548,1.),(1.,0.707106781186548,
1.,0.707106781186548,1.,0.707106781186548,1.,0.707106781186548,1.),(1.,
0.707106781186548,1.,0.707106781186548,1.,0.707106781186548,1.,0.707106781186548,
1.),(1.,0.707106781186548,1.,0.707106781186548,1.,0.707106781186548,1.,
0.707106781186548,1.),(1.,0.707106781186548,1.,0.707106781186548,1.,0.707106781186548,
1.,0.707106781186548,1.),(1.,0.707106781186548,1.,0.707106781186548,1.,
0.707106781186548,1.,0.707106781186548,1.),(1.,0.707106781186548,1.,0.707106781186548,
1.,0.707106781186548,1.,0.707106781186548,1.),(1.,0.707106781186548,1.,
0.707106781186548,1.,0.707106781186548,1.,0.707106781186548,1.),(1.,0.707106781186548,
1.,0.707106781186548,1.,0.707106781186548,1.,0.707106781186548,1.),(1.,
0.707106781186548,1.,0.707106781186548,1.,0.707106781186548,1.,0.707106781186548,
1.),(1.,0.707106781186548,1.,0.707106781186548,1.,0.707106781186548,1.,
0.707106781186548,1.),(1.,0.707106781186548,1.,0.707106781186548,1.,0.707106781186548,
1.,0.707106781186548,1.),(1.,0.707106781186548,1.,0.707106781186548,1.,
0.707106781186548,1.,0.707106781186548,1.),(1.,0.707106781186548,1.,0.707106781186548,
1.,0.707106781186548,1.,0.707106781186548,1.),(1.,0.707106781186548,1.,
0.707106781186548,1.,0.707106781186548,1.,0.707106781186548,1.),(1.,0.707106781186548,
1.,0.707106781186548,1.,0.707106781186548,1.,0.707106781186548,1.),(1.,
0.707106781186548,1.,0.707106781186548,1.,0.707106781186548,1.,0.707106781186548,
1.),(1.,0.707106781186548,1.,0.707106781186548,1.,0.707106781186548,1.,
0.707106781186548,1.),(1.,0.707106781186548,1.,0.707106781186548,1.,0.707106781186548,
1.,0.707106781186548,1.),(1.,0.707106781186548,1.,0.707106781186548,1.,
0.707106781186548,1.,0.707106781186548,1.),(1.,0.707106781186548,1.,0.707106781186548,
1.,0.707106781186548,1.,0.707106781186548,1.),(1.,0.707106781186548,1.,
0.707106781186548,1.,0.707106781186548,1.,0.707106781186548,1.),(1.,0.707106781186548,
1.,0.707106781186548,1.,0.707106781186548,1.,0.707106781186548,1.),(1.,
0.707106781186548,1.,0.707106781186548,1.,0.707106781186548,1.,0.707106781186548,
1.),(1.,0.707106781186548,1.,0.707106781186548,1.,0.707106781186548,1.,
0.707106781186548,1.),(1.,0.707106781186548,1.,0.707106781186548,1.,0.707106781186548,
1.,0.707106781186548,1.),(1.,0.707106781186548,1.,0.707106781186548,1.,
0.707106781186548,1.,0.707106781186548,1.),(1.,0.707106781186548,1.,0.707106781186548,
1.,0.707106781186548,1.,0.707106781186548,1.),(1.,0.707106781186548,1.,
0.707106781186548,1.,0.707106781186548,1.,0.707106781186548,1.),(1.,0.707106781186548,
1.,0.707106781186548,1.,0.707106781186548,1.,0.707106781186548,1.),(1.,
0.707106781186548,1.,0.707106781186548,1.,0.707106781186548,1.,0.707106781186548,
1.),(1.,0.707106781186548,1.,0.707106781186548,1.,0.707106781186548,1.,
0.707106781186548,1.),(1.,0.707106781186548,1.,0.707106781186548,1.,0.707106781186548,
1.,0.707106781186548,1.),(1.,0.707106781186548,1.,0.707106781186548,1.,
0.707106781186548,1.,0.707106781186548,1.),(1.,0.707106781186548,1.,0.707106781186548,
1.,0.707106781186548,1.,0.707106781186548,1.),(1.,0.707106781186548,1.,
0.707106781186548,1.,0.707106781186548,1.,0.707106781186548,1.),(1.,0.707106781186548,
1.,0.707106781186548,1.,0.707106781186548,1.,0.707106781186548,1.),(1.,
0.707106781186548,1.,0.707106781186548,1.,0.707106781186548,1.,0.707106781186548,
1.),(1.,0.707106781186548,1.,0.707106781186548,1.,0.707106781186548,1.,
0.707106781186548,1.),(1.,0.707106781186548,1.,0.707106781186548,1.,0.707106781186548,
1.,0.707106781186548,1.),(1.,0.707106781186548,1.,0.707106781186548,1.,
0.707106781186548,1.,0.707106781186548,1.),(1.,0.707106781186548,1.,0.707106781186548,
1.,0.707106781186548,1.,0.707106781186548,1.),(1.,0.707106781186548,1.,
0.707106781186548,1.,0.707106781186548,1.,0.707106781186548,1.),(1.,0.707106781186548,
1.,0.707106781186548,1.,0.707106781186548,1.,0.707106781186548,1.),(1.,
0.707106781186548,1.,0.707106781186548,1.,0.707106781186548,1.,0.707106781186548,
1.),(1.,0.707106781186548,1.,0.707106781186548,1.,0.707106781186548,1.,
0.707106781186548,1.),(1.,0.707106781186548,1.,0.707106781186548,1.,0.707106781186548,
1.,0.707106781186548,1.),(1.,0.707106781186548,1.,0.707106781186548,1.,
0.707106781186548,1.,0.707106781186548,1.),(1.,0.707106781186548,1.,0.707106781186548,
1.,0.707106781186548,1.,0.707106781186548,1.),(1.,0.707106781186548,1.,
0.707106781186548,1.,0.707106781186548,1.,0.707106781186548,1.),(1.,0.707106781186548,
1.,0.707106781186548,1.,0.707106781186548,1.,0.707106781186548,1.),(1.,
0.707106781186548,1.,0.707106781186548,1.,0.707106781186548,1.,0.707106781186548,
1.),(1.,0.707106781186548,1.,0.707106781186548,1.,0.707106781186548,1.,
0.707106781186548,1.),(1.,0.707106781186548,1.,0.707106781186548,1.,0.707106781186548,
1.,0.707106781186548,1.),(1.,0.707106781186548,1.,0.707106781186548,1.,
0.707106781186548,1.,0.707106781186548,1.),(1.,0.707106781186548,1.,0.707106781186548,
1.,0.707106781186548,1.,0.707106781186548,1.),(1.,0.707106781186548,1.,
0.707106781186548,1.,0.707106781186548,1.,0.707106781186548,1.),(1.,0.707106781186548,
1.,0.707106781186548,1.,0.707106781186548,1.,0.707106781186548,1.),(1.,
0.707106781186548,1.,0.707106781186548,1.,0.707106781186548,1.,0.707106781186548,
1.),(1.,0.707106781186548,1.,0.707106781186548,1.,0.707106781186548,1.,
0.707106781186548,1.),(1.,0.707106781186548,1.,0.707106781186548,1.,0.707106781186548,
1.,0.707106781186548,1.),(1.,0.707106781186548,1.,0.707106781186548,1.,
0.707106781186548,1.,0.707106781186548,1.),(1.,0.707106781186548,1.,0.707106781186548,
1.,0.707106781186548,1.,0.707106781186548,1.),(1.,0.707106781186548,1.,
0.707106781186548,1.,0.707106781186548,1.,0.707106781186548,1.),(1.,0.707106781186548,
1.,0.707106781186548,1.,0.707106781186548,1.,0.707106781186548,1.),(1.,
0.707106781186548,1.,0.707106781186548,1.,0.707106781186548,1.,0.707106781186548,
1.),(1.,0.707106781186548,1.,0.707106781186548,1.,0.707106781186548,1.,
0.707106781186548,1.),(1.,0.707106781186548,1.,0.707106781186548,1.,0.707106781186548,
1.,0.707106781186548,1.),(1.,0.707106781186548,1.,0.707106781186548,1.,
0.707106781186548,1.,0.707106781186548,1.),(1.,0.707106781186548,1.,0.707106781186548,
1.,0.707106781186548,1.,0.707106781186548,1.),(1.,0.707106781186548,1.,
0.707106781186548,1.,0.707106781186548,1.,0.707106781186548,1.),(1.,0.707106781186548,
1.,0.707106781186548,1.,0.707106781186548,1.,0.707106781186548,1.),(1.,
0.707106781186548,1.,0.707106781186548,1.,0.707106781186548,1.,0.707106781186548,
1.),(1.,0.707106781186548,1.,0.707106781186548,1.,0.707106781186548,1.,
0.707106781186548,1.),(1.,0.707106781186548,1.,0.707106781186548,1.,0.707106781186548,
1.,0.707106781186548,1.),(1.,0.707106781186548,1.,0.707106781186548,1.,
0.707106781186548,1.,0.707106781186548,1.),(1.,0.707106781186548,1.,0.707106781186548,
1.,0.707106781186548,1.,0.707106781186548,1.),(1.,0.707106781186548,1.,
0.707106781186548,1.,0.707106781186548,1.,0.707106781186548,1.),(1.,0.707106781186548,
1.,0.707106781186548,1.,0.707106781186548,1.,0.707106781186548,1.),(1.,
0.707106781186548,1.,0.707106781186548,1.,0.707106781186548,1.,0.707106781186548,
1.),(1.,0.707106781186548,1.,0.707106781186548,1.,0.707106781186548,1.,
0.707106781186548,1.),(1.,0.707106781186548,1.,0.707106781186548,1.,0.707106781186548,
1.,0.707106781186548,1.),(1.,0.707106781186548,1.,0.707106781186548,1.,
0.707106781186548,1.,0.707106781186548,1.),(1.,0.707106781186548,1.,0.707106781186548,
1.,0.707106781186548,1.,0.707106781186548,1.),(1.,0.707106781186548,1.,
0.707106781186548,1.,0.707106781186548,1.,0.707106781186548,1.),(1.,0.707106781186548,
1.,0.707106781186548,1.,0.707106781186548,1.,0.707106781186548,1.),(1.,
0.707106781186548,1.,0.707106781186548,1.,0.707106781186548,1.,0.707106781186548,
1.),(1.,0.707106781186548,1.,0.707106781186548,1.,0.707106781186548,1.,
0.707106781186548,1.),(1.,0.707106781186548,1.,0.707106781186548,1.,0.707106781186548,
1.,0.707106781186548,1.),(1.,0.707106781186548,1.,0.707106781186548,1.,
0.707106781186548,1.,0.707106781186548,1.),(1.,0.707106781186548,1.,0.707106781186548,
1.,0.707106781186548,1.,0.707106781186548,1.),(1.,0.707106781186548,1.,
0.707106781186548,1.,0.707106781186548,1.,0.707106781186548,1.),(1.,0.707106781186548,
1.,0.707106781186548,1.,0.707106781186548,1.,0.707106781186548,1.),(1.,
0.707106781186548,1.,0.707106781186548,1.,0.707106781186548,1.,0.707106781186548,
1.),(1.,0.707106781186548,1.,0.707106781186548,1.,0.707106781186548,1.,
0.707106781186548,1.),(1.,0.707106781186548,1.,0.707106781186548,1.,0.707106781186548,
1.,0.707106781186548,1.),(1.,0.707106781186548,1.,0.707106781186548,1.,
0.707106781186548,1.,0.707106781186548,1.),(1.,0.707106781186548,1.,0.707106781186548,
1.,0.707106781186548,1.,0.707106781186548,1.),(1.,0.707106781186548,1.,
0.707106781186548,1.,0.707106781186548,1.,0.707106781186548,1.),(1.,0.707106781186548,
1.,0.707106781186548,1.,0.707106781186548,1.,0.707106781186548,1.),(1.,
0.707106781186548,1.,0.707106781186548,1.,0.707106781186548,1.,0.707106781186548,
1.),(1.,0.707106781186548,1.,0.707106781186548,1.,0.707106781186548,1.,
0.707106781186548,1.),(1.,0.707106781186548,1.,0.707106781186548,1.,0.707106781186548,
1.,0.707106781186548,1.),(1.,0.707106781186548,1.,0.707106781186548,1.,
0.707106781186548,1.,0.707106781186548,1.),(1.,0.707106781186548,1.,0.707106781186548,
1.,0.707106781186548,1.,0.707106781186548,1.),(1.,0.707106781186548,1.,
0.707106781186548,1.,0.707106781186548,1.,0.707106781186548,1.),(1.,0.707106781186548,
1.,0.707106781186548,1.,0.707106781186548,1.,0.707106781186548,1.),(1.,
0.707106781186548,1.,0.707106781186548,1.,0.707106781186548,1.,0.707106781186548,
1.),(1.,0.707106781186548,1.,0.707106781186548,1.,0.707106781186548,1.,
0.707106781186548,1.),(1.,0.707106781186548,1.,0.707106781186548,1.,0.707106781186548,
1.,0.707106781186548,1.),(1.,0.707106781186548,1.,0.707106781186548,1.,
0.707106781186548,1.,0.707106781186548,1.),(1.,0.707106781186548,1.,0.707106781186548,
1.,0.707106781186548,1.,0.707106781186548,1.),(1.,0.707106781186548,1.,
0.707106781186548,1.,0.707106781186548,1.,0.707106781186548,1.),(1.,0.707106781186548,
1.,0.707106781186548,1.,0.707106781186548,1.,0.707106781186548,1.),(1.,
0.707106781186548,1.,0.707106781186548,1.,0.707106781186548,1.,0.707106781186548,
1.),(1.,0.707106781186548,1.,0.707106781186548,1.,0.707106781186548,1.,
0.707106781186548,1.),(1.,0.707106781186548,1.,0.707106781186548,1.,0.707106781186548,
1.,0.707106781186548,1.),(1.,0.707106781186548,1.,0.707106781186548,1.,
0.707106781186548,1.,0.707106781186548,1.),(1.,0.707106781186548,1.,0.707106781186548,
1.,0.707106781186548,1.,0.707106781186548,1.),(1.,0.707106781186548,1.,
0.707106781186548,1.,0.707106781186548,1.,0.707106781186548,1.),(1.,0.707106781186548,
1.,0.707106781186548,1.,0.707106781186548,1.,0.707106781186548,1.),(1.,
0.707106781186548,1.,0.707106781186548,1.,0.707106781186548,1.,0.707106781186548,
1.),(1.,0.707106781186548,1.,0.707106781186548,1.,0.707106781186548,1.,
0.707106781186548,1.),(1.,0.707106781186548,1.,0.707106781186548,1.,0.707106781186548,
1.,0.707106781186548,1.),(1.,0.707106781186548,1.,0.707106781186548,1.,
0.707106781186548,1.,0.707106781186548,1.),(1.,0.707106781186548,1.,0.707106781186548,
1.,0.707106781186548,1.,0.707106781186548,1.),(1.,0.707106781186548,1.,
0.707106781186548,1.,0.707106781186548,1.,0.707106781186548,1.),(1.,0.707106781186548,
1.,0.707106781186548,1.,0.707106781186548,1.,0.707106781186548,1.),(1.,
0.707106781186548,1.,0.707106781186548,1.,0.707106781186548,1.,0.707106781186548,
1.),(1.,0.707106781186548,1.,0.707106781186548,1.,0.707106781186548,1.,
0.707106781186548,1.),(1.,0.707106781186548,1.,0.707106781186548,1.,0.707106781186548,
1.,0.707106781186548,1.),(1.,0.707106781186548,1.,0.707106781186548,1.,
0.707106781186548,1.,0.707106781186548,1.),(1.,0.707106781186548,1.,0.707106781186548,
1.,0.707106781186548,1.,0.707106781186548,1.),(1.,0.707106781186548,1.,
0.707106781186548,1.,0.707106781186548,1.,0.707106781186548,1.),(1.,0.707106781186548,
1.,0.707106781186548,1.,0.707106781186548,1.,0.707106781186548,1.),(1.,
0.707106781186548,1.,0.707106781186548,1.,0.707106781186548,1.,0.707106781186548,
1.),(1.,0.707106781186548,1.,0.707106781186548,1.,0.707106781186548,1.,
0.707106781186548,1.),(1.,0.707106781186548,1.,0.707106781186548,1.,0.707106781186548,
1.,0.707106781186548,1.),(1.,0.707106781186548,1.,0.707106781186548,1.,
0.707106781186548,1.,0.707106781186548,1.),(1.,0.707106781186548,1.,0.707106781186548,
1.,0.707106781186548,1.,0.707106781186548,1.),(1.,0.707106781186548,1.,
0.707106781186548,1.,0.707106781186548,1.,0.707106781186548,1.),(1.,0.707106781186548,
1.,0.707106781186548,1.,0.707106781186548,1.,0.707106781186548,1.),(1.,
0.707106781186548,1.,0.707106781186548,1.,0.707106781186548,1.,0.707106781186548,
1.),(1.,0.707106781186548,1.,0.707106781186548,1.,0.707106781186548,1.,
0.707106781186548,1.),(1.,0.707106781186548,1.,0.707106781186548,1.,0.707106781186548,
1.,0.707106781186548,1.),(1.,0.707106781186548,1.,0.707106781186548,1.,
0.707106781186548,1.,0.707106781186548,1.),(1.,0.707106781186548,1.,0.707106781186548,
1.,0.707106781186548,1.,0.707106781186548,1.),(1.,0.707106781186548,1.,
0.707106781186548,1.,0.707106781186548,1.,0.707106781186548,1.),(1.,0.707106781186548,
1.,0.707106781186548,1.,0.707106781186548,1.,0.707106781186548,1.),(1.,
0.707106781186548,1.,0.707106781186548,1.,0.707106781186548,1.,0.707106781186548,
1.),(1.,0.707106781186548,1.,0.707106781186548,1.,0.707106781186548,1.,
0.707106781186548,1.),(1.,0.707106781186548,1.,0.707106781186548,1.,0.707106781186548,
1.,0.707106781186548,1.),(1.,0.707106781186548,1.,0.707106781186548,1.,
0.707106781186548,1.,0.707106781186548,1.)))
REPRESENTATION_ITEM('')
SURFACE()
);
#55=(
BOUNDED_SURFACE()
B_SPLINE_SURFACE(3,2,((#11142,#11143,#11144,#11145,#11146,#11147,#11148,
#11149,#11150),(#11151,#11152,#11153,#11154,#11155,#11156,#11157,#11158,
#11159),(#11160,#11161,#11162,#11163,#11164,#11165,#11166,#11167,#11168),
(#11169,#11170,#11171,#11172,#11173,#11174,#11175,#11176,#11177),(#11178,
#11179,#11180,#11181,#11182,#11183,#11184,#11185,#11186),(#11187,#11188,
#11189,#11190,#11191,#11192,#11193,#11194,#11195),(#11196,#11197,#11198,
#11199,#11200,#11201,#11202,#11203,#11204),(#11205,#11206,#11207,#11208,
#11209,#11210,#11211,#11212,#11213),(#11214,#11215,#11216,#11217,#11218,
#11219,#11220,#11221,#11222),(#11223,#11224,#11225,#11226,#11227,#11228,
#11229,#11230,#11231),(#11232,#11233,#11234,#11235,#11236,#11237,#11238,
#11239,#11240),(#11241,#11242,#11243,#11244,#11245,#11246,#11247,#11248,
#11249),(#11250,#11251,#11252,#11253,#11254,#11255,#11256,#11257,#11258),
(#11259,#11260,#11261,#11262,#11263,#11264,#11265,#11266,#11267),(#11268,
#11269,#11270,#11271,#11272,#11273,#11274,#11275,#11276),(#11277,#11278,
#11279,#11280,#11281,#11282,#11283,#11284,#11285),(#11286,#11287,#11288,
#11289,#11290,#11291,#11292,#11293,#11294),(#11295,#11296,#11297,#11298,
#11299,#11300,#11301,#11302,#11303),(#11304,#11305,#11306,#11307,#11308,
#11309,#11310,#11311,#11312),(#11313,#11314,#11315,#11316,#11317,#11318,
#11319,#11320,#11321),(#11322,#11323,#11324,#11325,#11326,#11327,#11328,
#11329,#11330),(#11331,#11332,#11333,#11334,#11335,#11336,#11337,#11338,
#11339),(#11340,#11341,#11342,#11343,#11344,#11345,#11346,#11347,#11348),
(#11349,#11350,#11351,#11352,#11353,#11354,#11355,#11356,#11357),(#11358,
#11359,#11360,#11361,#11362,#11363,#11364,#11365,#11366),(#11367,#11368,
#11369,#11370,#11371,#11372,#11373,#11374,#11375),(#11376,#11377,#11378,
#11379,#11380,#11381,#11382,#11383,#11384),(#11385,#11386,#11387,#11388,
#11389,#11390,#11391,#11392,#11393),(#11394,#11395,#11396,#11397,#11398,
#11399,#11400,#11401,#11402),(#11403,#11404,#11405,#11406,#11407,#11408,
#11409,#11410,#11411),(#11412,#11413,#11414,#11415,#11416,#11417,#11418,
#11419,#11420),(#11421,#11422,#11423,#11424,#11425,#11426,#11427,#11428,
#11429),(#11430,#11431,#11432,#11433,#11434,#11435,#11436,#11437,#11438),
(#11439,#11440,#11441,#11442,#11443,#11444,#11445,#11446,#11447),(#11448,
#11449,#11450,#11451,#11452,#11453,#11454,#11455,#11456),(#11457,#11458,
#11459,#11460,#11461,#11462,#11463,#11464,#11465),(#11466,#11467,#11468,
#11469,#11470,#11471,#11472,#11473,#11474)),.UNSPECIFIED.,.F.,.T.,.F.)
B_SPLINE_SURFACE_WITH_KNOTS((4,3,3,3,3,3,3,3,3,3,3,3,4),(3,2,2,2,3),(0.0305531064785218,
0.0686886043089496,0.145262138648301,0.269108920691442,0.470490872623513,
0.677497677911784,0.814929661096148,0.907464830548074,0.953732415274037,
0.976866207637018,0.988433103818509,0.996763600362624,1.),(0.,1.5707963267949,
3.14159265358979,4.71238898038469,6.28318530717959),.UNSPECIFIED.)
GEOMETRIC_REPRESENTATION_ITEM()
RATIONAL_B_SPLINE_SURFACE(((1.,0.707106781186548,1.,0.707106781186548,1.,
0.707106781186548,1.,0.707106781186548,1.),(1.,0.707106781186548,1.,0.707106781186548,
1.,0.707106781186548,1.,0.707106781186548,1.),(1.,0.707106781186548,1.,
0.707106781186548,1.,0.707106781186548,1.,0.707106781186548,1.),(1.,0.707106781186548,
1.,0.707106781186548,1.,0.707106781186548,1.,0.707106781186548,1.),(1.,
0.707106781186548,1.,0.707106781186548,1.,0.707106781186548,1.,0.707106781186548,
1.),(1.,0.707106781186548,1.,0.707106781186548,1.,0.707106781186548,1.,
0.707106781186548,1.),(1.,0.707106781186548,1.,0.707106781186548,1.,0.707106781186548,
1.,0.707106781186548,1.),(1.,0.707106781186548,1.,0.707106781186548,1.,
0.707106781186548,1.,0.707106781186548,1.),(1.,0.707106781186548,1.,0.707106781186548,
1.,0.707106781186548,1.,0.707106781186548,1.),(1.,0.707106781186548,1.,
0.707106781186548,1.,0.707106781186548,1.,0.707106781186548,1.),(1.,0.707106781186548,
1.,0.707106781186548,1.,0.707106781186548,1.,0.707106781186548,1.),(1.,
0.707106781186548,1.,0.707106781186548,1.,0.707106781186548,1.,0.707106781186548,
1.),(1.,0.707106781186548,1.,0.707106781186548,1.,0.707106781186548,1.,
0.707106781186548,1.),(1.,0.707106781186548,1.,0.707106781186548,1.,0.707106781186548,
1.,0.707106781186548,1.),(1.,0.707106781186548,1.,0.707106781186548,1.,
0.707106781186548,1.,0.707106781186548,1.),(1.,0.707106781186548,1.,0.707106781186548,
1.,0.707106781186548,1.,0.707106781186548,1.),(1.,0.707106781186548,1.,
0.707106781186548,1.,0.707106781186548,1.,0.707106781186548,1.),(1.,0.707106781186548,
1.,0.707106781186548,1.,0.707106781186548,1.,0.707106781186548,1.),(1.,
0.707106781186548,1.,0.707106781186548,1.,0.707106781186548,1.,0.707106781186548,
1.),(1.,0.707106781186548,1.,0.707106781186548,1.,0.707106781186548,1.,
0.707106781186548,1.),(1.,0.707106781186548,1.,0.707106781186548,1.,0.707106781186548,
1.,0.707106781186548,1.),(1.,0.707106781186548,1.,0.707106781186548,1.,
0.707106781186548,1.,0.707106781186548,1.),(1.,0.707106781186548,1.,0.707106781186548,
1.,0.707106781186548,1.,0.707106781186548,1.),(1.,0.707106781186548,1.,
0.707106781186548,1.,0.707106781186548,1.,0.707106781186548,1.),(1.,0.707106781186548,
1.,0.707106781186548,1.,0.707106781186548,1.,0.707106781186548,1.),(1.,
0.707106781186548,1.,0.707106781186548,1.,0.707106781186548,1.,0.707106781186548,
1.),(1.,0.707106781186548,1.,0.707106781186548,1.,0.707106781186548,1.,
0.707106781186548,1.),(1.,0.707106781186548,1.,0.707106781186548,1.,0.707106781186548,
1.,0.707106781186548,1.),(1.,0.707106781186548,1.,0.707106781186548,1.,
0.707106781186548,1.,0.707106781186548,1.),(1.,0.707106781186548,1.,0.707106781186548,
1.,0.707106781186548,1.,0.707106781186548,1.),(1.,0.707106781186548,1.,
0.707106781186548,1.,0.707106781186548,1.,0.707106781186548,1.),(1.,0.707106781186548,
1.,0.707106781186548,1.,0.707106781186548,1.,0.707106781186548,1.),(1.,
0.707106781186548,1.,0.707106781186548,1.,0.707106781186548,1.,0.707106781186548,
1.),(1.,0.707106781186548,1.,0.707106781186548,1.,0.707106781186548,1.,
0.707106781186548,1.),(1.,0.707106781186548,1.,0.707106781186548,1.,0.707106781186548,
1.,0.707106781186548,1.),(1.,0.707106781186548,1.,0.707106781186548,1.,
0.707106781186548,1.,0.707106781186548,1.),(1.,0.707106781186548,1.,0.707106781186548,
1.,0.707106781186548,1.,0.707106781186548,1.)))
REPRESENTATION_ITEM('')
SURFACE()
);
#56=BREP_WITH_VOIDS('Nose Cone',#4111,(#48));
#57=SHAPE_REPRESENTATION_RELATIONSHIP('SRR','None',#12490,#64);
#58=SHAPE_REPRESENTATION_RELATIONSHIP('SRR','None',#12491,#65);
#59=SHAPE_REPRESENTATION_RELATIONSHIP('SRR','None',#12492,#66);
#60=SHAPE_REPRESENTATION_RELATIONSHIP('SRR','None',#12493,#67);
#61=SHAPE_REPRESENTATION_RELATIONSHIP('SRR','None',#12495,#68);
#62=SHAPE_REPRESENTATION_RELATIONSHIP('SRR','None',#12494,#69);
#63=SHAPE_REPRESENTATION_RELATIONSHIP('SRR','None',#12496,#70);
#64=ADVANCED_BREP_SHAPE_REPRESENTATION('',(#82),#12450);
#65=ADVANCED_BREP_SHAPE_REPRESENTATION('',(#83),#12451);
#66=ADVANCED_BREP_SHAPE_REPRESENTATION('',(#56),#12452);
#67=ADVANCED_BREP_SHAPE_REPRESENTATION('',(#84,#85,#86,#87),#12453);
#68=ADVANCED_BREP_SHAPE_REPRESENTATION('',(#88),#12455);
#69=ADVANCED_BREP_SHAPE_REPRESENTATION('',(#89),#12454);
#70=ADVANCED_BREP_SHAPE_REPRESENTATION('',(#90),#12456);
#71=STYLED_ITEM('',(#12540),#82);
#72=STYLED_ITEM('',(#12537),#83);
#73=STYLED_ITEM('',(#12538),#56);
#74=STYLED_ITEM('',(#12537),#84);
#75=STYLED_ITEM('',(#12537),#85);
#76=STYLED_ITEM('',(#12537),#86);
#77=STYLED_ITEM('',(#12537),#87);
#78=STYLED_ITEM('',(#12540),#88);
#79=STYLED_ITEM('',(#12540),#89);
#80=STYLED_ITEM('',(#12539),#90);
#81=STYLED_ITEM('',(#12541),#12);
#82=MANIFOLD_SOLID_BREP('Body1',#4109);
#83=MANIFOLD_SOLID_BREP('Body1',#4110);
#84=MANIFOLD_SOLID_BREP('Body1',#4113);
#85=MANIFOLD_SOLID_BREP('Body2',#4114);
#86=MANIFOLD_SOLID_BREP('Body3',#4115);
#87=MANIFOLD_SOLID_BREP('Body4',#4116);
#88=MANIFOLD_SOLID_BREP('Body1',#4117);
#89=MANIFOLD_SOLID_BREP('Body1',#4118);
#90=MANIFOLD_SOLID_BREP('Body1',#4119);
#91=FACE_BOUND('',#412,.T.);
#92=FACE_BOUND('',#414,.T.);
#93=FACE_BOUND('',#417,.T.);
#94=FACE_BOUND('',#419,.T.);
#95=FACE_BOUND('',#422,.T.);
#96=FACE_BOUND('',#424,.T.);
#97=FACE_BOUND('',#425,.T.);
#98=FACE_BOUND('',#426,.T.);
#99=FACE_BOUND('',#428,.T.);
#100=FACE_BOUND('',#429,.T.);
#101=FACE_BOUND('',#430,.T.);
#102=FACE_BOUND('',#449,.T.);
#103=FACE_BOUND('',#451,.T.);
#104=FACE_BOUND('',#452,.T.);
#105=FACE_BOUND('',#453,.T.);
#106=FACE_BOUND('',#455,.T.);
#107=FACE_BOUND('',#456,.T.);
#108=FACE_BOUND('',#457,.T.);
#109=FACE_BOUND('',#459,.T.);
#110=FACE_BOUND('',#461,.T.);
#111=FACE_BOUND('',#463,.T.);
#112=FACE_BOUND('',#468,.T.);
#113=FACE_BOUND('',#515,.T.);
#114=FACE_BOUND('',#532,.T.);
#115=FACE_BOUND('',#536,.T.);
#116=FACE_BOUND('',#538,.T.);
#117=FACE_BOUND('',#550,.T.);
#118=FACE_BOUND('',#567,.T.);
#119=FACE_BOUND('',#614,.T.);
#120=CYLINDRICAL_SURFACE('',#4226,14.5);
#121=CYLINDRICAL_SURFACE('',#4233,31.);
#122=CYLINDRICAL_SURFACE('',#4240,31.000000461936);
#123=CYLINDRICAL_SURFACE('',#4244,10.5);
#124=CYLINDRICAL_SURFACE('',#4245,14.5);
#125=CYLINDRICAL_SURFACE('',#4283,31.000000461936);
#126=CYLINDRICAL_SURFACE('',#4288,30.85);
#127=CYLINDRICAL_SURFACE('',#4290,32.4999992735684);
#128=CYLINDRICAL_SURFACE('',#4299,30.85);
#129=CYLINDRICAL_SURFACE('',#4304,29.25);
#130=CYLINDRICAL_SURFACE('',#4362,1.89999999999999);
#131=CYLINDRICAL_SURFACE('',#4376,0.96675);
#132=CYLINDRICAL_SURFACE('',#4380,1.);
#133=CYLINDRICAL_SURFACE('',#4382,2.);
#134=CYLINDRICAL_SURFACE('',#4386,32.5);
#135=CYLINDRICAL_SURFACE('',#4401,0.2);
#136=CYLINDRICAL_SURFACE('',#4404,0.2);
#137=CYLINDRICAL_SURFACE('',#4407,0.2);
#138=CYLINDRICAL_SURFACE('',#4410,0.2);
#139=CYLINDRICAL_SURFACE('',#4414,0.299999999999892);
#140=CYLINDRICAL_SURFACE('',#4417,0.300000000000008);
#141=CYLINDRICAL_SURFACE('',#4420,0.302777727018332);
#142=CYLINDRICAL_SURFACE('',#4426,0.299999999999996);
#143=CYLINDRICAL_SURFACE('',#4429,0.300000000000003);
#144=CYLINDRICAL_SURFACE('',#4432,0.299999999999999);
#145=CYLINDRICAL_SURFACE('',#4510,2.5);
#146=CYLINDRICAL_SURFACE('',#4542,1.);
#147=CYLINDRICAL_SURFACE('',#4543,1.);
#148=CYLINDRICAL_SURFACE('',#4544,1.);
#149=CYLINDRICAL_SURFACE('',#4545,1.);
#150=CYLINDRICAL_SURFACE('',#4546,0.5);
#151=CYLINDRICAL_SURFACE('',#4547,0.5);
#152=CYLINDRICAL_SURFACE('',#4548,0.5);
#153=CYLINDRICAL_SURFACE('',#4549,0.5);
#154=CYLINDRICAL_SURFACE('',#4550,0.5);
#155=CYLINDRICAL_SURFACE('',#4551,0.5);
#156=CYLINDRICAL_SURFACE('',#4552,0.5);
#157=CYLINDRICAL_SURFACE('',#4553,0.5);
#158=CYLINDRICAL_SURFACE('',#4554,0.5);
#159=CYLINDRICAL_SURFACE('',#4555,0.5);
#160=CYLINDRICAL_SURFACE('',#4556,0.5);
#161=CYLINDRICAL_SURFACE('',#4557,0.5);
#162=CYLINDRICAL_SURFACE('',#4558,0.5);
#163=CYLINDRICAL_SURFACE('',#4559,0.5);
#164=CYLINDRICAL_SURFACE('',#4560,0.5);
#165=CYLINDRICAL_SURFACE('',#4561,0.5);
#166=CYLINDRICAL_SURFACE('',#4562,0.5);
#167=CYLINDRICAL_SURFACE('',#4563,0.5);
#168=CYLINDRICAL_SURFACE('',#4564,0.5);
#169=CYLINDRICAL_SURFACE('',#4565,0.5);
#170=CYLINDRICAL_SURFACE('',#4566,0.5);
#171=CYLINDRICAL_SURFACE('',#4567,0.5);
#172=CYLINDRICAL_SURFACE('',#4568,0.5);
#173=CYLINDRICAL_SURFACE('',#4569,0.5);
#174=FACE_OUTER_BOUND('',#394,.T.);
#175=FACE_OUTER_BOUND('',#395,.T.);
#176=FACE_OUTER_BOUND('',#396,.T.);
#177=FACE_OUTER_BOUND('',#397,.T.);
#178=FACE_OUTER_BOUND('',#398,.T.);
#179=FACE_OUTER_BOUND('',#399,.T.);
#180=FACE_OUTER_BOUND('',#400,.T.);
#181=FACE_OUTER_BOUND('',#401,.T.);
#182=FACE_OUTER_BOUND('',#402,.T.);
#183=FACE_OUTER_BOUND('',#403,.T.);
#184=FACE_OUTER_BOUND('',#404,.T.);
#185=FACE_OUTER_BOUND('',#405,.T.);
#186=FACE_OUTER_BOUND('',#406,.T.);
#187=FACE_OUTER_BOUND('',#407,.T.);
#188=FACE_OUTER_BOUND('',#408,.T.);
#189=FACE_OUTER_BOUND('',#409,.T.);
#190=FACE_OUTER_BOUND('',#410,.T.);
#191=FACE_OUTER_BOUND('',#411,.T.);
#192=FACE_OUTER_BOUND('',#413,.T.);
#193=FACE_OUTER_BOUND('',#415,.T.);
#194=FACE_OUTER_BOUND('',#416,.T.);
#195=FACE_OUTER_BOUND('',#418,.T.);
#196=FACE_OUTER_BOUND('',#420,.T.);
#197=FACE_OUTER_BOUND('',#421,.T.);
#198=FACE_OUTER_BOUND('',#423,.T.);
#199=FACE_OUTER_BOUND('',#427,.T.);
#200=FACE_OUTER_BOUND('',#431,.T.);
#201=FACE_OUTER_BOUND('',#432,.T.);
#202=FACE_OUTER_BOUND('',#433,.T.);
#203=FACE_OUTER_BOUND('',#434,.T.);
#204=FACE_OUTER_BOUND('',#435,.T.);
#205=FACE_OUTER_BOUND('',#436,.T.);
#206=FACE_OUTER_BOUND('',#437,.T.);
#207=FACE_OUTER_BOUND('',#438,.T.);
#208=FACE_OUTER_BOUND('',#439,.T.);
#209=FACE_OUTER_BOUND('',#440,.T.);
#210=FACE_OUTER_BOUND('',#441,.T.);
#211=FACE_OUTER_BOUND('',#442,.T.);
#212=FACE_OUTER_BOUND('',#443,.T.);
#213=FACE_OUTER_BOUND('',#444,.T.);
#214=FACE_OUTER_BOUND('',#445,.T.);
#215=FACE_OUTER_BOUND('',#446,.T.);
#216=FACE_OUTER_BOUND('',#447,.T.);
#217=FACE_OUTER_BOUND('',#448,.T.);
#218=FACE_OUTER_BOUND('',#450,.T.);
#219=FACE_OUTER_BOUND('',#454,.T.);
#220=FACE_OUTER_BOUND('',#458,.T.);
#221=FACE_OUTER_BOUND('',#460,.T.);
#222=FACE_OUTER_BOUND('',#462,.T.);
#223=FACE_OUTER_BOUND('',#464,.T.);
#224=FACE_OUTER_BOUND('',#465,.T.);
#225=FACE_OUTER_BOUND('',#466,.T.);
#226=FACE_OUTER_BOUND('',#467,.T.);
#227=FACE_OUTER_BOUND('',#469,.T.);
#228=FACE_OUTER_BOUND('',#470,.T.);
#229=FACE_OUTER_BOUND('',#471,.T.);
#230=FACE_OUTER_BOUND('',#472,.T.);
#231=FACE_OUTER_BOUND('',#473,.T.);
#232=FACE_OUTER_BOUND('',#474,.T.);
#233=FACE_OUTER_BOUND('',#475,.T.);
#234=FACE_OUTER_BOUND('',#476,.T.);
#235=FACE_OUTER_BOUND('',#477,.T.);
#236=FACE_OUTER_BOUND('',#478,.T.);
#237=FACE_OUTER_BOUND('',#479,.T.);
#238=FACE_OUTER_BOUND('',#480,.T.);
#239=FACE_OUTER_BOUND('',#481,.T.);
#240=FACE_OUTER_BOUND('',#482,.T.);
#241=FACE_OUTER_BOUND('',#483,.T.);
#242=FACE_OUTER_BOUND('',#484,.T.);
#243=FACE_OUTER_BOUND('',#485,.T.);
#244=FACE_OUTER_BOUND('',#486,.T.);
#245=FACE_OUTER_BOUND('',#487,.T.);
#246=FACE_OUTER_BOUND('',#488,.T.);
#247=FACE_OUTER_BOUND('',#489,.T.);
#248=FACE_OUTER_BOUND('',#490,.T.);
#249=FACE_OUTER_BOUND('',#491,.T.);
#250=FACE_OUTER_BOUND('',#492,.T.);
#251=FACE_OUTER_BOUND('',#493,.T.);
#252=FACE_OUTER_BOUND('',#494,.T.);
#253=FACE_OUTER_BOUND('',#495,.T.);
#254=FACE_OUTER_BOUND('',#496,.T.);
#255=FACE_OUTER_BOUND('',#497,.T.);
#256=FACE_OUTER_BOUND('',#498,.T.);
#257=FACE_OUTER_BOUND('',#499,.T.);
#258=FACE_OUTER_BOUND('',#500,.T.);
#259=FACE_OUTER_BOUND('',#501,.T.);
#260=FACE_OUTER_BOUND('',#502,.T.);
#261=FACE_OUTER_BOUND('',#503,.T.);
#262=FACE_OUTER_BOUND('',#504,.T.);
#263=FACE_OUTER_BOUND('',#505,.T.);
#264=FACE_OUTER_BOUND('',#506,.T.);
#265=FACE_OUTER_BOUND('',#507,.T.);
#266=FACE_OUTER_BOUND('',#508,.T.);
#267=FACE_OUTER_BOUND('',#509,.T.);
#268=FACE_OUTER_BOUND('',#510,.T.);
#269=FACE_OUTER_BOUND('',#511,.T.);
#270=FACE_OUTER_BOUND('',#512,.T.);
#271=FACE_OUTER_BOUND('',#513,.T.);
#272=FACE_OUTER_BOUND('',#514,.T.);
#273=FACE_OUTER_BOUND('',#516,.T.);
#274=FACE_OUTER_BOUND('',#517,.T.);
#275=FACE_OUTER_BOUND('',#518,.T.);
#276=FACE_OUTER_BOUND('',#519,.T.);
#277=FACE_OUTER_BOUND('',#520,.T.);
#278=FACE_OUTER_BOUND('',#521,.T.);
#279=FACE_OUTER_BOUND('',#522,.T.);
#280=FACE_OUTER_BOUND('',#523,.T.);
#281=FACE_OUTER_BOUND('',#524,.T.);
#282=FACE_OUTER_BOUND('',#525,.T.);
#283=FACE_OUTER_BOUND('',#526,.T.);
#284=FACE_OUTER_BOUND('',#527,.T.);
#285=FACE_OUTER_BOUND('',#528,.T.);
#286=FACE_OUTER_BOUND('',#529,.T.);
#287=FACE_OUTER_BOUND('',#530,.T.);
#288=FACE_OUTER_BOUND('',#531,.T.);
#289=FACE_OUTER_BOUND('',#533,.T.);
#290=FACE_OUTER_BOUND('',#534,.T.);
#291=FACE_OUTER_BOUND('',#535,.T.);
#292=FACE_OUTER_BOUND('',#537,.T.);
#293=FACE_OUTER_BOUND('',#539,.T.);
#294=FACE_OUTER_BOUND('',#540,.T.);
#295=FACE_OUTER_BOUND('',#541,.T.);
#296=FACE_OUTER_BOUND('',#542,.T.);
#297=FACE_OUTER_BOUND('',#543,.T.);
#298=FACE_OUTER_BOUND('',#544,.T.);
#299=FACE_OUTER_BOUND('',#545,.T.);
#300=FACE_OUTER_BOUND('',#546,.T.);
#301=FACE_OUTER_BOUND('',#547,.T.);
#302=FACE_OUTER_BOUND('',#548,.T.);
#303=FACE_OUTER_BOUND('',#549,.T.);
#304=FACE_OUTER_BOUND('',#551,.T.);
#305=FACE_OUTER_BOUND('',#552,.T.);
#306=FACE_OUTER_BOUND('',#553,.T.);
#307=FACE_OUTER_BOUND('',#554,.T.);
#308=FACE_OUTER_BOUND('',#555,.T.);
#309=FACE_OUTER_BOUND('',#556,.T.);
#310=FACE_OUTER_BOUND('',#557,.T.);
#311=FACE_OUTER_BOUND('',#558,.T.);
#312=FACE_OUTER_BOUND('',#559,.T.);
#313=FACE_OUTER_BOUND('',#560,.T.);
#314=FACE_OUTER_BOUND('',#561,.T.);
#315=FACE_OUTER_BOUND('',#562,.T.);
#316=FACE_OUTER_BOUND('',#563,.T.);
#317=FACE_OUTER_BOUND('',#564,.T.);
#318=FACE_OUTER_BOUND('',#565,.T.);
#319=FACE_OUTER_BOUND('',#566,.T.);
#320=FACE_OUTER_BOUND('',#568,.T.);
#321=FACE_OUTER_BOUND('',#569,.T.);
#322=FACE_OUTER_BOUND('',#570,.T.);
#323=FACE_OUTER_BOUND('',#571,.T.);
#324=FACE_OUTER_BOUND('',#572,.T.);
#325=FACE_OUTER_BOUND('',#573,.T.);
#326=FACE_OUTER_BOUND('',#574,.T.);
#327=FACE_OUTER_BOUND('',#575,.T.);
#328=FACE_OUTER_BOUND('',#576,.T.);
#329=FACE_OUTER_BOUND('',#577,.T.);
#330=FACE_OUTER_BOUND('',#578,.T.);
#331=FACE_OUTER_BOUND('',#579,.T.);
#332=FACE_OUTER_BOUND('',#580,.T.);
#333=FACE_OUTER_BOUND('',#581,.T.);
#334=FACE_OUTER_BOUND('',#582,.T.);
#335=FACE_OUTER_BOUND('',#583,.T.);
#336=FACE_OUTER_BOUND('',#584,.T.);
#337=FACE_OUTER_BOUND('',#585,.T.);
#338=FACE_OUTER_BOUND('',#586,.T.);
#339=FACE_OUTER_BOUND('',#587,.T.);
#340=FACE_OUTER_BOUND('',#588,.T.);
#341=FACE_OUTER_BOUND('',#589,.T.);
#342=FACE_OUTER_BOUND('',#590,.T.);
#343=FACE_OUTER_BOUND('',#591,.T.);
#344=FACE_OUTER_BOUND('',#592,.T.);
#345=FACE_OUTER_BOUND('',#593,.T.);
#346=FACE_OUTER_BOUND('',#594,.T.);
#347=FACE_OUTER_BOUND('',#595,.T.);
#348=FACE_OUTER_BOUND('',#596,.T.);
#349=FACE_OUTER_BOUND('',#597,.T.);
#350=FACE_OUTER_BOUND('',#598,.T.);
#351=FACE_OUTER_BOUND('',#599,.T.);
#352=FACE_OUTER_BOUND('',#600,.T.);
#353=FACE_OUTER_BOUND('',#601,.T.);
#354=FACE_OUTER_BOUND('',#602,.T.);
#355=FACE_OUTER_BOUND('',#603,.T.);
#356=FACE_OUTER_BOUND('',#604,.T.);
#357=FACE_OUTER_BOUND('',#605,.T.);
#358=FACE_OUTER_BOUND('',#606,.T.);
#359=FACE_OUTER_BOUND('',#607,.T.);
#360=FACE_OUTER_BOUND('',#608,.T.);
#361=FACE_OUTER_BOUND('',#609,.T.);
#362=FACE_OUTER_BOUND('',#610,.T.);
#363=FACE_OUTER_BOUND('',#611,.T.);
#364=FACE_OUTER_BOUND('',#612,.T.);
#365=FACE_OUTER_BOUND('',#613,.T.);
#366=FACE_OUTER_BOUND('',#615,.T.);
#367=FACE_OUTER_BOUND('',#616,.T.);
#368=FACE_OUTER_BOUND('',#617,.T.);
#369=FACE_OUTER_BOUND('',#618,.T.);
#370=FACE_OUTER_BOUND('',#619,.T.);
#371=FACE_OUTER_BOUND('',#620,.T.);
#372=FACE_OUTER_BOUND('',#621,.T.);
#373=FACE_OUTER_BOUND('',#622,.T.);
#374=FACE_OUTER_BOUND('',#623,.T.);
#375=FACE_OUTER_BOUND('',#624,.T.);
#376=FACE_OUTER_BOUND('',#625,.T.);
#377=FACE_OUTER_BOUND('',#626,.T.);
#378=FACE_OUTER_BOUND('',#627,.T.);
#379=FACE_OUTER_BOUND('',#628,.T.);
#380=FACE_OUTER_BOUND('',#629,.T.);
#381=FACE_OUTER_BOUND('',#630,.T.);
#382=FACE_OUTER_BOUND('',#631,.T.);
#383=FACE_OUTER_BOUND('',#632,.T.);
#384=FACE_OUTER_BOUND('',#633,.T.);
#385=FACE_OUTER_BOUND('',#634,.T.);
#386=FACE_OUTER_BOUND('',#635,.T.);
#387=FACE_OUTER_BOUND('',#636,.T.);
#388=FACE_OUTER_BOUND('',#637,.T.);
#389=FACE_OUTER_BOUND('',#638,.T.);
#390=FACE_OUTER_BOUND('',#639,.T.);
#391=FACE_OUTER_BOUND('',#640,.T.);
#392=FACE_OUTER_BOUND('',#641,.T.);
#393=FACE_OUTER_BOUND('',#642,.T.);
#394=EDGE_LOOP('',(#2581,#2582,#2583,#2584,#2585,#2586));
#395=EDGE_LOOP('',(#2587,#2588,#2589,#2590));
#396=EDGE_LOOP('',(#2591,#2592,#2593,#2594));
#397=EDGE_LOOP('',(#2595,#2596,#2597,#2598));
#398=EDGE_LOOP('',(#2599,#2600,#2601,#2602));
#399=EDGE_LOOP('',(#2603,#2604,#2605,#2606,#2607,#2608));
#400=EDGE_LOOP('',(#2609,#2610,#2611,#2612));
#401=EDGE_LOOP('',(#2613,#2614,#2615,#2616));
#402=EDGE_LOOP('',(#2617,#2618,#2619,#2620));
#403=EDGE_LOOP('',(#2621,#2622,#2623,#2624));
#404=EDGE_LOOP('',(#2625,#2626,#2627,#2628));
#405=EDGE_LOOP('',(#2629,#2630,#2631,#2632));
#406=EDGE_LOOP('',(#2633,#2634,#2635,#2636));
#407=EDGE_LOOP('',(#2637,#2638,#2639,#2640));
#408=EDGE_LOOP('',(#2641,#2642,#2643,#2644));
#409=EDGE_LOOP('',(#2645,#2646,#2647,#2648));
#410=EDGE_LOOP('',(#2649,#2650,#2651,#2652));
#411=EDGE_LOOP('',(#2653));
#412=EDGE_LOOP('',(#2654));
#413=EDGE_LOOP('',(#2655));
#414=EDGE_LOOP('',(#2656));
#415=EDGE_LOOP('',(#2657,#2658,#2659,#2660));
#416=EDGE_LOOP('',(#2661));
#417=EDGE_LOOP('',(#2662));
#418=EDGE_LOOP('',(#2663));
#419=EDGE_LOOP('',(#2664));
#420=EDGE_LOOP('',(#2665,#2666,#2667,#2668));
#421=EDGE_LOOP('',(#2669));
#422=EDGE_LOOP('',(#2670));
#423=EDGE_LOOP('',(#2671,#2672,#2673,#2674,#2675,#2676,#2677,#2678,#2679,
#2680,#2681,#2682));
#424=EDGE_LOOP('',(#2683,#2684,#2685,#2686));
#425=EDGE_LOOP('',(#2687,#2688,#2689,#2690));
#426=EDGE_LOOP('',(#2691,#2692,#2693,#2694));
#427=EDGE_LOOP('',(#2695,#2696,#2697,#2698,#2699,#2700,#2701,#2702,#2703,
#2704,#2705,#2706));
#428=EDGE_LOOP('',(#2707,#2708,#2709,#2710));
#429=EDGE_LOOP('',(#2711,#2712,#2713,#2714));
#430=EDGE_LOOP('',(#2715,#2716,#2717,#2718));
#431=EDGE_LOOP('',(#2719,#2720,#2721,#2722));
#432=EDGE_LOOP('',(#2723,#2724,#2725,#2726));
#433=EDGE_LOOP('',(#2727,#2728,#2729,#2730,#2731,#2732));
#434=EDGE_LOOP('',(#2733,#2734,#2735,#2736));
#435=EDGE_LOOP('',(#2737,#2738,#2739,#2740,#2741,#2742));
#436=EDGE_LOOP('',(#2743,#2744,#2745,#2746));
#437=EDGE_LOOP('',(#2747,#2748,#2749,#2750));
#438=EDGE_LOOP('',(#2751,#2752,#2753,#2754));
#439=EDGE_LOOP('',(#2755,#2756,#2757,#2758));
#440=EDGE_LOOP('',(#2759,#2760,#2761,#2762));
#441=EDGE_LOOP('',(#2763,#2764,#2765,#2766));
#442=EDGE_LOOP('',(#2767,#2768,#2769,#2770));
#443=EDGE_LOOP('',(#2771,#2772,#2773,#2774));
#444=EDGE_LOOP('',(#2775,#2776,#2777,#2778));
#445=EDGE_LOOP('',(#2779,#2780,#2781,#2782));
#446=EDGE_LOOP('',(#2783,#2784,#2785,#2786));
#447=EDGE_LOOP('',(#2787,#2788,#2789,#2790));
#448=EDGE_LOOP('',(#2791));
#449=EDGE_LOOP('',(#2792));
#450=EDGE_LOOP('',(#2793,#2794,#2795,#2796,#2797,#2798,#2799,#2800,#2801,
#2802,#2803,#2804));
#451=EDGE_LOOP('',(#2805,#2806,#2807,#2808));
#452=EDGE_LOOP('',(#2809,#2810,#2811,#2812));
#453=EDGE_LOOP('',(#2813,#2814,#2815,#2816));
#454=EDGE_LOOP('',(#2817,#2818,#2819,#2820,#2821,#2822,#2823,#2824,#2825,
#2826,#2827,#2828));
#455=EDGE_LOOP('',(#2829,#2830,#2831,#2832));
#456=EDGE_LOOP('',(#2833,#2834,#2835,#2836));
#457=EDGE_LOOP('',(#2837,#2838,#2839,#2840));
#458=EDGE_LOOP('',(#2841));
#459=EDGE_LOOP('',(#2842));
#460=EDGE_LOOP('',(#2843));
#461=EDGE_LOOP('',(#2844));
#462=EDGE_LOOP('',(#2845));
#463=EDGE_LOOP('',(#2846));
#464=EDGE_LOOP('',(#2847,#2848,#2849));
#465=EDGE_LOOP('',(#2850,#2851,#2852,#2853));
#466=EDGE_LOOP('',(#2854));
#467=EDGE_LOOP('',(#2855));
#468=EDGE_LOOP('',(#2856));
#469=EDGE_LOOP('',(#2857,#2858,#2859));
#470=EDGE_LOOP('',(#2860,#2861,#2862,#2863));
#471=EDGE_LOOP('',(#2864));
#472=EDGE_LOOP('',(#2865,#2866,#2867,#2868,#2869,#2870,#2871,#2872));
#473=EDGE_LOOP('',(#2873,#2874,#2875,#2876));
#474=EDGE_LOOP('',(#2877,#2878,#2879,#2880));
#475=EDGE_LOOP('',(#2881,#2882,#2883,#2884));
#476=EDGE_LOOP('',(#2885,#2886,#2887,#2888));
#477=EDGE_LOOP('',(#2889,#2890,#2891,#2892));
#478=EDGE_LOOP('',(#2893,#2894,#2895,#2896));
#479=EDGE_LOOP('',(#2897,#2898,#2899,#2900));
#480=EDGE_LOOP('',(#2901,#2902,#2903,#2904));
#481=EDGE_LOOP('',(#2905,#2906,#2907,#2908,#2909,#2910,#2911,#2912));
#482=EDGE_LOOP('',(#2913,#2914,#2915,#2916,#2917,#2918,#2919,#2920));
#483=EDGE_LOOP('',(#2921,#2922,#2923,#2924));
#484=EDGE_LOOP('',(#2925,#2926,#2927,#2928));
#485=EDGE_LOOP('',(#2929,#2930,#2931,#2932));
#486=EDGE_LOOP('',(#2933,#2934,#2935,#2936));
#487=EDGE_LOOP('',(#2937,#2938,#2939,#2940));
#488=EDGE_LOOP('',(#2941,#2942,#2943,#2944));
#489=EDGE_LOOP('',(#2945,#2946,#2947,#2948));
#490=EDGE_LOOP('',(#2949,#2950,#2951,#2952));
#491=EDGE_LOOP('',(#2953,#2954,#2955,#2956,#2957,#2958,#2959,#2960));
#492=EDGE_LOOP('',(#2961,#2962,#2963,#2964,#2965,#2966,#2967,#2968));
#493=EDGE_LOOP('',(#2969,#2970,#2971,#2972));
#494=EDGE_LOOP('',(#2973,#2974,#2975,#2976));
#495=EDGE_LOOP('',(#2977,#2978,#2979,#2980));
#496=EDGE_LOOP('',(#2981,#2982,#2983,#2984));
#497=EDGE_LOOP('',(#2985,#2986,#2987,#2988));
#498=EDGE_LOOP('',(#2989,#2990,#2991,#2992));
#499=EDGE_LOOP('',(#2993,#2994,#2995,#2996));
#500=EDGE_LOOP('',(#2997,#2998,#2999,#3000));
#501=EDGE_LOOP('',(#3001,#3002,#3003,#3004,#3005,#3006,#3007,#3008));
#502=EDGE_LOOP('',(#3009,#3010,#3011,#3012,#3013,#3014,#3015,#3016));
#503=EDGE_LOOP('',(#3017,#3018,#3019,#3020));
#504=EDGE_LOOP('',(#3021,#3022,#3023,#3024));
#505=EDGE_LOOP('',(#3025,#3026,#3027,#3028));
#506=EDGE_LOOP('',(#3029,#3030,#3031,#3032));
#507=EDGE_LOOP('',(#3033,#3034,#3035,#3036));
#508=EDGE_LOOP('',(#3037,#3038,#3039,#3040));
#509=EDGE_LOOP('',(#3041,#3042,#3043,#3044));
#510=EDGE_LOOP('',(#3045,#3046,#3047,#3048));
#511=EDGE_LOOP('',(#3049,#3050,#3051,#3052,#3053,#3054,#3055,#3056));
#512=EDGE_LOOP('',(#3057,#3058,#3059,#3060));
#513=EDGE_LOOP('',(#3061,#3062,#3063,#3064));
#514=EDGE_LOOP('',(#3065));
#515=EDGE_LOOP('',(#3066,#3067,#3068,#3069,#3070,#3071));
#516=EDGE_LOOP('',(#3072,#3073,#3074,#3075));
#517=EDGE_LOOP('',(#3076,#3077,#3078));
#518=EDGE_LOOP('',(#3079,#3080,#3081));
#519=EDGE_LOOP('',(#3082,#3083,#3084));
#520=EDGE_LOOP('',(#3085,#3086,#3087));
#521=EDGE_LOOP('',(#3088,#3089,#3090));
#522=EDGE_LOOP('',(#3091,#3092,#3093));
#523=EDGE_LOOP('',(#3094,#3095,#3096,#3097));
#524=EDGE_LOOP('',(#3098,#3099,#3100,#3101));
#525=EDGE_LOOP('',(#3102,#3103,#3104,#3105));
#526=EDGE_LOOP('',(#3106,#3107,#3108,#3109));
#527=EDGE_LOOP('',(#3110,#3111,#3112,#3113));
#528=EDGE_LOOP('',(#3114,#3115,#3116,#3117));
#529=EDGE_LOOP('',(#3118,#3119,#3120,#3121));
#530=EDGE_LOOP('',(#3122));
#531=EDGE_LOOP('',(#3123));
#532=EDGE_LOOP('',(#3124));
#533=EDGE_LOOP('',(#3125,#3126,#3127,#3128,#3129));
#534=EDGE_LOOP('',(#3130,#3131,#3132,#3133));
#535=EDGE_LOOP('',(#3134));
#536=EDGE_LOOP('',(#3135));
#537=EDGE_LOOP('',(#3136,#3137,#3138,#3139));
#538=EDGE_LOOP('',(#3140,#3141));
#539=EDGE_LOOP('',(#3142,#3143,#3144,#3145));
#540=EDGE_LOOP('',(#3146,#3147,#3148,#3149,#3150,#3151,#3152,#3153,#3154,
#3155,#3156,#3157,#3158,#3159,#3160,#3161,#3162,#3163,#3164,#3165,#3166,
#3167,#3168,#3169,#3170));
#541=EDGE_LOOP('',(#3171,#3172,#3173,#3174));
#542=EDGE_LOOP('',(#3175,#3176,#3177,#3178));
#543=EDGE_LOOP('',(#3179,#3180,#3181,#3182));
#544=EDGE_LOOP('',(#3183,#3184,#3185,#3186));
#545=EDGE_LOOP('',(#3187,#3188,#3189,#3190));
#546=EDGE_LOOP('',(#3191,#3192,#3193,#3194));
#547=EDGE_LOOP('',(#3195,#3196,#3197,#3198));
#548=EDGE_LOOP('',(#3199,#3200,#3201,#3202));
#549=EDGE_LOOP('',(#3203,#3204,#3205,#3206));
#550=EDGE_LOOP('',(#3207));
#551=EDGE_LOOP('',(#3208,#3209,#3210,#3211));
#552=EDGE_LOOP('',(#3212,#3213,#3214,#3215));
#553=EDGE_LOOP('',(#3216,#3217,#3218,#3219));
#554=EDGE_LOOP('',(#3220,#3221,#3222,#3223));
#555=EDGE_LOOP('',(#3224,#3225,#3226,#3227));
#556=EDGE_LOOP('',(#3228,#3229,#3230,#3231));
#557=EDGE_LOOP('',(#3232,#3233,#3234,#3235));
#558=EDGE_LOOP('',(#3236,#3237,#3238,#3239));
#559=EDGE_LOOP('',(#3240,#3241,#3242,#3243));
#560=EDGE_LOOP('',(#3244,#3245,#3246,#3247));
#561=EDGE_LOOP('',(#3248,#3249,#3250,#3251));
#562=EDGE_LOOP('',(#3252,#3253,#3254,#3255));
#563=EDGE_LOOP('',(#3256,#3257,#3258,#3259));
#564=EDGE_LOOP('',(#3260,#3261,#3262,#3263));
#565=EDGE_LOOP('',(#3264,#3265,#3266,#3267,#3268,#3269,#3270,#3271,#3272,
#3273,#3274,#3275,#3276,#3277,#3278,#3279,#3280,#3281,#3282,#3283,#3284,
#3285,#3286,#3287,#3288));
#566=EDGE_LOOP('',(#3289,#3290,#3291,#3292,#3293,#3294,#3295,#3296,#3297,
#3298,#3299,#3300,#3301,#3302,#3303,#3304,#3305,#3306,#3307,#3308,#3309,
#3310,#3311,#3312,#3313,#3314,#3315,#3316,#3317,#3318,#3319,#3320,#3321,
#3322,#3323,#3324,#3325,#3326,#3327,#3328,#3329,#3330,#3331,#3332,#3333,
#3334,#3335,#3336,#3337,#3338,#3339,#3340,#3341,#3342,#3343,#3344,#3345,
#3346,#3347,#3348,#3349,#3350,#3351,#3352,#3353,#3354,#3355,#3356,#3357,
#3358,#3359,#3360));
#567=EDGE_LOOP('',(#3361));
#568=EDGE_LOOP('',(#3362,#3363,#3364,#3365));
#569=EDGE_LOOP('',(#3366,#3367,#3368,#3369));
#570=EDGE_LOOP('',(#3370,#3371,#3372,#3373));
#571=EDGE_LOOP('',(#3374,#3375,#3376,#3377));
#572=EDGE_LOOP('',(#3378,#3379,#3380,#3381));
#573=EDGE_LOOP('',(#3382,#3383,#3384,#3385));
#574=EDGE_LOOP('',(#3386,#3387,#3388,#3389));
#575=EDGE_LOOP('',(#3390,#3391,#3392,#3393));
#576=EDGE_LOOP('',(#3394,#3395,#3396,#3397));
#577=EDGE_LOOP('',(#3398,#3399,#3400,#3401));
#578=EDGE_LOOP('',(#3402,#3403,#3404,#3405));
#579=EDGE_LOOP('',(#3406,#3407,#3408,#3409));
#580=EDGE_LOOP('',(#3410,#3411,#3412,#3413));
#581=EDGE_LOOP('',(#3414,#3415,#3416,#3417));
#582=EDGE_LOOP('',(#3418,#3419,#3420,#3421));
#583=EDGE_LOOP('',(#3422,#3423,#3424,#3425));
#584=EDGE_LOOP('',(#3426,#3427,#3428,#3429));
#585=EDGE_LOOP('',(#3430,#3431,#3432,#3433));
#586=EDGE_LOOP('',(#3434,#3435,#3436,#3437));
#587=EDGE_LOOP('',(#3438,#3439,#3440,#3441));
#588=EDGE_LOOP('',(#3442,#3443,#3444,#3445));
#589=EDGE_LOOP('',(#3446,#3447,#3448,#3449));
#590=EDGE_LOOP('',(#3450,#3451,#3452,#3453));
#591=EDGE_LOOP('',(#3454,#3455,#3456,#3457));
#592=EDGE_LOOP('',(#3458,#3459,#3460,#3461));
#593=EDGE_LOOP('',(#3462,#3463,#3464,#3465));
#594=EDGE_LOOP('',(#3466,#3467,#3468,#3469));
#595=EDGE_LOOP('',(#3470,#3471,#3472,#3473));
#596=EDGE_LOOP('',(#3474,#3475,#3476,#3477));
#597=EDGE_LOOP('',(#3478,#3479,#3480,#3481));
#598=EDGE_LOOP('',(#3482,#3483,#3484,#3485));
#599=EDGE_LOOP('',(#3486,#3487,#3488,#3489));
#600=EDGE_LOOP('',(#3490,#3491,#3492,#3493));
#601=EDGE_LOOP('',(#3494,#3495,#3496,#3497));
#602=EDGE_LOOP('',(#3498,#3499,#3500,#3501));
#603=EDGE_LOOP('',(#3502,#3503,#3504,#3505));
#604=EDGE_LOOP('',(#3506,#3507,#3508,#3509));
#605=EDGE_LOOP('',(#3510,#3511,#3512,#3513));
#606=EDGE_LOOP('',(#3514,#3515,#3516,#3517));
#607=EDGE_LOOP('',(#3518,#3519,#3520,#3521));
#608=EDGE_LOOP('',(#3522,#3523,#3524,#3525));
#609=EDGE_LOOP('',(#3526,#3527,#3528,#3529));
#610=EDGE_LOOP('',(#3530,#3531,#3532,#3533));
#611=EDGE_LOOP('',(#3534,#3535,#3536,#3537));
#612=EDGE_LOOP('',(#3538,#3539,#3540,#3541));
#613=EDGE_LOOP('',(#3542,#3543,#3544,#3545,#3546,#3547,#3548,#3549,#3550,
#3551,#3552,#3553,#3554,#3555,#3556,#3557,#3558,#3559,#3560,#3561,#3562,
#3563,#3564,#3565,#3566,#3567,#3568,#3569,#3570,#3571,#3572,#3573,#3574,
#3575,#3576,#3577,#3578,#3579,#3580,#3581,#3582,#3583,#3584,#3585,#3586,
#3587,#3588,#3589,#3590,#3591,#3592,#3593,#3594,#3595,#3596,#3597,#3598,
#3599,#3600,#3601,#3602,#3603,#3604,#3605,#3606,#3607,#3608,#3609,#3610,
#3611,#3612,#3613));
#614=EDGE_LOOP('',(#3614));
#615=EDGE_LOOP('',(#3615,#3616,#3617,#3618));
#616=EDGE_LOOP('',(#3619,#3620,#3621,#3622));
#617=EDGE_LOOP('',(#3623,#3624,#3625,#3626));
#618=EDGE_LOOP('',(#3627,#3628,#3629,#3630));
#619=EDGE_LOOP('',(#3631,#3632,#3633,#3634));
#620=EDGE_LOOP('',(#3635,#3636,#3637,#3638));
#621=EDGE_LOOP('',(#3639,#3640,#3641,#3642));
#622=EDGE_LOOP('',(#3643,#3644,#3645,#3646));
#623=EDGE_LOOP('',(#3647,#3648,#3649,#3650));
#624=EDGE_LOOP('',(#3651,#3652,#3653,#3654));
#625=EDGE_LOOP('',(#3655,#3656,#3657,#3658));
#626=EDGE_LOOP('',(#3659,#3660,#3661,#3662));
#627=EDGE_LOOP('',(#3663,#3664,#3665,#3666));
#628=EDGE_LOOP('',(#3667,#3668,#3669,#3670));
#629=EDGE_LOOP('',(#3671,#3672,#3673,#3674));
#630=EDGE_LOOP('',(#3675,#3676,#3677,#3678));
#631=EDGE_LOOP('',(#3679,#3680,#3681,#3682));
#632=EDGE_LOOP('',(#3683,#3684,#3685,#3686));
#633=EDGE_LOOP('',(#3687,#3688,#3689,#3690));
#634=EDGE_LOOP('',(#3691,#3692,#3693,#3694));
#635=EDGE_LOOP('',(#3695,#3696,#3697,#3698));
#636=EDGE_LOOP('',(#3699,#3700,#3701,#3702));
#637=EDGE_LOOP('',(#3703,#3704,#3705,#3706));
#638=EDGE_LOOP('',(#3707,#3708,#3709,#3710));
#639=EDGE_LOOP('',(#3711,#3712,#3713,#3714));
#640=EDGE_LOOP('',(#3715,#3716,#3717,#3718));
#641=EDGE_LOOP('',(#3719,#3720,#3721,#3722));
#642=EDGE_LOOP('',(#3723,#3724,#3725,#3726));
#643=LINE('',#5773,#1060);
#644=LINE('',#5779,#1061);
#645=LINE('',#5786,#1062);
#646=LINE('',#5789,#1063);
#647=LINE('',#5792,#1064);
#648=LINE('',#5794,#1065);
#649=LINE('',#5795,#1066);
#650=LINE('',#5798,#1067);
#651=LINE('',#5800,#1068);
#652=LINE('',#5801,#1069);
#653=LINE('',#5804,#1070);
#654=LINE('',#5806,#1071);
#655=LINE('',#5807,#1072);
#656=LINE('',#5820,#1073);
#657=LINE('',#5822,#1074);
#658=LINE('',#5823,#1075);
#659=LINE('',#5829,#1076);
#660=LINE('',#5832,#1077);
#661=LINE('',#5838,#1078);
#662=LINE('',#5841,#1079);
#663=LINE('',#5844,#1080);
#664=LINE('',#5846,#1081);
#665=LINE('',#5847,#1082);
#666=LINE('',#5850,#1083);
#667=LINE('',#5852,#1084);
#668=LINE('',#5853,#1085);
#669=LINE('',#5856,#1086);
#670=LINE('',#5858,#1087);
#671=LINE('',#5859,#1088);
#672=LINE('',#5868,#1089);
#673=LINE('',#5870,#1090);
#674=LINE('',#5871,#1091);
#675=LINE('',#5876,#1092);
#676=LINE('',#5887,#1093);
#677=LINE('',#5899,#1094);
#678=LINE('',#5904,#1095);
#679=LINE('',#5905,#1096);
#680=LINE('',#5907,#1097);
#681=LINE('',#5908,#1098);
#682=LINE('',#5913,#1099);
#683=LINE('',#5915,#1100);
#684=LINE('',#5917,#1101);
#685=LINE('',#5918,#1102);
#686=LINE('',#5922,#1103);
#687=LINE('',#5924,#1104);
#688=LINE('',#5926,#1105);
#689=LINE('',#5927,#1106);
#690=LINE('',#5933,#1107);
#691=LINE('',#5940,#1108);
#692=LINE('',#5942,#1109);
#693=LINE('',#5943,#1110);
#694=LINE('',#5955,#1111);
#695=LINE('',#5962,#1112);
#696=LINE('',#5964,#1113);
#697=LINE('',#5965,#1114);
#698=LINE('',#5969,#1115);
#699=LINE('',#5971,#1116);
#700=LINE('',#5973,#1117);
#701=LINE('',#5974,#1118);
#702=LINE('',#5978,#1119);
#703=LINE('',#5980,#1120);
#704=LINE('',#5982,#1121);
#705=LINE('',#5983,#1122);
#706=LINE('',#5988,#1123);
#707=LINE('',#5992,#1124);
#708=LINE('',#5994,#1125);
#709=LINE('',#5995,#1126);
#710=LINE('',#6003,#1127);
#711=LINE('',#6010,#1128);
#712=LINE('',#6012,#1129);
#713=LINE('',#6013,#1130);
#714=LINE('',#6018,#1131);
#715=LINE('',#6024,#1132);
#716=LINE('',#6026,#1133);
#717=LINE('',#6031,#1134);
#718=LINE('',#6033,#1135);
#719=LINE('',#11096,#1136);
#720=LINE('',#11510,#1137);
#721=LINE('',#11516,#1138);
#722=LINE('',#11518,#1139);
#723=LINE('',#11520,#1140);
#724=LINE('',#11522,#1141);
#725=LINE('',#11524,#1142);
#726=LINE('',#11526,#1143);
#727=LINE('',#11528,#1144);
#728=LINE('',#11529,#1145);
#729=LINE('',#11532,#1146);
#730=LINE('',#11534,#1147);
#731=LINE('',#11535,#1148);
#732=LINE('',#11538,#1149);
#733=LINE('',#11539,#1150);
#734=LINE('',#11542,#1151);
#735=LINE('',#11543,#1152);
#736=LINE('',#11546,#1153);
#737=LINE('',#11547,#1154);
#738=LINE('',#11550,#1155);
#739=LINE('',#11551,#1156);
#740=LINE('',#11554,#1157);
#741=LINE('',#11555,#1158);
#742=LINE('',#11558,#1159);
#743=LINE('',#11559,#1160);
#744=LINE('',#11561,#1161);
#745=LINE('',#11566,#1162);
#746=LINE('',#11568,#1163);
#747=LINE('',#11570,#1164);
#748=LINE('',#11572,#1165);
#749=LINE('',#11574,#1166);
#750=LINE('',#11576,#1167);
#751=LINE('',#11578,#1168);
#752=LINE('',#11579,#1169);
#753=LINE('',#11582,#1170);
#754=LINE('',#11584,#1171);
#755=LINE('',#11585,#1172);
#756=LINE('',#11588,#1173);
#757=LINE('',#11589,#1174);
#758=LINE('',#11592,#1175);
#759=LINE('',#11593,#1176);
#760=LINE('',#11596,#1177);
#761=LINE('',#11597,#1178);
#762=LINE('',#11600,#1179);
#763=LINE('',#11601,#1180);
#764=LINE('',#11604,#1181);
#765=LINE('',#11605,#1182);
#766=LINE('',#11608,#1183);
#767=LINE('',#11609,#1184);
#768=LINE('',#11611,#1185);
#769=LINE('',#11616,#1186);
#770=LINE('',#11618,#1187);
#771=LINE('',#11620,#1188);
#772=LINE('',#11622,#1189);
#773=LINE('',#11624,#1190);
#774=LINE('',#11626,#1191);
#775=LINE('',#11628,#1192);
#776=LINE('',#11629,#1193);
#777=LINE('',#11632,#1194);
#778=LINE('',#11634,#1195);
#779=LINE('',#11635,#1196);
#780=LINE('',#11638,#1197);
#781=LINE('',#11639,#1198);
#782=LINE('',#11642,#1199);
#783=LINE('',#11643,#1200);
#784=LINE('',#11646,#1201);
#785=LINE('',#11647,#1202);
#786=LINE('',#11650,#1203);
#787=LINE('',#11651,#1204);
#788=LINE('',#11654,#1205);
#789=LINE('',#11655,#1206);
#790=LINE('',#11658,#1207);
#791=LINE('',#11659,#1208);
#792=LINE('',#11661,#1209);
#793=LINE('',#11666,#1210);
#794=LINE('',#11668,#1211);
#795=LINE('',#11670,#1212);
#796=LINE('',#11672,#1213);
#797=LINE('',#11674,#1214);
#798=LINE('',#11676,#1215);
#799=LINE('',#11678,#1216);
#800=LINE('',#11679,#1217);
#801=LINE('',#11682,#1218);
#802=LINE('',#11684,#1219);
#803=LINE('',#11685,#1220);
#804=LINE('',#11688,#1221);
#805=LINE('',#11689,#1222);
#806=LINE('',#11692,#1223);
#807=LINE('',#11693,#1224);
#808=LINE('',#11696,#1225);
#809=LINE('',#11697,#1226);
#810=LINE('',#11700,#1227);
#811=LINE('',#11701,#1228);
#812=LINE('',#11704,#1229);
#813=LINE('',#11705,#1230);
#814=LINE('',#11708,#1231);
#815=LINE('',#11709,#1232);
#816=LINE('',#11711,#1233);
#817=LINE('',#11723,#1234);
#818=LINE('',#11734,#1235);
#819=LINE('',#11736,#1236);
#820=LINE('',#11738,#1237);
#821=LINE('',#11740,#1238);
#822=LINE('',#11742,#1239);
#823=LINE('',#11743,#1240);
#824=LINE('',#11747,#1241);
#825=LINE('',#11751,#1242);
#826=LINE('',#11753,#1243);
#827=LINE('',#11754,#1244);
#828=LINE('',#11757,#1245);
#829=LINE('',#11758,#1246);
#830=LINE('',#11761,#1247);
#831=LINE('',#11762,#1248);
#832=LINE('',#11765,#1249);
#833=LINE('',#11766,#1250);
#834=LINE('',#11769,#1251);
#835=LINE('',#11770,#1252);
#836=LINE('',#11772,#1253);
#837=LINE('',#11774,#1254);
#838=LINE('',#11775,#1255);
#839=LINE('',#11777,#1256);
#840=LINE('',#11779,#1257);
#841=LINE('',#11781,#1258);
#842=LINE('',#11783,#1259);
#843=LINE('',#11787,#1260);
#844=LINE('',#11795,#1261);
#845=LINE('',#11837,#1262);
#846=LINE('',#11843,#1263);
#847=LINE('',#11847,#1264);
#848=LINE('',#11851,#1265);
#849=LINE('',#11853,#1266);
#850=LINE('',#11854,#1267);
#851=LINE('',#11857,#1268);
#852=LINE('',#11859,#1269);
#853=LINE('',#11863,#1270);
#854=LINE('',#11867,#1271);
#855=LINE('',#11871,#1272);
#856=LINE('',#11875,#1273);
#857=LINE('',#11879,#1274);
#858=LINE('',#11883,#1275);
#859=LINE('',#11887,#1276);
#860=LINE('',#11891,#1277);
#861=LINE('',#11895,#1278);
#862=LINE('',#11899,#1279);
#863=LINE('',#11900,#1280);
#864=LINE('',#11903,#1281);
#865=LINE('',#11906,#1282);
#866=LINE('',#11909,#1283);
#867=LINE('',#11910,#1284);
#868=LINE('',#11913,#1285);
#869=LINE('',#11916,#1286);
#870=LINE('',#11918,#1287);
#871=LINE('',#11921,#1288);
#872=LINE('',#11924,#1289);
#873=LINE('',#11927,#1290);
#874=LINE('',#11928,#1291);
#875=LINE('',#11931,#1292);
#876=LINE('',#11935,#1293);
#877=LINE('',#11936,#1294);
#878=LINE('',#11939,#1295);
#879=LINE('',#11941,#1296);
#880=LINE('',#11942,#1297);
#881=LINE('',#11946,#1298);
#882=LINE('',#11949,#1299);
#883=LINE('',#11950,#1300);
#884=LINE('',#11954,#1301);
#885=LINE('',#11957,#1302);
#886=LINE('',#11958,#1303);
#887=LINE('',#11963,#1304);
#888=LINE('',#11964,#1305);
#889=LINE('',#11966,#1306);
#890=LINE('',#11968,#1307);
#891=LINE('',#11971,#1308);
#892=LINE('',#11972,#1309);
#893=LINE('',#11976,#1310);
#894=LINE('',#11979,#1311);
#895=LINE('',#11980,#1312);
#896=LINE('',#11984,#1313);
#897=LINE('',#11987,#1314);
#898=LINE('',#11988,#1315);
#899=LINE('',#11997,#1316);
#900=LINE('',#12001,#1317);
#901=LINE('',#12003,#1318);
#902=LINE('',#12005,#1319);
#903=LINE('',#12009,#1320);
#904=LINE('',#12013,#1321);
#905=LINE('',#12017,#1322);
#906=LINE('',#12021,#1323);
#907=LINE('',#12025,#1324);
#908=LINE('',#12029,#1325);
#909=LINE('',#12031,#1326);
#910=LINE('',#12033,#1327);
#911=LINE('',#12037,#1328);
#912=LINE('',#12039,#1329);
#913=LINE('',#12041,#1330);
#914=LINE('',#12045,#1331);
#915=LINE('',#12049,#1332);
#916=LINE('',#12053,#1333);
#917=LINE('',#12057,#1334);
#918=LINE('',#12061,#1335);
#919=LINE('',#12065,#1336);
#920=LINE('',#12067,#1337);
#921=LINE('',#12069,#1338);
#922=LINE('',#12073,#1339);
#923=LINE('',#12075,#1340);
#924=LINE('',#12077,#1341);
#925=LINE('',#12081,#1342);
#926=LINE('',#12085,#1343);
#927=LINE('',#12089,#1344);
#928=LINE('',#12093,#1345);
#929=LINE('',#12097,#1346);
#930=LINE('',#12101,#1347);
#931=LINE('',#12103,#1348);
#932=LINE('',#12105,#1349);
#933=LINE('',#12109,#1350);
#934=LINE('',#12111,#1351);
#935=LINE('',#12113,#1352);
#936=LINE('',#12117,#1353);
#937=LINE('',#12121,#1354);
#938=LINE('',#12125,#1355);
#939=LINE('',#12129,#1356);
#940=LINE('',#12133,#1357);
#941=LINE('',#12137,#1358);
#942=LINE('',#12138,#1359);
#943=LINE('',#12143,#1360);
#944=LINE('',#12145,#1361);
#945=LINE('',#12146,#1362);
#946=LINE('',#12149,#1363);
#947=LINE('',#12150,#1364);
#948=LINE('',#12154,#1365);
#949=LINE('',#12155,#1366);
#950=LINE('',#12156,#1367);
#951=LINE('',#12159,#1368);
#952=LINE('',#12160,#1369);
#953=LINE('',#12163,#1370);
#954=LINE('',#12164,#1371);
#955=LINE('',#12168,#1372);
#956=LINE('',#12169,#1373);
#957=LINE('',#12170,#1374);
#958=LINE('',#12173,#1375);
#959=LINE('',#12175,#1376);
#960=LINE('',#12176,#1377);
#961=LINE('',#12179,#1378);
#962=LINE('',#12181,#1379);
#963=LINE('',#12182,#1380);
#964=LINE('',#12185,#1381);
#965=LINE('',#12187,#1382);
#966=LINE('',#12188,#1383);
#967=LINE('',#12191,#1384);
#968=LINE('',#12193,#1385);
#969=LINE('',#12194,#1386);
#970=LINE('',#12198,#1387);
#971=LINE('',#12199,#1388);
#972=LINE('',#12200,#1389);
#973=LINE('',#12203,#1390);
#974=LINE('',#12204,#1391);
#975=LINE('',#12207,#1392);
#976=LINE('',#12208,#1393);
#977=LINE('',#12212,#1394);
#978=LINE('',#12213,#1395);
#979=LINE('',#12214,#1396);
#980=LINE('',#12217,#1397);
#981=LINE('',#12218,#1398);
#982=LINE('',#12221,#1399);
#983=LINE('',#12222,#1400);
#984=LINE('',#12226,#1401);
#985=LINE('',#12227,#1402);
#986=LINE('',#12228,#1403);
#987=LINE('',#12232,#1404);
#988=LINE('',#12233,#1405);
#989=LINE('',#12234,#1406);
#990=LINE('',#12237,#1407);
#991=LINE('',#12239,#1408);
#992=LINE('',#12240,#1409);
#993=LINE('',#12243,#1410);
#994=LINE('',#12245,#1411);
#995=LINE('',#12246,#1412);
#996=LINE('',#12249,#1413);
#997=LINE('',#12251,#1414);
#998=LINE('',#12252,#1415);
#999=LINE('',#12256,#1416);
#1000=LINE('',#12257,#1417);
#1001=LINE('',#12258,#1418);
#1002=LINE('',#12261,#1419);
#1003=LINE('',#12262,#1420);
#1004=LINE('',#12265,#1421);
#1005=LINE('',#12266,#1422);
#1006=LINE('',#12270,#1423);
#1007=LINE('',#12271,#1424);
#1008=LINE('',#12272,#1425);
#1009=LINE('',#12275,#1426);
#1010=LINE('',#12276,#1427);
#1011=LINE('',#12279,#1428);
#1012=LINE('',#12280,#1429);
#1013=LINE('',#12284,#1430);
#1014=LINE('',#12285,#1431);
#1015=LINE('',#12286,#1432);
#1016=LINE('',#12290,#1433);
#1017=LINE('',#12291,#1434);
#1018=LINE('',#12292,#1435);
#1019=LINE('',#12296,#1436);
#1020=LINE('',#12297,#1437);
#1021=LINE('',#12298,#1438);
#1022=LINE('',#12301,#1439);
#1023=LINE('',#12303,#1440);
#1024=LINE('',#12304,#1441);
#1025=LINE('',#12308,#1442);
#1026=LINE('',#12309,#1443);
#1027=LINE('',#12310,#1444);
#1028=LINE('',#12314,#1445);
#1029=LINE('',#12315,#1446);
#1030=LINE('',#12316,#1447);
#1031=LINE('',#12319,#1448);
#1032=LINE('',#12320,#1449);
#1033=LINE('',#12323,#1450);
#1034=LINE('',#12324,#1451);
#1035=LINE('',#12328,#1452);
#1036=LINE('',#12329,#1453);
#1037=LINE('',#12330,#1454);
#1038=LINE('',#12333,#1455);
#1039=LINE('',#12334,#1456);
#1040=LINE('',#12337,#1457);
#1041=LINE('',#12338,#1458);
#1042=LINE('',#12341,#1459);
#1043=LINE('',#12343,#1460);
#1044=LINE('',#12344,#1461);
#1045=LINE('',#12347,#1462);
#1046=LINE('',#12349,#1463);
#1047=LINE('',#12350,#1464);
#1048=LINE('',#12354,#1465);
#1049=LINE('',#12355,#1466);
#1050=LINE('',#12356,#1467);
#1051=LINE('',#12359,#1468);
#1052=LINE('',#12361,#1469);
#1053=LINE('',#12362,#1470);
#1054=LINE('',#12365,#1471);
#1055=LINE('',#12367,#1472);
#1056=LINE('',#12368,#1473);
#1057=LINE('',#12372,#1474);
#1058=LINE('',#12375,#1475);
#1059=LINE('',#12376,#1476);
#1060=VECTOR('',#4584,10.);
#1061=VECTOR('',#4589,10.);
#1062=VECTOR('',#4596,10.);
#1063=VECTOR('',#4599,10.);
#1064=VECTOR('',#4602,10.);
#1065=VECTOR('',#4603,10.);
#1066=VECTOR('',#4604,10.);
#1067=VECTOR('',#4607,10.);
#1068=VECTOR('',#4608,10.);
#1069=VECTOR('',#4609,10.);
#1070=VECTOR('',#4612,10.);
#1071=VECTOR('',#4613,10.);
#1072=VECTOR('',#4614,10.);
#1073=VECTOR('',#4631,10.);
#1074=VECTOR('',#4634,10.);
#1075=VECTOR('',#4635,10.);
#1076=VECTOR('',#4640,10.);
#1077=VECTOR('',#4643,10.);
#1078=VECTOR('',#4648,10.);
#1079=VECTOR('',#4651,10.);
#1080=VECTOR('',#4654,10.);
#1081=VECTOR('',#4655,10.);
#1082=VECTOR('',#4656,10.);
#1083=VECTOR('',#4659,10.);
#1084=VECTOR('',#4660,10.);
#1085=VECTOR('',#4661,10.);
#1086=VECTOR('',#4664,10.);
#1087=VECTOR('',#4665,10.);
#1088=VECTOR('',#4666,10.);
#1089=VECTOR('',#4679,10.);
#1090=VECTOR('',#4682,10.);
#1091=VECTOR('',#4683,10.);
#1092=VECTOR('',#4688,14.5);
#1093=VECTOR('',#4703,31.);
#1094=VECTOR('',#4718,31.000000461936);
#1095=VECTOR('',#4725,10.5);
#1096=VECTOR('',#4726,10.5);
#1097=VECTOR('',#4729,14.5);
#1098=VECTOR('',#4730,14.5);
#1099=VECTOR('',#4735,10.);
#1100=VECTOR('',#4736,10.);
#1101=VECTOR('',#4737,10.);
#1102=VECTOR('',#4738,10.);
#1103=VECTOR('',#4741,10.);
#1104=VECTOR('',#4742,10.);
#1105=VECTOR('',#4743,10.);
#1106=VECTOR('',#4744,10.);
#1107=VECTOR('',#4749,10.);
#1108=VECTOR('',#4758,10.);
#1109=VECTOR('',#4759,10.);
#1110=VECTOR('',#4760,10.);
#1111=VECTOR('',#4775,10.);
#1112=VECTOR('',#4784,10.);
#1113=VECTOR('',#4787,10.);
#1114=VECTOR('',#4788,10.);
#1115=VECTOR('',#4791,10.);
#1116=VECTOR('',#4792,10.);
#1117=VECTOR('',#4793,10.);
#1118=VECTOR('',#4794,10.);
#1119=VECTOR('',#4797,10.);
#1120=VECTOR('',#4798,10.);
#1121=VECTOR('',#4799,10.);
#1122=VECTOR('',#4800,10.);
#1123=VECTOR('',#4805,10.);
#1124=VECTOR('',#4810,10.);
#1125=VECTOR('',#4811,10.);
#1126=VECTOR('',#4812,10.);
#1127=VECTOR('',#4823,10.);
#1128=VECTOR('',#4832,10.);
#1129=VECTOR('',#4835,10.);
#1130=VECTOR('',#4836,10.);
#1131=VECTOR('',#4841,31.000000461936);
#1132=VECTOR('',#4850,30.85);
#1133=VECTOR('',#4851,30.85);
#1134=VECTOR('',#4858,32.4999992735684);
#1135=VECTOR('',#4859,32.4999992735684);
#1136=VECTOR('',#4876,30.85);
#1137=VECTOR('',#4889,30.85);
#1138=VECTOR('',#4896,10.);
#1139=VECTOR('',#4897,10.);
#1140=VECTOR('',#4898,10.);
#1141=VECTOR('',#4899,10.);
#1142=VECTOR('',#4900,10.);
#1143=VECTOR('',#4901,10.);
#1144=VECTOR('',#4902,10.);
#1145=VECTOR('',#4903,10.);
#1146=VECTOR('',#4906,10.);
#1147=VECTOR('',#4907,10.);
#1148=VECTOR('',#4908,10.);
#1149=VECTOR('',#4911,10.);
#1150=VECTOR('',#4912,10.);
#1151=VECTOR('',#4915,10.);
#1152=VECTOR('',#4916,10.);
#1153=VECTOR('',#4919,10.);
#1154=VECTOR('',#4920,10.);
#1155=VECTOR('',#4923,10.);
#1156=VECTOR('',#4924,10.);
#1157=VECTOR('',#4927,10.);
#1158=VECTOR('',#4928,10.);
#1159=VECTOR('',#4931,10.);
#1160=VECTOR('',#4932,10.);
#1161=VECTOR('',#4935,10.);
#1162=VECTOR('',#4940,10.);
#1163=VECTOR('',#4941,10.);
#1164=VECTOR('',#4942,10.);
#1165=VECTOR('',#4943,10.);
#1166=VECTOR('',#4944,10.);
#1167=VECTOR('',#4945,10.);
#1168=VECTOR('',#4946,10.);
#1169=VECTOR('',#4947,10.);
#1170=VECTOR('',#4950,10.);
#1171=VECTOR('',#4951,10.);
#1172=VECTOR('',#4952,10.);
#1173=VECTOR('',#4955,10.);
#1174=VECTOR('',#4956,10.);
#1175=VECTOR('',#4959,10.);
#1176=VECTOR('',#4960,10.);
#1177=VECTOR('',#4963,10.);
#1178=VECTOR('',#4964,10.);
#1179=VECTOR('',#4967,10.);
#1180=VECTOR('',#4968,10.);
#1181=VECTOR('',#4971,10.);
#1182=VECTOR('',#4972,10.);
#1183=VECTOR('',#4975,10.);
#1184=VECTOR('',#4976,10.);
#1185=VECTOR('',#4979,10.);
#1186=VECTOR('',#4984,10.);
#1187=VECTOR('',#4985,10.);
#1188=VECTOR('',#4986,10.);
#1189=VECTOR('',#4987,10.);
#1190=VECTOR('',#4988,10.);
#1191=VECTOR('',#4989,10.);
#1192=VECTOR('',#4990,10.);
#1193=VECTOR('',#4991,10.);
#1194=VECTOR('',#4994,10.);
#1195=VECTOR('',#4995,10.);
#1196=VECTOR('',#4996,10.);
#1197=VECTOR('',#4999,10.);
#1198=VECTOR('',#5000,10.);
#1199=VECTOR('',#5003,10.);
#1200=VECTOR('',#5004,10.);
#1201=VECTOR('',#5007,10.);
#1202=VECTOR('',#5008,10.);
#1203=VECTOR('',#5011,10.);
#1204=VECTOR('',#5012,10.);
#1205=VECTOR('',#5015,10.);
#1206=VECTOR('',#5016,10.);
#1207=VECTOR('',#5019,10.);
#1208=VECTOR('',#5020,10.);
#1209=VECTOR('',#5023,10.);
#1210=VECTOR('',#5028,10.);
#1211=VECTOR('',#5029,10.);
#1212=VECTOR('',#5030,10.);
#1213=VECTOR('',#5031,10.);
#1214=VECTOR('',#5032,10.);
#1215=VECTOR('',#5033,10.);
#1216=VECTOR('',#5034,10.);
#1217=VECTOR('',#5035,10.);
#1218=VECTOR('',#5038,10.);
#1219=VECTOR('',#5039,10.);
#1220=VECTOR('',#5040,10.);
#1221=VECTOR('',#5043,10.);
#1222=VECTOR('',#5044,10.);
#1223=VECTOR('',#5047,10.);
#1224=VECTOR('',#5048,10.);
#1225=VECTOR('',#5051,10.);
#1226=VECTOR('',#5052,10.);
#1227=VECTOR('',#5055,10.);
#1228=VECTOR('',#5056,10.);
#1229=VECTOR('',#5059,10.);
#1230=VECTOR('',#5060,10.);
#1231=VECTOR('',#5063,10.);
#1232=VECTOR('',#5064,10.);
#1233=VECTOR('',#5067,10.);
#1234=VECTOR('',#5086,0.887310000000008);
#1235=VECTOR('',#5099,10.);
#1236=VECTOR('',#5100,10.);
#1237=VECTOR('',#5101,10.);
#1238=VECTOR('',#5102,10.);
#1239=VECTOR('',#5103,10.);
#1240=VECTOR('',#5104,10.);
#1241=VECTOR('',#5109,1.89999999999999);
#1242=VECTOR('',#5112,10.);
#1243=VECTOR('',#5113,10.);
#1244=VECTOR('',#5114,10.);
#1245=VECTOR('',#5117,10.);
#1246=VECTOR('',#5118,10.);
#1247=VECTOR('',#5121,10.);
#1248=VECTOR('',#5122,10.);
#1249=VECTOR('',#5125,10.);
#1250=VECTOR('',#5126,10.);
#1251=VECTOR('',#5129,10.);
#1252=VECTOR('',#5130,10.);
#1253=VECTOR('',#5133,10.);
#1254=VECTOR('',#5136,10.);
#1255=VECTOR('',#5137,10.);
#1256=VECTOR('',#5140,10.);
#1257=VECTOR('',#5143,10.);
#1258=VECTOR('',#5146,10.);
#1259=VECTOR('',#5149,10.);
#1260=VECTOR('',#5154,0.999999999999997);
#1261=VECTOR('',#5165,1.);
#1262=VECTOR('',#5170,2.);
#1263=VECTOR('',#5177,10.);
#1264=VECTOR('',#5180,10.);
#1265=VECTOR('',#5185,10.);
#1266=VECTOR('',#5186,10.);
#1267=VECTOR('',#5187,10.);
#1268=VECTOR('',#5190,10.);
#1269=VECTOR('',#5191,10.);
#1270=VECTOR('',#5194,10.);
#1271=VECTOR('',#5197,10.);
#1272=VECTOR('',#5200,10.);
#1273=VECTOR('',#5203,10.);
#1274=VECTOR('',#5206,10.);
#1275=VECTOR('',#5209,10.);
#1276=VECTOR('',#5212,10.);
#1277=VECTOR('',#5215,10.);
#1278=VECTOR('',#5218,10.);
#1279=VECTOR('',#5221,10.);
#1280=VECTOR('',#5222,10.);
#1281=VECTOR('',#5225,10.);
#1282=VECTOR('',#5228,10.);
#1283=VECTOR('',#5231,10.);
#1284=VECTOR('',#5232,10.);
#1285=VECTOR('',#5235,10.);
#1286=VECTOR('',#5238,10.);
#1287=VECTOR('',#5241,10.);
#1288=VECTOR('',#5244,10.);
#1289=VECTOR('',#5247,10.);
#1290=VECTOR('',#5250,10.);
#1291=VECTOR('',#5251,10.);
#1292=VECTOR('',#5254,10.);
#1293=VECTOR('',#5259,10.);
#1294=VECTOR('',#5260,10.);
#1295=VECTOR('',#5263,10.);
#1296=VECTOR('',#5264,10.);
#1297=VECTOR('',#5265,10.);
#1298=VECTOR('',#5270,10.);
#1299=VECTOR('',#5273,10.);
#1300=VECTOR('',#5274,10.);
#1301=VECTOR('',#5279,10.);
#1302=VECTOR('',#5282,10.);
#1303=VECTOR('',#5283,10.);
#1304=VECTOR('',#5290,10.);
#1305=VECTOR('',#5291,10.);
#1306=VECTOR('',#5294,10.);
#1307=VECTOR('',#5297,10.);
#1308=VECTOR('',#5300,10.);
#1309=VECTOR('',#5301,10.);
#1310=VECTOR('',#5306,10.);
#1311=VECTOR('',#5309,10.);
#1312=VECTOR('',#5310,10.);
#1313=VECTOR('',#5315,10.);
#1314=VECTOR('',#5318,10.);
#1315=VECTOR('',#5319,10.);
#1316=VECTOR('',#5332,5.80000000000001);
#1317=VECTOR('',#5335,5.80000000000001);
#1318=VECTOR('',#5336,1.8);
#1319=VECTOR('',#5337,1.75);
#1320=VECTOR('',#5340,1.09289321881345);
#1321=VECTOR('',#5343,3.12132034355971);
#1322=VECTOR('',#5346,5.48578643762677);
#1323=VECTOR('',#5349,3.1213203435597);
#1324=VECTOR('',#5352,1.09289321881345);
#1325=VECTOR('',#5355,1.75);
#1326=VECTOR('',#5356,1.8);
#1327=VECTOR('',#5357,5.80000000000007);
#1328=VECTOR('',#5360,5.80000000000006);
#1329=VECTOR('',#5361,1.8);
#1330=VECTOR('',#5362,1.75);
#1331=VECTOR('',#5365,1.09289321881345);
#1332=VECTOR('',#5368,3.1213203435597);
#1333=VECTOR('',#5371,5.48578643762677);
#1334=VECTOR('',#5374,3.1213203435597);
#1335=VECTOR('',#5377,1.09289321881345);
#1336=VECTOR('',#5380,1.75000000000001);
#1337=VECTOR('',#5381,1.79999999999999);
#1338=VECTOR('',#5382,5.80000000000003);
#1339=VECTOR('',#5385,5.79999999999983);
#1340=VECTOR('',#5386,1.80000000000007);
#1341=VECTOR('',#5387,1.75000000000018);
#1342=VECTOR('',#5390,1.09289321881343);
#1343=VECTOR('',#5393,3.1213203435597);
#1344=VECTOR('',#5396,5.48578643762678);
#1345=VECTOR('',#5399,3.12132034355968);
#1346=VECTOR('',#5402,1.09289321881342);
#1347=VECTOR('',#5405,1.74999999999978);
#1348=VECTOR('',#5406,1.80000000000014);
#1349=VECTOR('',#5407,5.80000000000023);
#1350=VECTOR('',#5410,5.80000000000002);
#1351=VECTOR('',#5411,1.8);
#1352=VECTOR('',#5412,1.75000000000001);
#1353=VECTOR('',#5415,1.09289321881345);
#1354=VECTOR('',#5418,3.12132034355969);
#1355=VECTOR('',#5421,5.48578643762678);
#1356=VECTOR('',#5424,3.1213203435597);
#1357=VECTOR('',#5427,1.09289321881344);
#1358=VECTOR('',#5430,1.75);
#1359=VECTOR('',#5431,1.8);
#1360=VECTOR('',#5436,300.);
#1361=VECTOR('',#5437,1.8);
#1362=VECTOR('',#5438,10.);
#1363=VECTOR('',#5441,300.);
#1364=VECTOR('',#5442,5.80000000000006);
#1365=VECTOR('',#5445,5.80000000000007);
#1366=VECTOR('',#5446,300.);
#1367=VECTOR('',#5447,300.);
#1368=VECTOR('',#5450,300.);
#1369=VECTOR('',#5451,1.8);
#1370=VECTOR('',#5454,300.);
#1371=VECTOR('',#5455,1.75);
#1372=VECTOR('',#5458,1.09289321881345);
#1373=VECTOR('',#5459,300.);
#1374=VECTOR('',#5460,300.);
#1375=VECTOR('',#5463,300.);
#1376=VECTOR('',#5464,3.1213203435597);
#1377=VECTOR('',#5465,10.);
#1378=VECTOR('',#5468,300.);
#1379=VECTOR('',#5469,5.48578643762677);
#1380=VECTOR('',#5470,10.);
#1381=VECTOR('',#5473,300.);
#1382=VECTOR('',#5474,3.12132034355971);
#1383=VECTOR('',#5475,10.);
#1384=VECTOR('',#5478,300.);
#1385=VECTOR('',#5479,1.09289321881345);
#1386=VECTOR('',#5480,10.);
#1387=VECTOR('',#5483,1.75);
#1388=VECTOR('',#5484,300.);
#1389=VECTOR('',#5485,300.);
#1390=VECTOR('',#5488,300.);
#1391=VECTOR('',#5489,1.8);
#1392=VECTOR('',#5492,300.);
#1393=VECTOR('',#5493,5.80000000000001);
#1394=VECTOR('',#5496,5.80000000000001);
#1395=VECTOR('',#5497,300.);
#1396=VECTOR('',#5498,300.);
#1397=VECTOR('',#5501,300.);
#1398=VECTOR('',#5502,1.8);
#1399=VECTOR('',#5505,300.);
#1400=VECTOR('',#5506,1.75);
#1401=VECTOR('',#5509,1.09289321881344);
#1402=VECTOR('',#5510,300.);
#1403=VECTOR('',#5511,300.);
#1404=VECTOR('',#5514,3.1213203435597);
#1405=VECTOR('',#5515,300.);
#1406=VECTOR('',#5516,300.);
#1407=VECTOR('',#5519,300.);
#1408=VECTOR('',#5520,5.48578643762678);
#1409=VECTOR('',#5521,10.);
#1410=VECTOR('',#5524,300.);
#1411=VECTOR('',#5525,3.12132034355969);
#1412=VECTOR('',#5526,10.);
#1413=VECTOR('',#5529,300.);
#1414=VECTOR('',#5530,1.09289321881345);
#1415=VECTOR('',#5531,10.);
#1416=VECTOR('',#5534,1.75000000000001);
#1417=VECTOR('',#5535,300.);
#1418=VECTOR('',#5536,300.);
#1419=VECTOR('',#5539,300.);
#1420=VECTOR('',#5540,1.8);
#1421=VECTOR('',#5543,300.);
#1422=VECTOR('',#5544,5.80000000000002);
#1423=VECTOR('',#5547,5.80000000000023);
#1424=VECTOR('',#5548,300.);
#1425=VECTOR('',#5549,300.);
#1426=VECTOR('',#5552,300.);
#1427=VECTOR('',#5553,1.80000000000014);
#1428=VECTOR('',#5556,300.);
#1429=VECTOR('',#5557,1.74999999999978);
#1430=VECTOR('',#5560,1.09289321881342);
#1431=VECTOR('',#5561,300.);
#1432=VECTOR('',#5562,300.);
#1433=VECTOR('',#5565,3.12132034355968);
#1434=VECTOR('',#5566,300.);
#1435=VECTOR('',#5567,300.);
#1436=VECTOR('',#5570,5.48578643762678);
#1437=VECTOR('',#5571,300.);
#1438=VECTOR('',#5572,300.);
#1439=VECTOR('',#5575,300.);
#1440=VECTOR('',#5576,3.1213203435597);
#1441=VECTOR('',#5577,10.);
#1442=VECTOR('',#5580,1.09289321881343);
#1443=VECTOR('',#5581,300.);
#1444=VECTOR('',#5582,300.);
#1445=VECTOR('',#5585,1.75000000000018);
#1446=VECTOR('',#5586,300.);
#1447=VECTOR('',#5587,300.);
#1448=VECTOR('',#5590,300.);
#1449=VECTOR('',#5591,1.80000000000007);
#1450=VECTOR('',#5594,300.);
#1451=VECTOR('',#5595,5.79999999999983);
#1452=VECTOR('',#5598,5.80000000000003);
#1453=VECTOR('',#5599,300.);
#1454=VECTOR('',#5600,300.);
#1455=VECTOR('',#5603,300.);
#1456=VECTOR('',#5604,1.79999999999999);
#1457=VECTOR('',#5607,300.);
#1458=VECTOR('',#5608,1.75000000000001);
#1459=VECTOR('',#5611,300.);
#1460=VECTOR('',#5612,1.09289321881345);
#1461=VECTOR('',#5613,10.);
#1462=VECTOR('',#5616,300.);
#1463=VECTOR('',#5617,3.1213203435597);
#1464=VECTOR('',#5618,10.);
#1465=VECTOR('',#5621,5.48578643762677);
#1466=VECTOR('',#5622,300.);
#1467=VECTOR('',#5623,300.);
#1468=VECTOR('',#5626,300.);
#1469=VECTOR('',#5627,3.1213203435597);
#1470=VECTOR('',#5628,10.);
#1471=VECTOR('',#5631,300.);
#1472=VECTOR('',#5632,1.09289321881345);
#1473=VECTOR('',#5633,10.);
#1474=VECTOR('',#5638,2.5);
#1475=VECTOR('',#5641,1.75);
#1476=VECTOR('',#5642,300.);
#1477=CIRCLE('',#4191,10.5);
#1478=CIRCLE('',#4192,14.5);
#1479=CIRCLE('',#4193,14.5);
#1480=CIRCLE('',#4194,10.5);
#1481=CIRCLE('',#4196,10.5);
#1482=CIRCLE('',#4197,14.5);
#1483=CIRCLE('',#4202,10.5);
#1484=CIRCLE('',#4203,14.5);
#1485=CIRCLE('',#4204,14.5);
#1486=CIRCLE('',#4205,10.5);
#1487=CIRCLE('',#4207,10.5);
#1488=CIRCLE('',#4208,14.5);
#1489=CIRCLE('',#4211,10.5);
#1490=CIRCLE('',#4212,14.5);
#1491=CIRCLE('',#4214,10.5);
#1492=CIRCLE('',#4215,14.5);
#1493=CIRCLE('',#4220,10.5);
#1494=CIRCLE('',#4221,14.5);
#1495=CIRCLE('',#4223,10.5);
#1496=CIRCLE('',#4224,14.5);
#1497=CIRCLE('',#4227,14.5);
#1498=CIRCLE('',#4228,14.5);
#1499=CIRCLE('',#4230,10.5);
#1500=CIRCLE('',#4232,31.);
#1501=CIRCLE('',#4234,31.);
#1502=CIRCLE('',#4236,14.5);
#1503=CIRCLE('',#4238,31.000000461936);
#1504=CIRCLE('',#4239,10.5);
#1505=CIRCLE('',#4241,31.000000461936);
#1506=CIRCLE('',#4243,14.5);
#1507=CIRCLE('',#4250,30.85);
#1508=CIRCLE('',#4251,32.4999992735684);
#1509=CIRCLE('',#4252,32.4999992735684);
#1510=CIRCLE('',#4253,30.85);
#1511=CIRCLE('',#4256,30.85);
#1512=CIRCLE('',#4257,32.4999992735684);
#1513=CIRCLE('',#4258,32.4999992735684);
#1514=CIRCLE('',#4259,30.85);
#1515=CIRCLE('',#4261,30.85);
#1516=CIRCLE('',#4262,32.4999992735684);
#1517=CIRCLE('',#4264,30.85);
#1518=CIRCLE('',#4265,32.4999992735684);
#1519=CIRCLE('',#4270,30.85);
#1520=CIRCLE('',#4271,32.4999992735684);
#1521=CIRCLE('',#4274,30.85);
#1522=CIRCLE('',#4275,32.4999992735684);
#1523=CIRCLE('',#4277,30.85);
#1524=CIRCLE('',#4278,32.4999992735684);
#1525=CIRCLE('',#4280,30.85);
#1526=CIRCLE('',#4281,32.4999992735684);
#1527=CIRCLE('',#4284,31.000000461936);
#1528=CIRCLE('',#4285,31.000000461936);
#1529=CIRCLE('',#4287,30.85);
#1530=CIRCLE('',#4289,30.85);
#1531=CIRCLE('',#4291,32.4999992735684);
#1532=CIRCLE('',#4292,32.4999992735684);
#1533=CIRCLE('',#4297,32.5);
#1534=CIRCLE('',#4298,30.85);
#1535=CIRCLE('',#4300,30.85);
#1536=CIRCLE('',#4303,29.25);
#1537=CIRCLE('',#4305,29.25);
#1538=CIRCLE('',#4355,0.96675);
#1539=CIRCLE('',#4356,0.754619999999992);
#1540=CIRCLE('',#4358,1.89999999999999);
#1541=CIRCLE('',#4359,0.2);
#1542=CIRCLE('',#4360,1.69999999999999);
#1543=CIRCLE('',#4363,1.89999999999999);
#1544=CIRCLE('',#4377,0.96675);
#1545=CIRCLE('',#4381,1.);
#1546=CIRCLE('',#4383,2.);
#1547=CIRCLE('',#4384,2.);
#1548=CIRCLE('',#4387,32.5);
#1549=CIRCLE('',#4388,32.5);
#1550=CIRCLE('',#4391,0.2);
#1551=CIRCLE('',#4392,0.2);
#1552=CIRCLE('',#4393,0.299999999999996);
#1553=CIRCLE('',#4394,0.300000000000003);
#1554=CIRCLE('',#4395,0.299999999999999);
#1555=CIRCLE('',#4396,0.299999999999892);
#1556=CIRCLE('',#4397,0.300000000000008);
#1557=CIRCLE('',#4398,0.302777727018332);
#1558=CIRCLE('',#4399,0.2);
#1559=CIRCLE('',#4400,0.2);
#1560=CIRCLE('',#4402,0.2);
#1561=CIRCLE('',#4405,0.2);
#1562=CIRCLE('',#4408,0.2);
#1563=CIRCLE('',#4411,0.2);
#1564=CIRCLE('',#4415,0.299999999999892);
#1565=CIRCLE('',#4418,0.300000000000008);
#1566=CIRCLE('',#4421,0.302777727018332);
#1567=CIRCLE('',#4427,0.299999999999996);
#1568=CIRCLE('',#4430,0.300000000000003);
#1569=CIRCLE('',#4433,0.299999999999999);
#1570=CIRCLE('',#4438,1.);
#1571=CIRCLE('',#4439,0.5);
#1572=CIRCLE('',#4440,0.5);
#1573=CIRCLE('',#4441,0.5);
#1574=CIRCLE('',#4442,0.5);
#1575=CIRCLE('',#4443,0.5);
#1576=CIRCLE('',#4444,0.5);
#1577=CIRCLE('',#4445,1.);
#1578=CIRCLE('',#4446,0.5);
#1579=CIRCLE('',#4447,0.5);
#1580=CIRCLE('',#4448,0.5);
#1581=CIRCLE('',#4449,0.5);
#1582=CIRCLE('',#4450,0.5);
#1583=CIRCLE('',#4451,0.5);
#1584=CIRCLE('',#4452,1.);
#1585=CIRCLE('',#4453,0.5);
#1586=CIRCLE('',#4454,0.5);
#1587=CIRCLE('',#4455,0.5);
#1588=CIRCLE('',#4456,0.5);
#1589=CIRCLE('',#4457,0.5);
#1590=CIRCLE('',#4458,0.5);
#1591=CIRCLE('',#4459,1.);
#1592=CIRCLE('',#4460,0.5);
#1593=CIRCLE('',#4461,0.5);
#1594=CIRCLE('',#4462,0.5);
#1595=CIRCLE('',#4463,0.5);
#1596=CIRCLE('',#4464,0.5);
#1597=CIRCLE('',#4465,0.5);
#1598=CIRCLE('',#4466,2.5);
#1599=CIRCLE('',#4511,2.5);
#1600=CIRCLE('',#4514,1.);
#1601=CIRCLE('',#4515,0.5);
#1602=CIRCLE('',#4516,0.5);
#1603=CIRCLE('',#4517,0.5);
#1604=CIRCLE('',#4518,0.5);
#1605=CIRCLE('',#4519,0.5);
#1606=CIRCLE('',#4520,0.5);
#1607=CIRCLE('',#4521,1.);
#1608=CIRCLE('',#4522,0.5);
#1609=CIRCLE('',#4523,0.5);
#1610=CIRCLE('',#4524,0.5);
#1611=CIRCLE('',#4525,0.5);
#1612=CIRCLE('',#4526,0.5);
#1613=CIRCLE('',#4527,0.5);
#1614=CIRCLE('',#4528,1.);
#1615=CIRCLE('',#4529,0.5);
#1616=CIRCLE('',#4530,0.5);
#1617=CIRCLE('',#4531,0.5);
#1618=CIRCLE('',#4532,0.5);
#1619=CIRCLE('',#4533,0.5);
#1620=CIRCLE('',#4534,0.5);
#1621=CIRCLE('',#4535,1.);
#1622=CIRCLE('',#4536,0.5);
#1623=CIRCLE('',#4537,0.5);
#1624=CIRCLE('',#4538,0.5);
#1625=CIRCLE('',#4539,0.5);
#1626=CIRCLE('',#4540,0.5);
#1627=CIRCLE('',#4541,0.5);
#1628=VERTEX_POINT('',#5769);
#1629=VERTEX_POINT('',#5770);
#1630=VERTEX_POINT('',#5772);
#1631=VERTEX_POINT('',#5774);
#1632=VERTEX_POINT('',#5776);
#1633=VERTEX_POINT('',#5778);
#1634=VERTEX_POINT('',#5782);
#1635=VERTEX_POINT('',#5783);
#1636=VERTEX_POINT('',#5785);
#1637=VERTEX_POINT('',#5787);
#1638=VERTEX_POINT('',#5791);
#1639=VERTEX_POINT('',#5793);
#1640=VERTEX_POINT('',#5797);
#1641=VERTEX_POINT('',#5799);
#1642=VERTEX_POINT('',#5803);
#1643=VERTEX_POINT('',#5805);
#1644=VERTEX_POINT('',#5809);
#1645=VERTEX_POINT('',#5811);
#1646=VERTEX_POINT('',#5816);
#1647=VERTEX_POINT('',#5818);
#1648=VERTEX_POINT('',#5825);
#1649=VERTEX_POINT('',#5826);
#1650=VERTEX_POINT('',#5828);
#1651=VERTEX_POINT('',#5830);
#1652=VERTEX_POINT('',#5834);
#1653=VERTEX_POINT('',#5835);
#1654=VERTEX_POINT('',#5837);
#1655=VERTEX_POINT('',#5839);
#1656=VERTEX_POINT('',#5843);
#1657=VERTEX_POINT('',#5845);
#1658=VERTEX_POINT('',#5849);
#1659=VERTEX_POINT('',#5851);
#1660=VERTEX_POINT('',#5855);
#1661=VERTEX_POINT('',#5857);
#1662=VERTEX_POINT('',#5864);
#1663=VERTEX_POINT('',#5866);
#1664=VERTEX_POINT('',#5873);
#1665=VERTEX_POINT('',#5875);
#1666=VERTEX_POINT('',#5879);
#1667=VERTEX_POINT('',#5882);
#1668=VERTEX_POINT('',#5885);
#1669=VERTEX_POINT('',#5889);
#1670=VERTEX_POINT('',#5892);
#1671=VERTEX_POINT('',#5894);
#1672=VERTEX_POINT('',#5897);
#1673=VERTEX_POINT('',#5901);
#1674=VERTEX_POINT('',#5911);
#1675=VERTEX_POINT('',#5912);
#1676=VERTEX_POINT('',#5914);
#1677=VERTEX_POINT('',#5916);
#1678=VERTEX_POINT('',#5920);
#1679=VERTEX_POINT('',#5921);
#1680=VERTEX_POINT('',#5923);
#1681=VERTEX_POINT('',#5925);
#1682=VERTEX_POINT('',#5929);
#1683=VERTEX_POINT('',#5930);
#1684=VERTEX_POINT('',#5932);
#1685=VERTEX_POINT('',#5934);
#1686=VERTEX_POINT('',#5939);
#1687=VERTEX_POINT('',#5941);
#1688=VERTEX_POINT('',#5945);
#1689=VERTEX_POINT('',#5947);
#1690=VERTEX_POINT('',#5952);
#1691=VERTEX_POINT('',#5954);
#1692=VERTEX_POINT('',#5958);
#1693=VERTEX_POINT('',#5960);
#1694=VERTEX_POINT('',#5967);
#1695=VERTEX_POINT('',#5968);
#1696=VERTEX_POINT('',#5970);
#1697=VERTEX_POINT('',#5972);
#1698=VERTEX_POINT('',#5976);
#1699=VERTEX_POINT('',#5977);
#1700=VERTEX_POINT('',#5979);
#1701=VERTEX_POINT('',#5981);
#1702=VERTEX_POINT('',#5985);
#1703=VERTEX_POINT('',#5987);
#1704=VERTEX_POINT('',#5991);
#1705=VERTEX_POINT('',#5993);
#1706=VERTEX_POINT('',#6000);
#1707=VERTEX_POINT('',#6002);
#1708=VERTEX_POINT('',#6006);
#1709=VERTEX_POINT('',#6008);
#1710=VERTEX_POINT('',#6015);
#1711=VERTEX_POINT('',#6017);
#1712=VERTEX_POINT('',#6021);
#1713=VERTEX_POINT('',#6025);
#1714=VERTEX_POINT('',#6029);
#1715=VERTEX_POINT('',#6032);
#1716=VERTEX_POINT('',#6039);
#1717=VERTEX_POINT('',#6041);
#1718=VERTEX_POINT('',#10588);
#1719=VERTEX_POINT('',#11095);
#1720=VERTEX_POINT('',#11100);
#1721=VERTEX_POINT('',#11140);
#1722=VERTEX_POINT('',#11475);
#1723=VERTEX_POINT('',#11508);
#1724=VERTEX_POINT('',#11514);
#1725=VERTEX_POINT('',#11515);
#1726=VERTEX_POINT('',#11517);
#1727=VERTEX_POINT('',#11519);
#1728=VERTEX_POINT('',#11521);
#1729=VERTEX_POINT('',#11523);
#1730=VERTEX_POINT('',#11525);
#1731=VERTEX_POINT('',#11527);
#1732=VERTEX_POINT('',#11531);
#1733=VERTEX_POINT('',#11533);
#1734=VERTEX_POINT('',#11537);
#1735=VERTEX_POINT('',#11541);
#1736=VERTEX_POINT('',#11545);
#1737=VERTEX_POINT('',#11549);
#1738=VERTEX_POINT('',#11553);
#1739=VERTEX_POINT('',#11557);
#1740=VERTEX_POINT('',#11564);
#1741=VERTEX_POINT('',#11565);
#1742=VERTEX_POINT('',#11567);
#1743=VERTEX_POINT('',#11569);
#1744=VERTEX_POINT('',#11571);
#1745=VERTEX_POINT('',#11573);
#1746=VERTEX_POINT('',#11575);
#1747=VERTEX_POINT('',#11577);
#1748=VERTEX_POINT('',#11581);
#1749=VERTEX_POINT('',#11583);
#1750=VERTEX_POINT('',#11587);
#1751=VERTEX_POINT('',#11591);
#1752=VERTEX_POINT('',#11595);
#1753=VERTEX_POINT('',#11599);
#1754=VERTEX_POINT('',#11603);
#1755=VERTEX_POINT('',#11607);
#1756=VERTEX_POINT('',#11614);
#1757=VERTEX_POINT('',#11615);
#1758=VERTEX_POINT('',#11617);
#1759=VERTEX_POINT('',#11619);
#1760=VERTEX_POINT('',#11621);
#1761=VERTEX_POINT('',#11623);
#1762=VERTEX_POINT('',#11625);
#1763=VERTEX_POINT('',#11627);
#1764=VERTEX_POINT('',#11631);
#1765=VERTEX_POINT('',#11633);
#1766=VERTEX_POINT('',#11637);
#1767=VERTEX_POINT('',#11641);
#1768=VERTEX_POINT('',#11645);
#1769=VERTEX_POINT('',#11649);
#1770=VERTEX_POINT('',#11653);
#1771=VERTEX_POINT('',#11657);
#1772=VERTEX_POINT('',#11664);
#1773=VERTEX_POINT('',#11665);
#1774=VERTEX_POINT('',#11667);
#1775=VERTEX_POINT('',#11669);
#1776=VERTEX_POINT('',#11671);
#1777=VERTEX_POINT('',#11673);
#1778=VERTEX_POINT('',#11675);
#1779=VERTEX_POINT('',#11677);
#1780=VERTEX_POINT('',#11681);
#1781=VERTEX_POINT('',#11683);
#1782=VERTEX_POINT('',#11687);
#1783=VERTEX_POINT('',#11691);
#1784=VERTEX_POINT('',#11695);
#1785=VERTEX_POINT('',#11699);
#1786=VERTEX_POINT('',#11703);
#1787=VERTEX_POINT('',#11707);
#1788=VERTEX_POINT('',#11720);
#1789=VERTEX_POINT('',#11722);
#1790=VERTEX_POINT('',#11726);
#1791=VERTEX_POINT('',#11728);
#1792=VERTEX_POINT('',#11732);
#1793=VERTEX_POINT('',#11733);
#1794=VERTEX_POINT('',#11735);
#1795=VERTEX_POINT('',#11737);
#1796=VERTEX_POINT('',#11739);
#1797=VERTEX_POINT('',#11741);
#1798=VERTEX_POINT('',#11745);
#1799=VERTEX_POINT('',#11749);
#1800=VERTEX_POINT('',#11750);
#1801=VERTEX_POINT('',#11752);
#1802=VERTEX_POINT('',#11756);
#1803=VERTEX_POINT('',#11760);
#1804=VERTEX_POINT('',#11764);
#1805=VERTEX_POINT('',#11768);
#1806=VERTEX_POINT('',#11786);
#1807=VERTEX_POINT('',#11792);
#1808=VERTEX_POINT('',#11794);
#1809=VERTEX_POINT('',#11796);
#1810=VERTEX_POINT('',#11834);
#1811=VERTEX_POINT('',#11836);
#1812=VERTEX_POINT('',#11841);
#1813=VERTEX_POINT('',#11842);
#1814=VERTEX_POINT('',#11844);
#1815=VERTEX_POINT('',#11846);
#1816=VERTEX_POINT('',#11850);
#1817=VERTEX_POINT('',#11852);
#1818=VERTEX_POINT('',#11856);
#1819=VERTEX_POINT('',#11858);
#1820=VERTEX_POINT('',#11860);
#1821=VERTEX_POINT('',#11862);
#1822=VERTEX_POINT('',#11864);
#1823=VERTEX_POINT('',#11866);
#1824=VERTEX_POINT('',#11868);
#1825=VERTEX_POINT('',#11870);
#1826=VERTEX_POINT('',#11872);
#1827=VERTEX_POINT('',#11874);
#1828=VERTEX_POINT('',#11876);
#1829=VERTEX_POINT('',#11878);
#1830=VERTEX_POINT('',#11880);
#1831=VERTEX_POINT('',#11882);
#1832=VERTEX_POINT('',#11884);
#1833=VERTEX_POINT('',#11886);
#1834=VERTEX_POINT('',#11888);
#1835=VERTEX_POINT('',#11890);
#1836=VERTEX_POINT('',#11892);
#1837=VERTEX_POINT('',#11894);
#1838=VERTEX_POINT('',#11896);
#1839=VERTEX_POINT('',#11898);
#1840=VERTEX_POINT('',#11902);
#1841=VERTEX_POINT('',#11904);
#1842=VERTEX_POINT('',#11908);
#1843=VERTEX_POINT('',#11912);
#1844=VERTEX_POINT('',#11914);
#1845=VERTEX_POINT('',#11920);
#1846=VERTEX_POINT('',#11922);
#1847=VERTEX_POINT('',#11926);
#1848=VERTEX_POINT('',#11930);
#1849=VERTEX_POINT('',#11934);
#1850=VERTEX_POINT('',#11938);
#1851=VERTEX_POINT('',#11940);
#1852=VERTEX_POINT('',#11944);
#1853=VERTEX_POINT('',#11948);
#1854=VERTEX_POINT('',#11952);
#1855=VERTEX_POINT('',#11956);
#1856=VERTEX_POINT('',#11962);
#1857=VERTEX_POINT('',#11970);
#1858=VERTEX_POINT('',#11974);
#1859=VERTEX_POINT('',#11978);
#1860=VERTEX_POINT('',#11982);
#1861=VERTEX_POINT('',#11986);
#1862=VERTEX_POINT('',#11995);
#1863=VERTEX_POINT('',#11996);
#1864=VERTEX_POINT('',#11998);
#1865=VERTEX_POINT('',#12000);
#1866=VERTEX_POINT('',#12002);
#1867=VERTEX_POINT('',#12004);
#1868=VERTEX_POINT('',#12006);
#1869=VERTEX_POINT('',#12008);
#1870=VERTEX_POINT('',#12010);
#1871=VERTEX_POINT('',#12012);
#1872=VERTEX_POINT('',#12014);
#1873=VERTEX_POINT('',#12016);
#1874=VERTEX_POINT('',#12018);
#1875=VERTEX_POINT('',#12020);
#1876=VERTEX_POINT('',#12022);
#1877=VERTEX_POINT('',#12024);
#1878=VERTEX_POINT('',#12026);
#1879=VERTEX_POINT('',#12028);
#1880=VERTEX_POINT('',#12030);
#1881=VERTEX_POINT('',#12032);
#1882=VERTEX_POINT('',#12034);
#1883=VERTEX_POINT('',#12036);
#1884=VERTEX_POINT('',#12038);
#1885=VERTEX_POINT('',#12040);
#1886=VERTEX_POINT('',#12042);
#1887=VERTEX_POINT('',#12044);
#1888=VERTEX_POINT('',#12046);
#1889=VERTEX_POINT('',#12048);
#1890=VERTEX_POINT('',#12050);
#1891=VERTEX_POINT('',#12052);
#1892=VERTEX_POINT('',#12054);
#1893=VERTEX_POINT('',#12056);
#1894=VERTEX_POINT('',#12058);
#1895=VERTEX_POINT('',#12060);
#1896=VERTEX_POINT('',#12062);
#1897=VERTEX_POINT('',#12064);
#1898=VERTEX_POINT('',#12066);
#1899=VERTEX_POINT('',#12068);
#1900=VERTEX_POINT('',#12070);
#1901=VERTEX_POINT('',#12072);
#1902=VERTEX_POINT('',#12074);
#1903=VERTEX_POINT('',#12076);
#1904=VERTEX_POINT('',#12078);
#1905=VERTEX_POINT('',#12080);
#1906=VERTEX_POINT('',#12082);
#1907=VERTEX_POINT('',#12084);
#1908=VERTEX_POINT('',#12086);
#1909=VERTEX_POINT('',#12088);
#1910=VERTEX_POINT('',#12090);
#1911=VERTEX_POINT('',#12092);
#1912=VERTEX_POINT('',#12094);
#1913=VERTEX_POINT('',#12096);
#1914=VERTEX_POINT('',#12098);
#1915=VERTEX_POINT('',#12100);
#1916=VERTEX_POINT('',#12102);
#1917=VERTEX_POINT('',#12104);
#1918=VERTEX_POINT('',#12106);
#1919=VERTEX_POINT('',#12108);
#1920=VERTEX_POINT('',#12110);
#1921=VERTEX_POINT('',#12112);
#1922=VERTEX_POINT('',#12114);
#1923=VERTEX_POINT('',#12116);
#1924=VERTEX_POINT('',#12118);
#1925=VERTEX_POINT('',#12120);
#1926=VERTEX_POINT('',#12122);
#1927=VERTEX_POINT('',#12124);
#1928=VERTEX_POINT('',#12126);
#1929=VERTEX_POINT('',#12128);
#1930=VERTEX_POINT('',#12130);
#1931=VERTEX_POINT('',#12132);
#1932=VERTEX_POINT('',#12134);
#1933=VERTEX_POINT('',#12136);
#1934=VERTEX_POINT('',#12139);
#1935=VERTEX_POINT('',#12142);
#1936=VERTEX_POINT('',#12144);
#1937=VERTEX_POINT('',#12148);
#1938=VERTEX_POINT('',#12152);
#1939=VERTEX_POINT('',#12153);
#1940=VERTEX_POINT('',#12158);
#1941=VERTEX_POINT('',#12162);
#1942=VERTEX_POINT('',#12166);
#1943=VERTEX_POINT('',#12167);
#1944=VERTEX_POINT('',#12172);
#1945=VERTEX_POINT('',#12174);
#1946=VERTEX_POINT('',#12178);
#1947=VERTEX_POINT('',#12180);
#1948=VERTEX_POINT('',#12184);
#1949=VERTEX_POINT('',#12186);
#1950=VERTEX_POINT('',#12190);
#1951=VERTEX_POINT('',#12192);
#1952=VERTEX_POINT('',#12196);
#1953=VERTEX_POINT('',#12197);
#1954=VERTEX_POINT('',#12202);
#1955=VERTEX_POINT('',#12206);
#1956=VERTEX_POINT('',#12210);
#1957=VERTEX_POINT('',#12211);
#1958=VERTEX_POINT('',#12216);
#1959=VERTEX_POINT('',#12220);
#1960=VERTEX_POINT('',#12224);
#1961=VERTEX_POINT('',#12225);
#1962=VERTEX_POINT('',#12230);
#1963=VERTEX_POINT('',#12231);
#1964=VERTEX_POINT('',#12236);
#1965=VERTEX_POINT('',#12238);
#1966=VERTEX_POINT('',#12242);
#1967=VERTEX_POINT('',#12244);
#1968=VERTEX_POINT('',#12248);
#1969=VERTEX_POINT('',#12250);
#1970=VERTEX_POINT('',#12254);
#1971=VERTEX_POINT('',#12255);
#1972=VERTEX_POINT('',#12260);
#1973=VERTEX_POINT('',#12264);
#1974=VERTEX_POINT('',#12268);
#1975=VERTEX_POINT('',#12269);
#1976=VERTEX_POINT('',#12274);
#1977=VERTEX_POINT('',#12278);
#1978=VERTEX_POINT('',#12282);
#1979=VERTEX_POINT('',#12283);
#1980=VERTEX_POINT('',#12288);
#1981=VERTEX_POINT('',#12289);
#1982=VERTEX_POINT('',#12294);
#1983=VERTEX_POINT('',#12295);
#1984=VERTEX_POINT('',#12300);
#1985=VERTEX_POINT('',#12302);
#1986=VERTEX_POINT('',#12306);
#1987=VERTEX_POINT('',#12307);
#1988=VERTEX_POINT('',#12312);
#1989=VERTEX_POINT('',#12313);
#1990=VERTEX_POINT('',#12318);
#1991=VERTEX_POINT('',#12322);
#1992=VERTEX_POINT('',#12326);
#1993=VERTEX_POINT('',#12327);
#1994=VERTEX_POINT('',#12332);
#1995=VERTEX_POINT('',#12336);
#1996=VERTEX_POINT('',#12340);
#1997=VERTEX_POINT('',#12342);
#1998=VERTEX_POINT('',#12346);
#1999=VERTEX_POINT('',#12348);
#2000=VERTEX_POINT('',#12352);
#2001=VERTEX_POINT('',#12353);
#2002=VERTEX_POINT('',#12358);
#2003=VERTEX_POINT('',#12360);
#2004=VERTEX_POINT('',#12364);
#2005=VERTEX_POINT('',#12366);
#2006=VERTEX_POINT('',#12370);
#2007=VERTEX_POINT('',#12374);
#2008=EDGE_CURVE('',#1628,#1629,#1477,.T.);
#2009=EDGE_CURVE('',#1630,#1628,#643,.T.);
#2010=EDGE_CURVE('',#1631,#1630,#1478,.T.);
#2011=EDGE_CURVE('',#1632,#1631,#1479,.T.);
#2012=EDGE_CURVE('',#1632,#1633,#644,.T.);
#2013=EDGE_CURVE('',#1629,#1633,#1480,.T.);
#2014=EDGE_CURVE('',#1634,#1635,#1481,.T.);
#2015=EDGE_CURVE('',#1634,#1636,#645,.T.);
#2016=EDGE_CURVE('',#1637,#1636,#1482,.T.);
#2017=EDGE_CURVE('',#1635,#1637,#646,.T.);
#2018=EDGE_CURVE('',#1633,#1638,#647,.T.);
#2019=EDGE_CURVE('',#1639,#1632,#648,.T.);
#2020=EDGE_CURVE('',#1639,#1638,#649,.T.);
#2021=EDGE_CURVE('',#1640,#1628,#650,.T.);
#2022=EDGE_CURVE('',#1641,#1640,#651,.T.);
#2023=EDGE_CURVE('',#1630,#1641,#652,.T.);
#2024=EDGE_CURVE('',#1635,#1642,#653,.T.);
#2025=EDGE_CURVE('',#1643,#1637,#654,.T.);
#2026=EDGE_CURVE('',#1642,#1643,#655,.T.);
#2027=EDGE_CURVE('',#1638,#1644,#1483,.T.);
#2028=EDGE_CURVE('',#1645,#1639,#1484,.T.);
#2029=EDGE_CURVE('',#1641,#1645,#1485,.T.);
#2030=EDGE_CURVE('',#1644,#1640,#1486,.T.);
#2031=EDGE_CURVE('',#1642,#1646,#1487,.T.);
#2032=EDGE_CURVE('',#1647,#1643,#1488,.T.);
#2033=EDGE_CURVE('',#1646,#1647,#656,.T.);
#2034=EDGE_CURVE('',#1646,#1634,#657,.T.);
#2035=EDGE_CURVE('',#1636,#1647,#658,.T.);
#2036=EDGE_CURVE('',#1648,#1649,#1489,.T.);
#2037=EDGE_CURVE('',#1650,#1648,#659,.T.);
#2038=EDGE_CURVE('',#1651,#1650,#1490,.T.);
#2039=EDGE_CURVE('',#1651,#1649,#660,.T.);
#2040=EDGE_CURVE('',#1652,#1653,#1491,.T.);
#2041=EDGE_CURVE('',#1652,#1654,#661,.T.);
#2042=EDGE_CURVE('',#1655,#1654,#1492,.T.);
#2043=EDGE_CURVE('',#1653,#1655,#662,.T.);
#2044=EDGE_CURVE('',#1656,#1648,#663,.T.);
#2045=EDGE_CURVE('',#1657,#1656,#664,.T.);
#2046=EDGE_CURVE('',#1650,#1657,#665,.T.);
#2047=EDGE_CURVE('',#1653,#1658,#666,.T.);
#2048=EDGE_CURVE('',#1659,#1655,#667,.T.);
#2049=EDGE_CURVE('',#1658,#1659,#668,.T.);
#2050=EDGE_CURVE('',#1649,#1660,#669,.T.);
#2051=EDGE_CURVE('',#1661,#1651,#670,.T.);
#2052=EDGE_CURVE('',#1661,#1660,#671,.T.);
#2053=EDGE_CURVE('',#1660,#1656,#1493,.T.);
#2054=EDGE_CURVE('',#1657,#1661,#1494,.T.);
#2055=EDGE_CURVE('',#1658,#1662,#1495,.T.);
#2056=EDGE_CURVE('',#1663,#1659,#1496,.T.);
#2057=EDGE_CURVE('',#1662,#1663,#672,.T.);
#2058=EDGE_CURVE('',#1662,#1652,#673,.T.);
#2059=EDGE_CURVE('',#1654,#1663,#674,.T.);
#2060=EDGE_CURVE('',#1664,#1664,#1497,.T.);
#2061=EDGE_CURVE('',#1664,#1665,#675,.T.);
#2062=EDGE_CURVE('',#1665,#1665,#1498,.T.);
#2063=EDGE_CURVE('',#1666,#1666,#1499,.T.);
#2064=EDGE_CURVE('',#1667,#1667,#1500,.T.);
#2065=EDGE_CURVE('',#1668,#1668,#1501,.T.);
#2066=EDGE_CURVE('',#1668,#1667,#676,.T.);
#2067=EDGE_CURVE('',#1669,#1669,#1502,.T.);
#2068=EDGE_CURVE('',#1670,#1670,#1503,.T.);
#2069=EDGE_CURVE('',#1671,#1671,#1504,.T.);
#2070=EDGE_CURVE('',#1672,#1672,#1505,.T.);
#2071=EDGE_CURVE('',#1672,#1670,#677,.T.);
#2072=EDGE_CURVE('',#1673,#1673,#1506,.T.);
#2073=EDGE_CURVE('',#1666,#1629,#678,.T.);
#2074=EDGE_CURVE('',#1644,#1671,#679,.T.);
#2075=EDGE_CURVE('',#1669,#1631,#680,.T.);
#2076=EDGE_CURVE('',#1645,#1673,#681,.T.);
#2077=EDGE_CURVE('',#1674,#1675,#682,.T.);
#2078=EDGE_CURVE('',#1676,#1674,#683,.T.);
#2079=EDGE_CURVE('',#1677,#1676,#684,.T.);
#2080=EDGE_CURVE('',#1677,#1675,#685,.T.);
#2081=EDGE_CURVE('',#1678,#1679,#686,.T.);
#2082=EDGE_CURVE('',#1678,#1680,#687,.T.);
#2083=EDGE_CURVE('',#1681,#1680,#688,.T.);
#2084=EDGE_CURVE('',#1679,#1681,#689,.T.);
#2085=EDGE_CURVE('',#1682,#1683,#1507,.T.);
#2086=EDGE_CURVE('',#1684,#1682,#690,.T.);
#2087=EDGE_CURVE('',#1685,#1684,#1508,.T.);
#2088=EDGE_CURVE('',#1676,#1685,#1509,.T.);
#2089=EDGE_CURVE('',#1683,#1674,#1510,.T.);
#2090=EDGE_CURVE('',#1686,#1682,#691,.T.);
#2091=EDGE_CURVE('',#1687,#1686,#692,.T.);
#2092=EDGE_CURVE('',#1684,#1687,#693,.T.);
#2093=EDGE_CURVE('',#1675,#1688,#1511,.T.);
#2094=EDGE_CURVE('',#1689,#1677,#1512,.T.);
#2095=EDGE_CURVE('',#1687,#1689,#1513,.T.);
#2096=EDGE_CURVE('',#1688,#1686,#1514,.T.);
#2097=EDGE_CURVE('',#1690,#1678,#1515,.T.);
#2098=EDGE_CURVE('',#1690,#1691,#694,.T.);
#2099=EDGE_CURVE('',#1680,#1691,#1516,.T.);
#2100=EDGE_CURVE('',#1679,#1692,#1517,.T.);
#2101=EDGE_CURVE('',#1693,#1681,#1518,.T.);
#2102=EDGE_CURVE('',#1692,#1693,#695,.T.);
#2103=EDGE_CURVE('',#1692,#1690,#696,.T.);
#2104=EDGE_CURVE('',#1691,#1693,#697,.T.);
#2105=EDGE_CURVE('',#1694,#1695,#698,.T.);
#2106=EDGE_CURVE('',#1696,#1694,#699,.T.);
#2107=EDGE_CURVE('',#1697,#1696,#700,.T.);
#2108=EDGE_CURVE('',#1697,#1695,#701,.T.);
#2109=EDGE_CURVE('',#1698,#1699,#702,.T.);
#2110=EDGE_CURVE('',#1698,#1700,#703,.T.);
#2111=EDGE_CURVE('',#1701,#1700,#704,.T.);
#2112=EDGE_CURVE('',#1699,#1701,#705,.T.);
#2113=EDGE_CURVE('',#1702,#1694,#1519,.T.);
#2114=EDGE_CURVE('',#1703,#1702,#706,.T.);
#2115=EDGE_CURVE('',#1696,#1703,#1520,.T.);
#2116=EDGE_CURVE('',#1704,#1702,#707,.T.);
#2117=EDGE_CURVE('',#1705,#1704,#708,.T.);
#2118=EDGE_CURVE('',#1703,#1705,#709,.T.);
#2119=EDGE_CURVE('',#1695,#1704,#1521,.T.);
#2120=EDGE_CURVE('',#1705,#1697,#1522,.T.);
#2121=EDGE_CURVE('',#1706,#1698,#1523,.T.);
#2122=EDGE_CURVE('',#1706,#1707,#710,.T.);
#2123=EDGE_CURVE('',#1700,#1707,#1524,.T.);
#2124=EDGE_CURVE('',#1699,#1708,#1525,.T.);
#2125=EDGE_CURVE('',#1709,#1701,#1526,.T.);
#2126=EDGE_CURVE('',#1708,#1709,#711,.T.);
#2127=EDGE_CURVE('',#1708,#1706,#712,.T.);
#2128=EDGE_CURVE('',#1707,#1709,#713,.T.);
#2129=EDGE_CURVE('',#1710,#1710,#1527,.T.);
#2130=EDGE_CURVE('',#1710,#1711,#714,.T.);
#2131=EDGE_CURVE('',#1711,#1711,#1528,.T.);
#2132=EDGE_CURVE('',#1712,#1712,#1529,.T.);
#2133=EDGE_CURVE('',#1712,#1683,#715,.T.);
#2134=EDGE_CURVE('',#1688,#1713,#716,.T.);
#2135=EDGE_CURVE('',#1713,#1713,#1530,.T.);
#2136=EDGE_CURVE('',#1714,#1714,#1531,.T.);
#2137=EDGE_CURVE('',#1714,#1685,#717,.T.);
#2138=EDGE_CURVE('',#1689,#1715,#718,.T.);
#2139=EDGE_CURVE('',#1715,#1715,#1532,.T.);
#2140=EDGE_CURVE('',#1716,#1716,#1533,.T.);
#2141=EDGE_CURVE('',#1717,#1717,#1534,.T.);
#2142=EDGE_CURVE('',#1718,#1716,#53,.T.);
#2143=EDGE_CURVE('',#1717,#1719,#719,.T.);
#2144=EDGE_CURVE('',#1719,#1719,#1535,.T.);
#2145=EDGE_CURVE('',#1720,#1720,#49,.F.);
#2146=EDGE_CURVE('',#1721,#1721,#1536,.F.);
#2147=EDGE_CURVE('',#1722,#1720,#50,.T.);
#2148=EDGE_CURVE('',#1723,#1723,#1537,.F.);
#2149=EDGE_CURVE('',#1723,#1721,#720,.T.);
#2150=EDGE_CURVE('',#1724,#1725,#721,.T.);
#2151=EDGE_CURVE('',#1725,#1726,#722,.T.);
#2152=EDGE_CURVE('',#1726,#1727,#723,.T.);
#2153=EDGE_CURVE('',#1727,#1728,#724,.T.);
#2154=EDGE_CURVE('',#1728,#1729,#725,.T.);
#2155=EDGE_CURVE('',#1729,#1730,#726,.T.);
#2156=EDGE_CURVE('',#1730,#1731,#727,.T.);
#2157=EDGE_CURVE('',#1731,#1724,#728,.T.);
#2158=EDGE_CURVE('',#1732,#1725,#729,.T.);
#2159=EDGE_CURVE('',#1733,#1732,#730,.T.);
#2160=EDGE_CURVE('',#1726,#1733,#731,.T.);
#2161=EDGE_CURVE('',#1734,#1733,#732,.T.);
#2162=EDGE_CURVE('',#1727,#1734,#733,.T.);
#2163=EDGE_CURVE('',#1735,#1734,#734,.T.);
#2164=EDGE_CURVE('',#1728,#1735,#735,.T.);
#2165=EDGE_CURVE('',#1736,#1735,#736,.T.);
#2166=EDGE_CURVE('',#1729,#1736,#737,.T.);
#2167=EDGE_CURVE('',#1737,#1736,#738,.T.);
#2168=EDGE_CURVE('',#1730,#1737,#739,.T.);
#2169=EDGE_CURVE('',#1738,#1737,#740,.T.);
#2170=EDGE_CURVE('',#1731,#1738,#741,.T.);
#2171=EDGE_CURVE('',#1739,#1738,#742,.T.);
#2172=EDGE_CURVE('',#1724,#1739,#743,.T.);
#2173=EDGE_CURVE('',#1732,#1739,#744,.T.);
#2174=EDGE_CURVE('',#1740,#1741,#745,.T.);
#2175=EDGE_CURVE('',#1741,#1742,#746,.T.);
#2176=EDGE_CURVE('',#1742,#1743,#747,.T.);
#2177=EDGE_CURVE('',#1743,#1744,#748,.T.);
#2178=EDGE_CURVE('',#1744,#1745,#749,.T.);
#2179=EDGE_CURVE('',#1745,#1746,#750,.T.);
#2180=EDGE_CURVE('',#1746,#1747,#751,.T.);
#2181=EDGE_CURVE('',#1747,#1740,#752,.T.);
#2182=EDGE_CURVE('',#1748,#1741,#753,.T.);
#2183=EDGE_CURVE('',#1749,#1748,#754,.T.);
#2184=EDGE_CURVE('',#1742,#1749,#755,.T.);
#2185=EDGE_CURVE('',#1750,#1749,#756,.T.);
#2186=EDGE_CURVE('',#1743,#1750,#757,.T.);
#2187=EDGE_CURVE('',#1751,#1750,#758,.T.);
#2188=EDGE_CURVE('',#1744,#1751,#759,.T.);
#2189=EDGE_CURVE('',#1752,#1751,#760,.T.);
#2190=EDGE_CURVE('',#1745,#1752,#761,.T.);
#2191=EDGE_CURVE('',#1753,#1752,#762,.T.);
#2192=EDGE_CURVE('',#1746,#1753,#763,.T.);
#2193=EDGE_CURVE('',#1754,#1753,#764,.T.);
#2194=EDGE_CURVE('',#1747,#1754,#765,.T.);
#2195=EDGE_CURVE('',#1755,#1754,#766,.T.);
#2196=EDGE_CURVE('',#1740,#1755,#767,.T.);
#2197=EDGE_CURVE('',#1748,#1755,#768,.T.);
#2198=EDGE_CURVE('',#1756,#1757,#769,.T.);
#2199=EDGE_CURVE('',#1757,#1758,#770,.T.);
#2200=EDGE_CURVE('',#1758,#1759,#771,.T.);
#2201=EDGE_CURVE('',#1759,#1760,#772,.T.);
#2202=EDGE_CURVE('',#1760,#1761,#773,.T.);
#2203=EDGE_CURVE('',#1761,#1762,#774,.T.);
#2204=EDGE_CURVE('',#1762,#1763,#775,.T.);
#2205=EDGE_CURVE('',#1763,#1756,#776,.T.);
#2206=EDGE_CURVE('',#1764,#1757,#777,.T.);
#2207=EDGE_CURVE('',#1765,#1764,#778,.T.);
#2208=EDGE_CURVE('',#1758,#1765,#779,.T.);
#2209=EDGE_CURVE('',#1766,#1765,#780,.T.);
#2210=EDGE_CURVE('',#1759,#1766,#781,.T.);
#2211=EDGE_CURVE('',#1767,#1766,#782,.T.);
#2212=EDGE_CURVE('',#1760,#1767,#783,.T.);
#2213=EDGE_CURVE('',#1768,#1767,#784,.T.);
#2214=EDGE_CURVE('',#1761,#1768,#785,.T.);
#2215=EDGE_CURVE('',#1769,#1768,#786,.T.);
#2216=EDGE_CURVE('',#1762,#1769,#787,.T.);
#2217=EDGE_CURVE('',#1770,#1769,#788,.T.);
#2218=EDGE_CURVE('',#1763,#1770,#789,.T.);
#2219=EDGE_CURVE('',#1771,#1770,#790,.T.);
#2220=EDGE_CURVE('',#1756,#1771,#791,.T.);
#2221=EDGE_CURVE('',#1764,#1771,#792,.T.);
#2222=EDGE_CURVE('',#1772,#1773,#793,.T.);
#2223=EDGE_CURVE('',#1773,#1774,#794,.T.);
#2224=EDGE_CURVE('',#1774,#1775,#795,.T.);
#2225=EDGE_CURVE('',#1775,#1776,#796,.T.);
#2226=EDGE_CURVE('',#1776,#1777,#797,.T.);
#2227=EDGE_CURVE('',#1777,#1778,#798,.T.);
#2228=EDGE_CURVE('',#1778,#1779,#799,.T.);
#2229=EDGE_CURVE('',#1779,#1772,#800,.T.);
#2230=EDGE_CURVE('',#1780,#1773,#801,.T.);
#2231=EDGE_CURVE('',#1781,#1780,#802,.T.);
#2232=EDGE_CURVE('',#1774,#1781,#803,.T.);
#2233=EDGE_CURVE('',#1782,#1781,#804,.T.);
#2234=EDGE_CURVE('',#1775,#1782,#805,.T.);
#2235=EDGE_CURVE('',#1783,#1782,#806,.T.);
#2236=EDGE_CURVE('',#1776,#1783,#807,.T.);
#2237=EDGE_CURVE('',#1784,#1783,#808,.T.);
#2238=EDGE_CURVE('',#1777,#1784,#809,.T.);
#2239=EDGE_CURVE('',#1785,#1784,#810,.T.);
#2240=EDGE_CURVE('',#1778,#1785,#811,.T.);
#2241=EDGE_CURVE('',#1786,#1785,#812,.T.);
#2242=EDGE_CURVE('',#1779,#1786,#813,.T.);
#2243=EDGE_CURVE('',#1787,#1786,#814,.T.);
#2244=EDGE_CURVE('',#1772,#1787,#815,.T.);
#2245=EDGE_CURVE('',#1780,#1787,#816,.T.);
#2246=EDGE_CURVE('',#1788,#1788,#1538,.T.);
#2247=EDGE_CURVE('',#1788,#1789,#817,.T.);
#2248=EDGE_CURVE('',#1789,#1789,#1539,.T.);
#2249=EDGE_CURVE('',#1790,#1790,#1540,.T.);
#2250=EDGE_CURVE('',#1790,#1791,#1541,.T.);
#2251=EDGE_CURVE('',#1791,#1791,#1542,.T.);
#2252=EDGE_CURVE('',#1792,#1793,#818,.T.);
#2253=EDGE_CURVE('',#1793,#1794,#819,.T.);
#2254=EDGE_CURVE('',#1794,#1795,#820,.T.);
#2255=EDGE_CURVE('',#1795,#1796,#821,.T.);
#2256=EDGE_CURVE('',#1796,#1797,#822,.T.);
#2257=EDGE_CURVE('',#1797,#1792,#823,.T.);
#2258=EDGE_CURVE('',#1798,#1798,#1543,.T.);
#2259=EDGE_CURVE('',#1798,#1790,#824,.T.);
#2260=EDGE_CURVE('',#1799,#1800,#825,.T.);
#2261=EDGE_CURVE('',#1801,#1799,#826,.T.);
#2262=EDGE_CURVE('',#1801,#1800,#827,.T.);
#2263=EDGE_CURVE('',#1802,#1801,#828,.T.);
#2264=EDGE_CURVE('',#1802,#1800,#829,.T.);
#2265=EDGE_CURVE('',#1803,#1802,#830,.T.);
#2266=EDGE_CURVE('',#1803,#1800,#831,.T.);
#2267=EDGE_CURVE('',#1804,#1803,#832,.T.);
#2268=EDGE_CURVE('',#1804,#1800,#833,.T.);
#2269=EDGE_CURVE('',#1805,#1804,#834,.T.);
#2270=EDGE_CURVE('',#1805,#1800,#835,.T.);
#2271=EDGE_CURVE('',#1799,#1805,#836,.T.);
#2272=EDGE_CURVE('',#1792,#1801,#837,.T.);
#2273=EDGE_CURVE('',#1793,#1799,#838,.T.);
#2274=EDGE_CURVE('',#1797,#1802,#839,.T.);
#2275=EDGE_CURVE('',#1796,#1803,#840,.T.);
#2276=EDGE_CURVE('',#1795,#1804,#841,.T.);
#2277=EDGE_CURVE('',#1794,#1805,#842,.T.);
#2278=EDGE_CURVE('',#1788,#1806,#843,.T.);
#2279=EDGE_CURVE('',#1806,#1806,#1544,.F.);
#2280=EDGE_CURVE('',#1807,#1807,#1545,.T.);
#2281=EDGE_CURVE('',#1807,#1808,#844,.T.);
#2282=EDGE_CURVE('',#1809,#1808,#51,.T.);
#2283=EDGE_CURVE('',#1808,#1809,#52,.T.);
#2284=EDGE_CURVE('',#1810,#1810,#1546,.T.);
#2285=EDGE_CURVE('',#1810,#1811,#845,.T.);
#2286=EDGE_CURVE('',#1811,#1811,#1547,.T.);
#2287=EDGE_CURVE('',#1812,#1813,#846,.T.);
#2288=EDGE_CURVE('',#1814,#1812,#1548,.T.);
#2289=EDGE_CURVE('',#1815,#1814,#847,.T.);
#2290=EDGE_CURVE('',#1813,#1815,#1549,.T.);
#2291=EDGE_CURVE('',#1813,#1816,#848,.T.);
#2292=EDGE_CURVE('',#1816,#1817,#849,.T.);
#2293=EDGE_CURVE('',#1812,#1817,#850,.T.);
#2294=EDGE_CURVE('',#1818,#1815,#851,.T.);
#2295=EDGE_CURVE('',#1819,#1818,#852,.T.);
#2296=EDGE_CURVE('',#1820,#1819,#1550,.T.);
#2297=EDGE_CURVE('',#1821,#1820,#853,.T.);
#2298=EDGE_CURVE('',#1822,#1821,#1551,.T.);
#2299=EDGE_CURVE('',#1823,#1822,#854,.T.);
#2300=EDGE_CURVE('',#1823,#1824,#1552,.T.);
#2301=EDGE_CURVE('',#1825,#1824,#855,.T.);
#2302=EDGE_CURVE('',#1825,#1826,#1553,.T.);
#2303=EDGE_CURVE('',#1827,#1826,#856,.T.);
#2304=EDGE_CURVE('',#1827,#1828,#1554,.T.);
#2305=EDGE_CURVE('',#1829,#1828,#857,.T.);
#2306=EDGE_CURVE('',#1829,#1830,#1555,.T.);
#2307=EDGE_CURVE('',#1831,#1830,#858,.T.);
#2308=EDGE_CURVE('',#1831,#1832,#1556,.T.);
#2309=EDGE_CURVE('',#1833,#1832,#859,.T.);
#2310=EDGE_CURVE('',#1833,#1834,#1557,.T.);
#2311=EDGE_CURVE('',#1835,#1834,#860,.T.);
#2312=EDGE_CURVE('',#1836,#1835,#1558,.T.);
#2313=EDGE_CURVE('',#1837,#1836,#861,.T.);
#2314=EDGE_CURVE('',#1838,#1837,#1559,.T.);
#2315=EDGE_CURVE('',#1838,#1839,#862,.T.);
#2316=EDGE_CURVE('',#1839,#1816,#863,.T.);
#2317=EDGE_CURVE('',#1819,#1840,#864,.T.);
#2318=EDGE_CURVE('',#1840,#1841,#1560,.T.);
#2319=EDGE_CURVE('',#1841,#1820,#865,.T.);
#2320=EDGE_CURVE('',#1818,#1842,#866,.T.);
#2321=EDGE_CURVE('',#1840,#1842,#867,.T.);
#2322=EDGE_CURVE('',#1821,#1843,#868,.T.);
#2323=EDGE_CURVE('',#1843,#1844,#1561,.T.);
#2324=EDGE_CURVE('',#1844,#1822,#869,.T.);
#2325=EDGE_CURVE('',#1843,#1841,#870,.T.);
#2326=EDGE_CURVE('',#1837,#1845,#871,.T.);
#2327=EDGE_CURVE('',#1845,#1846,#1562,.T.);
#2328=EDGE_CURVE('',#1846,#1838,#872,.T.);
#2329=EDGE_CURVE('',#1847,#1836,#873,.T.);
#2330=EDGE_CURVE('',#1845,#1847,#874,.T.);
#2331=EDGE_CURVE('',#1835,#1848,#875,.T.);
#2332=EDGE_CURVE('',#1848,#1847,#1563,.T.);
#2333=EDGE_CURVE('',#1834,#1849,#876,.T.);
#2334=EDGE_CURVE('',#1848,#1849,#877,.T.);
#2335=EDGE_CURVE('',#1828,#1850,#878,.T.);
#2336=EDGE_CURVE('',#1851,#1850,#879,.T.);
#2337=EDGE_CURVE('',#1829,#1851,#880,.T.);
#2338=EDGE_CURVE('',#1852,#1851,#1564,.T.);
#2339=EDGE_CURVE('',#1830,#1852,#881,.T.);
#2340=EDGE_CURVE('',#1853,#1852,#882,.T.);
#2341=EDGE_CURVE('',#1831,#1853,#883,.T.);
#2342=EDGE_CURVE('',#1854,#1853,#1565,.T.);
#2343=EDGE_CURVE('',#1832,#1854,#884,.T.);
#2344=EDGE_CURVE('',#1855,#1854,#885,.T.);
#2345=EDGE_CURVE('',#1833,#1855,#886,.T.);
#2346=EDGE_CURVE('',#1849,#1855,#1566,.T.);
#2347=EDGE_CURVE('',#1856,#1846,#887,.T.);
#2348=EDGE_CURVE('',#1839,#1856,#888,.T.);
#2349=EDGE_CURVE('',#1817,#1856,#889,.T.);
#2350=EDGE_CURVE('',#1842,#1814,#890,.T.);
#2351=EDGE_CURVE('',#1857,#1844,#891,.T.);
#2352=EDGE_CURVE('',#1823,#1857,#892,.T.);
#2353=EDGE_CURVE('',#1858,#1857,#1567,.T.);
#2354=EDGE_CURVE('',#1824,#1858,#893,.T.);
#2355=EDGE_CURVE('',#1859,#1858,#894,.T.);
#2356=EDGE_CURVE('',#1825,#1859,#895,.T.);
#2357=EDGE_CURVE('',#1860,#1859,#1568,.T.);
#2358=EDGE_CURVE('',#1826,#1860,#896,.T.);
#2359=EDGE_CURVE('',#1861,#1860,#897,.T.);
#2360=EDGE_CURVE('',#1827,#1861,#898,.T.);
#2361=EDGE_CURVE('',#1850,#1861,#1569,.T.);
#2362=EDGE_CURVE('',#1862,#1863,#899,.T.);
#2363=EDGE_CURVE('',#1863,#1864,#1570,.T.);
#2364=EDGE_CURVE('',#1864,#1865,#900,.T.);
#2365=EDGE_CURVE('',#1865,#1866,#901,.T.);
#2366=EDGE_CURVE('',#1866,#1867,#902,.T.);
#2367=EDGE_CURVE('',#1867,#1868,#1571,.T.);
#2368=EDGE_CURVE('',#1868,#1869,#903,.T.);
#2369=EDGE_CURVE('',#1869,#1870,#1572,.T.);
#2370=EDGE_CURVE('',#1870,#1871,#904,.T.);
#2371=EDGE_CURVE('',#1871,#1872,#1573,.T.);
#2372=EDGE_CURVE('',#1872,#1873,#905,.T.);
#2373=EDGE_CURVE('',#1873,#1874,#1574,.T.);
#2374=EDGE_CURVE('',#1874,#1875,#906,.T.);
#2375=EDGE_CURVE('',#1875,#1876,#1575,.T.);
#2376=EDGE_CURVE('',#1876,#1877,#907,.T.);
#2377=EDGE_CURVE('',#1877,#1878,#1576,.T.);
#2378=EDGE_CURVE('',#1878,#1879,#908,.T.);
#2379=EDGE_CURVE('',#1879,#1880,#909,.T.);
#2380=EDGE_CURVE('',#1880,#1881,#910,.T.);
#2381=EDGE_CURVE('',#1881,#1882,#1577,.T.);
#2382=EDGE_CURVE('',#1882,#1883,#911,.T.);
#2383=EDGE_CURVE('',#1883,#1884,#912,.T.);
#2384=EDGE_CURVE('',#1884,#1885,#913,.T.);
#2385=EDGE_CURVE('',#1885,#1886,#1578,.T.);
#2386=EDGE_CURVE('',#1886,#1887,#914,.T.);
#2387=EDGE_CURVE('',#1887,#1888,#1579,.T.);
#2388=EDGE_CURVE('',#1888,#1889,#915,.T.);
#2389=EDGE_CURVE('',#1889,#1890,#1580,.T.);
#2390=EDGE_CURVE('',#1890,#1891,#916,.T.);
#2391=EDGE_CURVE('',#1891,#1892,#1581,.T.);
#2392=EDGE_CURVE('',#1892,#1893,#917,.T.);
#2393=EDGE_CURVE('',#1893,#1894,#1582,.T.);
#2394=EDGE_CURVE('',#1894,#1895,#918,.T.);
#2395=EDGE_CURVE('',#1895,#1896,#1583,.T.);
#2396=EDGE_CURVE('',#1896,#1897,#919,.T.);
#2397=EDGE_CURVE('',#1897,#1898,#920,.T.);
#2398=EDGE_CURVE('',#1898,#1899,#921,.T.);
#2399=EDGE_CURVE('',#1899,#1900,#1584,.T.);
#2400=EDGE_CURVE('',#1900,#1901,#922,.T.);
#2401=EDGE_CURVE('',#1901,#1902,#923,.T.);
#2402=EDGE_CURVE('',#1902,#1903,#924,.T.);
#2403=EDGE_CURVE('',#1903,#1904,#1585,.T.);
#2404=EDGE_CURVE('',#1904,#1905,#925,.T.);
#2405=EDGE_CURVE('',#1905,#1906,#1586,.T.);
#2406=EDGE_CURVE('',#1906,#1907,#926,.T.);
#2407=EDGE_CURVE('',#1907,#1908,#1587,.T.);
#2408=EDGE_CURVE('',#1908,#1909,#927,.T.);
#2409=EDGE_CURVE('',#1909,#1910,#1588,.T.);
#2410=EDGE_CURVE('',#1910,#1911,#928,.T.);
#2411=EDGE_CURVE('',#1911,#1912,#1589,.T.);
#2412=EDGE_CURVE('',#1912,#1913,#929,.T.);
#2413=EDGE_CURVE('',#1913,#1914,#1590,.T.);
#2414=EDGE_CURVE('',#1914,#1915,#930,.T.);
#2415=EDGE_CURVE('',#1915,#1916,#931,.T.);
#2416=EDGE_CURVE('',#1916,#1917,#932,.T.);
#2417=EDGE_CURVE('',#1917,#1918,#1591,.T.);
#2418=EDGE_CURVE('',#1918,#1919,#933,.T.);
#2419=EDGE_CURVE('',#1919,#1920,#934,.T.);
#2420=EDGE_CURVE('',#1920,#1921,#935,.T.);
#2421=EDGE_CURVE('',#1921,#1922,#1592,.T.);
#2422=EDGE_CURVE('',#1922,#1923,#936,.T.);
#2423=EDGE_CURVE('',#1923,#1924,#1593,.T.);
#2424=EDGE_CURVE('',#1924,#1925,#937,.T.);
#2425=EDGE_CURVE('',#1925,#1926,#1594,.T.);
#2426=EDGE_CURVE('',#1926,#1927,#938,.T.);
#2427=EDGE_CURVE('',#1927,#1928,#1595,.T.);
#2428=EDGE_CURVE('',#1928,#1929,#939,.T.);
#2429=EDGE_CURVE('',#1929,#1930,#1596,.T.);
#2430=EDGE_CURVE('',#1930,#1931,#940,.T.);
#2431=EDGE_CURVE('',#1931,#1932,#1597,.T.);
#2432=EDGE_CURVE('',#1932,#1933,#941,.T.);
#2433=EDGE_CURVE('',#1933,#1862,#942,.T.);
#2434=EDGE_CURVE('',#1934,#1934,#1598,.T.);
#2435=EDGE_CURVE('',#1935,#1883,#943,.T.);
#2436=EDGE_CURVE('',#1935,#1936,#944,.T.);
#2437=EDGE_CURVE('',#1936,#1884,#945,.T.);
#2438=EDGE_CURVE('',#1882,#1937,#946,.F.);
#2439=EDGE_CURVE('',#1935,#1937,#947,.T.);
#2440=EDGE_CURVE('',#1938,#1939,#948,.T.);
#2441=EDGE_CURVE('',#1938,#1881,#949,.T.);
#2442=EDGE_CURVE('',#1939,#1880,#950,.T.);
#2443=EDGE_CURVE('',#1940,#1879,#951,.T.);
#2444=EDGE_CURVE('',#1939,#1940,#952,.T.);
#2445=EDGE_CURVE('',#1878,#1941,#953,.F.);
#2446=EDGE_CURVE('',#1941,#1940,#954,.T.);
#2447=EDGE_CURVE('',#1942,#1943,#955,.T.);
#2448=EDGE_CURVE('',#1943,#1877,#956,.T.);
#2449=EDGE_CURVE('',#1876,#1942,#957,.F.);
#2450=EDGE_CURVE('',#1874,#1944,#958,.F.);
#2451=EDGE_CURVE('',#1945,#1944,#959,.T.);
#2452=EDGE_CURVE('',#1945,#1875,#960,.T.);
#2453=EDGE_CURVE('',#1872,#1946,#961,.F.);
#2454=EDGE_CURVE('',#1947,#1946,#962,.T.);
#2455=EDGE_CURVE('',#1947,#1873,#963,.T.);
#2456=EDGE_CURVE('',#1870,#1948,#964,.F.);
#2457=EDGE_CURVE('',#1948,#1949,#965,.T.);
#2458=EDGE_CURVE('',#1949,#1871,#966,.T.);
#2459=EDGE_CURVE('',#1868,#1950,#967,.F.);
#2460=EDGE_CURVE('',#1950,#1951,#968,.T.);
#2461=EDGE_CURVE('',#1951,#1869,#969,.T.);
#2462=EDGE_CURVE('',#1952,#1953,#970,.T.);
#2463=EDGE_CURVE('',#1953,#1867,#971,.T.);
#2464=EDGE_CURVE('',#1952,#1866,#972,.T.);
#2465=EDGE_CURVE('',#1954,#1865,#973,.T.);
#2466=EDGE_CURVE('',#1952,#1954,#974,.T.);
#2467=EDGE_CURVE('',#1864,#1955,#975,.F.);
#2468=EDGE_CURVE('',#1954,#1955,#976,.T.);
#2469=EDGE_CURVE('',#1956,#1957,#977,.T.);
#2470=EDGE_CURVE('',#1957,#1863,#978,.T.);
#2471=EDGE_CURVE('',#1956,#1862,#979,.T.);
#2472=EDGE_CURVE('',#1958,#1933,#980,.T.);
#2473=EDGE_CURVE('',#1958,#1956,#981,.T.);
#2474=EDGE_CURVE('',#1932,#1959,#982,.F.);
#2475=EDGE_CURVE('',#1958,#1959,#983,.T.);
#2476=EDGE_CURVE('',#1960,#1961,#984,.T.);
#2477=EDGE_CURVE('',#1960,#1931,#985,.T.);
#2478=EDGE_CURVE('',#1930,#1961,#986,.F.);
#2479=EDGE_CURVE('',#1962,#1963,#987,.T.);
#2480=EDGE_CURVE('',#1962,#1929,#988,.T.);
#2481=EDGE_CURVE('',#1928,#1963,#989,.F.);
#2482=EDGE_CURVE('',#1926,#1964,#990,.F.);
#2483=EDGE_CURVE('',#1965,#1964,#991,.T.);
#2484=EDGE_CURVE('',#1965,#1927,#992,.T.);
#2485=EDGE_CURVE('',#1924,#1966,#993,.F.);
#2486=EDGE_CURVE('',#1966,#1967,#994,.T.);
#2487=EDGE_CURVE('',#1967,#1925,#995,.T.);
#2488=EDGE_CURVE('',#1922,#1968,#996,.F.);
#2489=EDGE_CURVE('',#1969,#1968,#997,.T.);
#2490=EDGE_CURVE('',#1969,#1923,#998,.T.);
#2491=EDGE_CURVE('',#1970,#1971,#999,.T.);
#2492=EDGE_CURVE('',#1970,#1921,#1000,.T.);
#2493=EDGE_CURVE('',#1971,#1920,#1001,.T.);
#2494=EDGE_CURVE('',#1972,#1919,#1002,.T.);
#2495=EDGE_CURVE('',#1972,#1971,#1003,.T.);
#2496=EDGE_CURVE('',#1918,#1973,#1004,.F.);
#2497=EDGE_CURVE('',#1973,#1972,#1005,.T.);
#2498=EDGE_CURVE('',#1974,#1975,#1006,.T.);
#2499=EDGE_CURVE('',#1975,#1917,#1007,.T.);
#2500=EDGE_CURVE('',#1974,#1916,#1008,.T.);
#2501=EDGE_CURVE('',#1976,#1915,#1009,.T.);
#2502=EDGE_CURVE('',#1974,#1976,#1010,.T.);
#2503=EDGE_CURVE('',#1914,#1977,#1011,.F.);
#2504=EDGE_CURVE('',#1977,#1976,#1012,.T.);
#2505=EDGE_CURVE('',#1978,#1979,#1013,.T.);
#2506=EDGE_CURVE('',#1979,#1913,#1014,.T.);
#2507=EDGE_CURVE('',#1912,#1978,#1015,.F.);
#2508=EDGE_CURVE('',#1980,#1981,#1016,.T.);
#2509=EDGE_CURVE('',#1980,#1911,#1017,.T.);
#2510=EDGE_CURVE('',#1910,#1981,#1018,.F.);
#2511=EDGE_CURVE('',#1982,#1983,#1019,.T.);
#2512=EDGE_CURVE('',#1983,#1909,#1020,.T.);
#2513=EDGE_CURVE('',#1908,#1982,#1021,.F.);
#2514=EDGE_CURVE('',#1906,#1984,#1022,.F.);
#2515=EDGE_CURVE('',#1984,#1985,#1023,.T.);
#2516=EDGE_CURVE('',#1985,#1907,#1024,.T.);
#2517=EDGE_CURVE('',#1986,#1987,#1025,.T.);
#2518=EDGE_CURVE('',#1987,#1905,#1026,.T.);
#2519=EDGE_CURVE('',#1904,#1986,#1027,.F.);
#2520=EDGE_CURVE('',#1988,#1989,#1028,.T.);
#2521=EDGE_CURVE('',#1989,#1903,#1029,.T.);
#2522=EDGE_CURVE('',#1988,#1902,#1030,.T.);
#2523=EDGE_CURVE('',#1990,#1901,#1031,.T.);
#2524=EDGE_CURVE('',#1988,#1990,#1032,.T.);
#2525=EDGE_CURVE('',#1900,#1991,#1033,.F.);
#2526=EDGE_CURVE('',#1991,#1990,#1034,.T.);
#2527=EDGE_CURVE('',#1992,#1993,#1035,.T.);
#2528=EDGE_CURVE('',#1992,#1899,#1036,.T.);
#2529=EDGE_CURVE('',#1993,#1898,#1037,.T.);
#2530=EDGE_CURVE('',#1994,#1897,#1038,.T.);
#2531=EDGE_CURVE('',#1994,#1993,#1039,.T.);
#2532=EDGE_CURVE('',#1896,#1995,#1040,.F.);
#2533=EDGE_CURVE('',#1994,#1995,#1041,.T.);
#2534=EDGE_CURVE('',#1894,#1996,#1042,.F.);
#2535=EDGE_CURVE('',#1997,#1996,#1043,.T.);
#2536=EDGE_CURVE('',#1997,#1895,#1044,.T.);
#2537=EDGE_CURVE('',#1892,#1998,#1045,.F.);
#2538=EDGE_CURVE('',#1999,#1998,#1046,.T.);
#2539=EDGE_CURVE('',#1999,#1893,#1047,.T.);
#2540=EDGE_CURVE('',#2000,#2001,#1048,.T.);
#2541=EDGE_CURVE('',#2001,#1891,#1049,.T.);
#2542=EDGE_CURVE('',#1890,#2000,#1050,.F.);
#2543=EDGE_CURVE('',#1888,#2002,#1051,.F.);
#2544=EDGE_CURVE('',#2002,#2003,#1052,.T.);
#2545=EDGE_CURVE('',#2003,#1889,#1053,.T.);
#2546=EDGE_CURVE('',#1886,#2004,#1054,.F.);
#2547=EDGE_CURVE('',#2005,#2004,#1055,.T.);
#2548=EDGE_CURVE('',#2005,#1887,#1056,.T.);
#2549=EDGE_CURVE('',#2006,#2006,#1599,.T.);
#2550=EDGE_CURVE('',#2006,#1934,#1057,.T.);
#2551=EDGE_CURVE('',#2007,#1936,#1058,.T.);
#2552=EDGE_CURVE('',#2007,#1885,#1059,.T.);
#2553=EDGE_CURVE('',#1955,#1957,#1600,.T.);
#2554=EDGE_CURVE('',#1959,#1960,#1601,.F.);
#2555=EDGE_CURVE('',#1961,#1962,#1602,.F.);
#2556=EDGE_CURVE('',#1963,#1965,#1603,.F.);
#2557=EDGE_CURVE('',#1964,#1967,#1604,.F.);
#2558=EDGE_CURVE('',#1966,#1969,#1605,.F.);
#2559=EDGE_CURVE('',#1968,#1970,#1606,.F.);
#2560=EDGE_CURVE('',#1973,#1975,#1607,.T.);
#2561=EDGE_CURVE('',#1977,#1979,#1608,.F.);
#2562=EDGE_CURVE('',#1978,#1980,#1609,.F.);
#2563=EDGE_CURVE('',#1981,#1983,#1610,.F.);
#2564=EDGE_CURVE('',#1982,#1985,#1611,.F.);
#2565=EDGE_CURVE('',#1984,#1987,#1612,.F.);
#2566=EDGE_CURVE('',#1986,#1989,#1613,.F.);
#2567=EDGE_CURVE('',#1991,#1992,#1614,.T.);
#2568=EDGE_CURVE('',#1995,#1997,#1615,.F.);
#2569=EDGE_CURVE('',#1996,#1999,#1616,.F.);
#2570=EDGE_CURVE('',#1998,#2001,#1617,.F.);
#2571=EDGE_CURVE('',#2000,#2003,#1618,.F.);
#2572=EDGE_CURVE('',#2002,#2005,#1619,.F.);
#2573=EDGE_CURVE('',#2004,#2007,#1620,.F.);
#2574=EDGE_CURVE('',#1937,#1938,#1621,.T.);
#2575=EDGE_CURVE('',#1941,#1943,#1622,.F.);
#2576=EDGE_CURVE('',#1942,#1945,#1623,.F.);
#2577=EDGE_CURVE('',#1944,#1947,#1624,.F.);
#2578=EDGE_CURVE('',#1946,#1949,#1625,.F.);
#2579=EDGE_CURVE('',#1948,#1951,#1626,.F.);
#2580=EDGE_CURVE('',#1950,#1953,#1627,.F.);
#2581=ORIENTED_EDGE('',*,*,#2008,.F.);
#2582=ORIENTED_EDGE('',*,*,#2009,.F.);
#2583=ORIENTED_EDGE('',*,*,#2010,.F.);
#2584=ORIENTED_EDGE('',*,*,#2011,.F.);
#2585=ORIENTED_EDGE('',*,*,#2012,.T.);
#2586=ORIENTED_EDGE('',*,*,#2013,.F.);
#2587=ORIENTED_EDGE('',*,*,#2014,.F.);
#2588=ORIENTED_EDGE('',*,*,#2015,.T.);
#2589=ORIENTED_EDGE('',*,*,#2016,.F.);
#2590=ORIENTED_EDGE('',*,*,#2017,.F.);
#2591=ORIENTED_EDGE('',*,*,#2018,.F.);
#2592=ORIENTED_EDGE('',*,*,#2012,.F.);
#2593=ORIENTED_EDGE('',*,*,#2019,.F.);
#2594=ORIENTED_EDGE('',*,*,#2020,.T.);
#2595=ORIENTED_EDGE('',*,*,#2021,.F.);
#2596=ORIENTED_EDGE('',*,*,#2022,.F.);
#2597=ORIENTED_EDGE('',*,*,#2023,.F.);
#2598=ORIENTED_EDGE('',*,*,#2009,.T.);
#2599=ORIENTED_EDGE('',*,*,#2024,.F.);
#2600=ORIENTED_EDGE('',*,*,#2017,.T.);
#2601=ORIENTED_EDGE('',*,*,#2025,.F.);
#2602=ORIENTED_EDGE('',*,*,#2026,.F.);
#2603=ORIENTED_EDGE('',*,*,#2027,.F.);
#2604=ORIENTED_EDGE('',*,*,#2020,.F.);
#2605=ORIENTED_EDGE('',*,*,#2028,.F.);
#2606=ORIENTED_EDGE('',*,*,#2029,.F.);
#2607=ORIENTED_EDGE('',*,*,#2022,.T.);
#2608=ORIENTED_EDGE('',*,*,#2030,.F.);
#2609=ORIENTED_EDGE('',*,*,#2031,.F.);
#2610=ORIENTED_EDGE('',*,*,#2026,.T.);
#2611=ORIENTED_EDGE('',*,*,#2032,.F.);
#2612=ORIENTED_EDGE('',*,*,#2033,.F.);
#2613=ORIENTED_EDGE('',*,*,#2034,.F.);
#2614=ORIENTED_EDGE('',*,*,#2033,.T.);
#2615=ORIENTED_EDGE('',*,*,#2035,.F.);
#2616=ORIENTED_EDGE('',*,*,#2015,.F.);
#2617=ORIENTED_EDGE('',*,*,#2036,.F.);
#2618=ORIENTED_EDGE('',*,*,#2037,.F.);
#2619=ORIENTED_EDGE('',*,*,#2038,.F.);
#2620=ORIENTED_EDGE('',*,*,#2039,.T.);
#2621=ORIENTED_EDGE('',*,*,#2040,.F.);
#2622=ORIENTED_EDGE('',*,*,#2041,.T.);
#2623=ORIENTED_EDGE('',*,*,#2042,.F.);
#2624=ORIENTED_EDGE('',*,*,#2043,.F.);
#2625=ORIENTED_EDGE('',*,*,#2044,.F.);
#2626=ORIENTED_EDGE('',*,*,#2045,.F.);
#2627=ORIENTED_EDGE('',*,*,#2046,.F.);
#2628=ORIENTED_EDGE('',*,*,#2037,.T.);
#2629=ORIENTED_EDGE('',*,*,#2047,.F.);
#2630=ORIENTED_EDGE('',*,*,#2043,.T.);
#2631=ORIENTED_EDGE('',*,*,#2048,.F.);
#2632=ORIENTED_EDGE('',*,*,#2049,.F.);
#2633=ORIENTED_EDGE('',*,*,#2050,.F.);
#2634=ORIENTED_EDGE('',*,*,#2039,.F.);
#2635=ORIENTED_EDGE('',*,*,#2051,.F.);
#2636=ORIENTED_EDGE('',*,*,#2052,.T.);
#2637=ORIENTED_EDGE('',*,*,#2053,.F.);
#2638=ORIENTED_EDGE('',*,*,#2052,.F.);
#2639=ORIENTED_EDGE('',*,*,#2054,.F.);
#2640=ORIENTED_EDGE('',*,*,#2045,.T.);
#2641=ORIENTED_EDGE('',*,*,#2055,.F.);
#2642=ORIENTED_EDGE('',*,*,#2049,.T.);
#2643=ORIENTED_EDGE('',*,*,#2056,.F.);
#2644=ORIENTED_EDGE('',*,*,#2057,.F.);
#2645=ORIENTED_EDGE('',*,*,#2058,.F.);
#2646=ORIENTED_EDGE('',*,*,#2057,.T.);
#2647=ORIENTED_EDGE('',*,*,#2059,.F.);
#2648=ORIENTED_EDGE('',*,*,#2041,.F.);
#2649=ORIENTED_EDGE('',*,*,#2060,.F.);
#2650=ORIENTED_EDGE('',*,*,#2061,.T.);
#2651=ORIENTED_EDGE('',*,*,#2062,.F.);
#2652=ORIENTED_EDGE('',*,*,#2061,.F.);
#2653=ORIENTED_EDGE('',*,*,#2060,.T.);
#2654=ORIENTED_EDGE('',*,*,#2063,.T.);
#2655=ORIENTED_EDGE('',*,*,#2064,.F.);
#2656=ORIENTED_EDGE('',*,*,#2062,.T.);
#2657=ORIENTED_EDGE('',*,*,#2065,.F.);
#2658=ORIENTED_EDGE('',*,*,#2066,.T.);
#2659=ORIENTED_EDGE('',*,*,#2064,.T.);
#2660=ORIENTED_EDGE('',*,*,#2066,.F.);
#2661=ORIENTED_EDGE('',*,*,#2065,.T.);
#2662=ORIENTED_EDGE('',*,*,#2067,.F.);
#2663=ORIENTED_EDGE('',*,*,#2068,.F.);
#2664=ORIENTED_EDGE('',*,*,#2069,.F.);
#2665=ORIENTED_EDGE('',*,*,#2070,.F.);
#2666=ORIENTED_EDGE('',*,*,#2071,.T.);
#2667=ORIENTED_EDGE('',*,*,#2068,.T.);
#2668=ORIENTED_EDGE('',*,*,#2071,.F.);
#2669=ORIENTED_EDGE('',*,*,#2070,.T.);
#2670=ORIENTED_EDGE('',*,*,#2072,.F.);
#2671=ORIENTED_EDGE('',*,*,#2063,.F.);
#2672=ORIENTED_EDGE('',*,*,#2073,.T.);
#2673=ORIENTED_EDGE('',*,*,#2013,.T.);
#2674=ORIENTED_EDGE('',*,*,#2018,.T.);
#2675=ORIENTED_EDGE('',*,*,#2027,.T.);
#2676=ORIENTED_EDGE('',*,*,#2074,.T.);
#2677=ORIENTED_EDGE('',*,*,#2069,.T.);
#2678=ORIENTED_EDGE('',*,*,#2074,.F.);
#2679=ORIENTED_EDGE('',*,*,#2030,.T.);
#2680=ORIENTED_EDGE('',*,*,#2021,.T.);
#2681=ORIENTED_EDGE('',*,*,#2008,.T.);
#2682=ORIENTED_EDGE('',*,*,#2073,.F.);
#2683=ORIENTED_EDGE('',*,*,#2031,.T.);
#2684=ORIENTED_EDGE('',*,*,#2034,.T.);
#2685=ORIENTED_EDGE('',*,*,#2014,.T.);
#2686=ORIENTED_EDGE('',*,*,#2024,.T.);
#2687=ORIENTED_EDGE('',*,*,#2055,.T.);
#2688=ORIENTED_EDGE('',*,*,#2058,.T.);
#2689=ORIENTED_EDGE('',*,*,#2040,.T.);
#2690=ORIENTED_EDGE('',*,*,#2047,.T.);
#2691=ORIENTED_EDGE('',*,*,#2053,.T.);
#2692=ORIENTED_EDGE('',*,*,#2044,.T.);
#2693=ORIENTED_EDGE('',*,*,#2036,.T.);
#2694=ORIENTED_EDGE('',*,*,#2050,.T.);
#2695=ORIENTED_EDGE('',*,*,#2067,.T.);
#2696=ORIENTED_EDGE('',*,*,#2075,.T.);
#2697=ORIENTED_EDGE('',*,*,#2010,.T.);
#2698=ORIENTED_EDGE('',*,*,#2023,.T.);
#2699=ORIENTED_EDGE('',*,*,#2029,.T.);
#2700=ORIENTED_EDGE('',*,*,#2076,.T.);
#2701=ORIENTED_EDGE('',*,*,#2072,.T.);
#2702=ORIENTED_EDGE('',*,*,#2076,.F.);
#2703=ORIENTED_EDGE('',*,*,#2028,.T.);
#2704=ORIENTED_EDGE('',*,*,#2019,.T.);
#2705=ORIENTED_EDGE('',*,*,#2011,.T.);
#2706=ORIENTED_EDGE('',*,*,#2075,.F.);
#2707=ORIENTED_EDGE('',*,*,#2032,.T.);
#2708=ORIENTED_EDGE('',*,*,#2025,.T.);
#2709=ORIENTED_EDGE('',*,*,#2016,.T.);
#2710=ORIENTED_EDGE('',*,*,#2035,.T.);
#2711=ORIENTED_EDGE('',*,*,#2054,.T.);
#2712=ORIENTED_EDGE('',*,*,#2051,.T.);
#2713=ORIENTED_EDGE('',*,*,#2038,.T.);
#2714=ORIENTED_EDGE('',*,*,#2046,.T.);
#2715=ORIENTED_EDGE('',*,*,#2056,.T.);
#2716=ORIENTED_EDGE('',*,*,#2048,.T.);
#2717=ORIENTED_EDGE('',*,*,#2042,.T.);
#2718=ORIENTED_EDGE('',*,*,#2059,.T.);
#2719=ORIENTED_EDGE('',*,*,#2077,.F.);
#2720=ORIENTED_EDGE('',*,*,#2078,.F.);
#2721=ORIENTED_EDGE('',*,*,#2079,.F.);
#2722=ORIENTED_EDGE('',*,*,#2080,.T.);
#2723=ORIENTED_EDGE('',*,*,#2081,.F.);
#2724=ORIENTED_EDGE('',*,*,#2082,.T.);
#2725=ORIENTED_EDGE('',*,*,#2083,.F.);
#2726=ORIENTED_EDGE('',*,*,#2084,.F.);
#2727=ORIENTED_EDGE('',*,*,#2085,.F.);
#2728=ORIENTED_EDGE('',*,*,#2086,.F.);
#2729=ORIENTED_EDGE('',*,*,#2087,.F.);
#2730=ORIENTED_EDGE('',*,*,#2088,.F.);
#2731=ORIENTED_EDGE('',*,*,#2078,.T.);
#2732=ORIENTED_EDGE('',*,*,#2089,.F.);
#2733=ORIENTED_EDGE('',*,*,#2090,.F.);
#2734=ORIENTED_EDGE('',*,*,#2091,.F.);
#2735=ORIENTED_EDGE('',*,*,#2092,.F.);
#2736=ORIENTED_EDGE('',*,*,#2086,.T.);
#2737=ORIENTED_EDGE('',*,*,#2093,.F.);
#2738=ORIENTED_EDGE('',*,*,#2080,.F.);
#2739=ORIENTED_EDGE('',*,*,#2094,.F.);
#2740=ORIENTED_EDGE('',*,*,#2095,.F.);
#2741=ORIENTED_EDGE('',*,*,#2091,.T.);
#2742=ORIENTED_EDGE('',*,*,#2096,.F.);
#2743=ORIENTED_EDGE('',*,*,#2097,.F.);
#2744=ORIENTED_EDGE('',*,*,#2098,.T.);
#2745=ORIENTED_EDGE('',*,*,#2099,.F.);
#2746=ORIENTED_EDGE('',*,*,#2082,.F.);
#2747=ORIENTED_EDGE('',*,*,#2100,.F.);
#2748=ORIENTED_EDGE('',*,*,#2084,.T.);
#2749=ORIENTED_EDGE('',*,*,#2101,.F.);
#2750=ORIENTED_EDGE('',*,*,#2102,.F.);
#2751=ORIENTED_EDGE('',*,*,#2103,.F.);
#2752=ORIENTED_EDGE('',*,*,#2102,.T.);
#2753=ORIENTED_EDGE('',*,*,#2104,.F.);
#2754=ORIENTED_EDGE('',*,*,#2098,.F.);
#2755=ORIENTED_EDGE('',*,*,#2105,.F.);
#2756=ORIENTED_EDGE('',*,*,#2106,.F.);
#2757=ORIENTED_EDGE('',*,*,#2107,.F.);
#2758=ORIENTED_EDGE('',*,*,#2108,.T.);
#2759=ORIENTED_EDGE('',*,*,#2109,.F.);
#2760=ORIENTED_EDGE('',*,*,#2110,.T.);
#2761=ORIENTED_EDGE('',*,*,#2111,.F.);
#2762=ORIENTED_EDGE('',*,*,#2112,.F.);
#2763=ORIENTED_EDGE('',*,*,#2113,.F.);
#2764=ORIENTED_EDGE('',*,*,#2114,.F.);
#2765=ORIENTED_EDGE('',*,*,#2115,.F.);
#2766=ORIENTED_EDGE('',*,*,#2106,.T.);
#2767=ORIENTED_EDGE('',*,*,#2116,.F.);
#2768=ORIENTED_EDGE('',*,*,#2117,.F.);
#2769=ORIENTED_EDGE('',*,*,#2118,.F.);
#2770=ORIENTED_EDGE('',*,*,#2114,.T.);
#2771=ORIENTED_EDGE('',*,*,#2119,.F.);
#2772=ORIENTED_EDGE('',*,*,#2108,.F.);
#2773=ORIENTED_EDGE('',*,*,#2120,.F.);
#2774=ORIENTED_EDGE('',*,*,#2117,.T.);
#2775=ORIENTED_EDGE('',*,*,#2121,.F.);
#2776=ORIENTED_EDGE('',*,*,#2122,.T.);
#2777=ORIENTED_EDGE('',*,*,#2123,.F.);
#2778=ORIENTED_EDGE('',*,*,#2110,.F.);
#2779=ORIENTED_EDGE('',*,*,#2124,.F.);
#2780=ORIENTED_EDGE('',*,*,#2112,.T.);
#2781=ORIENTED_EDGE('',*,*,#2125,.F.);
#2782=ORIENTED_EDGE('',*,*,#2126,.F.);
#2783=ORIENTED_EDGE('',*,*,#2127,.F.);
#2784=ORIENTED_EDGE('',*,*,#2126,.T.);
#2785=ORIENTED_EDGE('',*,*,#2128,.F.);
#2786=ORIENTED_EDGE('',*,*,#2122,.F.);
#2787=ORIENTED_EDGE('',*,*,#2129,.F.);
#2788=ORIENTED_EDGE('',*,*,#2130,.T.);
#2789=ORIENTED_EDGE('',*,*,#2131,.T.);
#2790=ORIENTED_EDGE('',*,*,#2130,.F.);
#2791=ORIENTED_EDGE('',*,*,#2131,.F.);
#2792=ORIENTED_EDGE('',*,*,#2132,.F.);
#2793=ORIENTED_EDGE('',*,*,#2132,.T.);
#2794=ORIENTED_EDGE('',*,*,#2133,.T.);
#2795=ORIENTED_EDGE('',*,*,#2089,.T.);
#2796=ORIENTED_EDGE('',*,*,#2077,.T.);
#2797=ORIENTED_EDGE('',*,*,#2093,.T.);
#2798=ORIENTED_EDGE('',*,*,#2134,.T.);
#2799=ORIENTED_EDGE('',*,*,#2135,.F.);
#2800=ORIENTED_EDGE('',*,*,#2134,.F.);
#2801=ORIENTED_EDGE('',*,*,#2096,.T.);
#2802=ORIENTED_EDGE('',*,*,#2090,.T.);
#2803=ORIENTED_EDGE('',*,*,#2085,.T.);
#2804=ORIENTED_EDGE('',*,*,#2133,.F.);
#2805=ORIENTED_EDGE('',*,*,#2100,.T.);
#2806=ORIENTED_EDGE('',*,*,#2103,.T.);
#2807=ORIENTED_EDGE('',*,*,#2097,.T.);
#2808=ORIENTED_EDGE('',*,*,#2081,.T.);
#2809=ORIENTED_EDGE('',*,*,#2124,.T.);
#2810=ORIENTED_EDGE('',*,*,#2127,.T.);
#2811=ORIENTED_EDGE('',*,*,#2121,.T.);
#2812=ORIENTED_EDGE('',*,*,#2109,.T.);
#2813=ORIENTED_EDGE('',*,*,#2113,.T.);
#2814=ORIENTED_EDGE('',*,*,#2105,.T.);
#2815=ORIENTED_EDGE('',*,*,#2119,.T.);
#2816=ORIENTED_EDGE('',*,*,#2116,.T.);
#2817=ORIENTED_EDGE('',*,*,#2136,.F.);
#2818=ORIENTED_EDGE('',*,*,#2137,.T.);
#2819=ORIENTED_EDGE('',*,*,#2087,.T.);
#2820=ORIENTED_EDGE('',*,*,#2092,.T.);
#2821=ORIENTED_EDGE('',*,*,#2095,.T.);
#2822=ORIENTED_EDGE('',*,*,#2138,.T.);
#2823=ORIENTED_EDGE('',*,*,#2139,.F.);
#2824=ORIENTED_EDGE('',*,*,#2138,.F.);
#2825=ORIENTED_EDGE('',*,*,#2094,.T.);
#2826=ORIENTED_EDGE('',*,*,#2079,.T.);
#2827=ORIENTED_EDGE('',*,*,#2088,.T.);
#2828=ORIENTED_EDGE('',*,*,#2137,.F.);
#2829=ORIENTED_EDGE('',*,*,#2101,.T.);
#2830=ORIENTED_EDGE('',*,*,#2083,.T.);
#2831=ORIENTED_EDGE('',*,*,#2099,.T.);
#2832=ORIENTED_EDGE('',*,*,#2104,.T.);
#2833=ORIENTED_EDGE('',*,*,#2125,.T.);
#2834=ORIENTED_EDGE('',*,*,#2111,.T.);
#2835=ORIENTED_EDGE('',*,*,#2123,.T.);
#2836=ORIENTED_EDGE('',*,*,#2128,.T.);
#2837=ORIENTED_EDGE('',*,*,#2120,.T.);
#2838=ORIENTED_EDGE('',*,*,#2107,.T.);
#2839=ORIENTED_EDGE('',*,*,#2115,.T.);
#2840=ORIENTED_EDGE('',*,*,#2118,.T.);
#2841=ORIENTED_EDGE('',*,*,#2139,.T.);
#2842=ORIENTED_EDGE('',*,*,#2135,.T.);
#2843=ORIENTED_EDGE('',*,*,#2136,.T.);
#2844=ORIENTED_EDGE('',*,*,#2129,.T.);
#2845=ORIENTED_EDGE('',*,*,#2140,.F.);
#2846=ORIENTED_EDGE('',*,*,#2141,.T.);
#2847=ORIENTED_EDGE('',*,*,#2142,.T.);
#2848=ORIENTED_EDGE('',*,*,#2140,.T.);
#2849=ORIENTED_EDGE('',*,*,#2142,.F.);
#2850=ORIENTED_EDGE('',*,*,#2141,.F.);
#2851=ORIENTED_EDGE('',*,*,#2143,.T.);
#2852=ORIENTED_EDGE('',*,*,#2144,.T.);
#2853=ORIENTED_EDGE('',*,*,#2143,.F.);
#2854=ORIENTED_EDGE('',*,*,#2144,.F.);
#2855=ORIENTED_EDGE('',*,*,#2145,.T.);
#2856=ORIENTED_EDGE('',*,*,#2146,.F.);
#2857=ORIENTED_EDGE('',*,*,#2147,.F.);
#2858=ORIENTED_EDGE('',*,*,#2147,.T.);
#2859=ORIENTED_EDGE('',*,*,#2145,.F.);
#2860=ORIENTED_EDGE('',*,*,#2148,.F.);
#2861=ORIENTED_EDGE('',*,*,#2149,.T.);
#2862=ORIENTED_EDGE('',*,*,#2146,.T.);
#2863=ORIENTED_EDGE('',*,*,#2149,.F.);
#2864=ORIENTED_EDGE('',*,*,#2148,.T.);
#2865=ORIENTED_EDGE('',*,*,#2150,.T.);
#2866=ORIENTED_EDGE('',*,*,#2151,.T.);
#2867=ORIENTED_EDGE('',*,*,#2152,.T.);
#2868=ORIENTED_EDGE('',*,*,#2153,.T.);
#2869=ORIENTED_EDGE('',*,*,#2154,.T.);
#2870=ORIENTED_EDGE('',*,*,#2155,.T.);
#2871=ORIENTED_EDGE('',*,*,#2156,.T.);
#2872=ORIENTED_EDGE('',*,*,#2157,.T.);
#2873=ORIENTED_EDGE('',*,*,#2158,.F.);
#2874=ORIENTED_EDGE('',*,*,#2159,.F.);
#2875=ORIENTED_EDGE('',*,*,#2160,.F.);
#2876=ORIENTED_EDGE('',*,*,#2151,.F.);
#2877=ORIENTED_EDGE('',*,*,#2160,.T.);
#2878=ORIENTED_EDGE('',*,*,#2161,.F.);
#2879=ORIENTED_EDGE('',*,*,#2162,.F.);
#2880=ORIENTED_EDGE('',*,*,#2152,.F.);
#2881=ORIENTED_EDGE('',*,*,#2162,.T.);
#2882=ORIENTED_EDGE('',*,*,#2163,.F.);
#2883=ORIENTED_EDGE('',*,*,#2164,.F.);
#2884=ORIENTED_EDGE('',*,*,#2153,.F.);
#2885=ORIENTED_EDGE('',*,*,#2164,.T.);
#2886=ORIENTED_EDGE('',*,*,#2165,.F.);
#2887=ORIENTED_EDGE('',*,*,#2166,.F.);
#2888=ORIENTED_EDGE('',*,*,#2154,.F.);
#2889=ORIENTED_EDGE('',*,*,#2166,.T.);
#2890=ORIENTED_EDGE('',*,*,#2167,.F.);
#2891=ORIENTED_EDGE('',*,*,#2168,.F.);
#2892=ORIENTED_EDGE('',*,*,#2155,.F.);
#2893=ORIENTED_EDGE('',*,*,#2168,.T.);
#2894=ORIENTED_EDGE('',*,*,#2169,.F.);
#2895=ORIENTED_EDGE('',*,*,#2170,.F.);
#2896=ORIENTED_EDGE('',*,*,#2156,.F.);
#2897=ORIENTED_EDGE('',*,*,#2170,.T.);
#2898=ORIENTED_EDGE('',*,*,#2171,.F.);
#2899=ORIENTED_EDGE('',*,*,#2172,.F.);
#2900=ORIENTED_EDGE('',*,*,#2157,.F.);
#2901=ORIENTED_EDGE('',*,*,#2172,.T.);
#2902=ORIENTED_EDGE('',*,*,#2173,.F.);
#2903=ORIENTED_EDGE('',*,*,#2158,.T.);
#2904=ORIENTED_EDGE('',*,*,#2150,.F.);
#2905=ORIENTED_EDGE('',*,*,#2173,.T.);
#2906=ORIENTED_EDGE('',*,*,#2171,.T.);
#2907=ORIENTED_EDGE('',*,*,#2169,.T.);
#2908=ORIENTED_EDGE('',*,*,#2167,.T.);
#2909=ORIENTED_EDGE('',*,*,#2165,.T.);
#2910=ORIENTED_EDGE('',*,*,#2163,.T.);
#2911=ORIENTED_EDGE('',*,*,#2161,.T.);
#2912=ORIENTED_EDGE('',*,*,#2159,.T.);
#2913=ORIENTED_EDGE('',*,*,#2174,.T.);
#2914=ORIENTED_EDGE('',*,*,#2175,.T.);
#2915=ORIENTED_EDGE('',*,*,#2176,.T.);
#2916=ORIENTED_EDGE('',*,*,#2177,.T.);
#2917=ORIENTED_EDGE('',*,*,#2178,.T.);
#2918=ORIENTED_EDGE('',*,*,#2179,.T.);
#2919=ORIENTED_EDGE('',*,*,#2180,.T.);
#2920=ORIENTED_EDGE('',*,*,#2181,.T.);
#2921=ORIENTED_EDGE('',*,*,#2182,.F.);
#2922=ORIENTED_EDGE('',*,*,#2183,.F.);
#2923=ORIENTED_EDGE('',*,*,#2184,.F.);
#2924=ORIENTED_EDGE('',*,*,#2175,.F.);
#2925=ORIENTED_EDGE('',*,*,#2184,.T.);
#2926=ORIENTED_EDGE('',*,*,#2185,.F.);
#2927=ORIENTED_EDGE('',*,*,#2186,.F.);
#2928=ORIENTED_EDGE('',*,*,#2176,.F.);
#2929=ORIENTED_EDGE('',*,*,#2186,.T.);
#2930=ORIENTED_EDGE('',*,*,#2187,.F.);
#2931=ORIENTED_EDGE('',*,*,#2188,.F.);
#2932=ORIENTED_EDGE('',*,*,#2177,.F.);
#2933=ORIENTED_EDGE('',*,*,#2188,.T.);
#2934=ORIENTED_EDGE('',*,*,#2189,.F.);
#2935=ORIENTED_EDGE('',*,*,#2190,.F.);
#2936=ORIENTED_EDGE('',*,*,#2178,.F.);
#2937=ORIENTED_EDGE('',*,*,#2190,.T.);
#2938=ORIENTED_EDGE('',*,*,#2191,.F.);
#2939=ORIENTED_EDGE('',*,*,#2192,.F.);
#2940=ORIENTED_EDGE('',*,*,#2179,.F.);
#2941=ORIENTED_EDGE('',*,*,#2192,.T.);
#2942=ORIENTED_EDGE('',*,*,#2193,.F.);
#2943=ORIENTED_EDGE('',*,*,#2194,.F.);
#2944=ORIENTED_EDGE('',*,*,#2180,.F.);
#2945=ORIENTED_EDGE('',*,*,#2194,.T.);
#2946=ORIENTED_EDGE('',*,*,#2195,.F.);
#2947=ORIENTED_EDGE('',*,*,#2196,.F.);
#2948=ORIENTED_EDGE('',*,*,#2181,.F.);
#2949=ORIENTED_EDGE('',*,*,#2196,.T.);
#2950=ORIENTED_EDGE('',*,*,#2197,.F.);
#2951=ORIENTED_EDGE('',*,*,#2182,.T.);
#2952=ORIENTED_EDGE('',*,*,#2174,.F.);
#2953=ORIENTED_EDGE('',*,*,#2197,.T.);
#2954=ORIENTED_EDGE('',*,*,#2195,.T.);
#2955=ORIENTED_EDGE('',*,*,#2193,.T.);
#2956=ORIENTED_EDGE('',*,*,#2191,.T.);
#2957=ORIENTED_EDGE('',*,*,#2189,.T.);
#2958=ORIENTED_EDGE('',*,*,#2187,.T.);
#2959=ORIENTED_EDGE('',*,*,#2185,.T.);
#2960=ORIENTED_EDGE('',*,*,#2183,.T.);
#2961=ORIENTED_EDGE('',*,*,#2198,.T.);
#2962=ORIENTED_EDGE('',*,*,#2199,.T.);
#2963=ORIENTED_EDGE('',*,*,#2200,.T.);
#2964=ORIENTED_EDGE('',*,*,#2201,.T.);
#2965=ORIENTED_EDGE('',*,*,#2202,.T.);
#2966=ORIENTED_EDGE('',*,*,#2203,.T.);
#2967=ORIENTED_EDGE('',*,*,#2204,.T.);
#2968=ORIENTED_EDGE('',*,*,#2205,.T.);
#2969=ORIENTED_EDGE('',*,*,#2206,.F.);
#2970=ORIENTED_EDGE('',*,*,#2207,.F.);
#2971=ORIENTED_EDGE('',*,*,#2208,.F.);
#2972=ORIENTED_EDGE('',*,*,#2199,.F.);
#2973=ORIENTED_EDGE('',*,*,#2208,.T.);
#2974=ORIENTED_EDGE('',*,*,#2209,.F.);
#2975=ORIENTED_EDGE('',*,*,#2210,.F.);
#2976=ORIENTED_EDGE('',*,*,#2200,.F.);
#2977=ORIENTED_EDGE('',*,*,#2210,.T.);
#2978=ORIENTED_EDGE('',*,*,#2211,.F.);
#2979=ORIENTED_EDGE('',*,*,#2212,.F.);
#2980=ORIENTED_EDGE('',*,*,#2201,.F.);
#2981=ORIENTED_EDGE('',*,*,#2212,.T.);
#2982=ORIENTED_EDGE('',*,*,#2213,.F.);
#2983=ORIENTED_EDGE('',*,*,#2214,.F.);
#2984=ORIENTED_EDGE('',*,*,#2202,.F.);
#2985=ORIENTED_EDGE('',*,*,#2214,.T.);
#2986=ORIENTED_EDGE('',*,*,#2215,.F.);
#2987=ORIENTED_EDGE('',*,*,#2216,.F.);
#2988=ORIENTED_EDGE('',*,*,#2203,.F.);
#2989=ORIENTED_EDGE('',*,*,#2216,.T.);
#2990=ORIENTED_EDGE('',*,*,#2217,.F.);
#2991=ORIENTED_EDGE('',*,*,#2218,.F.);
#2992=ORIENTED_EDGE('',*,*,#2204,.F.);
#2993=ORIENTED_EDGE('',*,*,#2218,.T.);
#2994=ORIENTED_EDGE('',*,*,#2219,.F.);
#2995=ORIENTED_EDGE('',*,*,#2220,.F.);
#2996=ORIENTED_EDGE('',*,*,#2205,.F.);
#2997=ORIENTED_EDGE('',*,*,#2220,.T.);
#2998=ORIENTED_EDGE('',*,*,#2221,.F.);
#2999=ORIENTED_EDGE('',*,*,#2206,.T.);
#3000=ORIENTED_EDGE('',*,*,#2198,.F.);
#3001=ORIENTED_EDGE('',*,*,#2221,.T.);
#3002=ORIENTED_EDGE('',*,*,#2219,.T.);
#3003=ORIENTED_EDGE('',*,*,#2217,.T.);
#3004=ORIENTED_EDGE('',*,*,#2215,.T.);
#3005=ORIENTED_EDGE('',*,*,#2213,.T.);
#3006=ORIENTED_EDGE('',*,*,#2211,.T.);
#3007=ORIENTED_EDGE('',*,*,#2209,.T.);
#3008=ORIENTED_EDGE('',*,*,#2207,.T.);
#3009=ORIENTED_EDGE('',*,*,#2222,.T.);
#3010=ORIENTED_EDGE('',*,*,#2223,.T.);
#3011=ORIENTED_EDGE('',*,*,#2224,.T.);
#3012=ORIENTED_EDGE('',*,*,#2225,.T.);
#3013=ORIENTED_EDGE('',*,*,#2226,.T.);
#3014=ORIENTED_EDGE('',*,*,#2227,.T.);
#3015=ORIENTED_EDGE('',*,*,#2228,.T.);
#3016=ORIENTED_EDGE('',*,*,#2229,.T.);
#3017=ORIENTED_EDGE('',*,*,#2230,.F.);
#3018=ORIENTED_EDGE('',*,*,#2231,.F.);
#3019=ORIENTED_EDGE('',*,*,#2232,.F.);
#3020=ORIENTED_EDGE('',*,*,#2223,.F.);
#3021=ORIENTED_EDGE('',*,*,#2232,.T.);
#3022=ORIENTED_EDGE('',*,*,#2233,.F.);
#3023=ORIENTED_EDGE('',*,*,#2234,.F.);
#3024=ORIENTED_EDGE('',*,*,#2224,.F.);
#3025=ORIENTED_EDGE('',*,*,#2234,.T.);
#3026=ORIENTED_EDGE('',*,*,#2235,.F.);
#3027=ORIENTED_EDGE('',*,*,#2236,.F.);
#3028=ORIENTED_EDGE('',*,*,#2225,.F.);
#3029=ORIENTED_EDGE('',*,*,#2236,.T.);
#3030=ORIENTED_EDGE('',*,*,#2237,.F.);
#3031=ORIENTED_EDGE('',*,*,#2238,.F.);
#3032=ORIENTED_EDGE('',*,*,#2226,.F.);
#3033=ORIENTED_EDGE('',*,*,#2238,.T.);
#3034=ORIENTED_EDGE('',*,*,#2239,.F.);
#3035=ORIENTED_EDGE('',*,*,#2240,.F.);
#3036=ORIENTED_EDGE('',*,*,#2227,.F.);
#3037=ORIENTED_EDGE('',*,*,#2240,.T.);
#3038=ORIENTED_EDGE('',*,*,#2241,.F.);
#3039=ORIENTED_EDGE('',*,*,#2242,.F.);
#3040=ORIENTED_EDGE('',*,*,#2228,.F.);
#3041=ORIENTED_EDGE('',*,*,#2242,.T.);
#3042=ORIENTED_EDGE('',*,*,#2243,.F.);
#3043=ORIENTED_EDGE('',*,*,#2244,.F.);
#3044=ORIENTED_EDGE('',*,*,#2229,.F.);
#3045=ORIENTED_EDGE('',*,*,#2244,.T.);
#3046=ORIENTED_EDGE('',*,*,#2245,.F.);
#3047=ORIENTED_EDGE('',*,*,#2230,.T.);
#3048=ORIENTED_EDGE('',*,*,#2222,.F.);
#3049=ORIENTED_EDGE('',*,*,#2245,.T.);
#3050=ORIENTED_EDGE('',*,*,#2243,.T.);
#3051=ORIENTED_EDGE('',*,*,#2241,.T.);
#3052=ORIENTED_EDGE('',*,*,#2239,.T.);
#3053=ORIENTED_EDGE('',*,*,#2237,.T.);
#3054=ORIENTED_EDGE('',*,*,#2235,.T.);
#3055=ORIENTED_EDGE('',*,*,#2233,.T.);
#3056=ORIENTED_EDGE('',*,*,#2231,.T.);
#3057=ORIENTED_EDGE('',*,*,#2246,.F.);
#3058=ORIENTED_EDGE('',*,*,#2247,.T.);
#3059=ORIENTED_EDGE('',*,*,#2248,.F.);
#3060=ORIENTED_EDGE('',*,*,#2247,.F.);
#3061=ORIENTED_EDGE('',*,*,#2249,.T.);
#3062=ORIENTED_EDGE('',*,*,#2250,.T.);
#3063=ORIENTED_EDGE('',*,*,#2251,.T.);
#3064=ORIENTED_EDGE('',*,*,#2250,.F.);
#3065=ORIENTED_EDGE('',*,*,#2251,.F.);
#3066=ORIENTED_EDGE('',*,*,#2252,.T.);
#3067=ORIENTED_EDGE('',*,*,#2253,.T.);
#3068=ORIENTED_EDGE('',*,*,#2254,.T.);
#3069=ORIENTED_EDGE('',*,*,#2255,.T.);
#3070=ORIENTED_EDGE('',*,*,#2256,.T.);
#3071=ORIENTED_EDGE('',*,*,#2257,.T.);
#3072=ORIENTED_EDGE('',*,*,#2258,.F.);
#3073=ORIENTED_EDGE('',*,*,#2259,.T.);
#3074=ORIENTED_EDGE('',*,*,#2249,.F.);
#3075=ORIENTED_EDGE('',*,*,#2259,.F.);
#3076=ORIENTED_EDGE('',*,*,#2260,.F.);
#3077=ORIENTED_EDGE('',*,*,#2261,.F.);
#3078=ORIENTED_EDGE('',*,*,#2262,.T.);
#3079=ORIENTED_EDGE('',*,*,#2262,.F.);
#3080=ORIENTED_EDGE('',*,*,#2263,.F.);
#3081=ORIENTED_EDGE('',*,*,#2264,.T.);
#3082=ORIENTED_EDGE('',*,*,#2264,.F.);
#3083=ORIENTED_EDGE('',*,*,#2265,.F.);
#3084=ORIENTED_EDGE('',*,*,#2266,.T.);
#3085=ORIENTED_EDGE('',*,*,#2266,.F.);
#3086=ORIENTED_EDGE('',*,*,#2267,.F.);
#3087=ORIENTED_EDGE('',*,*,#2268,.T.);
#3088=ORIENTED_EDGE('',*,*,#2268,.F.);
#3089=ORIENTED_EDGE('',*,*,#2269,.F.);
#3090=ORIENTED_EDGE('',*,*,#2270,.T.);
#3091=ORIENTED_EDGE('',*,*,#2270,.F.);
#3092=ORIENTED_EDGE('',*,*,#2271,.F.);
#3093=ORIENTED_EDGE('',*,*,#2260,.T.);
#3094=ORIENTED_EDGE('',*,*,#2252,.F.);
#3095=ORIENTED_EDGE('',*,*,#2272,.T.);
#3096=ORIENTED_EDGE('',*,*,#2261,.T.);
#3097=ORIENTED_EDGE('',*,*,#2273,.F.);
#3098=ORIENTED_EDGE('',*,*,#2257,.F.);
#3099=ORIENTED_EDGE('',*,*,#2274,.T.);
#3100=ORIENTED_EDGE('',*,*,#2263,.T.);
#3101=ORIENTED_EDGE('',*,*,#2272,.F.);
#3102=ORIENTED_EDGE('',*,*,#2256,.F.);
#3103=ORIENTED_EDGE('',*,*,#2275,.T.);
#3104=ORIENTED_EDGE('',*,*,#2265,.T.);
#3105=ORIENTED_EDGE('',*,*,#2274,.F.);
#3106=ORIENTED_EDGE('',*,*,#2255,.F.);
#3107=ORIENTED_EDGE('',*,*,#2276,.T.);
#3108=ORIENTED_EDGE('',*,*,#2267,.T.);
#3109=ORIENTED_EDGE('',*,*,#2275,.F.);
#3110=ORIENTED_EDGE('',*,*,#2254,.F.);
#3111=ORIENTED_EDGE('',*,*,#2277,.T.);
#3112=ORIENTED_EDGE('',*,*,#2269,.T.);
#3113=ORIENTED_EDGE('',*,*,#2276,.F.);
#3114=ORIENTED_EDGE('',*,*,#2253,.F.);
#3115=ORIENTED_EDGE('',*,*,#2273,.T.);
#3116=ORIENTED_EDGE('',*,*,#2271,.T.);
#3117=ORIENTED_EDGE('',*,*,#2277,.F.);
#3118=ORIENTED_EDGE('',*,*,#2246,.T.);
#3119=ORIENTED_EDGE('',*,*,#2278,.T.);
#3120=ORIENTED_EDGE('',*,*,#2279,.T.);
#3121=ORIENTED_EDGE('',*,*,#2278,.F.);
#3122=ORIENTED_EDGE('',*,*,#2248,.T.);
#3123=ORIENTED_EDGE('',*,*,#2258,.T.);
#3124=ORIENTED_EDGE('',*,*,#2279,.F.);
#3125=ORIENTED_EDGE('',*,*,#2280,.F.);
#3126=ORIENTED_EDGE('',*,*,#2281,.T.);
#3127=ORIENTED_EDGE('',*,*,#2282,.F.);
#3128=ORIENTED_EDGE('',*,*,#2283,.F.);
#3129=ORIENTED_EDGE('',*,*,#2281,.F.);
#3130=ORIENTED_EDGE('',*,*,#2284,.F.);
#3131=ORIENTED_EDGE('',*,*,#2285,.T.);
#3132=ORIENTED_EDGE('',*,*,#2286,.T.);
#3133=ORIENTED_EDGE('',*,*,#2285,.F.);
#3134=ORIENTED_EDGE('',*,*,#2286,.F.);
#3135=ORIENTED_EDGE('',*,*,#2280,.T.);
#3136=ORIENTED_EDGE('',*,*,#2287,.F.);
#3137=ORIENTED_EDGE('',*,*,#2288,.F.);
#3138=ORIENTED_EDGE('',*,*,#2289,.F.);
#3139=ORIENTED_EDGE('',*,*,#2290,.F.);
#3140=ORIENTED_EDGE('',*,*,#2282,.T.);
#3141=ORIENTED_EDGE('',*,*,#2283,.T.);
#3142=ORIENTED_EDGE('',*,*,#2287,.T.);
#3143=ORIENTED_EDGE('',*,*,#2291,.T.);
#3144=ORIENTED_EDGE('',*,*,#2292,.T.);
#3145=ORIENTED_EDGE('',*,*,#2293,.F.);
#3146=ORIENTED_EDGE('',*,*,#2290,.T.);
#3147=ORIENTED_EDGE('',*,*,#2294,.F.);
#3148=ORIENTED_EDGE('',*,*,#2295,.F.);
#3149=ORIENTED_EDGE('',*,*,#2296,.F.);
#3150=ORIENTED_EDGE('',*,*,#2297,.F.);
#3151=ORIENTED_EDGE('',*,*,#2298,.F.);
#3152=ORIENTED_EDGE('',*,*,#2299,.F.);
#3153=ORIENTED_EDGE('',*,*,#2300,.T.);
#3154=ORIENTED_EDGE('',*,*,#2301,.F.);
#3155=ORIENTED_EDGE('',*,*,#2302,.T.);
#3156=ORIENTED_EDGE('',*,*,#2303,.F.);
#3157=ORIENTED_EDGE('',*,*,#2304,.T.);
#3158=ORIENTED_EDGE('',*,*,#2305,.F.);
#3159=ORIENTED_EDGE('',*,*,#2306,.T.);
#3160=ORIENTED_EDGE('',*,*,#2307,.F.);
#3161=ORIENTED_EDGE('',*,*,#2308,.T.);
#3162=ORIENTED_EDGE('',*,*,#2309,.F.);
#3163=ORIENTED_EDGE('',*,*,#2310,.T.);
#3164=ORIENTED_EDGE('',*,*,#2311,.F.);
#3165=ORIENTED_EDGE('',*,*,#2312,.F.);
#3166=ORIENTED_EDGE('',*,*,#2313,.F.);
#3167=ORIENTED_EDGE('',*,*,#2314,.F.);
#3168=ORIENTED_EDGE('',*,*,#2315,.T.);
#3169=ORIENTED_EDGE('',*,*,#2316,.T.);
#3170=ORIENTED_EDGE('',*,*,#2291,.F.);
#3171=ORIENTED_EDGE('',*,*,#2296,.T.);
#3172=ORIENTED_EDGE('',*,*,#2317,.T.);
#3173=ORIENTED_EDGE('',*,*,#2318,.T.);
#3174=ORIENTED_EDGE('',*,*,#2319,.T.);
#3175=ORIENTED_EDGE('',*,*,#2317,.F.);
#3176=ORIENTED_EDGE('',*,*,#2295,.T.);
#3177=ORIENTED_EDGE('',*,*,#2320,.T.);
#3178=ORIENTED_EDGE('',*,*,#2321,.F.);
#3179=ORIENTED_EDGE('',*,*,#2298,.T.);
#3180=ORIENTED_EDGE('',*,*,#2322,.T.);
#3181=ORIENTED_EDGE('',*,*,#2323,.T.);
#3182=ORIENTED_EDGE('',*,*,#2324,.T.);
#3183=ORIENTED_EDGE('',*,*,#2319,.F.);
#3184=ORIENTED_EDGE('',*,*,#2325,.F.);
#3185=ORIENTED_EDGE('',*,*,#2322,.F.);
#3186=ORIENTED_EDGE('',*,*,#2297,.T.);
#3187=ORIENTED_EDGE('',*,*,#2314,.T.);
#3188=ORIENTED_EDGE('',*,*,#2326,.T.);
#3189=ORIENTED_EDGE('',*,*,#2327,.T.);
#3190=ORIENTED_EDGE('',*,*,#2328,.T.);
#3191=ORIENTED_EDGE('',*,*,#2326,.F.);
#3192=ORIENTED_EDGE('',*,*,#2313,.T.);
#3193=ORIENTED_EDGE('',*,*,#2329,.F.);
#3194=ORIENTED_EDGE('',*,*,#2330,.F.);
#3195=ORIENTED_EDGE('',*,*,#2312,.T.);
#3196=ORIENTED_EDGE('',*,*,#2331,.T.);
#3197=ORIENTED_EDGE('',*,*,#2332,.T.);
#3198=ORIENTED_EDGE('',*,*,#2329,.T.);
#3199=ORIENTED_EDGE('',*,*,#2331,.F.);
#3200=ORIENTED_EDGE('',*,*,#2311,.T.);
#3201=ORIENTED_EDGE('',*,*,#2333,.T.);
#3202=ORIENTED_EDGE('',*,*,#2334,.F.);
#3203=ORIENTED_EDGE('',*,*,#2305,.T.);
#3204=ORIENTED_EDGE('',*,*,#2335,.T.);
#3205=ORIENTED_EDGE('',*,*,#2336,.F.);
#3206=ORIENTED_EDGE('',*,*,#2337,.F.);
#3207=ORIENTED_EDGE('',*,*,#2284,.T.);
#3208=ORIENTED_EDGE('',*,*,#2306,.F.);
#3209=ORIENTED_EDGE('',*,*,#2337,.T.);
#3210=ORIENTED_EDGE('',*,*,#2338,.F.);
#3211=ORIENTED_EDGE('',*,*,#2339,.F.);
#3212=ORIENTED_EDGE('',*,*,#2307,.T.);
#3213=ORIENTED_EDGE('',*,*,#2339,.T.);
#3214=ORIENTED_EDGE('',*,*,#2340,.F.);
#3215=ORIENTED_EDGE('',*,*,#2341,.F.);
#3216=ORIENTED_EDGE('',*,*,#2308,.F.);
#3217=ORIENTED_EDGE('',*,*,#2341,.T.);
#3218=ORIENTED_EDGE('',*,*,#2342,.F.);
#3219=ORIENTED_EDGE('',*,*,#2343,.F.);
#3220=ORIENTED_EDGE('',*,*,#2309,.T.);
#3221=ORIENTED_EDGE('',*,*,#2343,.T.);
#3222=ORIENTED_EDGE('',*,*,#2344,.F.);
#3223=ORIENTED_EDGE('',*,*,#2345,.F.);
#3224=ORIENTED_EDGE('',*,*,#2310,.F.);
#3225=ORIENTED_EDGE('',*,*,#2345,.T.);
#3226=ORIENTED_EDGE('',*,*,#2346,.F.);
#3227=ORIENTED_EDGE('',*,*,#2333,.F.);
#3228=ORIENTED_EDGE('',*,*,#2328,.F.);
#3229=ORIENTED_EDGE('',*,*,#2347,.F.);
#3230=ORIENTED_EDGE('',*,*,#2348,.F.);
#3231=ORIENTED_EDGE('',*,*,#2315,.F.);
#3232=ORIENTED_EDGE('',*,*,#2316,.F.);
#3233=ORIENTED_EDGE('',*,*,#2348,.T.);
#3234=ORIENTED_EDGE('',*,*,#2349,.F.);
#3235=ORIENTED_EDGE('',*,*,#2292,.F.);
#3236=ORIENTED_EDGE('',*,*,#2289,.T.);
#3237=ORIENTED_EDGE('',*,*,#2350,.F.);
#3238=ORIENTED_EDGE('',*,*,#2320,.F.);
#3239=ORIENTED_EDGE('',*,*,#2294,.T.);
#3240=ORIENTED_EDGE('',*,*,#2324,.F.);
#3241=ORIENTED_EDGE('',*,*,#2351,.F.);
#3242=ORIENTED_EDGE('',*,*,#2352,.F.);
#3243=ORIENTED_EDGE('',*,*,#2299,.T.);
#3244=ORIENTED_EDGE('',*,*,#2300,.F.);
#3245=ORIENTED_EDGE('',*,*,#2352,.T.);
#3246=ORIENTED_EDGE('',*,*,#2353,.F.);
#3247=ORIENTED_EDGE('',*,*,#2354,.F.);
#3248=ORIENTED_EDGE('',*,*,#2301,.T.);
#3249=ORIENTED_EDGE('',*,*,#2354,.T.);
#3250=ORIENTED_EDGE('',*,*,#2355,.F.);
#3251=ORIENTED_EDGE('',*,*,#2356,.F.);
#3252=ORIENTED_EDGE('',*,*,#2302,.F.);
#3253=ORIENTED_EDGE('',*,*,#2356,.T.);
#3254=ORIENTED_EDGE('',*,*,#2357,.F.);
#3255=ORIENTED_EDGE('',*,*,#2358,.F.);
#3256=ORIENTED_EDGE('',*,*,#2303,.T.);
#3257=ORIENTED_EDGE('',*,*,#2358,.T.);
#3258=ORIENTED_EDGE('',*,*,#2359,.F.);
#3259=ORIENTED_EDGE('',*,*,#2360,.F.);
#3260=ORIENTED_EDGE('',*,*,#2304,.F.);
#3261=ORIENTED_EDGE('',*,*,#2360,.T.);
#3262=ORIENTED_EDGE('',*,*,#2361,.F.);
#3263=ORIENTED_EDGE('',*,*,#2335,.F.);
#3264=ORIENTED_EDGE('',*,*,#2288,.T.);
#3265=ORIENTED_EDGE('',*,*,#2293,.T.);
#3266=ORIENTED_EDGE('',*,*,#2349,.T.);
#3267=ORIENTED_EDGE('',*,*,#2347,.T.);
#3268=ORIENTED_EDGE('',*,*,#2327,.F.);
#3269=ORIENTED_EDGE('',*,*,#2330,.T.);
#3270=ORIENTED_EDGE('',*,*,#2332,.F.);
#3271=ORIENTED_EDGE('',*,*,#2334,.T.);
#3272=ORIENTED_EDGE('',*,*,#2346,.T.);
#3273=ORIENTED_EDGE('',*,*,#2344,.T.);
#3274=ORIENTED_EDGE('',*,*,#2342,.T.);
#3275=ORIENTED_EDGE('',*,*,#2340,.T.);
#3276=ORIENTED_EDGE('',*,*,#2338,.T.);
#3277=ORIENTED_EDGE('',*,*,#2336,.T.);
#3278=ORIENTED_EDGE('',*,*,#2361,.T.);
#3279=ORIENTED_EDGE('',*,*,#2359,.T.);
#3280=ORIENTED_EDGE('',*,*,#2357,.T.);
#3281=ORIENTED_EDGE('',*,*,#2355,.T.);
#3282=ORIENTED_EDGE('',*,*,#2353,.T.);
#3283=ORIENTED_EDGE('',*,*,#2351,.T.);
#3284=ORIENTED_EDGE('',*,*,#2323,.F.);
#3285=ORIENTED_EDGE('',*,*,#2325,.T.);
#3286=ORIENTED_EDGE('',*,*,#2318,.F.);
#3287=ORIENTED_EDGE('',*,*,#2321,.T.);
#3288=ORIENTED_EDGE('',*,*,#2350,.T.);
#3289=ORIENTED_EDGE('',*,*,#2362,.T.);
#3290=ORIENTED_EDGE('',*,*,#2363,.T.);
#3291=ORIENTED_EDGE('',*,*,#2364,.T.);
#3292=ORIENTED_EDGE('',*,*,#2365,.T.);
#3293=ORIENTED_EDGE('',*,*,#2366,.T.);
#3294=ORIENTED_EDGE('',*,*,#2367,.T.);
#3295=ORIENTED_EDGE('',*,*,#2368,.T.);
#3296=ORIENTED_EDGE('',*,*,#2369,.T.);
#3297=ORIENTED_EDGE('',*,*,#2370,.T.);
#3298=ORIENTED_EDGE('',*,*,#2371,.T.);
#3299=ORIENTED_EDGE('',*,*,#2372,.T.);
#3300=ORIENTED_EDGE('',*,*,#2373,.T.);
#3301=ORIENTED_EDGE('',*,*,#2374,.T.);
#3302=ORIENTED_EDGE('',*,*,#2375,.T.);
#3303=ORIENTED_EDGE('',*,*,#2376,.T.);
#3304=ORIENTED_EDGE('',*,*,#2377,.T.);
#3305=ORIENTED_EDGE('',*,*,#2378,.T.);
#3306=ORIENTED_EDGE('',*,*,#2379,.T.);
#3307=ORIENTED_EDGE('',*,*,#2380,.T.);
#3308=ORIENTED_EDGE('',*,*,#2381,.T.);
#3309=ORIENTED_EDGE('',*,*,#2382,.T.);
#3310=ORIENTED_EDGE('',*,*,#2383,.T.);
#3311=ORIENTED_EDGE('',*,*,#2384,.T.);
#3312=ORIENTED_EDGE('',*,*,#2385,.T.);
#3313=ORIENTED_EDGE('',*,*,#2386,.T.);
#3314=ORIENTED_EDGE('',*,*,#2387,.T.);
#3315=ORIENTED_EDGE('',*,*,#2388,.T.);
#3316=ORIENTED_EDGE('',*,*,#2389,.T.);
#3317=ORIENTED_EDGE('',*,*,#2390,.T.);
#3318=ORIENTED_EDGE('',*,*,#2391,.T.);
#3319=ORIENTED_EDGE('',*,*,#2392,.T.);
#3320=ORIENTED_EDGE('',*,*,#2393,.T.);
#3321=ORIENTED_EDGE('',*,*,#2394,.T.);
#3322=ORIENTED_EDGE('',*,*,#2395,.T.);
#3323=ORIENTED_EDGE('',*,*,#2396,.T.);
#3324=ORIENTED_EDGE('',*,*,#2397,.T.);
#3325=ORIENTED_EDGE('',*,*,#2398,.T.);
#3326=ORIENTED_EDGE('',*,*,#2399,.T.);
#3327=ORIENTED_EDGE('',*,*,#2400,.T.);
#3328=ORIENTED_EDGE('',*,*,#2401,.T.);
#3329=ORIENTED_EDGE('',*,*,#2402,.T.);
#3330=ORIENTED_EDGE('',*,*,#2403,.T.);
#3331=ORIENTED_EDGE('',*,*,#2404,.T.);
#3332=ORIENTED_EDGE('',*,*,#2405,.T.);
#3333=ORIENTED_EDGE('',*,*,#2406,.T.);
#3334=ORIENTED_EDGE('',*,*,#2407,.T.);
#3335=ORIENTED_EDGE('',*,*,#2408,.T.);
#3336=ORIENTED_EDGE('',*,*,#2409,.T.);
#3337=ORIENTED_EDGE('',*,*,#2410,.T.);
#3338=ORIENTED_EDGE('',*,*,#2411,.T.);
#3339=ORIENTED_EDGE('',*,*,#2412,.T.);
#3340=ORIENTED_EDGE('',*,*,#2413,.T.);
#3341=ORIENTED_EDGE('',*,*,#2414,.T.);
#3342=ORIENTED_EDGE('',*,*,#2415,.T.);
#3343=ORIENTED_EDGE('',*,*,#2416,.T.);
#3344=ORIENTED_EDGE('',*,*,#2417,.T.);
#3345=ORIENTED_EDGE('',*,*,#2418,.T.);
#3346=ORIENTED_EDGE('',*,*,#2419,.T.);
#3347=ORIENTED_EDGE('',*,*,#2420,.T.);
#3348=ORIENTED_EDGE('',*,*,#2421,.T.);
#3349=ORIENTED_EDGE('',*,*,#2422,.T.);
#3350=ORIENTED_EDGE('',*,*,#2423,.T.);
#3351=ORIENTED_EDGE('',*,*,#2424,.T.);
#3352=ORIENTED_EDGE('',*,*,#2425,.T.);
#3353=ORIENTED_EDGE('',*,*,#2426,.T.);
#3354=ORIENTED_EDGE('',*,*,#2427,.T.);
#3355=ORIENTED_EDGE('',*,*,#2428,.T.);
#3356=ORIENTED_EDGE('',*,*,#2429,.T.);
#3357=ORIENTED_EDGE('',*,*,#2430,.T.);
#3358=ORIENTED_EDGE('',*,*,#2431,.T.);
#3359=ORIENTED_EDGE('',*,*,#2432,.T.);
#3360=ORIENTED_EDGE('',*,*,#2433,.T.);
#3361=ORIENTED_EDGE('',*,*,#2434,.T.);
#3362=ORIENTED_EDGE('',*,*,#2435,.F.);
#3363=ORIENTED_EDGE('',*,*,#2436,.T.);
#3364=ORIENTED_EDGE('',*,*,#2437,.T.);
#3365=ORIENTED_EDGE('',*,*,#2383,.F.);
#3366=ORIENTED_EDGE('',*,*,#2438,.T.);
#3367=ORIENTED_EDGE('',*,*,#2439,.F.);
#3368=ORIENTED_EDGE('',*,*,#2435,.T.);
#3369=ORIENTED_EDGE('',*,*,#2382,.F.);
#3370=ORIENTED_EDGE('',*,*,#2440,.F.);
#3371=ORIENTED_EDGE('',*,*,#2441,.T.);
#3372=ORIENTED_EDGE('',*,*,#2380,.F.);
#3373=ORIENTED_EDGE('',*,*,#2442,.F.);
#3374=ORIENTED_EDGE('',*,*,#2443,.F.);
#3375=ORIENTED_EDGE('',*,*,#2444,.F.);
#3376=ORIENTED_EDGE('',*,*,#2442,.T.);
#3377=ORIENTED_EDGE('',*,*,#2379,.F.);
#3378=ORIENTED_EDGE('',*,*,#2445,.T.);
#3379=ORIENTED_EDGE('',*,*,#2446,.T.);
#3380=ORIENTED_EDGE('',*,*,#2443,.T.);
#3381=ORIENTED_EDGE('',*,*,#2378,.F.);
#3382=ORIENTED_EDGE('',*,*,#2447,.T.);
#3383=ORIENTED_EDGE('',*,*,#2448,.T.);
#3384=ORIENTED_EDGE('',*,*,#2376,.F.);
#3385=ORIENTED_EDGE('',*,*,#2449,.T.);
#3386=ORIENTED_EDGE('',*,*,#2450,.T.);
#3387=ORIENTED_EDGE('',*,*,#2451,.F.);
#3388=ORIENTED_EDGE('',*,*,#2452,.T.);
#3389=ORIENTED_EDGE('',*,*,#2374,.F.);
#3390=ORIENTED_EDGE('',*,*,#2453,.T.);
#3391=ORIENTED_EDGE('',*,*,#2454,.F.);
#3392=ORIENTED_EDGE('',*,*,#2455,.T.);
#3393=ORIENTED_EDGE('',*,*,#2372,.F.);
#3394=ORIENTED_EDGE('',*,*,#2456,.T.);
#3395=ORIENTED_EDGE('',*,*,#2457,.T.);
#3396=ORIENTED_EDGE('',*,*,#2458,.T.);
#3397=ORIENTED_EDGE('',*,*,#2370,.F.);
#3398=ORIENTED_EDGE('',*,*,#2459,.T.);
#3399=ORIENTED_EDGE('',*,*,#2460,.T.);
#3400=ORIENTED_EDGE('',*,*,#2461,.T.);
#3401=ORIENTED_EDGE('',*,*,#2368,.F.);
#3402=ORIENTED_EDGE('',*,*,#2462,.T.);
#3403=ORIENTED_EDGE('',*,*,#2463,.T.);
#3404=ORIENTED_EDGE('',*,*,#2366,.F.);
#3405=ORIENTED_EDGE('',*,*,#2464,.F.);
#3406=ORIENTED_EDGE('',*,*,#2465,.F.);
#3407=ORIENTED_EDGE('',*,*,#2466,.F.);
#3408=ORIENTED_EDGE('',*,*,#2464,.T.);
#3409=ORIENTED_EDGE('',*,*,#2365,.F.);
#3410=ORIENTED_EDGE('',*,*,#2467,.T.);
#3411=ORIENTED_EDGE('',*,*,#2468,.F.);
#3412=ORIENTED_EDGE('',*,*,#2465,.T.);
#3413=ORIENTED_EDGE('',*,*,#2364,.F.);
#3414=ORIENTED_EDGE('',*,*,#2469,.T.);
#3415=ORIENTED_EDGE('',*,*,#2470,.T.);
#3416=ORIENTED_EDGE('',*,*,#2362,.F.);
#3417=ORIENTED_EDGE('',*,*,#2471,.F.);
#3418=ORIENTED_EDGE('',*,*,#2472,.F.);
#3419=ORIENTED_EDGE('',*,*,#2473,.T.);
#3420=ORIENTED_EDGE('',*,*,#2471,.T.);
#3421=ORIENTED_EDGE('',*,*,#2433,.F.);
#3422=ORIENTED_EDGE('',*,*,#2474,.T.);
#3423=ORIENTED_EDGE('',*,*,#2475,.F.);
#3424=ORIENTED_EDGE('',*,*,#2472,.T.);
#3425=ORIENTED_EDGE('',*,*,#2432,.F.);
#3426=ORIENTED_EDGE('',*,*,#2476,.F.);
#3427=ORIENTED_EDGE('',*,*,#2477,.T.);
#3428=ORIENTED_EDGE('',*,*,#2430,.F.);
#3429=ORIENTED_EDGE('',*,*,#2478,.T.);
#3430=ORIENTED_EDGE('',*,*,#2479,.F.);
#3431=ORIENTED_EDGE('',*,*,#2480,.T.);
#3432=ORIENTED_EDGE('',*,*,#2428,.F.);
#3433=ORIENTED_EDGE('',*,*,#2481,.T.);
#3434=ORIENTED_EDGE('',*,*,#2482,.T.);
#3435=ORIENTED_EDGE('',*,*,#2483,.F.);
#3436=ORIENTED_EDGE('',*,*,#2484,.T.);
#3437=ORIENTED_EDGE('',*,*,#2426,.F.);
#3438=ORIENTED_EDGE('',*,*,#2485,.T.);
#3439=ORIENTED_EDGE('',*,*,#2486,.T.);
#3440=ORIENTED_EDGE('',*,*,#2487,.T.);
#3441=ORIENTED_EDGE('',*,*,#2424,.F.);
#3442=ORIENTED_EDGE('',*,*,#2488,.T.);
#3443=ORIENTED_EDGE('',*,*,#2489,.F.);
#3444=ORIENTED_EDGE('',*,*,#2490,.T.);
#3445=ORIENTED_EDGE('',*,*,#2422,.F.);
#3446=ORIENTED_EDGE('',*,*,#2491,.F.);
#3447=ORIENTED_EDGE('',*,*,#2492,.T.);
#3448=ORIENTED_EDGE('',*,*,#2420,.F.);
#3449=ORIENTED_EDGE('',*,*,#2493,.F.);
#3450=ORIENTED_EDGE('',*,*,#2494,.F.);
#3451=ORIENTED_EDGE('',*,*,#2495,.T.);
#3452=ORIENTED_EDGE('',*,*,#2493,.T.);
#3453=ORIENTED_EDGE('',*,*,#2419,.F.);
#3454=ORIENTED_EDGE('',*,*,#2496,.T.);
#3455=ORIENTED_EDGE('',*,*,#2497,.T.);
#3456=ORIENTED_EDGE('',*,*,#2494,.T.);
#3457=ORIENTED_EDGE('',*,*,#2418,.F.);
#3458=ORIENTED_EDGE('',*,*,#2498,.T.);
#3459=ORIENTED_EDGE('',*,*,#2499,.T.);
#3460=ORIENTED_EDGE('',*,*,#2416,.F.);
#3461=ORIENTED_EDGE('',*,*,#2500,.F.);
#3462=ORIENTED_EDGE('',*,*,#2501,.F.);
#3463=ORIENTED_EDGE('',*,*,#2502,.F.);
#3464=ORIENTED_EDGE('',*,*,#2500,.T.);
#3465=ORIENTED_EDGE('',*,*,#2415,.F.);
#3466=ORIENTED_EDGE('',*,*,#2503,.T.);
#3467=ORIENTED_EDGE('',*,*,#2504,.T.);
#3468=ORIENTED_EDGE('',*,*,#2501,.T.);
#3469=ORIENTED_EDGE('',*,*,#2414,.F.);
#3470=ORIENTED_EDGE('',*,*,#2505,.T.);
#3471=ORIENTED_EDGE('',*,*,#2506,.T.);
#3472=ORIENTED_EDGE('',*,*,#2412,.F.);
#3473=ORIENTED_EDGE('',*,*,#2507,.T.);
#3474=ORIENTED_EDGE('',*,*,#2508,.F.);
#3475=ORIENTED_EDGE('',*,*,#2509,.T.);
#3476=ORIENTED_EDGE('',*,*,#2410,.F.);
#3477=ORIENTED_EDGE('',*,*,#2510,.T.);
#3478=ORIENTED_EDGE('',*,*,#2511,.T.);
#3479=ORIENTED_EDGE('',*,*,#2512,.T.);
#3480=ORIENTED_EDGE('',*,*,#2408,.F.);
#3481=ORIENTED_EDGE('',*,*,#2513,.T.);
#3482=ORIENTED_EDGE('',*,*,#2514,.T.);
#3483=ORIENTED_EDGE('',*,*,#2515,.T.);
#3484=ORIENTED_EDGE('',*,*,#2516,.T.);
#3485=ORIENTED_EDGE('',*,*,#2406,.F.);
#3486=ORIENTED_EDGE('',*,*,#2517,.T.);
#3487=ORIENTED_EDGE('',*,*,#2518,.T.);
#3488=ORIENTED_EDGE('',*,*,#2404,.F.);
#3489=ORIENTED_EDGE('',*,*,#2519,.T.);
#3490=ORIENTED_EDGE('',*,*,#2520,.T.);
#3491=ORIENTED_EDGE('',*,*,#2521,.T.);
#3492=ORIENTED_EDGE('',*,*,#2402,.F.);
#3493=ORIENTED_EDGE('',*,*,#2522,.F.);
#3494=ORIENTED_EDGE('',*,*,#2523,.F.);
#3495=ORIENTED_EDGE('',*,*,#2524,.F.);
#3496=ORIENTED_EDGE('',*,*,#2522,.T.);
#3497=ORIENTED_EDGE('',*,*,#2401,.F.);
#3498=ORIENTED_EDGE('',*,*,#2525,.T.);
#3499=ORIENTED_EDGE('',*,*,#2526,.T.);
#3500=ORIENTED_EDGE('',*,*,#2523,.T.);
#3501=ORIENTED_EDGE('',*,*,#2400,.F.);
#3502=ORIENTED_EDGE('',*,*,#2527,.F.);
#3503=ORIENTED_EDGE('',*,*,#2528,.T.);
#3504=ORIENTED_EDGE('',*,*,#2398,.F.);
#3505=ORIENTED_EDGE('',*,*,#2529,.F.);
#3506=ORIENTED_EDGE('',*,*,#2530,.F.);
#3507=ORIENTED_EDGE('',*,*,#2531,.T.);
#3508=ORIENTED_EDGE('',*,*,#2529,.T.);
#3509=ORIENTED_EDGE('',*,*,#2397,.F.);
#3510=ORIENTED_EDGE('',*,*,#2532,.T.);
#3511=ORIENTED_EDGE('',*,*,#2533,.F.);
#3512=ORIENTED_EDGE('',*,*,#2530,.T.);
#3513=ORIENTED_EDGE('',*,*,#2396,.F.);
#3514=ORIENTED_EDGE('',*,*,#2534,.T.);
#3515=ORIENTED_EDGE('',*,*,#2535,.F.);
#3516=ORIENTED_EDGE('',*,*,#2536,.T.);
#3517=ORIENTED_EDGE('',*,*,#2394,.F.);
#3518=ORIENTED_EDGE('',*,*,#2537,.T.);
#3519=ORIENTED_EDGE('',*,*,#2538,.F.);
#3520=ORIENTED_EDGE('',*,*,#2539,.T.);
#3521=ORIENTED_EDGE('',*,*,#2392,.F.);
#3522=ORIENTED_EDGE('',*,*,#2540,.T.);
#3523=ORIENTED_EDGE('',*,*,#2541,.T.);
#3524=ORIENTED_EDGE('',*,*,#2390,.F.);
#3525=ORIENTED_EDGE('',*,*,#2542,.T.);
#3526=ORIENTED_EDGE('',*,*,#2543,.T.);
#3527=ORIENTED_EDGE('',*,*,#2544,.T.);
#3528=ORIENTED_EDGE('',*,*,#2545,.T.);
#3529=ORIENTED_EDGE('',*,*,#2388,.F.);
#3530=ORIENTED_EDGE('',*,*,#2546,.T.);
#3531=ORIENTED_EDGE('',*,*,#2547,.F.);
#3532=ORIENTED_EDGE('',*,*,#2548,.T.);
#3533=ORIENTED_EDGE('',*,*,#2386,.F.);
#3534=ORIENTED_EDGE('',*,*,#2549,.T.);
#3535=ORIENTED_EDGE('',*,*,#2550,.T.);
#3536=ORIENTED_EDGE('',*,*,#2434,.F.);
#3537=ORIENTED_EDGE('',*,*,#2550,.F.);
#3538=ORIENTED_EDGE('',*,*,#2551,.F.);
#3539=ORIENTED_EDGE('',*,*,#2552,.T.);
#3540=ORIENTED_EDGE('',*,*,#2384,.F.);
#3541=ORIENTED_EDGE('',*,*,#2437,.F.);
#3542=ORIENTED_EDGE('',*,*,#2468,.T.);
#3543=ORIENTED_EDGE('',*,*,#2553,.T.);
#3544=ORIENTED_EDGE('',*,*,#2469,.F.);
#3545=ORIENTED_EDGE('',*,*,#2473,.F.);
#3546=ORIENTED_EDGE('',*,*,#2475,.T.);
#3547=ORIENTED_EDGE('',*,*,#2554,.T.);
#3548=ORIENTED_EDGE('',*,*,#2476,.T.);
#3549=ORIENTED_EDGE('',*,*,#2555,.T.);
#3550=ORIENTED_EDGE('',*,*,#2479,.T.);
#3551=ORIENTED_EDGE('',*,*,#2556,.T.);
#3552=ORIENTED_EDGE('',*,*,#2483,.T.);
#3553=ORIENTED_EDGE('',*,*,#2557,.T.);
#3554=ORIENTED_EDGE('',*,*,#2486,.F.);
#3555=ORIENTED_EDGE('',*,*,#2558,.T.);
#3556=ORIENTED_EDGE('',*,*,#2489,.T.);
#3557=ORIENTED_EDGE('',*,*,#2559,.T.);
#3558=ORIENTED_EDGE('',*,*,#2491,.T.);
#3559=ORIENTED_EDGE('',*,*,#2495,.F.);
#3560=ORIENTED_EDGE('',*,*,#2497,.F.);
#3561=ORIENTED_EDGE('',*,*,#2560,.T.);
#3562=ORIENTED_EDGE('',*,*,#2498,.F.);
#3563=ORIENTED_EDGE('',*,*,#2502,.T.);
#3564=ORIENTED_EDGE('',*,*,#2504,.F.);
#3565=ORIENTED_EDGE('',*,*,#2561,.T.);
#3566=ORIENTED_EDGE('',*,*,#2505,.F.);
#3567=ORIENTED_EDGE('',*,*,#2562,.T.);
#3568=ORIENTED_EDGE('',*,*,#2508,.T.);
#3569=ORIENTED_EDGE('',*,*,#2563,.T.);
#3570=ORIENTED_EDGE('',*,*,#2511,.F.);
#3571=ORIENTED_EDGE('',*,*,#2564,.T.);
#3572=ORIENTED_EDGE('',*,*,#2515,.F.);
#3573=ORIENTED_EDGE('',*,*,#2565,.T.);
#3574=ORIENTED_EDGE('',*,*,#2517,.F.);
#3575=ORIENTED_EDGE('',*,*,#2566,.T.);
#3576=ORIENTED_EDGE('',*,*,#2520,.F.);
#3577=ORIENTED_EDGE('',*,*,#2524,.T.);
#3578=ORIENTED_EDGE('',*,*,#2526,.F.);
#3579=ORIENTED_EDGE('',*,*,#2567,.T.);
#3580=ORIENTED_EDGE('',*,*,#2527,.T.);
#3581=ORIENTED_EDGE('',*,*,#2531,.F.);
#3582=ORIENTED_EDGE('',*,*,#2533,.T.);
#3583=ORIENTED_EDGE('',*,*,#2568,.T.);
#3584=ORIENTED_EDGE('',*,*,#2535,.T.);
#3585=ORIENTED_EDGE('',*,*,#2569,.T.);
#3586=ORIENTED_EDGE('',*,*,#2538,.T.);
#3587=ORIENTED_EDGE('',*,*,#2570,.T.);
#3588=ORIENTED_EDGE('',*,*,#2540,.F.);
#3589=ORIENTED_EDGE('',*,*,#2571,.T.);
#3590=ORIENTED_EDGE('',*,*,#2544,.F.);
#3591=ORIENTED_EDGE('',*,*,#2572,.T.);
#3592=ORIENTED_EDGE('',*,*,#2547,.T.);
#3593=ORIENTED_EDGE('',*,*,#2573,.T.);
#3594=ORIENTED_EDGE('',*,*,#2551,.T.);
#3595=ORIENTED_EDGE('',*,*,#2436,.F.);
#3596=ORIENTED_EDGE('',*,*,#2439,.T.);
#3597=ORIENTED_EDGE('',*,*,#2574,.T.);
#3598=ORIENTED_EDGE('',*,*,#2440,.T.);
#3599=ORIENTED_EDGE('',*,*,#2444,.T.);
#3600=ORIENTED_EDGE('',*,*,#2446,.F.);
#3601=ORIENTED_EDGE('',*,*,#2575,.T.);
#3602=ORIENTED_EDGE('',*,*,#2447,.F.);
#3603=ORIENTED_EDGE('',*,*,#2576,.T.);
#3604=ORIENTED_EDGE('',*,*,#2451,.T.);
#3605=ORIENTED_EDGE('',*,*,#2577,.T.);
#3606=ORIENTED_EDGE('',*,*,#2454,.T.);
#3607=ORIENTED_EDGE('',*,*,#2578,.T.);
#3608=ORIENTED_EDGE('',*,*,#2457,.F.);
#3609=ORIENTED_EDGE('',*,*,#2579,.T.);
#3610=ORIENTED_EDGE('',*,*,#2460,.F.);
#3611=ORIENTED_EDGE('',*,*,#2580,.T.);
#3612=ORIENTED_EDGE('',*,*,#2462,.F.);
#3613=ORIENTED_EDGE('',*,*,#2466,.T.);
#3614=ORIENTED_EDGE('',*,*,#2549,.F.);
#3615=ORIENTED_EDGE('',*,*,#2553,.F.);
#3616=ORIENTED_EDGE('',*,*,#2467,.F.);
#3617=ORIENTED_EDGE('',*,*,#2363,.F.);
#3618=ORIENTED_EDGE('',*,*,#2470,.F.);
#3619=ORIENTED_EDGE('',*,*,#2574,.F.);
#3620=ORIENTED_EDGE('',*,*,#2438,.F.);
#3621=ORIENTED_EDGE('',*,*,#2381,.F.);
#3622=ORIENTED_EDGE('',*,*,#2441,.F.);
#3623=ORIENTED_EDGE('',*,*,#2567,.F.);
#3624=ORIENTED_EDGE('',*,*,#2525,.F.);
#3625=ORIENTED_EDGE('',*,*,#2399,.F.);
#3626=ORIENTED_EDGE('',*,*,#2528,.F.);
#3627=ORIENTED_EDGE('',*,*,#2560,.F.);
#3628=ORIENTED_EDGE('',*,*,#2496,.F.);
#3629=ORIENTED_EDGE('',*,*,#2417,.F.);
#3630=ORIENTED_EDGE('',*,*,#2499,.F.);
#3631=ORIENTED_EDGE('',*,*,#2559,.F.);
#3632=ORIENTED_EDGE('',*,*,#2488,.F.);
#3633=ORIENTED_EDGE('',*,*,#2421,.F.);
#3634=ORIENTED_EDGE('',*,*,#2492,.F.);
#3635=ORIENTED_EDGE('',*,*,#2558,.F.);
#3636=ORIENTED_EDGE('',*,*,#2485,.F.);
#3637=ORIENTED_EDGE('',*,*,#2423,.F.);
#3638=ORIENTED_EDGE('',*,*,#2490,.F.);
#3639=ORIENTED_EDGE('',*,*,#2557,.F.);
#3640=ORIENTED_EDGE('',*,*,#2482,.F.);
#3641=ORIENTED_EDGE('',*,*,#2425,.F.);
#3642=ORIENTED_EDGE('',*,*,#2487,.F.);
#3643=ORIENTED_EDGE('',*,*,#2554,.F.);
#3644=ORIENTED_EDGE('',*,*,#2474,.F.);
#3645=ORIENTED_EDGE('',*,*,#2431,.F.);
#3646=ORIENTED_EDGE('',*,*,#2477,.F.);
#3647=ORIENTED_EDGE('',*,*,#2555,.F.);
#3648=ORIENTED_EDGE('',*,*,#2478,.F.);
#3649=ORIENTED_EDGE('',*,*,#2429,.F.);
#3650=ORIENTED_EDGE('',*,*,#2480,.F.);
#3651=ORIENTED_EDGE('',*,*,#2556,.F.);
#3652=ORIENTED_EDGE('',*,*,#2481,.F.);
#3653=ORIENTED_EDGE('',*,*,#2427,.F.);
#3654=ORIENTED_EDGE('',*,*,#2484,.F.);
#3655=ORIENTED_EDGE('',*,*,#2580,.F.);
#3656=ORIENTED_EDGE('',*,*,#2459,.F.);
#3657=ORIENTED_EDGE('',*,*,#2367,.F.);
#3658=ORIENTED_EDGE('',*,*,#2463,.F.);
#3659=ORIENTED_EDGE('',*,*,#2579,.F.);
#3660=ORIENTED_EDGE('',*,*,#2456,.F.);
#3661=ORIENTED_EDGE('',*,*,#2369,.F.);
#3662=ORIENTED_EDGE('',*,*,#2461,.F.);
#3663=ORIENTED_EDGE('',*,*,#2578,.F.);
#3664=ORIENTED_EDGE('',*,*,#2453,.F.);
#3665=ORIENTED_EDGE('',*,*,#2371,.F.);
#3666=ORIENTED_EDGE('',*,*,#2458,.F.);
#3667=ORIENTED_EDGE('',*,*,#2575,.F.);
#3668=ORIENTED_EDGE('',*,*,#2445,.F.);
#3669=ORIENTED_EDGE('',*,*,#2377,.F.);
#3670=ORIENTED_EDGE('',*,*,#2448,.F.);
#3671=ORIENTED_EDGE('',*,*,#2577,.F.);
#3672=ORIENTED_EDGE('',*,*,#2450,.F.);
#3673=ORIENTED_EDGE('',*,*,#2373,.F.);
#3674=ORIENTED_EDGE('',*,*,#2455,.F.);
#3675=ORIENTED_EDGE('',*,*,#2576,.F.);
#3676=ORIENTED_EDGE('',*,*,#2449,.F.);
#3677=ORIENTED_EDGE('',*,*,#2375,.F.);
#3678=ORIENTED_EDGE('',*,*,#2452,.F.);
#3679=ORIENTED_EDGE('',*,*,#2561,.F.);
#3680=ORIENTED_EDGE('',*,*,#2503,.F.);
#3681=ORIENTED_EDGE('',*,*,#2413,.F.);
#3682=ORIENTED_EDGE('',*,*,#2506,.F.);
#3683=ORIENTED_EDGE('',*,*,#2562,.F.);
#3684=ORIENTED_EDGE('',*,*,#2507,.F.);
#3685=ORIENTED_EDGE('',*,*,#2411,.F.);
#3686=ORIENTED_EDGE('',*,*,#2509,.F.);
#3687=ORIENTED_EDGE('',*,*,#2563,.F.);
#3688=ORIENTED_EDGE('',*,*,#2510,.F.);
#3689=ORIENTED_EDGE('',*,*,#2409,.F.);
#3690=ORIENTED_EDGE('',*,*,#2512,.F.);
#3691=ORIENTED_EDGE('',*,*,#2565,.F.);
#3692=ORIENTED_EDGE('',*,*,#2514,.F.);
#3693=ORIENTED_EDGE('',*,*,#2405,.F.);
#3694=ORIENTED_EDGE('',*,*,#2518,.F.);
#3695=ORIENTED_EDGE('',*,*,#2566,.F.);
#3696=ORIENTED_EDGE('',*,*,#2519,.F.);
#3697=ORIENTED_EDGE('',*,*,#2403,.F.);
#3698=ORIENTED_EDGE('',*,*,#2521,.F.);
#3699=ORIENTED_EDGE('',*,*,#2564,.F.);
#3700=ORIENTED_EDGE('',*,*,#2513,.F.);
#3701=ORIENTED_EDGE('',*,*,#2407,.F.);
#3702=ORIENTED_EDGE('',*,*,#2516,.F.);
#3703=ORIENTED_EDGE('',*,*,#2570,.F.);
#3704=ORIENTED_EDGE('',*,*,#2537,.F.);
#3705=ORIENTED_EDGE('',*,*,#2391,.F.);
#3706=ORIENTED_EDGE('',*,*,#2541,.F.);
#3707=ORIENTED_EDGE('',*,*,#2569,.F.);
#3708=ORIENTED_EDGE('',*,*,#2534,.F.);
#3709=ORIENTED_EDGE('',*,*,#2393,.F.);
#3710=ORIENTED_EDGE('',*,*,#2539,.F.);
#3711=ORIENTED_EDGE('',*,*,#2568,.F.);
#3712=ORIENTED_EDGE('',*,*,#2532,.F.);
#3713=ORIENTED_EDGE('',*,*,#2395,.F.);
#3714=ORIENTED_EDGE('',*,*,#2536,.F.);
#3715=ORIENTED_EDGE('',*,*,#2573,.F.);
#3716=ORIENTED_EDGE('',*,*,#2546,.F.);
#3717=ORIENTED_EDGE('',*,*,#2385,.F.);
#3718=ORIENTED_EDGE('',*,*,#2552,.F.);
#3719=ORIENTED_EDGE('',*,*,#2572,.F.);
#3720=ORIENTED_EDGE('',*,*,#2543,.F.);
#3721=ORIENTED_EDGE('',*,*,#2387,.F.);
#3722=ORIENTED_EDGE('',*,*,#2548,.F.);
#3723=ORIENTED_EDGE('',*,*,#2571,.F.);
#3724=ORIENTED_EDGE('',*,*,#2542,.F.);
#3725=ORIENTED_EDGE('',*,*,#2389,.F.);
#3726=ORIENTED_EDGE('',*,*,#2545,.F.);
#3727=PLANE('',#4190);
#3728=PLANE('',#4195);
#3729=PLANE('',#4198);
#3730=PLANE('',#4199);
#3731=PLANE('',#4200);
#3732=PLANE('',#4201);
#3733=PLANE('',#4206);
#3734=PLANE('',#4209);
#3735=PLANE('',#4210);
#3736=PLANE('',#4213);
#3737=PLANE('',#4216);
#3738=PLANE('',#4217);
#3739=PLANE('',#4218);
#3740=PLANE('',#4219);
#3741=PLANE('',#4222);
#3742=PLANE('',#4225);
#3743=PLANE('',#4229);
#3744=PLANE('',#4231);
#3745=PLANE('',#4235);
#3746=PLANE('',#4237);
#3747=PLANE('',#4242);
#3748=PLANE('',#4247);
#3749=PLANE('',#4248);
#3750=PLANE('',#4249);
#3751=PLANE('',#4254);
#3752=PLANE('',#4255);
#3753=PLANE('',#4260);
#3754=PLANE('',#4263);
#3755=PLANE('',#4266);
#3756=PLANE('',#4267);
#3757=PLANE('',#4268);
#3758=PLANE('',#4269);
#3759=PLANE('',#4272);
#3760=PLANE('',#4273);
#3761=PLANE('',#4276);
#3762=PLANE('',#4279);
#3763=PLANE('',#4282);
#3764=PLANE('',#4286);
#3765=PLANE('',#4293);
#3766=PLANE('',#4294);
#3767=PLANE('',#4296);
#3768=PLANE('',#4301);
#3769=PLANE('',#4302);
#3770=PLANE('',#4306);
#3771=PLANE('',#4308);
#3772=PLANE('',#4309);
#3773=PLANE('',#4310);
#3774=PLANE('',#4311);
#3775=PLANE('',#4312);
#3776=PLANE('',#4313);
#3777=PLANE('',#4314);
#3778=PLANE('',#4315);
#3779=PLANE('',#4316);
#3780=PLANE('',#4317);
#3781=PLANE('',#4318);
#3782=PLANE('',#4319);
#3783=PLANE('',#4320);
#3784=PLANE('',#4321);
#3785=PLANE('',#4322);
#3786=PLANE('',#4323);
#3787=PLANE('',#4324);
#3788=PLANE('',#4325);
#3789=PLANE('',#4326);
#3790=PLANE('',#4327);
#3791=PLANE('',#4328);
#3792=PLANE('',#4329);
#3793=PLANE('',#4330);
#3794=PLANE('',#4331);
#3795=PLANE('',#4332);
#3796=PLANE('',#4333);
#3797=PLANE('',#4334);
#3798=PLANE('',#4335);
#3799=PLANE('',#4336);
#3800=PLANE('',#4337);
#3801=PLANE('',#4338);
#3802=PLANE('',#4339);
#3803=PLANE('',#4340);
#3804=PLANE('',#4341);
#3805=PLANE('',#4342);
#3806=PLANE('',#4343);
#3807=PLANE('',#4344);
#3808=PLANE('',#4345);
#3809=PLANE('',#4346);
#3810=PLANE('',#4347);
#3811=PLANE('',#4361);
#3812=PLANE('',#4364);
#3813=PLANE('',#4365);
#3814=PLANE('',#4366);
#3815=PLANE('',#4367);
#3816=PLANE('',#4368);
#3817=PLANE('',#4369);
#3818=PLANE('',#4370);
#3819=PLANE('',#4371);
#3820=PLANE('',#4372);
#3821=PLANE('',#4373);
#3822=PLANE('',#4374);
#3823=PLANE('',#4375);
#3824=PLANE('',#4378);
#3825=PLANE('',#4379);
#3826=PLANE('',#4385);
#3827=PLANE('',#4389);
#3828=PLANE('',#4390);
#3829=PLANE('',#4403);
#3830=PLANE('',#4406);
#3831=PLANE('',#4409);
#3832=PLANE('',#4412);
#3833=PLANE('',#4413);
#3834=PLANE('',#4416);
#3835=PLANE('',#4419);
#3836=PLANE('',#4422);
#3837=PLANE('',#4423);
#3838=PLANE('',#4424);
#3839=PLANE('',#4425);
#3840=PLANE('',#4428);
#3841=PLANE('',#4431);
#3842=PLANE('',#4434);
#3843=PLANE('',#4437);
#3844=PLANE('',#4467);
#3845=PLANE('',#4468);
#3846=PLANE('',#4469);
#3847=PLANE('',#4470);
#3848=PLANE('',#4471);
#3849=PLANE('',#4472);
#3850=PLANE('',#4473);
#3851=PLANE('',#4474);
#3852=PLANE('',#4475);
#3853=PLANE('',#4476);
#3854=PLANE('',#4477);
#3855=PLANE('',#4478);
#3856=PLANE('',#4479);
#3857=PLANE('',#4480);
#3858=PLANE('',#4481);
#3859=PLANE('',#4482);
#3860=PLANE('',#4483);
#3861=PLANE('',#4484);
#3862=PLANE('',#4485);
#3863=PLANE('',#4486);
#3864=PLANE('',#4487);
#3865=PLANE('',#4488);
#3866=PLANE('',#4489);
#3867=PLANE('',#4490);
#3868=PLANE('',#4491);
#3869=PLANE('',#4492);
#3870=PLANE('',#4493);
#3871=PLANE('',#4494);
#3872=PLANE('',#4495);
#3873=PLANE('',#4496);
#3874=PLANE('',#4497);
#3875=PLANE('',#4498);
#3876=PLANE('',#4499);
#3877=PLANE('',#4500);
#3878=PLANE('',#4501);
#3879=PLANE('',#4502);
#3880=PLANE('',#4503);
#3881=PLANE('',#4504);
#3882=PLANE('',#4505);
#3883=PLANE('',#4506);
#3884=PLANE('',#4507);
#3885=PLANE('',#4508);
#3886=PLANE('',#4509);
#3887=PLANE('',#4512);
#3888=PLANE('',#4513);
#3889=ADVANCED_FACE('',(#174),#3727,.F.);
#3890=ADVANCED_FACE('',(#175),#3728,.F.);
#3891=ADVANCED_FACE('',(#176),#3729,.F.);
#3892=ADVANCED_FACE('',(#177),#3730,.F.);
#3893=ADVANCED_FACE('',(#178),#3731,.F.);
#3894=ADVANCED_FACE('',(#179),#3732,.F.);
#3895=ADVANCED_FACE('',(#180),#3733,.F.);
#3896=ADVANCED_FACE('',(#181),#3734,.F.);
#3897=ADVANCED_FACE('',(#182),#3735,.F.);
#3898=ADVANCED_FACE('',(#183),#3736,.F.);
#3899=ADVANCED_FACE('',(#184),#3737,.F.);
#3900=ADVANCED_FACE('',(#185),#3738,.F.);
#3901=ADVANCED_FACE('',(#186),#3739,.F.);
#3902=ADVANCED_FACE('',(#187),#3740,.F.);
#3903=ADVANCED_FACE('',(#188),#3741,.F.);
#3904=ADVANCED_FACE('',(#189),#3742,.F.);
#3905=ADVANCED_FACE('',(#190),#120,.T.);
#3906=ADVANCED_FACE('',(#191,#91),#3743,.T.);
#3907=ADVANCED_FACE('',(#192,#92),#3744,.F.);
#3908=ADVANCED_FACE('',(#193),#121,.T.);
#3909=ADVANCED_FACE('',(#194,#93),#3745,.F.);
#3910=ADVANCED_FACE('',(#195,#94),#3746,.T.);
#3911=ADVANCED_FACE('',(#196),#122,.T.);
#3912=ADVANCED_FACE('',(#197,#95),#3747,.F.);
#3913=ADVANCED_FACE('',(#198,#96,#97,#98),#123,.F.);
#3914=ADVANCED_FACE('',(#199,#99,#100,#101),#124,.T.);
#3915=ADVANCED_FACE('',(#200),#3748,.F.);
#3916=ADVANCED_FACE('',(#201),#3749,.F.);
#3917=ADVANCED_FACE('',(#202),#3750,.F.);
#3918=ADVANCED_FACE('',(#203),#3751,.F.);
#3919=ADVANCED_FACE('',(#204),#3752,.F.);
#3920=ADVANCED_FACE('',(#205),#3753,.F.);
#3921=ADVANCED_FACE('',(#206),#3754,.F.);
#3922=ADVANCED_FACE('',(#207),#3755,.F.);
#3923=ADVANCED_FACE('',(#208),#3756,.F.);
#3924=ADVANCED_FACE('',(#209),#3757,.F.);
#3925=ADVANCED_FACE('',(#210),#3758,.F.);
#3926=ADVANCED_FACE('',(#211),#3759,.F.);
#3927=ADVANCED_FACE('',(#212),#3760,.F.);
#3928=ADVANCED_FACE('',(#213),#3761,.F.);
#3929=ADVANCED_FACE('',(#214),#3762,.F.);
#3930=ADVANCED_FACE('',(#215),#3763,.F.);
#3931=ADVANCED_FACE('',(#216),#125,.F.);
#3932=ADVANCED_FACE('',(#217,#102),#3764,.T.);
#3933=ADVANCED_FACE('',(#218,#103,#104,#105),#126,.F.);
#3934=ADVANCED_FACE('',(#219,#106,#107,#108),#127,.T.);
#3935=ADVANCED_FACE('',(#220,#109),#3765,.T.);
#3936=ADVANCED_FACE('',(#221,#110),#3766,.F.);
#3937=ADVANCED_FACE('',(#222,#111),#3767,.T.);
#3938=ADVANCED_FACE('',(#223),#54,.T.);
#3939=ADVANCED_FACE('',(#224),#128,.T.);
#3940=ADVANCED_FACE('',(#225),#3768,.F.);
#3941=ADVANCED_FACE('',(#226,#112),#3769,.F.);
#3942=ADVANCED_FACE('',(#227),#55,.F.);
#3943=ADVANCED_FACE('',(#228),#129,.F.);
#3944=ADVANCED_FACE('',(#229),#3770,.T.);
#3945=ADVANCED_FACE('',(#230),#3771,.T.);
#3946=ADVANCED_FACE('',(#231),#3772,.T.);
#3947=ADVANCED_FACE('',(#232),#3773,.T.);
#3948=ADVANCED_FACE('',(#233),#3774,.T.);
#3949=ADVANCED_FACE('',(#234),#3775,.T.);
#3950=ADVANCED_FACE('',(#235),#3776,.T.);
#3951=ADVANCED_FACE('',(#236),#3777,.T.);
#3952=ADVANCED_FACE('',(#237),#3778,.T.);
#3953=ADVANCED_FACE('',(#238),#3779,.T.);
#3954=ADVANCED_FACE('',(#239),#3780,.T.);
#3955=ADVANCED_FACE('',(#240),#3781,.T.);
#3956=ADVANCED_FACE('',(#241),#3782,.T.);
#3957=ADVANCED_FACE('',(#242),#3783,.T.);
#3958=ADVANCED_FACE('',(#243),#3784,.T.);
#3959=ADVANCED_FACE('',(#244),#3785,.T.);
#3960=ADVANCED_FACE('',(#245),#3786,.T.);
#3961=ADVANCED_FACE('',(#246),#3787,.T.);
#3962=ADVANCED_FACE('',(#247),#3788,.T.);
#3963=ADVANCED_FACE('',(#248),#3789,.T.);
#3964=ADVANCED_FACE('',(#249),#3790,.T.);
#3965=ADVANCED_FACE('',(#250),#3791,.T.);
#3966=ADVANCED_FACE('',(#251),#3792,.T.);
#3967=ADVANCED_FACE('',(#252),#3793,.T.);
#3968=ADVANCED_FACE('',(#253),#3794,.T.);
#3969=ADVANCED_FACE('',(#254),#3795,.T.);
#3970=ADVANCED_FACE('',(#255),#3796,.T.);
#3971=ADVANCED_FACE('',(#256),#3797,.T.);
#3972=ADVANCED_FACE('',(#257),#3798,.T.);
#3973=ADVANCED_FACE('',(#258),#3799,.T.);
#3974=ADVANCED_FACE('',(#259),#3800,.T.);
#3975=ADVANCED_FACE('',(#260),#3801,.T.);
#3976=ADVANCED_FACE('',(#261),#3802,.T.);
#3977=ADVANCED_FACE('',(#262),#3803,.T.);
#3978=ADVANCED_FACE('',(#263),#3804,.T.);
#3979=ADVANCED_FACE('',(#264),#3805,.T.);
#3980=ADVANCED_FACE('',(#265),#3806,.T.);
#3981=ADVANCED_FACE('',(#266),#3807,.T.);
#3982=ADVANCED_FACE('',(#267),#3808,.T.);
#3983=ADVANCED_FACE('',(#268),#3809,.T.);
#3984=ADVANCED_FACE('',(#269),#3810,.T.);
#3985=ADVANCED_FACE('',(#270),#15,.T.);
#3986=ADVANCED_FACE('',(#271),#14,.T.);
#3987=ADVANCED_FACE('',(#272,#113),#3811,.T.);
#3988=ADVANCED_FACE('',(#273),#130,.T.);
#3989=ADVANCED_FACE('',(#274),#3812,.F.);
#3990=ADVANCED_FACE('',(#275),#3813,.F.);
#3991=ADVANCED_FACE('',(#276),#3814,.F.);
#3992=ADVANCED_FACE('',(#277),#3815,.F.);
#3993=ADVANCED_FACE('',(#278),#3816,.F.);
#3994=ADVANCED_FACE('',(#279),#3817,.F.);
#3995=ADVANCED_FACE('',(#280),#3818,.F.);
#3996=ADVANCED_FACE('',(#281),#3819,.F.);
#3997=ADVANCED_FACE('',(#282),#3820,.F.);
#3998=ADVANCED_FACE('',(#283),#3821,.F.);
#3999=ADVANCED_FACE('',(#284),#3822,.F.);
#4000=ADVANCED_FACE('',(#285),#3823,.F.);
#4001=ADVANCED_FACE('',(#286),#131,.T.);
#4002=ADVANCED_FACE('',(#287),#3824,.T.);
#4003=ADVANCED_FACE('',(#288,#114),#3825,.T.);
#4004=ADVANCED_FACE('',(#289),#132,.F.);
#4005=ADVANCED_FACE('',(#290),#133,.F.);
#4006=ADVANCED_FACE('',(#291,#115),#3826,.T.);
#4007=ADVANCED_FACE('',(#292,#116),#134,.F.);
#4008=ADVANCED_FACE('',(#293),#3827,.T.);
#4009=ADVANCED_FACE('',(#294),#3828,.T.);
#4010=ADVANCED_FACE('',(#295),#135,.F.);
#4011=ADVANCED_FACE('',(#296),#3829,.T.);
#4012=ADVANCED_FACE('',(#297),#136,.F.);
#4013=ADVANCED_FACE('',(#298),#3830,.T.);
#4014=ADVANCED_FACE('',(#299),#137,.F.);
#4015=ADVANCED_FACE('',(#300),#3831,.T.);
#4016=ADVANCED_FACE('',(#301),#138,.F.);
#4017=ADVANCED_FACE('',(#302),#3832,.T.);
#4018=ADVANCED_FACE('',(#303,#117),#3833,.T.);
#4019=ADVANCED_FACE('',(#304),#139,.T.);
#4020=ADVANCED_FACE('',(#305),#3834,.T.);
#4021=ADVANCED_FACE('',(#306),#140,.T.);
#4022=ADVANCED_FACE('',(#307),#3835,.T.);
#4023=ADVANCED_FACE('',(#308),#141,.T.);
#4024=ADVANCED_FACE('',(#309),#3836,.T.);
#4025=ADVANCED_FACE('',(#310),#3837,.T.);
#4026=ADVANCED_FACE('',(#311),#3838,.T.);
#4027=ADVANCED_FACE('',(#312),#3839,.T.);
#4028=ADVANCED_FACE('',(#313),#142,.T.);
#4029=ADVANCED_FACE('',(#314),#3840,.T.);
#4030=ADVANCED_FACE('',(#315),#143,.T.);
#4031=ADVANCED_FACE('',(#316),#3841,.T.);
#4032=ADVANCED_FACE('',(#317),#144,.T.);
#4033=ADVANCED_FACE('',(#318),#3842,.F.);
#4034=ADVANCED_FACE('',(#319,#118),#3843,.F.);
#4035=ADVANCED_FACE('',(#320),#3844,.T.);
#4036=ADVANCED_FACE('',(#321),#3845,.F.);
#4037=ADVANCED_FACE('',(#322),#3846,.F.);
#4038=ADVANCED_FACE('',(#323),#3847,.F.);
#4039=ADVANCED_FACE('',(#324),#3848,.T.);
#4040=ADVANCED_FACE('',(#325),#3849,.T.);
#4041=ADVANCED_FACE('',(#326),#3850,.F.);
#4042=ADVANCED_FACE('',(#327),#3851,.F.);
#4043=ADVANCED_FACE('',(#328),#3852,.T.);
#4044=ADVANCED_FACE('',(#329),#3853,.T.);
#4045=ADVANCED_FACE('',(#330),#3854,.T.);
#4046=ADVANCED_FACE('',(#331),#3855,.F.);
#4047=ADVANCED_FACE('',(#332),#3856,.F.);
#4048=ADVANCED_FACE('',(#333),#3857,.T.);
#4049=ADVANCED_FACE('',(#334),#3858,.T.);
#4050=ADVANCED_FACE('',(#335),#3859,.F.);
#4051=ADVANCED_FACE('',(#336),#3860,.F.);
#4052=ADVANCED_FACE('',(#337),#3861,.F.);
#4053=ADVANCED_FACE('',(#338),#3862,.F.);
#4054=ADVANCED_FACE('',(#339),#3863,.T.);
#4055=ADVANCED_FACE('',(#340),#3864,.F.);
#4056=ADVANCED_FACE('',(#341),#3865,.F.);
#4057=ADVANCED_FACE('',(#342),#3866,.T.);
#4058=ADVANCED_FACE('',(#343),#3867,.T.);
#4059=ADVANCED_FACE('',(#344),#3868,.T.);
#4060=ADVANCED_FACE('',(#345),#3869,.F.);
#4061=ADVANCED_FACE('',(#346),#3870,.T.);
#4062=ADVANCED_FACE('',(#347),#3871,.T.);
#4063=ADVANCED_FACE('',(#348),#3872,.F.);
#4064=ADVANCED_FACE('',(#349),#3873,.T.);
#4065=ADVANCED_FACE('',(#350),#3874,.T.);
#4066=ADVANCED_FACE('',(#351),#3875,.T.);
#4067=ADVANCED_FACE('',(#352),#3876,.T.);
#4068=ADVANCED_FACE('',(#353),#3877,.F.);
#4069=ADVANCED_FACE('',(#354),#3878,.T.);
#4070=ADVANCED_FACE('',(#355),#3879,.F.);
#4071=ADVANCED_FACE('',(#356),#3880,.T.);
#4072=ADVANCED_FACE('',(#357),#3881,.F.);
#4073=ADVANCED_FACE('',(#358),#3882,.F.);
#4074=ADVANCED_FACE('',(#359),#3883,.F.);
#4075=ADVANCED_FACE('',(#360),#3884,.T.);
#4076=ADVANCED_FACE('',(#361),#3885,.T.);
#4077=ADVANCED_FACE('',(#362),#3886,.F.);
#4078=ADVANCED_FACE('',(#363),#145,.F.);
#4079=ADVANCED_FACE('',(#364),#3887,.F.);
#4080=ADVANCED_FACE('',(#365,#119),#3888,.T.);
#4081=ADVANCED_FACE('',(#366),#146,.T.);
#4082=ADVANCED_FACE('',(#367),#147,.T.);
#4083=ADVANCED_FACE('',(#368),#148,.T.);
#4084=ADVANCED_FACE('',(#369),#149,.T.);
#4085=ADVANCED_FACE('',(#370),#150,.F.);
#4086=ADVANCED_FACE('',(#371),#151,.F.);
#4087=ADVANCED_FACE('',(#372),#152,.F.);
#4088=ADVANCED_FACE('',(#373),#153,.F.);
#4089=ADVANCED_FACE('',(#374),#154,.F.);
#4090=ADVANCED_FACE('',(#375),#155,.F.);
#4091=ADVANCED_FACE('',(#376),#156,.F.);
#4092=ADVANCED_FACE('',(#377),#157,.F.);
#4093=ADVANCED_FACE('',(#378),#158,.F.);
#4094=ADVANCED_FACE('',(#379),#159,.F.);
#4095=ADVANCED_FACE('',(#380),#160,.F.);
#4096=ADVANCED_FACE('',(#381),#161,.F.);
#4097=ADVANCED_FACE('',(#382),#162,.F.);
#4098=ADVANCED_FACE('',(#383),#163,.F.);
#4099=ADVANCED_FACE('',(#384),#164,.F.);
#4100=ADVANCED_FACE('',(#385),#165,.F.);
#4101=ADVANCED_FACE('',(#386),#166,.F.);
#4102=ADVANCED_FACE('',(#387),#167,.F.);
#4103=ADVANCED_FACE('',(#388),#168,.F.);
#4104=ADVANCED_FACE('',(#389),#169,.F.);
#4105=ADVANCED_FACE('',(#390),#170,.F.);
#4106=ADVANCED_FACE('',(#391),#171,.F.);
#4107=ADVANCED_FACE('',(#392),#172,.F.);
#4108=ADVANCED_FACE('',(#393),#173,.F.);
#4109=CLOSED_SHELL('',(#3889,#3890,#3891,#3892,#3893,#3894,#3895,#3896,
#3897,#3898,#3899,#3900,#3901,#3902,#3903,#3904,#3905,#3906,#3907,#3908,
#3909,#3910,#3911,#3912,#3913,#3914));
#4110=CLOSED_SHELL('',(#3915,#3916,#3917,#3918,#3919,#3920,#3921,#3922,
#3923,#3924,#3925,#3926,#3927,#3928,#3929,#3930,#3931,#3932,#3933,#3934,
#3935,#3936));
#4111=CLOSED_SHELL('',(#3937,#3938,#3939,#3940));
#4112=CLOSED_SHELL('',(#3941,#3942,#3943,#3944));
#4113=CLOSED_SHELL('',(#3945,#3946,#3947,#3948,#3949,#3950,#3951,#3952,
#3953,#3954));
#4114=CLOSED_SHELL('',(#3955,#3956,#3957,#3958,#3959,#3960,#3961,#3962,
#3963,#3964));
#4115=CLOSED_SHELL('',(#3965,#3966,#3967,#3968,#3969,#3970,#3971,#3972,
#3973,#3974));
#4116=CLOSED_SHELL('',(#3975,#3976,#3977,#3978,#3979,#3980,#3981,#3982,
#3983,#3984));
#4117=CLOSED_SHELL('',(#3985,#3986,#3987,#3988,#3989,#3990,#3991,#3992,
#3993,#3994,#3995,#3996,#3997,#3998,#3999,#4000,#4001,#4002,#4003));
#4118=CLOSED_SHELL('',(#4004,#4005,#4006,#4007,#4008,#4009,#4010,#4011,
#4012,#4013,#4014,#4015,#4016,#4017,#4018,#4019,#4020,#4021,#4022,#4023,
#4024,#4025,#4026,#4027,#4028,#4029,#4030,#4031,#4032,#4033));
#4119=CLOSED_SHELL('',(#4034,#4035,#4036,#4037,#4038,#4039,#4040,#4041,
#4042,#4043,#4044,#4045,#4046,#4047,#4048,#4049,#4050,#4051,#4052,#4053,
#4054,#4055,#4056,#4057,#4058,#4059,#4060,#4061,#4062,#4063,#4064,#4065,
#4066,#4067,#4068,#4069,#4070,#4071,#4072,#4073,#4074,#4075,#4076,#4077,
#4078,#4079,#4080,#4081,#4082,#4083,#4084,#4085,#4086,#4087,#4088,#4089,
#4090,#4091,#4092,#4093,#4094,#4095,#4096,#4097,#4098,#4099,#4100,#4101,
#4102,#4103,#4104,#4105,#4106,#4107,#4108));
#4120=DERIVED_UNIT_ELEMENT(#4132,1.);
#4121=DERIVED_UNIT_ELEMENT(#12459,-3.);
#4122=DERIVED_UNIT_ELEMENT(#4132,1.);
#4123=DERIVED_UNIT_ELEMENT(#12459,-3.);
#4124=DERIVED_UNIT_ELEMENT(#4132,1.);
#4125=DERIVED_UNIT_ELEMENT(#12459,-3.);
#4126=DERIVED_UNIT_ELEMENT(#4132,1.);
#4127=DERIVED_UNIT_ELEMENT(#12459,-3.);
#4128=DERIVED_UNIT_ELEMENT(#4132,1.);
#4129=DERIVED_UNIT_ELEMENT(#12459,-3.);
#4130=DERIVED_UNIT_ELEMENT(#4132,1.);
#4131=DERIVED_UNIT_ELEMENT(#12459,-3.);
#4132=(
MASS_UNIT()
NAMED_UNIT(*)
SI_UNIT(.KILO.,.GRAM.)
);
#4133=DERIVED_UNIT((#4120,#4121));
#4134=DERIVED_UNIT((#4122,#4123));
#4135=DERIVED_UNIT((#4124,#4125));
#4136=DERIVED_UNIT((#4126,#4127));
#4137=DERIVED_UNIT((#4128,#4129));
#4138=DERIVED_UNIT((#4130,#4131));
#4139=MEASURE_REPRESENTATION_ITEM('density measure',
POSITIVE_RATIO_MEASURE(952.),#4133);
#4140=MEASURE_REPRESENTATION_ITEM('density measure',
POSITIVE_RATIO_MEASURE(952.),#4134);
#4141=MEASURE_REPRESENTATION_ITEM('density measure',
POSITIVE_RATIO_MEASURE(952.),#4135);
#4142=MEASURE_REPRESENTATION_ITEM('density measure',
POSITIVE_RATIO_MEASURE(673.),#4136);
#4143=MEASURE_REPRESENTATION_ITEM('density measure',
POSITIVE_RATIO_MEASURE(7750.),#4137);
#4144=MEASURE_REPRESENTATION_ITEM('density measure',
POSITIVE_RATIO_MEASURE(2700.),#4138);
#4145=PROPERTY_DEFINITION_REPRESENTATION(#4175,#4157);
#4146=PROPERTY_DEFINITION_REPRESENTATION(#4176,#4158);
#4147=PROPERTY_DEFINITION_REPRESENTATION(#4177,#4159);
#4148=PROPERTY_DEFINITION_REPRESENTATION(#4178,#4160);
#4149=PROPERTY_DEFINITION_REPRESENTATION(#4179,#4161);
#4150=PROPERTY_DEFINITION_REPRESENTATION(#4180,#4162);
#4151=PROPERTY_DEFINITION_REPRESENTATION(#4181,#4163);
#4152=PROPERTY_DEFINITION_REPRESENTATION(#4182,#4164);
#4153=PROPERTY_DEFINITION_REPRESENTATION(#4183,#4165);
#4154=PROPERTY_DEFINITION_REPRESENTATION(#4184,#4166);
#4155=PROPERTY_DEFINITION_REPRESENTATION(#4185,#4167);
#4156=PROPERTY_DEFINITION_REPRESENTATION(#4186,#4168);
#4157=REPRESENTATION('material name',(#4169),#12450);
#4158=REPRESENTATION('density',(#4139),#12450);
#4159=REPRESENTATION('material name',(#4170),#12451);
#4160=REPRESENTATION('density',(#4140),#12451);
#4161=REPRESENTATION('material name',(#4171),#12452);
#4162=REPRESENTATION('density',(#4141),#12452);
#4163=REPRESENTATION('material name',(#4172),#12453);
#4164=REPRESENTATION('density',(#4142),#12453);
#4165=REPRESENTATION('material name',(#4173),#12455);
#4166=REPRESENTATION('density',(#4143),#12455);
#4167=REPRESENTATION('material name',(#4174),#12456);
#4168=REPRESENTATION('density',(#4144),#12456);
#4169=DESCRIPTIVE_REPRESENTATION_ITEM('Plastic, Opaque White',
'Plastic, Opaque White');
#4170=DESCRIPTIVE_REPRESENTATION_ITEM('Plastic, Opaque White',
'Plastic, Opaque White');
#4171=DESCRIPTIVE_REPRESENTATION_ITEM('Plastic, Opaque White',
'Plastic, Opaque White');
#4172=DESCRIPTIVE_REPRESENTATION_ITEM('Oak, Red','Oak, Red');
#4173=DESCRIPTIVE_REPRESENTATION_ITEM('Steel Grade 2, Plain',
'Steel Grade 2, Plain');
#4174=DESCRIPTIVE_REPRESENTATION_ITEM('SOLIDWORKS Materials|1060 Alloy',
'SOLIDWORKS Materials|1060 Alloy');
#4175=PROPERTY_DEFINITION('material property','material name',#12500);
#4176=PROPERTY_DEFINITION('material property','density of part',#12500);
#4177=PROPERTY_DEFINITION('material property','material name',#12501);
#4178=PROPERTY_DEFINITION('material property','density of part',#12501);
#4179=PROPERTY_DEFINITION('material property','material name',#12502);
#4180=PROPERTY_DEFINITION('material property','density of part',#12502);
#4181=PROPERTY_DEFINITION('material property','material name',#12503);
#4182=PROPERTY_DEFINITION('material property','density of part',#12503);
#4183=PROPERTY_DEFINITION('material property','material name',#12505);
#4184=PROPERTY_DEFINITION('material property','density of part',#12505);
#4185=PROPERTY_DEFINITION('material property','material name',#12506);
#4186=PROPERTY_DEFINITION('material property','density of part',#12506);
#4187=AXIS2_PLACEMENT_3D('',#5765,#4574,#4575);
#4188=AXIS2_PLACEMENT_3D('',#5766,#4576,#4577);
#4189=AXIS2_PLACEMENT_3D('',#5767,#4578,#4579);
#4190=AXIS2_PLACEMENT_3D('',#5768,#4580,#4581);
#4191=AXIS2_PLACEMENT_3D('',#5771,#4582,#4583);
#4192=AXIS2_PLACEMENT_3D('',#5775,#4585,#4586);
#4193=AXIS2_PLACEMENT_3D('',#5777,#4587,#4588);
#4194=AXIS2_PLACEMENT_3D('',#5780,#4590,#4591);
#4195=AXIS2_PLACEMENT_3D('',#5781,#4592,#4593);
#4196=AXIS2_PLACEMENT_3D('',#5784,#4594,#4595);
#4197=AXIS2_PLACEMENT_3D('',#5788,#4597,#4598);
#4198=AXIS2_PLACEMENT_3D('',#5790,#4600,#4601);
#4199=AXIS2_PLACEMENT_3D('',#5796,#4605,#4606);
#4200=AXIS2_PLACEMENT_3D('',#5802,#4610,#4611);
#4201=AXIS2_PLACEMENT_3D('',#5808,#4615,#4616);
#4202=AXIS2_PLACEMENT_3D('',#5810,#4617,#4618);
#4203=AXIS2_PLACEMENT_3D('',#5812,#4619,#4620);
#4204=AXIS2_PLACEMENT_3D('',#5813,#4621,#4622);
#4205=AXIS2_PLACEMENT_3D('',#5814,#4623,#4624);
#4206=AXIS2_PLACEMENT_3D('',#5815,#4625,#4626);
#4207=AXIS2_PLACEMENT_3D('',#5817,#4627,#4628);
#4208=AXIS2_PLACEMENT_3D('',#5819,#4629,#4630);
#4209=AXIS2_PLACEMENT_3D('',#5821,#4632,#4633);
#4210=AXIS2_PLACEMENT_3D('',#5824,#4636,#4637);
#4211=AXIS2_PLACEMENT_3D('',#5827,#4638,#4639);
#4212=AXIS2_PLACEMENT_3D('',#5831,#4641,#4642);
#4213=AXIS2_PLACEMENT_3D('',#5833,#4644,#4645);
#4214=AXIS2_PLACEMENT_3D('',#5836,#4646,#4647);
#4215=AXIS2_PLACEMENT_3D('',#5840,#4649,#4650);
#4216=AXIS2_PLACEMENT_3D('',#5842,#4652,#4653);
#4217=AXIS2_PLACEMENT_3D('',#5848,#4657,#4658);
#4218=AXIS2_PLACEMENT_3D('',#5854,#4662,#4663);
#4219=AXIS2_PLACEMENT_3D('',#5860,#4667,#4668);
#4220=AXIS2_PLACEMENT_3D('',#5861,#4669,#4670);
#4221=AXIS2_PLACEMENT_3D('',#5862,#4671,#4672);
#4222=AXIS2_PLACEMENT_3D('',#5863,#4673,#4674);
#4223=AXIS2_PLACEMENT_3D('',#5865,#4675,#4676);
#4224=AXIS2_PLACEMENT_3D('',#5867,#4677,#4678);
#4225=AXIS2_PLACEMENT_3D('',#5869,#4680,#4681);
#4226=AXIS2_PLACEMENT_3D('',#5872,#4684,#4685);
#4227=AXIS2_PLACEMENT_3D('',#5874,#4686,#4687);
#4228=AXIS2_PLACEMENT_3D('',#5877,#4689,#4690);
#4229=AXIS2_PLACEMENT_3D('',#5878,#4691,#4692);
#4230=AXIS2_PLACEMENT_3D('',#5880,#4693,#4694);
#4231=AXIS2_PLACEMENT_3D('',#5881,#4695,#4696);
#4232=AXIS2_PLACEMENT_3D('',#5883,#4697,#4698);
#4233=AXIS2_PLACEMENT_3D('',#5884,#4699,#4700);
#4234=AXIS2_PLACEMENT_3D('',#5886,#4701,#4702);
#4235=AXIS2_PLACEMENT_3D('',#5888,#4704,#4705);
#4236=AXIS2_PLACEMENT_3D('',#5890,#4706,#4707);
#4237=AXIS2_PLACEMENT_3D('',#5891,#4708,#4709);
#4238=AXIS2_PLACEMENT_3D('',#5893,#4710,#4711);
#4239=AXIS2_PLACEMENT_3D('',#5895,#4712,#4713);
#4240=AXIS2_PLACEMENT_3D('',#5896,#4714,#4715);
#4241=AXIS2_PLACEMENT_3D('',#5898,#4716,#4717);
#4242=AXIS2_PLACEMENT_3D('',#5900,#4719,#4720);
#4243=AXIS2_PLACEMENT_3D('',#5902,#4721,#4722);
#4244=AXIS2_PLACEMENT_3D('',#5903,#4723,#4724);
#4245=AXIS2_PLACEMENT_3D('',#5906,#4727,#4728);
#4246=AXIS2_PLACEMENT_3D('',#5909,#4731,#4732);
#4247=AXIS2_PLACEMENT_3D('',#5910,#4733,#4734);
#4248=AXIS2_PLACEMENT_3D('',#5919,#4739,#4740);
#4249=AXIS2_PLACEMENT_3D('',#5928,#4745,#4746);
#4250=AXIS2_PLACEMENT_3D('',#5931,#4747,#4748);
#4251=AXIS2_PLACEMENT_3D('',#5935,#4750,#4751);
#4252=AXIS2_PLACEMENT_3D('',#5936,#4752,#4753);
#4253=AXIS2_PLACEMENT_3D('',#5937,#4754,#4755);
#4254=AXIS2_PLACEMENT_3D('',#5938,#4756,#4757);
#4255=AXIS2_PLACEMENT_3D('',#5944,#4761,#4762);
#4256=AXIS2_PLACEMENT_3D('',#5946,#4763,#4764);
#4257=AXIS2_PLACEMENT_3D('',#5948,#4765,#4766);
#4258=AXIS2_PLACEMENT_3D('',#5949,#4767,#4768);
#4259=AXIS2_PLACEMENT_3D('',#5950,#4769,#4770);
#4260=AXIS2_PLACEMENT_3D('',#5951,#4771,#4772);
#4261=AXIS2_PLACEMENT_3D('',#5953,#4773,#4774);
#4262=AXIS2_PLACEMENT_3D('',#5956,#4776,#4777);
#4263=AXIS2_PLACEMENT_3D('',#5957,#4778,#4779);
#4264=AXIS2_PLACEMENT_3D('',#5959,#4780,#4781);
#4265=AXIS2_PLACEMENT_3D('',#5961,#4782,#4783);
#4266=AXIS2_PLACEMENT_3D('',#5963,#4785,#4786);
#4267=AXIS2_PLACEMENT_3D('',#5966,#4789,#4790);
#4268=AXIS2_PLACEMENT_3D('',#5975,#4795,#4796);
#4269=AXIS2_PLACEMENT_3D('',#5984,#4801,#4802);
#4270=AXIS2_PLACEMENT_3D('',#5986,#4803,#4804);
#4271=AXIS2_PLACEMENT_3D('',#5989,#4806,#4807);
#4272=AXIS2_PLACEMENT_3D('',#5990,#4808,#4809);
#4273=AXIS2_PLACEMENT_3D('',#5996,#4813,#4814);
#4274=AXIS2_PLACEMENT_3D('',#5997,#4815,#4816);
#4275=AXIS2_PLACEMENT_3D('',#5998,#4817,#4818);
#4276=AXIS2_PLACEMENT_3D('',#5999,#4819,#4820);
#4277=AXIS2_PLACEMENT_3D('',#6001,#4821,#4822);
#4278=AXIS2_PLACEMENT_3D('',#6004,#4824,#4825);
#4279=AXIS2_PLACEMENT_3D('',#6005,#4826,#4827);
#4280=AXIS2_PLACEMENT_3D('',#6007,#4828,#4829);
#4281=AXIS2_PLACEMENT_3D('',#6009,#4830,#4831);
#4282=AXIS2_PLACEMENT_3D('',#6011,#4833,#4834);
#4283=AXIS2_PLACEMENT_3D('',#6014,#4837,#4838);
#4284=AXIS2_PLACEMENT_3D('',#6016,#4839,#4840);
#4285=AXIS2_PLACEMENT_3D('',#6019,#4842,#4843);
#4286=AXIS2_PLACEMENT_3D('',#6020,#4844,#4845);
#4287=AXIS2_PLACEMENT_3D('',#6022,#4846,#4847);
#4288=AXIS2_PLACEMENT_3D('',#6023,#4848,#4849);
#4289=AXIS2_PLACEMENT_3D('',#6027,#4852,#4853);
#4290=AXIS2_PLACEMENT_3D('',#6028,#4854,#4855);
#4291=AXIS2_PLACEMENT_3D('',#6030,#4856,#4857);
#4292=AXIS2_PLACEMENT_3D('',#6034,#4860,#4861);
#4293=AXIS2_PLACEMENT_3D('',#6035,#4862,#4863);
#4294=AXIS2_PLACEMENT_3D('',#6036,#4864,#4865);
#4295=AXIS2_PLACEMENT_3D('',#6037,#4866,#4867);
#4296=AXIS2_PLACEMENT_3D('',#6038,#4868,#4869);
#4297=AXIS2_PLACEMENT_3D('',#6040,#4870,#4871);
#4298=AXIS2_PLACEMENT_3D('',#6042,#4872,#4873);
#4299=AXIS2_PLACEMENT_3D('',#11094,#4874,#4875);
#4300=AXIS2_PLACEMENT_3D('',#11097,#4877,#4878);
#4301=AXIS2_PLACEMENT_3D('',#11098,#4879,#4880);
#4302=AXIS2_PLACEMENT_3D('',#11099,#4881,#4882);
#4303=AXIS2_PLACEMENT_3D('',#11141,#4883,#4884);
#4304=AXIS2_PLACEMENT_3D('',#11507,#4885,#4886);
#4305=AXIS2_PLACEMENT_3D('',#11509,#4887,#4888);
#4306=AXIS2_PLACEMENT_3D('',#11511,#4890,#4891);
#4307=AXIS2_PLACEMENT_3D('',#11512,#4892,#4893);
#4308=AXIS2_PLACEMENT_3D('',#11513,#4894,#4895);
#4309=AXIS2_PLACEMENT_3D('',#11530,#4904,#4905);
#4310=AXIS2_PLACEMENT_3D('',#11536,#4909,#4910);
#4311=AXIS2_PLACEMENT_3D('',#11540,#4913,#4914);
#4312=AXIS2_PLACEMENT_3D('',#11544,#4917,#4918);
#4313=AXIS2_PLACEMENT_3D('',#11548,#4921,#4922);
#4314=AXIS2_PLACEMENT_3D('',#11552,#4925,#4926);
#4315=AXIS2_PLACEMENT_3D('',#11556,#4929,#4930);
#4316=AXIS2_PLACEMENT_3D('',#11560,#4933,#4934);
#4317=AXIS2_PLACEMENT_3D('',#11562,#4936,#4937);
#4318=AXIS2_PLACEMENT_3D('',#11563,#4938,#4939);
#4319=AXIS2_PLACEMENT_3D('',#11580,#4948,#4949);
#4320=AXIS2_PLACEMENT_3D('',#11586,#4953,#4954);
#4321=AXIS2_PLACEMENT_3D('',#11590,#4957,#4958);
#4322=AXIS2_PLACEMENT_3D('',#11594,#4961,#4962);
#4323=AXIS2_PLACEMENT_3D('',#11598,#4965,#4966);
#4324=AXIS2_PLACEMENT_3D('',#11602,#4969,#4970);
#4325=AXIS2_PLACEMENT_3D('',#11606,#4973,#4974);
#4326=AXIS2_PLACEMENT_3D('',#11610,#4977,#4978);
#4327=AXIS2_PLACEMENT_3D('',#11612,#4980,#4981);
#4328=AXIS2_PLACEMENT_3D('',#11613,#4982,#4983);
#4329=AXIS2_PLACEMENT_3D('',#11630,#4992,#4993);
#4330=AXIS2_PLACEMENT_3D('',#11636,#4997,#4998);
#4331=AXIS2_PLACEMENT_3D('',#11640,#5001,#5002);
#4332=AXIS2_PLACEMENT_3D('',#11644,#5005,#5006);
#4333=AXIS2_PLACEMENT_3D('',#11648,#5009,#5010);
#4334=AXIS2_PLACEMENT_3D('',#11652,#5013,#5014);
#4335=AXIS2_PLACEMENT_3D('',#11656,#5017,#5018);
#4336=AXIS2_PLACEMENT_3D('',#11660,#5021,#5022);
#4337=AXIS2_PLACEMENT_3D('',#11662,#5024,#5025);
#4338=AXIS2_PLACEMENT_3D('',#11663,#5026,#5027);
#4339=AXIS2_PLACEMENT_3D('',#11680,#5036,#5037);
#4340=AXIS2_PLACEMENT_3D('',#11686,#5041,#5042);
#4341=AXIS2_PLACEMENT_3D('',#11690,#5045,#5046);
#4342=AXIS2_PLACEMENT_3D('',#11694,#5049,#5050);
#4343=AXIS2_PLACEMENT_3D('',#11698,#5053,#5054);
#4344=AXIS2_PLACEMENT_3D('',#11702,#5057,#5058);
#4345=AXIS2_PLACEMENT_3D('',#11706,#5061,#5062);
#4346=AXIS2_PLACEMENT_3D('',#11710,#5065,#5066);
#4347=AXIS2_PLACEMENT_3D('',#11712,#5068,#5069);
#4348=AXIS2_PLACEMENT_3D('',#11713,#5070,#5071);
#4349=AXIS2_PLACEMENT_3D('',#11714,#5072,#5073);
#4350=AXIS2_PLACEMENT_3D('',#11715,#5074,#5075);
#4351=AXIS2_PLACEMENT_3D('',#11716,#5076,#5077);
#4352=AXIS2_PLACEMENT_3D('',#11717,#5078,#5079);
#4353=AXIS2_PLACEMENT_3D('',#11718,#5080,#5081);
#4354=AXIS2_PLACEMENT_3D('',#11719,#5082,#5083);
#4355=AXIS2_PLACEMENT_3D('',#11721,#5084,#5085);
#4356=AXIS2_PLACEMENT_3D('',#11724,#5087,#5088);
#4357=AXIS2_PLACEMENT_3D('',#11725,#5089,#5090);
#4358=AXIS2_PLACEMENT_3D('',#11727,#5091,#5092);
#4359=AXIS2_PLACEMENT_3D('',#11729,#5093,#5094);
#4360=AXIS2_PLACEMENT_3D('',#11730,#5095,#5096);
#4361=AXIS2_PLACEMENT_3D('',#11731,#5097,#5098);
#4362=AXIS2_PLACEMENT_3D('',#11744,#5105,#5106);
#4363=AXIS2_PLACEMENT_3D('',#11746,#5107,#5108);
#4364=AXIS2_PLACEMENT_3D('',#11748,#5110,#5111);
#4365=AXIS2_PLACEMENT_3D('',#11755,#5115,#5116);
#4366=AXIS2_PLACEMENT_3D('',#11759,#5119,#5120);
#4367=AXIS2_PLACEMENT_3D('',#11763,#5123,#5124);
#4368=AXIS2_PLACEMENT_3D('',#11767,#5127,#5128);
#4369=AXIS2_PLACEMENT_3D('',#11771,#5131,#5132);
#4370=AXIS2_PLACEMENT_3D('',#11773,#5134,#5135);
#4371=AXIS2_PLACEMENT_3D('',#11776,#5138,#5139);
#4372=AXIS2_PLACEMENT_3D('',#11778,#5141,#5142);
#4373=AXIS2_PLACEMENT_3D('',#11780,#5144,#5145);
#4374=AXIS2_PLACEMENT_3D('',#11782,#5147,#5148);
#4375=AXIS2_PLACEMENT_3D('',#11784,#5150,#5151);
#4376=AXIS2_PLACEMENT_3D('',#11785,#5152,#5153);
#4377=AXIS2_PLACEMENT_3D('',#11788,#5155,#5156);
#4378=AXIS2_PLACEMENT_3D('',#11789,#5157,#5158);
#4379=AXIS2_PLACEMENT_3D('',#11790,#5159,#5160);
#4380=AXIS2_PLACEMENT_3D('',#11791,#5161,#5162);
#4381=AXIS2_PLACEMENT_3D('',#11793,#5163,#5164);
#4382=AXIS2_PLACEMENT_3D('',#11833,#5166,#5167);
#4383=AXIS2_PLACEMENT_3D('',#11835,#5168,#5169);
#4384=AXIS2_PLACEMENT_3D('',#11838,#5171,#5172);
#4385=AXIS2_PLACEMENT_3D('',#11839,#5173,#5174);
#4386=AXIS2_PLACEMENT_3D('',#11840,#5175,#5176);
#4387=AXIS2_PLACEMENT_3D('',#11845,#5178,#5179);
#4388=AXIS2_PLACEMENT_3D('',#11848,#5181,#5182);
#4389=AXIS2_PLACEMENT_3D('',#11849,#5183,#5184);
#4390=AXIS2_PLACEMENT_3D('',#11855,#5188,#5189);
#4391=AXIS2_PLACEMENT_3D('',#11861,#5192,#5193);
#4392=AXIS2_PLACEMENT_3D('',#11865,#5195,#5196);
#4393=AXIS2_PLACEMENT_3D('',#11869,#5198,#5199);
#4394=AXIS2_PLACEMENT_3D('',#11873,#5201,#5202);
#4395=AXIS2_PLACEMENT_3D('',#11877,#5204,#5205);
#4396=AXIS2_PLACEMENT_3D('',#11881,#5207,#5208);
#4397=AXIS2_PLACEMENT_3D('',#11885,#5210,#5211);
#4398=AXIS2_PLACEMENT_3D('',#11889,#5213,#5214);
#4399=AXIS2_PLACEMENT_3D('',#11893,#5216,#5217);
#4400=AXIS2_PLACEMENT_3D('',#11897,#5219,#5220);
#4401=AXIS2_PLACEMENT_3D('',#11901,#5223,#5224);
#4402=AXIS2_PLACEMENT_3D('',#11905,#5226,#5227);
#4403=AXIS2_PLACEMENT_3D('',#11907,#5229,#5230);
#4404=AXIS2_PLACEMENT_3D('',#11911,#5233,#5234);
#4405=AXIS2_PLACEMENT_3D('',#11915,#5236,#5237);
#4406=AXIS2_PLACEMENT_3D('',#11917,#5239,#5240);
#4407=AXIS2_PLACEMENT_3D('',#11919,#5242,#5243);
#4408=AXIS2_PLACEMENT_3D('',#11923,#5245,#5246);
#4409=AXIS2_PLACEMENT_3D('',#11925,#5248,#5249);
#4410=AXIS2_PLACEMENT_3D('',#11929,#5252,#5253);
#4411=AXIS2_PLACEMENT_3D('',#11932,#5255,#5256);
#4412=AXIS2_PLACEMENT_3D('',#11933,#5257,#5258);
#4413=AXIS2_PLACEMENT_3D('',#11937,#5261,#5262);
#4414=AXIS2_PLACEMENT_3D('',#11943,#5266,#5267);
#4415=AXIS2_PLACEMENT_3D('',#11945,#5268,#5269);
#4416=AXIS2_PLACEMENT_3D('',#11947,#5271,#5272);
#4417=AXIS2_PLACEMENT_3D('',#11951,#5275,#5276);
#4418=AXIS2_PLACEMENT_3D('',#11953,#5277,#5278);
#4419=AXIS2_PLACEMENT_3D('',#11955,#5280,#5281);
#4420=AXIS2_PLACEMENT_3D('',#11959,#5284,#5285);
#4421=AXIS2_PLACEMENT_3D('',#11960,#5286,#5287);
#4422=AXIS2_PLACEMENT_3D('',#11961,#5288,#5289);
#4423=AXIS2_PLACEMENT_3D('',#11965,#5292,#5293);
#4424=AXIS2_PLACEMENT_3D('',#11967,#5295,#5296);
#4425=AXIS2_PLACEMENT_3D('',#11969,#5298,#5299);
#4426=AXIS2_PLACEMENT_3D('',#11973,#5302,#5303);
#4427=AXIS2_PLACEMENT_3D('',#11975,#5304,#5305);
#4428=AXIS2_PLACEMENT_3D('',#11977,#5307,#5308);
#4429=AXIS2_PLACEMENT_3D('',#11981,#5311,#5312);
#4430=AXIS2_PLACEMENT_3D('',#11983,#5313,#5314);
#4431=AXIS2_PLACEMENT_3D('',#11985,#5316,#5317);
#4432=AXIS2_PLACEMENT_3D('',#11989,#5320,#5321);
#4433=AXIS2_PLACEMENT_3D('',#11990,#5322,#5323);
#4434=AXIS2_PLACEMENT_3D('',#11991,#5324,#5325);
#4435=AXIS2_PLACEMENT_3D('',#11992,#5326,#5327);
#4436=AXIS2_PLACEMENT_3D('',#11993,#5328,#5329);
#4437=AXIS2_PLACEMENT_3D('',#11994,#5330,#5331);
#4438=AXIS2_PLACEMENT_3D('',#11999,#5333,#5334);
#4439=AXIS2_PLACEMENT_3D('',#12007,#5338,#5339);
#4440=AXIS2_PLACEMENT_3D('',#12011,#5341,#5342);
#4441=AXIS2_PLACEMENT_3D('',#12015,#5344,#5345);
#4442=AXIS2_PLACEMENT_3D('',#12019,#5347,#5348);
#4443=AXIS2_PLACEMENT_3D('',#12023,#5350,#5351);
#4444=AXIS2_PLACEMENT_3D('',#12027,#5353,#5354);
#4445=AXIS2_PLACEMENT_3D('',#12035,#5358,#5359);
#4446=AXIS2_PLACEMENT_3D('',#12043,#5363,#5364);
#4447=AXIS2_PLACEMENT_3D('',#12047,#5366,#5367);
#4448=AXIS2_PLACEMENT_3D('',#12051,#5369,#5370);
#4449=AXIS2_PLACEMENT_3D('',#12055,#5372,#5373);
#4450=AXIS2_PLACEMENT_3D('',#12059,#5375,#5376);
#4451=AXIS2_PLACEMENT_3D('',#12063,#5378,#5379);
#4452=AXIS2_PLACEMENT_3D('',#12071,#5383,#5384);
#4453=AXIS2_PLACEMENT_3D('',#12079,#5388,#5389);
#4454=AXIS2_PLACEMENT_3D('',#12083,#5391,#5392);
#4455=AXIS2_PLACEMENT_3D('',#12087,#5394,#5395);
#4456=AXIS2_PLACEMENT_3D('',#12091,#5397,#5398);
#4457=AXIS2_PLACEMENT_3D('',#12095,#5400,#5401);
#4458=AXIS2_PLACEMENT_3D('',#12099,#5403,#5404);
#4459=AXIS2_PLACEMENT_3D('',#12107,#5408,#5409);
#4460=AXIS2_PLACEMENT_3D('',#12115,#5413,#5414);
#4461=AXIS2_PLACEMENT_3D('',#12119,#5416,#5417);
#4462=AXIS2_PLACEMENT_3D('',#12123,#5419,#5420);
#4463=AXIS2_PLACEMENT_3D('',#12127,#5422,#5423);
#4464=AXIS2_PLACEMENT_3D('',#12131,#5425,#5426);
#4465=AXIS2_PLACEMENT_3D('',#12135,#5428,#5429);
#4466=AXIS2_PLACEMENT_3D('',#12140,#5432,#5433);
#4467=AXIS2_PLACEMENT_3D('',#12141,#5434,#5435);
#4468=AXIS2_PLACEMENT_3D('',#12147,#5439,#5440);
#4469=AXIS2_PLACEMENT_3D('',#12151,#5443,#5444);
#4470=AXIS2_PLACEMENT_3D('',#12157,#5448,#5449);
#4471=AXIS2_PLACEMENT_3D('',#12161,#5452,#5453);
#4472=AXIS2_PLACEMENT_3D('',#12165,#5456,#5457);
#4473=AXIS2_PLACEMENT_3D('',#12171,#5461,#5462);
#4474=AXIS2_PLACEMENT_3D('',#12177,#5466,#5467);
#4475=AXIS2_PLACEMENT_3D('',#12183,#5471,#5472);
#4476=AXIS2_PLACEMENT_3D('',#12189,#5476,#5477);
#4477=AXIS2_PLACEMENT_3D('',#12195,#5481,#5482);
#4478=AXIS2_PLACEMENT_3D('',#12201,#5486,#5487);
#4479=AXIS2_PLACEMENT_3D('',#12205,#5490,#5491);
#4480=AXIS2_PLACEMENT_3D('',#12209,#5494,#5495);
#4481=AXIS2_PLACEMENT_3D('',#12215,#5499,#5500);
#4482=AXIS2_PLACEMENT_3D('',#12219,#5503,#5504);
#4483=AXIS2_PLACEMENT_3D('',#12223,#5507,#5508);
#4484=AXIS2_PLACEMENT_3D('',#12229,#5512,#5513);
#4485=AXIS2_PLACEMENT_3D('',#12235,#5517,#5518);
#4486=AXIS2_PLACEMENT_3D('',#12241,#5522,#5523);
#4487=AXIS2_PLACEMENT_3D('',#12247,#5527,#5528);
#4488=AXIS2_PLACEMENT_3D('',#12253,#5532,#5533);
#4489=AXIS2_PLACEMENT_3D('',#12259,#5537,#5538);
#4490=AXIS2_PLACEMENT_3D('',#12263,#5541,#5542);
#4491=AXIS2_PLACEMENT_3D('',#12267,#5545,#5546);
#4492=AXIS2_PLACEMENT_3D('',#12273,#5550,#5551);
#4493=AXIS2_PLACEMENT_3D('',#12277,#5554,#5555);
#4494=AXIS2_PLACEMENT_3D('',#12281,#5558,#5559);
#4495=AXIS2_PLACEMENT_3D('',#12287,#5563,#5564);
#4496=AXIS2_PLACEMENT_3D('',#12293,#5568,#5569);
#4497=AXIS2_PLACEMENT_3D('',#12299,#5573,#5574);
#4498=AXIS2_PLACEMENT_3D('',#12305,#5578,#5579);
#4499=AXIS2_PLACEMENT_3D('',#12311,#5583,#5584);
#4500=AXIS2_PLACEMENT_3D('',#12317,#5588,#5589);
#4501=AXIS2_PLACEMENT_3D('',#12321,#5592,#5593);
#4502=AXIS2_PLACEMENT_3D('',#12325,#5596,#5597);
#4503=AXIS2_PLACEMENT_3D('',#12331,#5601,#5602);
#4504=AXIS2_PLACEMENT_3D('',#12335,#5605,#5606);
#4505=AXIS2_PLACEMENT_3D('',#12339,#5609,#5610);
#4506=AXIS2_PLACEMENT_3D('',#12345,#5614,#5615);
#4507=AXIS2_PLACEMENT_3D('',#12351,#5619,#5620);
#4508=AXIS2_PLACEMENT_3D('',#12357,#5624,#5625);
#4509=AXIS2_PLACEMENT_3D('',#12363,#5629,#5630);
#4510=AXIS2_PLACEMENT_3D('',#12369,#5634,#5635);
#4511=AXIS2_PLACEMENT_3D('',#12371,#5636,#5637);
#4512=AXIS2_PLACEMENT_3D('',#12373,#5639,#5640);
#4513=AXIS2_PLACEMENT_3D('',#12377,#5643,#5644);
#4514=AXIS2_PLACEMENT_3D('',#12378,#5645,#5646);
#4515=AXIS2_PLACEMENT_3D('',#12379,#5647,#5648);
#4516=AXIS2_PLACEMENT_3D('',#12380,#5649,#5650);
#4517=AXIS2_PLACEMENT_3D('',#12381,#5651,#5652);
#4518=AXIS2_PLACEMENT_3D('',#12382,#5653,#5654);
#4519=AXIS2_PLACEMENT_3D('',#12383,#5655,#5656);
#4520=AXIS2_PLACEMENT_3D('',#12384,#5657,#5658);
#4521=AXIS2_PLACEMENT_3D('',#12385,#5659,#5660);
#4522=AXIS2_PLACEMENT_3D('',#12386,#5661,#5662);
#4523=AXIS2_PLACEMENT_3D('',#12387,#5663,#5664);
#4524=AXIS2_PLACEMENT_3D('',#12388,#5665,#5666);
#4525=AXIS2_PLACEMENT_3D('',#12389,#5667,#5668);
#4526=AXIS2_PLACEMENT_3D('',#12390,#5669,#5670);
#4527=AXIS2_PLACEMENT_3D('',#12391,#5671,#5672);
#4528=AXIS2_PLACEMENT_3D('',#12392,#5673,#5674);
#4529=AXIS2_PLACEMENT_3D('',#12393,#5675,#5676);
#4530=AXIS2_PLACEMENT_3D('',#12394,#5677,#5678);
#4531=AXIS2_PLACEMENT_3D('',#12395,#5679,#5680);
#4532=AXIS2_PLACEMENT_3D('',#12396,#5681,#5682);
#4533=AXIS2_PLACEMENT_3D('',#12397,#5683,#5684);
#4534=AXIS2_PLACEMENT_3D('',#12398,#5685,#5686);
#4535=AXIS2_PLACEMENT_3D('',#12399,#5687,#5688);
#4536=AXIS2_PLACEMENT_3D('',#12400,#5689,#5690);
#4537=AXIS2_PLACEMENT_3D('',#12401,#5691,#5692);
#4538=AXIS2_PLACEMENT_3D('',#12402,#5693,#5694);
#4539=AXIS2_PLACEMENT_3D('',#12403,#5695,#5696);
#4540=AXIS2_PLACEMENT_3D('',#12404,#5697,#5698);
#4541=AXIS2_PLACEMENT_3D('',#12405,#5699,#5700);
#4542=AXIS2_PLACEMENT_3D('',#12406,#5701,#5702);
#4543=AXIS2_PLACEMENT_3D('',#12407,#5703,#5704);
#4544=AXIS2_PLACEMENT_3D('',#12408,#5705,#5706);
#4545=AXIS2_PLACEMENT_3D('',#12409,#5707,#5708);
#4546=AXIS2_PLACEMENT_3D('',#12410,#5709,#5710);
#4547=AXIS2_PLACEMENT_3D('',#12411,#5711,#5712);
#4548=AXIS2_PLACEMENT_3D('',#12412,#5713,#5714);
#4549=AXIS2_PLACEMENT_3D('',#12413,#5715,#5716);
#4550=AXIS2_PLACEMENT_3D('',#12414,#5717,#5718);
#4551=AXIS2_PLACEMENT_3D('',#12415,#5719,#5720);
#4552=AXIS2_PLACEMENT_3D('',#12416,#5721,#5722);
#4553=AXIS2_PLACEMENT_3D('',#12417,#5723,#5724);
#4554=AXIS2_PLACEMENT_3D('',#12418,#5725,#5726);
#4555=AXIS2_PLACEMENT_3D('',#12419,#5727,#5728);
#4556=AXIS2_PLACEMENT_3D('',#12420,#5729,#5730);
#4557=AXIS2_PLACEMENT_3D('',#12421,#5731,#5732);
#4558=AXIS2_PLACEMENT_3D('',#12422,#5733,#5734);
#4559=AXIS2_PLACEMENT_3D('',#12423,#5735,#5736);
#4560=AXIS2_PLACEMENT_3D('',#12424,#5737,#5738);
#4561=AXIS2_PLACEMENT_3D('',#12425,#5739,#5740);
#4562=AXIS2_PLACEMENT_3D('',#12426,#5741,#5742);
#4563=AXIS2_PLACEMENT_3D('',#12427,#5743,#5744);
#4564=AXIS2_PLACEMENT_3D('',#12428,#5745,#5746);
#4565=AXIS2_PLACEMENT_3D('',#12429,#5747,#5748);
#4566=AXIS2_PLACEMENT_3D('',#12430,#5749,#5750);
#4567=AXIS2_PLACEMENT_3D('',#12431,#5751,#5752);
#4568=AXIS2_PLACEMENT_3D('',#12432,#5753,#5754);
#4569=AXIS2_PLACEMENT_3D('',#12433,#5755,#5756);
#4570=AXIS2_PLACEMENT_3D('',#12434,#5757,#5758);
#4571=AXIS2_PLACEMENT_3D('',#12435,#5759,#5760);
#4572=AXIS2_PLACEMENT_3D('',#12436,#5761,#5762);
#4573=AXIS2_PLACEMENT_3D('',#12437,#5763,#5764);
#4574=DIRECTION('axis',(0.,0.,1.));
#4575=DIRECTION('refdir',(1.,0.,0.));
#4576=DIRECTION('axis',(0.,0.,1.));
#4577=DIRECTION('refdir',(1.,0.,0.));
#4578=DIRECTION('axis',(0.,0.,1.));
#4579=DIRECTION('refdir',(1.,0.,0.));
#4580=DIRECTION('center_axis',(0.,0.,1.));
#4581=DIRECTION('ref_axis',(1.83697019872103E-16,-1.,0.));
#4582=DIRECTION('center_axis',(0.,0.,-1.));
#4583=DIRECTION('ref_axis',(1.,0.,0.));
#4584=DIRECTION('',(1.,1.83186799063151E-16,0.));
#4585=DIRECTION('center_axis',(0.,0.,1.));
#4586=DIRECTION('ref_axis',(1.,0.,0.));
#4587=DIRECTION('center_axis',(0.,0.,1.));
#4588=DIRECTION('ref_axis',(1.,0.,0.));
#4589=DIRECTION('',(1.,1.83186799063151E-16,0.));
#4590=DIRECTION('center_axis',(0.,0.,-1.));
#4591=DIRECTION('ref_axis',(1.,0.,0.));
#4592=DIRECTION('center_axis',(0.,0.,1.));
#4593=DIRECTION('ref_axis',(1.83697019872103E-16,-1.,0.));
#4594=DIRECTION('center_axis',(0.,0.,-1.));
#4595=DIRECTION('ref_axis',(1.,0.,0.));
#4596=DIRECTION('',(1.,1.83186799063151E-16,0.));
#4597=DIRECTION('center_axis',(0.,0.,1.));
#4598=DIRECTION('ref_axis',(1.,0.,0.));
#4599=DIRECTION('',(1.,1.83186799063151E-16,0.));
#4600=DIRECTION('center_axis',(-1.83186799063151E-16,1.,0.));
#4601=DIRECTION('ref_axis',(0.,0.,1.));
#4602=DIRECTION('',(0.,0.,-1.));
#4603=DIRECTION('',(0.,0.,1.));
#4604=DIRECTION('',(1.,1.83186799063151E-16,0.));
#4605=DIRECTION('center_axis',(1.83186799063151E-16,-1.,0.));
#4606=DIRECTION('ref_axis',(0.,0.,-1.));
#4607=DIRECTION('',(0.,0.,1.));
#4608=DIRECTION('',(1.,1.83186799063151E-16,0.));
#4609=DIRECTION('',(0.,0.,-1.));
#4610=DIRECTION('center_axis',(1.83186799063151E-16,-1.,0.));
#4611=DIRECTION('ref_axis',(0.,0.,-1.));
#4612=DIRECTION('',(0.,0.,-1.));
#4613=DIRECTION('',(0.,0.,1.));
#4614=DIRECTION('',(1.,1.83186799063151E-16,0.));
#4615=DIRECTION('center_axis',(0.,0.,-1.));
#4616=DIRECTION('ref_axis',(-1.83697019872103E-16,1.,0.));
#4617=DIRECTION('center_axis',(0.,0.,1.));
#4618=DIRECTION('ref_axis',(1.,0.,0.));
#4619=DIRECTION('center_axis',(0.,0.,-1.));
#4620=DIRECTION('ref_axis',(1.,0.,0.));
#4621=DIRECTION('center_axis',(0.,0.,-1.));
#4622=DIRECTION('ref_axis',(1.,0.,0.));
#4623=DIRECTION('center_axis',(0.,0.,1.));
#4624=DIRECTION('ref_axis',(1.,0.,0.));
#4625=DIRECTION('center_axis',(0.,0.,-1.));
#4626=DIRECTION('ref_axis',(-1.83697019872103E-16,1.,0.));
#4627=DIRECTION('center_axis',(0.,0.,1.));
#4628=DIRECTION('ref_axis',(1.,0.,0.));
#4629=DIRECTION('center_axis',(0.,0.,-1.));
#4630=DIRECTION('ref_axis',(1.,0.,0.));
#4631=DIRECTION('',(1.,1.83186799063151E-16,0.));
#4632=DIRECTION('center_axis',(-1.83186799063151E-16,1.,0.));
#4633=DIRECTION('ref_axis',(0.,0.,1.));
#4634=DIRECTION('',(0.,0.,1.));
#4635=DIRECTION('',(0.,0.,-1.));
#4636=DIRECTION('center_axis',(0.,0.,1.));
#4637=DIRECTION('ref_axis',(-1.,0.,0.));
#4638=DIRECTION('center_axis',(0.,0.,-1.));
#4639=DIRECTION('ref_axis',(1.,0.,0.));
#4640=DIRECTION('',(0.,-1.,0.));
#4641=DIRECTION('center_axis',(0.,0.,1.));
#4642=DIRECTION('ref_axis',(1.,0.,0.));
#4643=DIRECTION('',(0.,-1.,0.));
#4644=DIRECTION('center_axis',(0.,0.,1.));
#4645=DIRECTION('ref_axis',(-1.,0.,0.));
#4646=DIRECTION('center_axis',(0.,0.,-1.));
#4647=DIRECTION('ref_axis',(1.,0.,0.));
#4648=DIRECTION('',(0.,-1.,0.));
#4649=DIRECTION('center_axis',(0.,0.,1.));
#4650=DIRECTION('ref_axis',(1.,0.,0.));
#4651=DIRECTION('',(0.,-1.,0.));
#4652=DIRECTION('center_axis',(-1.,0.,0.));
#4653=DIRECTION('ref_axis',(0.,0.,-1.));
#4654=DIRECTION('',(0.,0.,1.));
#4655=DIRECTION('',(0.,-1.,0.));
#4656=DIRECTION('',(0.,0.,-1.));
#4657=DIRECTION('center_axis',(-1.,0.,0.));
#4658=DIRECTION('ref_axis',(0.,0.,-1.));
#4659=DIRECTION('',(0.,0.,-1.));
#4660=DIRECTION('',(0.,0.,1.));
#4661=DIRECTION('',(0.,-1.,0.));
#4662=DIRECTION('center_axis',(1.,0.,0.));
#4663=DIRECTION('ref_axis',(0.,0.,1.));
#4664=DIRECTION('',(0.,0.,-1.));
#4665=DIRECTION('',(0.,0.,1.));
#4666=DIRECTION('',(0.,-1.,0.));
#4667=DIRECTION('center_axis',(0.,0.,-1.));
#4668=DIRECTION('ref_axis',(1.,0.,0.));
#4669=DIRECTION('center_axis',(0.,0.,1.));
#4670=DIRECTION('ref_axis',(1.,0.,0.));
#4671=DIRECTION('center_axis',(0.,0.,-1.));
#4672=DIRECTION('ref_axis',(1.,0.,0.));
#4673=DIRECTION('center_axis',(0.,0.,-1.));
#4674=DIRECTION('ref_axis',(1.,0.,0.));
#4675=DIRECTION('center_axis',(0.,0.,1.));
#4676=DIRECTION('ref_axis',(1.,0.,0.));
#4677=DIRECTION('center_axis',(0.,0.,-1.));
#4678=DIRECTION('ref_axis',(1.,0.,0.));
#4679=DIRECTION('',(0.,-1.,0.));
#4680=DIRECTION('center_axis',(1.,0.,0.));
#4681=DIRECTION('ref_axis',(0.,0.,1.));
#4682=DIRECTION('',(0.,0.,1.));
#4683=DIRECTION('',(0.,0.,-1.));
#4684=DIRECTION('center_axis',(0.,0.,1.));
#4685=DIRECTION('ref_axis',(-1.,0.,0.));
#4686=DIRECTION('center_axis',(0.,0.,1.));
#4687=DIRECTION('ref_axis',(-1.,0.,0.));
#4688=DIRECTION('',(0.,0.,-1.));
#4689=DIRECTION('center_axis',(0.,0.,-1.));
#4690=DIRECTION('ref_axis',(-1.,0.,0.));
#4691=DIRECTION('center_axis',(0.,0.,1.));
#4692=DIRECTION('ref_axis',(-1.,0.,0.));
#4693=DIRECTION('center_axis',(0.,0.,-1.));
#4694=DIRECTION('ref_axis',(-1.,0.,0.));
#4695=DIRECTION('center_axis',(0.,0.,-1.));
#4696=DIRECTION('ref_axis',(1.,0.,0.));
#4697=DIRECTION('center_axis',(0.,0.,-1.));
#4698=DIRECTION('ref_axis',(-1.,0.,0.));
#4699=DIRECTION('center_axis',(0.,0.,-1.));
#4700=DIRECTION('ref_axis',(-1.,0.,0.));
#4701=DIRECTION('center_axis',(0.,0.,-1.));
#4702=DIRECTION('ref_axis',(-1.,0.,0.));
#4703=DIRECTION('',(0.,0.,1.));
#4704=DIRECTION('center_axis',(0.,0.,1.));
#4705=DIRECTION('ref_axis',(-1.,0.,0.));
#4706=DIRECTION('center_axis',(0.,0.,-1.));
#4707=DIRECTION('ref_axis',(1.,0.,0.));
#4708=DIRECTION('center_axis',(0.,0.,-1.));
#4709=DIRECTION('ref_axis',(1.,0.,0.));
#4710=DIRECTION('center_axis',(0.,0.,1.));
#4711=DIRECTION('ref_axis',(1.,0.,0.));
#4712=DIRECTION('center_axis',(0.,0.,-1.));
#4713=DIRECTION('ref_axis',(1.,0.,0.));
#4714=DIRECTION('center_axis',(0.,0.,1.));
#4715=DIRECTION('ref_axis',(1.,0.,0.));
#4716=DIRECTION('center_axis',(0.,0.,1.));
#4717=DIRECTION('ref_axis',(1.,0.,0.));
#4718=DIRECTION('',(0.,0.,-1.));
#4719=DIRECTION('center_axis',(0.,0.,-1.));
#4720=DIRECTION('ref_axis',(1.,0.,0.));
#4721=DIRECTION('center_axis',(0.,0.,1.));
#4722=DIRECTION('ref_axis',(1.,0.,0.));
#4723=DIRECTION('center_axis',(0.,0.,1.));
#4724=DIRECTION('ref_axis',(1.,0.,0.));
#4725=DIRECTION('',(0.,0.,-1.));
#4726=DIRECTION('',(0.,0.,-1.));
#4727=DIRECTION('center_axis',(0.,0.,1.));
#4728=DIRECTION('ref_axis',(1.,0.,0.));
#4729=DIRECTION('',(0.,0.,-1.));
#4730=DIRECTION('',(0.,0.,-1.));
#4731=DIRECTION('axis',(0.,0.,1.));
#4732=DIRECTION('refdir',(1.,0.,0.));
#4733=DIRECTION('center_axis',(1.83186799063151E-16,-1.,0.));
#4734=DIRECTION('ref_axis',(0.,0.,-1.));
#4735=DIRECTION('',(0.,0.,1.));
#4736=DIRECTION('',(1.,1.83186799063151E-16,0.));
#4737=DIRECTION('',(0.,0.,-1.));
#4738=DIRECTION('',(1.,1.83186799063151E-16,0.));
#4739=DIRECTION('center_axis',(1.83186799063151E-16,-1.,0.));
#4740=DIRECTION('ref_axis',(0.,0.,-1.));
#4741=DIRECTION('',(0.,0.,-1.));
#4742=DIRECTION('',(1.,1.83186799063151E-16,0.));
#4743=DIRECTION('',(0.,0.,1.));
#4744=DIRECTION('',(1.,1.83186799063151E-16,0.));
#4745=DIRECTION('center_axis',(0.,0.,-1.));
#4746=DIRECTION('ref_axis',(-1.83697019872103E-16,1.,0.));
#4747=DIRECTION('center_axis',(0.,0.,1.));
#4748=DIRECTION('ref_axis',(1.,0.,0.));
#4749=DIRECTION('',(1.,1.83186799063151E-16,0.));
#4750=DIRECTION('center_axis',(0.,0.,-1.));
#4751=DIRECTION('ref_axis',(1.,0.,0.));
#4752=DIRECTION('center_axis',(0.,0.,-1.));
#4753=DIRECTION('ref_axis',(1.,0.,0.));
#4754=DIRECTION('center_axis',(0.,0.,1.));
#4755=DIRECTION('ref_axis',(1.,0.,0.));
#4756=DIRECTION('center_axis',(-1.83186799063151E-16,1.,0.));
#4757=DIRECTION('ref_axis',(0.,0.,1.));
#4758=DIRECTION('',(0.,0.,-1.));
#4759=DIRECTION('',(1.,1.83186799063151E-16,0.));
#4760=DIRECTION('',(0.,0.,1.));
#4761=DIRECTION('center_axis',(0.,0.,1.));
#4762=DIRECTION('ref_axis',(1.83697019872103E-16,-1.,0.));
#4763=DIRECTION('center_axis',(0.,0.,-1.));
#4764=DIRECTION('ref_axis',(1.,0.,0.));
#4765=DIRECTION('center_axis',(0.,0.,1.));
#4766=DIRECTION('ref_axis',(1.,0.,0.));
#4767=DIRECTION('center_axis',(0.,0.,1.));
#4768=DIRECTION('ref_axis',(1.,0.,0.));
#4769=DIRECTION('center_axis',(0.,0.,-1.));
#4770=DIRECTION('ref_axis',(1.,0.,0.));
#4771=DIRECTION('center_axis',(0.,0.,1.));
#4772=DIRECTION('ref_axis',(1.83697019872103E-16,-1.,0.));
#4773=DIRECTION('center_axis',(0.,0.,-1.));
#4774=DIRECTION('ref_axis',(1.,0.,0.));
#4775=DIRECTION('',(1.,1.83186799063151E-16,0.));
#4776=DIRECTION('center_axis',(0.,0.,1.));
#4777=DIRECTION('ref_axis',(1.,0.,0.));
#4778=DIRECTION('center_axis',(0.,0.,-1.));
#4779=DIRECTION('ref_axis',(-1.83697019872103E-16,1.,0.));
#4780=DIRECTION('center_axis',(0.,0.,1.));
#4781=DIRECTION('ref_axis',(1.,0.,0.));
#4782=DIRECTION('center_axis',(0.,0.,-1.));
#4783=DIRECTION('ref_axis',(1.,0.,0.));
#4784=DIRECTION('',(1.,1.83186799063151E-16,0.));
#4785=DIRECTION('center_axis',(-1.83186799063151E-16,1.,0.));
#4786=DIRECTION('ref_axis',(0.,0.,1.));
#4787=DIRECTION('',(0.,0.,1.));
#4788=DIRECTION('',(0.,0.,-1.));
#4789=DIRECTION('center_axis',(-1.,0.,0.));
#4790=DIRECTION('ref_axis',(0.,0.,-1.));
#4791=DIRECTION('',(0.,0.,1.));
#4792=DIRECTION('',(0.,-1.,0.));
#4793=DIRECTION('',(0.,0.,-1.));
#4794=DIRECTION('',(0.,-1.,0.));
#4795=DIRECTION('center_axis',(-1.,0.,0.));
#4796=DIRECTION('ref_axis',(0.,0.,-1.));
#4797=DIRECTION('',(0.,0.,-1.));
#4798=DIRECTION('',(0.,-1.,0.));
#4799=DIRECTION('',(0.,0.,1.));
#4800=DIRECTION('',(0.,-1.,0.));
#4801=DIRECTION('center_axis',(0.,0.,-1.));
#4802=DIRECTION('ref_axis',(1.,0.,0.));
#4803=DIRECTION('center_axis',(0.,0.,1.));
#4804=DIRECTION('ref_axis',(1.,0.,0.));
#4805=DIRECTION('',(0.,-1.,0.));
#4806=DIRECTION('center_axis',(0.,0.,-1.));
#4807=DIRECTION('ref_axis',(1.,0.,0.));
#4808=DIRECTION('center_axis',(1.,0.,0.));
#4809=DIRECTION('ref_axis',(0.,0.,1.));
#4810=DIRECTION('',(0.,0.,-1.));
#4811=DIRECTION('',(0.,-1.,0.));
#4812=DIRECTION('',(0.,0.,1.));
#4813=DIRECTION('center_axis',(0.,0.,1.));
#4814=DIRECTION('ref_axis',(-1.,0.,0.));
#4815=DIRECTION('center_axis',(0.,0.,-1.));
#4816=DIRECTION('ref_axis',(1.,0.,0.));
#4817=DIRECTION('center_axis',(0.,0.,1.));
#4818=DIRECTION('ref_axis',(1.,0.,0.));
#4819=DIRECTION('center_axis',(0.,0.,1.));
#4820=DIRECTION('ref_axis',(-1.,0.,0.));
#4821=DIRECTION('center_axis',(0.,0.,-1.));
#4822=DIRECTION('ref_axis',(1.,0.,0.));
#4823=DIRECTION('',(0.,-1.,0.));
#4824=DIRECTION('center_axis',(0.,0.,1.));
#4825=DIRECTION('ref_axis',(1.,0.,0.));
#4826=DIRECTION('center_axis',(0.,0.,-1.));
#4827=DIRECTION('ref_axis',(1.,0.,0.));
#4828=DIRECTION('center_axis',(0.,0.,1.));
#4829=DIRECTION('ref_axis',(1.,0.,0.));
#4830=DIRECTION('center_axis',(0.,0.,-1.));
#4831=DIRECTION('ref_axis',(1.,0.,0.));
#4832=DIRECTION('',(0.,-1.,0.));
#4833=DIRECTION('center_axis',(1.,0.,0.));
#4834=DIRECTION('ref_axis',(0.,0.,1.));
#4835=DIRECTION('',(0.,0.,1.));
#4836=DIRECTION('',(0.,0.,-1.));
#4837=DIRECTION('center_axis',(0.,0.,1.));
#4838=DIRECTION('ref_axis',(1.,0.,0.));
#4839=DIRECTION('center_axis',(0.,0.,1.));
#4840=DIRECTION('ref_axis',(1.,0.,0.));
#4841=DIRECTION('',(0.,0.,1.));
#4842=DIRECTION('center_axis',(0.,0.,1.));
#4843=DIRECTION('ref_axis',(1.,0.,0.));
#4844=DIRECTION('center_axis',(0.,0.,-1.));
#4845=DIRECTION('ref_axis',(1.,0.,0.));
#4846=DIRECTION('center_axis',(0.,0.,-1.));
#4847=DIRECTION('ref_axis',(1.,0.,0.));
#4848=DIRECTION('center_axis',(0.,0.,-1.));
#4849=DIRECTION('ref_axis',(1.,0.,0.));
#4850=DIRECTION('',(0.,0.,1.));
#4851=DIRECTION('',(0.,0.,1.));
#4852=DIRECTION('center_axis',(0.,0.,-1.));
#4853=DIRECTION('ref_axis',(1.,0.,0.));
#4854=DIRECTION('center_axis',(0.,0.,-1.));
#4855=DIRECTION('ref_axis',(1.,0.,0.));
#4856=DIRECTION('center_axis',(0.,0.,-1.));
#4857=DIRECTION('ref_axis',(1.,0.,0.));
#4858=DIRECTION('',(0.,0.,1.));
#4859=DIRECTION('',(0.,0.,1.));
#4860=DIRECTION('center_axis',(0.,0.,1.));
#4861=DIRECTION('ref_axis',(1.,0.,0.));
#4862=DIRECTION('center_axis',(0.,0.,1.));
#4863=DIRECTION('ref_axis',(1.,0.,0.));
#4864=DIRECTION('center_axis',(0.,0.,1.));
#4865=DIRECTION('ref_axis',(1.,0.,0.));
#4866=DIRECTION('axis',(0.,0.,1.));
#4867=DIRECTION('refdir',(1.,0.,0.));
#4868=DIRECTION('center_axis',(0.,0.,-1.));
#4869=DIRECTION('ref_axis',(-1.,0.,0.));
#4870=DIRECTION('center_axis',(0.,0.,1.));
#4871=DIRECTION('ref_axis',(1.,0.,0.));
#4872=DIRECTION('center_axis',(0.,0.,1.));
#4873=DIRECTION('ref_axis',(1.,0.,0.));
#4874=DIRECTION('center_axis',(0.,0.,1.));
#4875=DIRECTION('ref_axis',(1.,0.,0.));
#4876=DIRECTION('',(0.,0.,-1.));
#4877=DIRECTION('center_axis',(0.,0.,1.));
#4878=DIRECTION('ref_axis',(1.,0.,0.));
#4879=DIRECTION('center_axis',(0.,0.,1.));
#4880=DIRECTION('ref_axis',(1.,0.,0.));
#4881=DIRECTION('center_axis',(0.,0.,-1.));
#4882=DIRECTION('ref_axis',(-1.,0.,0.));
#4883=DIRECTION('center_axis',(0.,0.,-1.));
#4884=DIRECTION('ref_axis',(1.,0.,0.));
#4885=DIRECTION('center_axis',(0.,0.,1.));
#4886=DIRECTION('ref_axis',(1.,0.,0.));
#4887=DIRECTION('center_axis',(0.,0.,-1.));
#4888=DIRECTION('ref_axis',(1.,0.,0.));
#4889=DIRECTION('',(0.,0.,1.));
#4890=DIRECTION('center_axis',(0.,0.,1.));
#4891=DIRECTION('ref_axis',(1.,0.,0.));
#4892=DIRECTION('axis',(0.,0.,1.));
#4893=DIRECTION('refdir',(1.,0.,0.));
#4894=DIRECTION('center_axis',(-1.,0.,0.));
#4895=DIRECTION('ref_axis',(0.,0.,1.));
#4896=DIRECTION('',(0.,-0.891206071096017,0.45359865392393));
#4897=DIRECTION('',(0.,1.00893295579662E-8,1.));
#4898=DIRECTION('',(0.,-1.,0.));
#4899=DIRECTION('',(0.,0.,1.));
#4900=DIRECTION('',(0.,1.,0.));
#4901=DIRECTION('',(0.,1.00893295579662E-8,1.));
#4902=DIRECTION('',(0.,0.438371146789077,-0.898794046299167));
#4903=DIRECTION('',(0.,0.,-1.));
#4904=DIRECTION('center_axis',(0.,-1.,1.00893295579662E-8));
#4905=DIRECTION('ref_axis',(0.,-1.00893295579662E-8,-1.));
#4906=DIRECTION('',(-1.,0.,0.));
#4907=DIRECTION('',(0.,-1.00893295579662E-8,-1.));
#4908=DIRECTION('',(1.,0.,0.));
#4909=DIRECTION('center_axis',(0.,0.,-1.));
#4910=DIRECTION('ref_axis',(0.,1.,0.));
#4911=DIRECTION('',(0.,1.,0.));
#4912=DIRECTION('',(1.,0.,0.));
#4913=DIRECTION('center_axis',(0.,-1.,0.));
#4914=DIRECTION('ref_axis',(0.,0.,-1.));
#4915=DIRECTION('',(0.,0.,-1.));
#4916=DIRECTION('',(1.,0.,0.));
#4917=DIRECTION('center_axis',(0.,0.,1.));
#4918=DIRECTION('ref_axis',(0.,-1.,0.));
#4919=DIRECTION('',(0.,-1.,0.));
#4920=DIRECTION('',(1.,0.,0.));
#4921=DIRECTION('center_axis',(0.,-1.,1.00893295579662E-8));
#4922=DIRECTION('ref_axis',(0.,-1.00893295579662E-8,-1.));
#4923=DIRECTION('',(0.,-1.00893295579662E-8,-1.));
#4924=DIRECTION('',(1.,0.,0.));
#4925=DIRECTION('center_axis',(0.,0.898794046299167,0.438371146789077));
#4926=DIRECTION('ref_axis',(0.,-0.438371146789077,0.898794046299167));
#4927=DIRECTION('',(0.,-0.438371146789077,0.898794046299167));
#4928=DIRECTION('',(1.,0.,0.));
#4929=DIRECTION('center_axis',(0.,1.,0.));
#4930=DIRECTION('ref_axis',(0.,0.,1.));
#4931=DIRECTION('',(0.,0.,1.));
#4932=DIRECTION('',(1.,0.,0.));
#4933=DIRECTION('center_axis',(0.,-0.45359865392393,-0.891206071096017));
#4934=DIRECTION('ref_axis',(0.,0.891206071096017,-0.45359865392393));
#4935=DIRECTION('',(0.,0.891206071096017,-0.45359865392393));
#4936=DIRECTION('center_axis',(1.,0.,0.));
#4937=DIRECTION('ref_axis',(0.,0.,-1.));
#4938=DIRECTION('center_axis',(-6.12323399573677E-17,-1.,0.));
#4939=DIRECTION('ref_axis',(0.,0.,1.));
#4940=DIRECTION('',(0.891206071096017,-5.45706331174213E-17,0.45359865392393));
#4941=DIRECTION('',(-1.00893295579662E-8,6.17793257435306E-25,1.));
#4942=DIRECTION('',(1.,-6.12323399573677E-17,0.));
#4943=DIRECTION('',(0.,0.,1.));
#4944=DIRECTION('',(-1.,6.12323399573677E-17,0.));
#4945=DIRECTION('',(-1.00893295579662E-8,6.17793257435306E-25,1.));
#4946=DIRECTION('',(-0.438371146789077,2.68424910876899E-17,-0.898794046299167));
#4947=DIRECTION('',(0.,0.,-1.));
#4948=DIRECTION('center_axis',(1.,-6.12323399573677E-17,1.00893295579662E-8));
#4949=DIRECTION('ref_axis',(1.00893295579662E-8,-6.17793257435306E-25,-1.));
#4950=DIRECTION('',(-6.12323399573677E-17,-1.,0.));
#4951=DIRECTION('',(1.00893295579662E-8,-6.17793257435306E-25,-1.));
#4952=DIRECTION('',(6.12323399573677E-17,1.,0.));
#4953=DIRECTION('center_axis',(0.,0.,-1.));
#4954=DIRECTION('ref_axis',(-1.,6.12323399573677E-17,0.));
#4955=DIRECTION('',(-1.,6.12323399573677E-17,0.));
#4956=DIRECTION('',(6.12323399573677E-17,1.,0.));
#4957=DIRECTION('center_axis',(1.,-6.12323399573677E-17,0.));
#4958=DIRECTION('ref_axis',(0.,0.,-1.));
#4959=DIRECTION('',(0.,0.,-1.));
#4960=DIRECTION('',(6.12323399573677E-17,1.,0.));
#4961=DIRECTION('center_axis',(0.,0.,1.));
#4962=DIRECTION('ref_axis',(1.,-6.12323399573677E-17,0.));
#4963=DIRECTION('',(1.,-6.12323399573677E-17,0.));
#4964=DIRECTION('',(6.12323399573677E-17,1.,0.));
#4965=DIRECTION('center_axis',(1.,-6.12323399573677E-17,1.00893295579662E-8));
#4966=DIRECTION('ref_axis',(1.00893295579662E-8,-6.17793257435306E-25,-1.));
#4967=DIRECTION('',(1.00893295579662E-8,-6.17793257435306E-25,-1.));
#4968=DIRECTION('',(6.12323399573677E-17,1.,0.));
#4969=DIRECTION('center_axis',(-0.898794046299167,5.50352625946486E-17,
0.438371146789077));
#4970=DIRECTION('ref_axis',(0.438371146789077,-2.68424910876899E-17,0.898794046299167));
#4971=DIRECTION('',(0.438371146789077,-2.68424910876899E-17,0.898794046299167));
#4972=DIRECTION('',(6.12323399573677E-17,1.,0.));
#4973=DIRECTION('center_axis',(-1.,6.12323399573677E-17,0.));
#4974=DIRECTION('ref_axis',(0.,0.,1.));
#4975=DIRECTION('',(0.,0.,1.));
#4976=DIRECTION('',(6.12323399573677E-17,1.,0.));
#4977=DIRECTION('center_axis',(0.45359865392393,-2.77749069812744E-17,-0.891206071096017));
#4978=DIRECTION('ref_axis',(-0.891206071096017,5.45706331174213E-17,-0.45359865392393));
#4979=DIRECTION('',(-0.891206071096017,5.45706331174213E-17,-0.45359865392393));
#4980=DIRECTION('center_axis',(6.12323399573677E-17,1.,0.));
#4981=DIRECTION('ref_axis',(0.,0.,-1.));
#4982=DIRECTION('center_axis',(1.,-1.22464679914735E-16,0.));
#4983=DIRECTION('ref_axis',(0.,0.,1.));
#4984=DIRECTION('',(1.09141266234843E-16,0.891206071096017,0.45359865392393));
#4985=DIRECTION('',(-1.23558651487061E-24,-1.00893295579662E-8,1.));
#4986=DIRECTION('',(1.22464679914735E-16,1.,0.));
#4987=DIRECTION('',(0.,0.,1.));
#4988=DIRECTION('',(-1.22464679914735E-16,-1.,0.));
#4989=DIRECTION('',(-1.23558651487061E-24,-1.00893295579662E-8,1.));
#4990=DIRECTION('',(-5.36849821753798E-17,-0.438371146789077,-0.898794046299167));
#4991=DIRECTION('',(0.,0.,-1.));
#4992=DIRECTION('center_axis',(1.22464679914735E-16,1.,1.00893295579662E-8));
#4993=DIRECTION('ref_axis',(1.23558651487061E-24,1.00893295579662E-8,-1.));
#4994=DIRECTION('',(1.,-1.22464679914735E-16,0.));
#4995=DIRECTION('',(1.23558651487061E-24,1.00893295579662E-8,-1.));
#4996=DIRECTION('',(-1.,1.22464679914735E-16,0.));
#4997=DIRECTION('center_axis',(0.,0.,-1.));
#4998=DIRECTION('ref_axis',(-1.22464679914735E-16,-1.,0.));
#4999=DIRECTION('',(-1.22464679914735E-16,-1.,0.));
#5000=DIRECTION('',(-1.,1.22464679914735E-16,0.));
#5001=DIRECTION('center_axis',(1.22464679914735E-16,1.,0.));
#5002=DIRECTION('ref_axis',(0.,0.,-1.));
#5003=DIRECTION('',(0.,0.,-1.));
#5004=DIRECTION('',(-1.,1.22464679914735E-16,0.));
#5005=DIRECTION('center_axis',(0.,0.,1.));
#5006=DIRECTION('ref_axis',(1.22464679914735E-16,1.,0.));
#5007=DIRECTION('',(1.22464679914735E-16,1.,0.));
#5008=DIRECTION('',(-1.,1.22464679914735E-16,0.));
#5009=DIRECTION('center_axis',(1.22464679914735E-16,1.,1.00893295579662E-8));
#5010=DIRECTION('ref_axis',(1.23558651487061E-24,1.00893295579662E-8,-1.));
#5011=DIRECTION('',(1.23558651487061E-24,1.00893295579662E-8,-1.));
#5012=DIRECTION('',(-1.,1.22464679914735E-16,0.));
#5013=DIRECTION('center_axis',(-1.10070525189297E-16,-0.898794046299167,
0.438371146789077));
#5014=DIRECTION('ref_axis',(5.36849821753798E-17,0.438371146789077,0.898794046299167));
#5015=DIRECTION('',(5.36849821753798E-17,0.438371146789077,0.898794046299167));
#5016=DIRECTION('',(-1.,1.22464679914735E-16,0.));
#5017=DIRECTION('center_axis',(-1.22464679914735E-16,-1.,0.));
#5018=DIRECTION('ref_axis',(0.,0.,1.));
#5019=DIRECTION('',(0.,0.,1.));
#5020=DIRECTION('',(-1.,1.22464679914735E-16,0.));
#5021=DIRECTION('center_axis',(5.55498139625489E-17,0.45359865392393,-0.891206071096017));
#5022=DIRECTION('ref_axis',(-1.09141266234843E-16,-0.891206071096017,-0.45359865392393));
#5023=DIRECTION('',(-1.09141266234843E-16,-0.891206071096017,-0.45359865392393));
#5024=DIRECTION('center_axis',(-1.,1.22464679914735E-16,0.));
#5025=DIRECTION('ref_axis',(0.,0.,-1.));
#5026=DIRECTION('center_axis',(1.83697019872103E-16,1.,0.));
#5027=DIRECTION('ref_axis',(0.,0.,1.));
#5028=DIRECTION('',(-0.891206071096017,1.63711899352264E-16,0.45359865392393));
#5029=DIRECTION('',(1.00893295579662E-8,-1.85337977230592E-24,1.));
#5030=DIRECTION('',(-1.,1.83697019872103E-16,0.));
#5031=DIRECTION('',(0.,0.,1.));
#5032=DIRECTION('',(1.,-1.83697019872103E-16,0.));
#5033=DIRECTION('',(1.00893295579662E-8,-1.85337977230592E-24,1.));
#5034=DIRECTION('',(0.438371146789077,-8.05274732630697E-17,-0.898794046299167));
#5035=DIRECTION('',(0.,0.,-1.));
#5036=DIRECTION('center_axis',(-1.,1.83697019872103E-16,1.00893295579662E-8));
#5037=DIRECTION('ref_axis',(-1.00893295579662E-8,1.85337977230592E-24,-1.));
#5038=DIRECTION('',(1.83697019872103E-16,1.,0.));
#5039=DIRECTION('',(-1.00893295579662E-8,1.85337977230592E-24,-1.));
#5040=DIRECTION('',(-1.83697019872103E-16,-1.,0.));
#5041=DIRECTION('center_axis',(0.,0.,-1.));
#5042=DIRECTION('ref_axis',(1.,-1.83697019872103E-16,0.));
#5043=DIRECTION('',(1.,-1.83697019872103E-16,0.));
#5044=DIRECTION('',(-1.83697019872103E-16,-1.,0.));
#5045=DIRECTION('center_axis',(-1.,1.83697019872103E-16,0.));
#5046=DIRECTION('ref_axis',(0.,0.,-1.));
#5047=DIRECTION('',(0.,0.,-1.));
#5048=DIRECTION('',(-1.83697019872103E-16,-1.,0.));
#5049=DIRECTION('center_axis',(0.,0.,1.));
#5050=DIRECTION('ref_axis',(-1.,1.83697019872103E-16,0.));
#5051=DIRECTION('',(-1.,1.83697019872103E-16,0.));
#5052=DIRECTION('',(-1.83697019872103E-16,-1.,0.));
#5053=DIRECTION('center_axis',(-1.,1.83697019872103E-16,1.00893295579662E-8));
#5054=DIRECTION('ref_axis',(-1.00893295579662E-8,1.85337977230592E-24,-1.));
#5055=DIRECTION('',(-1.00893295579662E-8,1.85337977230592E-24,-1.));
#5056=DIRECTION('',(-1.83697019872103E-16,-1.,0.));
#5057=DIRECTION('center_axis',(0.898794046299167,-1.65105787783946E-16,
0.438371146789077));
#5058=DIRECTION('ref_axis',(-0.438371146789077,8.05274732630697E-17,0.898794046299167));
#5059=DIRECTION('',(-0.438371146789077,8.05274732630697E-17,0.898794046299167));
#5060=DIRECTION('',(-1.83697019872103E-16,-1.,0.));
#5061=DIRECTION('center_axis',(1.,-1.83697019872103E-16,0.));
#5062=DIRECTION('ref_axis',(0.,0.,1.));
#5063=DIRECTION('',(0.,0.,1.));
#5064=DIRECTION('',(-1.83697019872103E-16,-1.,0.));
#5065=DIRECTION('center_axis',(-0.45359865392393,8.33247209438233E-17,-0.891206071096017));
#5066=DIRECTION('ref_axis',(0.891206071096017,-1.63711899352264E-16,-0.45359865392393));
#5067=DIRECTION('',(0.891206071096017,-1.63711899352264E-16,-0.45359865392393));
#5068=DIRECTION('center_axis',(-1.83697019872103E-16,-1.,0.));
#5069=DIRECTION('ref_axis',(0.,0.,-1.));
#5070=DIRECTION('',(0.,0.,1.));
#5071=DIRECTION('',(1.,-9.42337789716914E-33,0.));
#5072=DIRECTION('',(0.,0.,1.));
#5073=DIRECTION('',(1.,-9.42337789716914E-33,0.));
#5074=DIRECTION('',(0.,0.,1.));
#5075=DIRECTION('',(1.,3.98804286791462E-32,0.));
#5076=DIRECTION('',(0.,0.,1.));
#5077=DIRECTION('',(1.,-9.42337789716914E-33,0.));
#5078=DIRECTION('axis',(0.,0.,1.));
#5079=DIRECTION('refdir',(1.,0.,0.));
#5080=DIRECTION('axis',(0.,0.,1.));
#5081=DIRECTION('refdir',(1.,0.,0.));
#5082=DIRECTION('center_axis',(0.,0.,1.));
#5083=DIRECTION('ref_axis',(-1.,0.,0.));
#5084=DIRECTION('center_axis',(-1.06387651071382E-15,0.,1.));
#5085=DIRECTION('ref_axis',(-1.,0.,-7.98199784518684E-16));
#5086=DIRECTION('',(-0.734232515127701,8.99175499481049E-17,-0.678898087881569));
#5087=DIRECTION('center_axis',(1.06387651071382E-15,0.,-1.));
#5088=DIRECTION('ref_axis',(-1.,0.,0.));
#5089=DIRECTION('center_axis',(1.06387651071382E-15,0.,-1.));
#5090=DIRECTION('ref_axis',(-1.,0.,-1.05179023385542E-15));
#5091=DIRECTION('center_axis',(-1.06387651071382E-15,0.,1.));
#5092=DIRECTION('ref_axis',(1.,0.,1.05909433270163E-15));
#5093=DIRECTION('center_axis',(-1.22464679914735E-16,-1.,-1.30287296353374E-31));
#5094=DIRECTION('ref_axis',(1.,-1.22464679914735E-16,1.02257383847054E-15));
#5095=DIRECTION('center_axis',(1.06387651071382E-15,0.,-1.));
#5096=DIRECTION('ref_axis',(1.,0.,1.06387651071382E-15));
#5097=DIRECTION('center_axis',(-1.06387651071382E-15,0.,1.));
#5098=DIRECTION('ref_axis',(1.,0.,1.06387651071382E-15));
#5099=DIRECTION('',(-0.866025403784439,-0.5,-9.21344084767718E-16));
#5100=DIRECTION('',(-0.866025403784439,0.5,-9.21344084767718E-16));
#5101=DIRECTION('',(6.40987562127854E-16,1.,6.81931611007541E-31));
#5102=DIRECTION('',(0.866025403784439,0.5,9.21344084767718E-16));
#5103=DIRECTION('',(0.866025403784439,-0.5,9.21344084767718E-16));
#5104=DIRECTION('',(-3.20493781063927E-16,-1.,-3.40965805503771E-31));
#5105=DIRECTION('center_axis',(1.06387651071382E-15,0.,-1.));
#5106=DIRECTION('ref_axis',(-1.,0.,-7.98199784518684E-16));
#5107=DIRECTION('center_axis',(1.06387651071382E-15,0.,-1.));
#5108=DIRECTION('ref_axis',(1.,0.,1.06387651071382E-15));
#5109=DIRECTION('',(-1.06387651071382E-15,0.,1.));
#5110=DIRECTION('center_axis',(0.0435778713738291,-0.0754790873051733,-0.996194698091746));
#5111=DIRECTION('ref_axis',(-0.866025403784439,-0.5,0.));
#5112=DIRECTION('',(-3.18762329165829E-16,0.997141949694316,-0.0755508581011305));
#5113=DIRECTION('',(-0.866025403784439,-0.5,0.));
#5114=DIRECTION('',(-0.863550259614423,0.498570974847158,-0.0755508581011305));
#5115=DIRECTION('center_axis',(0.0871557427476581,-2.79328735346319E-17,
-0.996194698091746));
#5116=DIRECTION('ref_axis',(-3.20493781063927E-16,-1.,0.));
#5117=DIRECTION('',(-3.20493781063927E-16,-1.,0.));
#5118=DIRECTION('',(-0.863550259614423,-0.498570974847158,-0.0755508581011305));
#5119=DIRECTION('center_axis',(0.0435778713738291,0.0754790873051733,-0.996194698091746));
#5120=DIRECTION('ref_axis',(0.866025403784439,-0.5,0.));
#5121=DIRECTION('',(0.866025403784439,-0.5,0.));
#5122=DIRECTION('',(0.,-0.997141949694316,-0.0755508581011305));
#5123=DIRECTION('center_axis',(-0.0435778713738291,0.0754790873051733,-0.996194698091746));
#5124=DIRECTION('ref_axis',(0.866025403784439,0.5,0.));
#5125=DIRECTION('',(0.866025403784439,0.5,0.));
#5126=DIRECTION('',(0.863550259614423,-0.498570974847159,-0.0755508581011305));
#5127=DIRECTION('center_axis',(-0.0871557427476581,5.58657470692638E-17,
-0.996194698091746));
#5128=DIRECTION('ref_axis',(6.40987562127854E-16,1.,0.));
#5129=DIRECTION('',(6.40987562127854E-16,1.,0.));
#5130=DIRECTION('',(0.863550259614423,0.498570974847158,-0.0755508581011305));
#5131=DIRECTION('center_axis',(-0.0435778713738291,-0.0754790873051733,
-0.996194698091746));
#5132=DIRECTION('ref_axis',(-0.866025403784439,0.5,0.));
#5133=DIRECTION('',(-0.866025403784439,0.5,0.));
#5134=DIRECTION('center_axis',(0.5,-0.866025403784439,0.));
#5135=DIRECTION('ref_axis',(-0.866025403784439,-0.5,0.));
#5136=DIRECTION('',(0.,0.,-1.));
#5137=DIRECTION('',(0.,0.,-1.));
#5138=DIRECTION('center_axis',(1.,-3.20493781063927E-16,0.));
#5139=DIRECTION('ref_axis',(-3.20493781063927E-16,-1.,0.));
#5140=DIRECTION('',(0.,0.,-1.));
#5141=DIRECTION('center_axis',(0.5,0.866025403784439,0.));
#5142=DIRECTION('ref_axis',(0.866025403784439,-0.5,0.));
#5143=DIRECTION('',(0.,0.,-1.));
#5144=DIRECTION('center_axis',(-0.5,0.866025403784439,0.));
#5145=DIRECTION('ref_axis',(0.866025403784439,0.5,0.));
#5146=DIRECTION('',(0.,0.,-1.));
#5147=DIRECTION('center_axis',(-1.,6.40987562127854E-16,0.));
#5148=DIRECTION('ref_axis',(6.40987562127854E-16,1.,0.));
#5149=DIRECTION('',(0.,0.,-1.));
#5150=DIRECTION('center_axis',(-0.5,-0.866025403784439,0.));
#5151=DIRECTION('ref_axis',(-0.866025403784439,0.5,0.));
#5152=DIRECTION('center_axis',(1.06387651071382E-15,0.,-1.));
#5153=DIRECTION('ref_axis',(-1.,0.,-7.98199784518684E-16));
#5154=DIRECTION('',(-1.06387651071382E-15,0.,1.));
#5155=DIRECTION('center_axis',(-1.06387651071382E-15,0.,1.));
#5156=DIRECTION('ref_axis',(-1.,0.,-7.98199784518684E-16));
#5157=DIRECTION('center_axis',(1.06387651071382E-15,0.,-1.));
#5158=DIRECTION('ref_axis',(-1.,0.,-1.06387651071382E-15));
#5159=DIRECTION('center_axis',(1.06387651071382E-15,0.,-1.));
#5160=DIRECTION('ref_axis',(-1.,0.,-1.06387651071382E-15));
#5161=DIRECTION('center_axis',(-0.866025403784439,-0.5,0.));
#5162=DIRECTION('ref_axis',(-0.5,0.866025403784439,0.));
#5163=DIRECTION('center_axis',(-0.866025403784439,-0.5,0.));
#5164=DIRECTION('ref_axis',(-0.5,0.866025403784439,0.));
#5165=DIRECTION('',(-0.866025403784439,-0.5,0.));
#5166=DIRECTION('center_axis',(-0.866025403784438,-0.5,0.));
#5167=DIRECTION('ref_axis',(-0.500000000000001,0.866025403784438,0.));
#5168=DIRECTION('center_axis',(-0.866025403784439,-0.5,0.));
#5169=DIRECTION('ref_axis',(-0.500000000000001,0.866025403784438,0.));
#5170=DIRECTION('',(-0.866025403784438,-0.5,0.));
#5171=DIRECTION('center_axis',(-0.866025403784439,-0.5,0.));
#5172=DIRECTION('ref_axis',(-0.5,0.866025403784439,0.));
#5173=DIRECTION('center_axis',(0.866025403784439,0.5,0.));
#5174=DIRECTION('ref_axis',(-0.5,0.866025403784439,0.));
#5175=DIRECTION('center_axis',(0.,0.,-1.));
#5176=DIRECTION('ref_axis',(-1.,0.,0.));
#5177=DIRECTION('',(0.,0.,1.));
#5178=DIRECTION('center_axis',(0.,0.,1.));
#5179=DIRECTION('ref_axis',(-1.,0.,0.));
#5180=DIRECTION('',(0.,0.,-1.));
#5181=DIRECTION('center_axis',(0.,0.,-1.));
#5182=DIRECTION('ref_axis',(-1.,0.,0.));
#5183=DIRECTION('center_axis',(-0.866025433174535,-0.499999949094857,0.));
#5184=DIRECTION('ref_axis',(-0.499999949094857,0.866025433174535,0.));
#5185=DIRECTION('',(-0.499999949094857,0.866025433174535,0.));
#5186=DIRECTION('',(0.,0.,-1.));
#5187=DIRECTION('',(-0.499999949094857,0.866025433174535,0.));
#5188=DIRECTION('center_axis',(0.,0.,1.));
#5189=DIRECTION('ref_axis',(0.5,-0.866025403784439,0.));
#5190=DIRECTION('',(-0.866025403784439,-0.5,0.));
#5191=DIRECTION('',(0.5,-0.866025403784439,0.));
#5192=DIRECTION('center_axis',(0.,0.,1.));
#5193=DIRECTION('ref_axis',(-0.965925826289065,0.258819045102532,0.));
#5194=DIRECTION('',(-0.866025403784439,-0.5,0.));
#5195=DIRECTION('center_axis',(0.,0.,1.));
#5196=DIRECTION('ref_axis',(0.258819045102521,0.965925826289068,0.));
#5197=DIRECTION('',(-0.5,0.866025403784439,0.));
#5198=DIRECTION('center_axis',(0.,0.,1.));
#5199=DIRECTION('ref_axis',(-0.866025403784448,-0.499999999999984,0.));
#5200=DIRECTION('',(-0.866025403784434,-0.500000000000009,0.));
#5201=DIRECTION('center_axis',(0.,0.,1.));
#5202=DIRECTION('ref_axis',(0.50000000000023,-0.866025403784305,0.));
#5203=DIRECTION('',(-0.258819045102514,-0.96592582628907,0.));
#5204=DIRECTION('center_axis',(0.,0.,1.));
#5205=DIRECTION('ref_axis',(0.965925826289084,-0.258819045102463,0.));
#5206=DIRECTION('',(0.5,-0.866025403784439,0.));
#5207=DIRECTION('center_axis',(0.,0.,1.));
#5208=DIRECTION('ref_axis',(0.866025403784602,0.499999999999718,0.));
#5209=DIRECTION('',(0.965925826289071,-0.25881904510251,0.));
#5210=DIRECTION('center_axis',(0.,0.,1.));
#5211=DIRECTION('ref_axis',(0.258819045102511,0.965925826289071,0.));
#5212=DIRECTION('',(0.866025403784441,0.499999999999996,0.));
#5213=DIRECTION('center_axis',(0.,0.,1.));
#5214=DIRECTION('ref_axis',(-0.612451788220037,0.790507942468689,0.));
#5215=DIRECTION('',(-0.500000016010304,0.866025394540885,0.));
#5216=DIRECTION('center_axis',(0.,0.,1.));
#5217=DIRECTION('ref_axis',(0.965925828681478,-0.258819036173926,0.));
#5218=DIRECTION('',(0.866025403784439,0.5,0.));
#5219=DIRECTION('center_axis',(0.,0.,1.));
#5220=DIRECTION('ref_axis',(-0.258819045102521,-0.965925826289068,0.));
#5221=DIRECTION('',(-0.5,0.866025403784439,0.));
#5222=DIRECTION('',(-0.866025403784439,-0.5,0.));
#5223=DIRECTION('center_axis',(0.,0.,-1.));
#5224=DIRECTION('ref_axis',(-0.965925826289065,0.258819045102532,0.));
#5225=DIRECTION('',(0.,0.,-1.));
#5226=DIRECTION('center_axis',(0.,0.,-1.));
#5227=DIRECTION('ref_axis',(-0.965925826289065,0.258819045102532,0.));
#5228=DIRECTION('',(0.,0.,1.));
#5229=DIRECTION('center_axis',(0.866025403784439,0.5,0.));
#5230=DIRECTION('ref_axis',(0.5,-0.866025403784439,0.));
#5231=DIRECTION('',(0.,0.,-1.));
#5232=DIRECTION('',(0.5,-0.866025403784439,0.));
#5233=DIRECTION('center_axis',(0.,0.,-1.));
#5234=DIRECTION('ref_axis',(0.258819045102521,0.965925826289068,0.));
#5235=DIRECTION('',(0.,0.,-1.));
#5236=DIRECTION('center_axis',(0.,0.,-1.));
#5237=DIRECTION('ref_axis',(0.258819045102521,0.965925826289068,0.));
#5238=DIRECTION('',(0.,0.,1.));
#5239=DIRECTION('center_axis',(0.5,-0.866025403784439,0.));
#5240=DIRECTION('ref_axis',(-0.866025403784439,-0.5,0.));
#5241=DIRECTION('',(-0.866025403784439,-0.5,0.));
#5242=DIRECTION('center_axis',(0.,0.,-1.));
#5243=DIRECTION('ref_axis',(-0.258819045102521,-0.965925826289068,0.));
#5244=DIRECTION('',(0.,0.,-1.));
#5245=DIRECTION('center_axis',(0.,0.,-1.));
#5246=DIRECTION('ref_axis',(-0.258819045102521,-0.965925826289068,0.));
#5247=DIRECTION('',(0.,0.,1.));
#5248=DIRECTION('center_axis',(-0.5,0.866025403784439,0.));
#5249=DIRECTION('ref_axis',(0.866025403784439,0.5,0.));
#5250=DIRECTION('',(0.,0.,1.));
#5251=DIRECTION('',(0.866025403784439,0.5,0.));
#5252=DIRECTION('center_axis',(0.,0.,-1.));
#5253=DIRECTION('ref_axis',(0.965925828681478,-0.258819036173926,0.));
#5254=DIRECTION('',(0.,0.,-1.));
#5255=DIRECTION('center_axis',(0.,0.,-1.));
#5256=DIRECTION('ref_axis',(0.965925828681478,-0.258819036173926,0.));
#5257=DIRECTION('center_axis',(-0.866025394540885,-0.500000016010304,0.));
#5258=DIRECTION('ref_axis',(-0.500000016010304,0.866025394540885,0.));
#5259=DIRECTION('',(0.,0.,-1.));
#5260=DIRECTION('',(-0.500000016010304,0.866025394540885,0.));
#5261=DIRECTION('center_axis',(0.866025403784439,0.5,0.));
#5262=DIRECTION('ref_axis',(0.5,-0.866025403784439,0.));
#5263=DIRECTION('',(0.,0.,-1.));
#5264=DIRECTION('',(0.5,-0.866025403784439,0.));
#5265=DIRECTION('',(0.,0.,-1.));
#5266=DIRECTION('center_axis',(0.,0.,-1.));
#5267=DIRECTION('ref_axis',(0.866025403784602,0.499999999999718,0.));
#5268=DIRECTION('center_axis',(0.,0.,-1.));
#5269=DIRECTION('ref_axis',(0.866025403784602,0.499999999999718,0.));
#5270=DIRECTION('',(0.,0.,-1.));
#5271=DIRECTION('center_axis',(0.25881904510251,0.965925826289071,0.));
#5272=DIRECTION('ref_axis',(0.965925826289071,-0.25881904510251,0.));
#5273=DIRECTION('',(0.965925826289071,-0.25881904510251,0.));
#5274=DIRECTION('',(0.,0.,-1.));
#5275=DIRECTION('center_axis',(0.,0.,-1.));
#5276=DIRECTION('ref_axis',(0.258819045102511,0.965925826289071,0.));
#5277=DIRECTION('center_axis',(0.,0.,-1.));
#5278=DIRECTION('ref_axis',(0.258819045102511,0.965925826289071,0.));
#5279=DIRECTION('',(0.,0.,-1.));
#5280=DIRECTION('center_axis',(-0.499999999999996,0.866025403784441,0.));
#5281=DIRECTION('ref_axis',(0.866025403784441,0.499999999999996,0.));
#5282=DIRECTION('',(0.866025403784441,0.499999999999996,0.));
#5283=DIRECTION('',(0.,0.,-1.));
#5284=DIRECTION('center_axis',(0.,0.,-1.));
#5285=DIRECTION('ref_axis',(-0.612451788220037,0.790507942468689,0.));
#5286=DIRECTION('center_axis',(0.,0.,-1.));
#5287=DIRECTION('ref_axis',(-0.612451788220037,0.790507942468689,0.));
#5288=DIRECTION('center_axis',(0.866025403784439,0.5,0.));
#5289=DIRECTION('ref_axis',(0.5,-0.866025403784439,0.));
#5290=DIRECTION('',(0.5,-0.866025403784439,0.));
#5291=DIRECTION('',(0.,0.,-1.));
#5292=DIRECTION('center_axis',(-0.5,0.866025403784439,0.));
#5293=DIRECTION('ref_axis',(0.866025403784439,0.5,0.));
#5294=DIRECTION('',(0.866025403784439,0.5,0.));
#5295=DIRECTION('center_axis',(0.5,-0.866025403784439,0.));
#5296=DIRECTION('ref_axis',(-0.866025403784439,-0.5,0.));
#5297=DIRECTION('',(-0.866025403784439,-0.5,0.));
#5298=DIRECTION('center_axis',(-0.866025403784439,-0.5,0.));
#5299=DIRECTION('ref_axis',(-0.5,0.866025403784439,0.));
#5300=DIRECTION('',(-0.5,0.866025403784439,0.));
#5301=DIRECTION('',(0.,0.,-1.));
#5302=DIRECTION('center_axis',(0.,0.,-1.));
#5303=DIRECTION('ref_axis',(-0.866025403784448,-0.499999999999984,0.));
#5304=DIRECTION('center_axis',(0.,0.,-1.));
#5305=DIRECTION('ref_axis',(-0.866025403784448,-0.499999999999984,0.));
#5306=DIRECTION('',(0.,0.,-1.));
#5307=DIRECTION('center_axis',(0.500000000000009,-0.866025403784433,0.));
#5308=DIRECTION('ref_axis',(-0.866025403784434,-0.500000000000009,0.));
#5309=DIRECTION('',(-0.866025403784434,-0.500000000000009,0.));
#5310=DIRECTION('',(0.,0.,-1.));
#5311=DIRECTION('center_axis',(0.,0.,-1.));
#5312=DIRECTION('ref_axis',(0.50000000000023,-0.866025403784305,0.));
#5313=DIRECTION('center_axis',(0.,0.,-1.));
#5314=DIRECTION('ref_axis',(0.50000000000023,-0.866025403784305,0.));
#5315=DIRECTION('',(0.,0.,-1.));
#5316=DIRECTION('center_axis',(0.96592582628907,-0.258819045102514,0.));
#5317=DIRECTION('ref_axis',(-0.258819045102514,-0.96592582628907,0.));
#5318=DIRECTION('',(-0.258819045102514,-0.96592582628907,0.));
#5319=DIRECTION('',(0.,0.,-1.));
#5320=DIRECTION('center_axis',(0.,0.,-1.));
#5321=DIRECTION('ref_axis',(0.965925826289084,-0.258819045102463,0.));
#5322=DIRECTION('center_axis',(0.,0.,-1.));
#5323=DIRECTION('ref_axis',(0.965925826289084,-0.258819045102463,0.));
#5324=DIRECTION('center_axis',(0.,0.,1.));
#5325=DIRECTION('ref_axis',(0.5,-0.866025403784439,0.));
#5326=DIRECTION('',(0.866025403784439,0.5,-2.46519032881566E-32));
#5327=DIRECTION('',(-0.5,0.866025403784438,-3.69778549322349E-32));
#5328=DIRECTION('axis',(0.,0.,1.));
#5329=DIRECTION('refdir',(1.,0.,0.));
#5330=DIRECTION('center_axis',(0.,0.,1.));
#5331=DIRECTION('ref_axis',(1.,0.,0.));
#5332=DIRECTION('',(1.,0.,0.));
#5333=DIRECTION('center_axis',(0.,0.,-1.));
#5334=DIRECTION('ref_axis',(1.,0.,0.));
#5335=DIRECTION('',(1.07193947205187E-14,-1.,0.));
#5336=DIRECTION('',(-1.,-1.11022302462516E-14,0.));
#5337=DIRECTION('',(-1.14194368247159E-14,1.,0.));
#5338=DIRECTION('center_axis',(0.,0.,1.));
#5339=DIRECTION('ref_axis',(1.,0.,0.));
#5340=DIRECTION('',(-1.,-4.06342726082801E-15,0.));
#5341=DIRECTION('center_axis',(0.,0.,1.));
#5342=DIRECTION('ref_axis',(1.,0.,0.));
#5343=DIRECTION('',(-0.70710678118653,-0.707106781186565,0.));
#5344=DIRECTION('center_axis',(0.,0.,1.));
#5345=DIRECTION('ref_axis',(1.,0.,0.));
#5346=DIRECTION('',(1.25476681072802E-14,-1.,0.));
#5347=DIRECTION('center_axis',(0.,0.,1.));
#5348=DIRECTION('ref_axis',(1.,0.,0.));
#5349=DIRECTION('',(0.707106781186546,-0.707106781186549,0.));
#5350=DIRECTION('center_axis',(0.,0.,1.));
#5351=DIRECTION('ref_axis',(1.,0.,0.));
#5352=DIRECTION('',(1.,5.5872124836385E-15,0.));
#5353=DIRECTION('center_axis',(0.,0.,1.));
#5354=DIRECTION('ref_axis',(1.,0.,0.));
#5355=DIRECTION('',(-1.14194368247159E-14,1.,0.));
#5356=DIRECTION('',(1.,1.17190208154878E-14,0.));
#5357=DIRECTION('',(-2.22044604925029E-14,-1.,0.));
#5358=DIRECTION('center_axis',(0.,0.,-1.));
#5359=DIRECTION('ref_axis',(1.,0.,0.));
#5360=DIRECTION('',(-1.,-3.23985119778021E-14,0.));
#5361=DIRECTION('',(0.,1.,0.));
#5362=DIRECTION('',(1.,-2.06184276001814E-15,0.));
#5363=DIRECTION('center_axis',(0.,0.,1.));
#5364=DIRECTION('ref_axis',(1.,0.,0.));
#5365=DIRECTION('',(-4.063427260828E-15,1.,0.));
#5366=DIRECTION('center_axis',(0.,0.,1.));
#5367=DIRECTION('ref_axis',(1.,0.,0.));
#5368=DIRECTION('',(-0.707106781186557,0.707106781186538,0.));
#5369=DIRECTION('center_axis',(0.,0.,1.));
#5370=DIRECTION('ref_axis',(1.,0.,0.));
#5371=DIRECTION('',(-1.,1.61905394932648E-15,0.));
#5372=DIRECTION('center_axis',(0.,0.,1.));
#5373=DIRECTION('ref_axis',(1.,0.,0.));
#5374=DIRECTION('',(-0.707106781186557,-0.707106781186538,0.));
#5375=DIRECTION('center_axis',(0.,0.,1.));
#5376=DIRECTION('ref_axis',(1.,0.,0.));
#5377=DIRECTION('',(6.60306929884551E-15,-1.,0.));
#5378=DIRECTION('center_axis',(0.,0.,1.));
#5379=DIRECTION('ref_axis',(1.,0.,0.));
#5380=DIRECTION('',(1.,-3.01346249541113E-15,0.));
#5381=DIRECTION('',(-6.167905692362E-16,-1.,0.));
#5382=DIRECTION('',(-1.,3.16331927972242E-14,0.));
#5383=DIRECTION('center_axis',(0.,0.,-1.));
#5384=DIRECTION('ref_axis',(1.,0.,0.));
#5385=DIRECTION('',(-1.17348941021964E-14,1.,0.));
#5386=DIRECTION('',(1.,1.19657370431818E-13,0.));
#5387=DIRECTION('',(-2.15700473355722E-14,-1.,0.));
#5388=DIRECTION('center_axis',(0.,0.,1.));
#5389=DIRECTION('ref_axis',(1.,0.,0.));
#5390=DIRECTION('',(1.,4.06342726082805E-15,0.));
#5391=DIRECTION('center_axis',(0.,0.,1.));
#5392=DIRECTION('ref_axis',(1.,0.,0.));
#5393=DIRECTION('',(0.707106781186531,0.707106781186564,0.));
#5394=DIRECTION('center_axis',(0.,0.,1.));
#5395=DIRECTION('ref_axis',(1.,0.,0.));
#5396=DIRECTION('',(-1.11309959016195E-14,1.,0.));
#5397=DIRECTION('center_axis',(0.,0.,1.));
#5398=DIRECTION('ref_axis',(1.,0.,0.));
#5399=DIRECTION('',(-0.707106781186546,0.707106781186549,0.));
#5400=DIRECTION('center_axis',(0.,0.,1.));
#5401=DIRECTION('ref_axis',(1.,0.,0.));
#5402=DIRECTION('',(-1.,-4.0634272608281E-15,0.));
#5403=DIRECTION('center_axis',(0.,0.,1.));
#5404=DIRECTION('ref_axis',(1.,0.,0.));
#5405=DIRECTION('',(7.05784637083223E-14,-1.,0.));
#5406=DIRECTION('',(-1.,-1.13489464739452E-13,0.));
#5407=DIRECTION('',(2.25769158270504E-14,1.,0.));
#5408=DIRECTION('center_axis',(0.,0.,-1.));
#5409=DIRECTION('ref_axis',(1.,0.,0.));
#5410=DIRECTION('',(1.,1.53134210293124E-15,0.));
#5411=DIRECTION('',(0.,-1.,0.));
#5412=DIRECTION('',(-1.,0.,0.));
#5413=DIRECTION('center_axis',(0.,0.,1.));
#5414=DIRECTION('ref_axis',(1.,0.,0.));
#5415=DIRECTION('',(5.58721248363849E-15,-1.,0.));
#5416=DIRECTION('center_axis',(0.,0.,1.));
#5417=DIRECTION('ref_axis',(1.,0.,0.));
#5418=DIRECTION('',(0.707106781186556,-0.707106781186539,0.));
#5419=DIRECTION('center_axis',(0.,0.,1.));
#5420=DIRECTION('ref_axis',(1.,0.,0.));
#5421=DIRECTION('',(1.,0.,0.));
#5422=DIRECTION('center_axis',(0.,0.,1.));
#5423=DIRECTION('ref_axis',(1.,0.,0.));
#5424=DIRECTION('',(0.707106781186557,0.707106781186538,0.));
#5425=DIRECTION('center_axis',(0.,0.,1.));
#5426=DIRECTION('ref_axis',(1.,0.,0.));
#5427=DIRECTION('',(-6.09514089124202E-15,1.,0.));
#5428=DIRECTION('center_axis',(0.,0.,1.));
#5429=DIRECTION('ref_axis',(1.,0.,0.));
#5430=DIRECTION('',(-1.,0.,0.));
#5431=DIRECTION('',(0.,1.,0.));
#5432=DIRECTION('center_axis',(0.,0.,1.));
#5433=DIRECTION('ref_axis',(1.,0.,0.));
#5434=DIRECTION('center_axis',(-1.,9.6373526443156E-16,0.));
#5435=DIRECTION('ref_axis',(0.,0.,1.));
#5436=DIRECTION('',(0.,0.,-1.));
#5437=DIRECTION('',(0.,1.,0.));
#5438=DIRECTION('',(0.,0.,-1.));
#5439=DIRECTION('center_axis',(-3.23985119778021E-14,1.,0.));
#5440=DIRECTION('ref_axis',(0.,0.,1.));
#5441=DIRECTION('',(0.,0.,-1.));
#5442=DIRECTION('',(1.,3.23985119778021E-14,0.));
#5443=DIRECTION('center_axis',(-1.,2.1939149843236E-14,0.));
#5444=DIRECTION('ref_axis',(0.,0.,1.));
#5445=DIRECTION('',(2.22044604925029E-14,1.,0.));
#5446=DIRECTION('',(0.,0.,-1.));
#5447=DIRECTION('',(0.,0.,-1.));
#5448=DIRECTION('center_axis',(1.15648231731787E-14,-1.,0.));
#5449=DIRECTION('ref_axis',(0.,0.,-1.));
#5450=DIRECTION('',(0.,0.,-1.));
#5451=DIRECTION('',(-1.,-1.17190208154878E-14,0.));
#5452=DIRECTION('center_axis',(-1.,-1.23358113847239E-14,0.));
#5453=DIRECTION('ref_axis',(0.,0.,1.));
#5454=DIRECTION('',(0.,0.,-1.));
#5455=DIRECTION('',(-1.14194368247159E-14,1.,0.));
#5456=DIRECTION('center_axis',(-5.78241158658936E-15,1.,0.));
#5457=DIRECTION('ref_axis',(0.,0.,1.));
#5458=DIRECTION('',(1.,5.5872124836385E-15,0.));
#5459=DIRECTION('',(0.,0.,-1.));
#5460=DIRECTION('',(0.,0.,-1.));
#5461=DIRECTION('center_axis',(-0.707106781186549,-0.707106781186546,0.));
#5462=DIRECTION('ref_axis',(0.,0.,1.));
#5463=DIRECTION('',(0.,0.,-1.));
#5464=DIRECTION('',(-0.707106781186546,0.707106781186549,0.));
#5465=DIRECTION('',(0.,0.,-1.));
#5466=DIRECTION('center_axis',(-1.,-1.20548580533984E-14,0.));
#5467=DIRECTION('ref_axis',(0.,0.,1.));
#5468=DIRECTION('',(0.,0.,-1.));
#5469=DIRECTION('',(-1.25476681072802E-14,1.,0.));
#5470=DIRECTION('',(0.,0.,-1.));
#5471=DIRECTION('center_axis',(0.707106781186565,-0.70710678118653,0.));
#5472=DIRECTION('ref_axis',(0.,0.,-1.));
#5473=DIRECTION('',(0.,0.,-1.));
#5474=DIRECTION('',(-0.70710678118653,-0.707106781186565,0.));
#5475=DIRECTION('',(0.,0.,-1.));
#5476=DIRECTION('center_axis',(4.81867632215781E-15,-1.,0.));
#5477=DIRECTION('ref_axis',(0.,0.,-1.));
#5478=DIRECTION('',(0.,0.,-1.));
#5479=DIRECTION('',(-1.,-4.06342726082801E-15,0.));
#5480=DIRECTION('',(0.,0.,-1.));
#5481=DIRECTION('center_axis',(-1.,-1.23358113847239E-14,0.));
#5482=DIRECTION('ref_axis',(0.,0.,1.));
#5483=DIRECTION('',(-1.14194368247159E-14,1.,0.));
#5484=DIRECTION('',(0.,0.,-1.));
#5485=DIRECTION('',(0.,0.,-1.));
#5486=DIRECTION('center_axis',(-1.06010879087472E-14,1.,0.));
#5487=DIRECTION('ref_axis',(0.,0.,1.));
#5488=DIRECTION('',(0.,0.,-1.));
#5489=DIRECTION('',(1.,1.11022302462516E-14,0.));
#5490=DIRECTION('center_axis',(-1.,-1.1224681315144E-14,0.));
#5491=DIRECTION('ref_axis',(0.,0.,1.));
#5492=DIRECTION('',(0.,0.,-1.));
#5493=DIRECTION('',(-1.07193947205187E-14,1.,0.));
#5494=DIRECTION('center_axis',(0.,1.,0.));
#5495=DIRECTION('ref_axis',(0.,0.,1.));
#5496=DIRECTION('',(1.,0.,0.));
#5497=DIRECTION('',(0.,0.,-1.));
#5498=DIRECTION('',(0.,0.,-1.));
#5499=DIRECTION('center_axis',(-1.,0.,0.));
#5500=DIRECTION('ref_axis',(0.,0.,1.));
#5501=DIRECTION('',(0.,0.,-1.));
#5502=DIRECTION('',(0.,1.,0.));
#5503=DIRECTION('center_axis',(0.,1.,0.));
#5504=DIRECTION('ref_axis',(0.,0.,1.));
#5505=DIRECTION('',(0.,0.,-1.));
#5506=DIRECTION('',(1.,0.,0.));
#5507=DIRECTION('center_axis',(1.,5.78241158658936E-15,0.));
#5508=DIRECTION('ref_axis',(0.,0.,-1.));
#5509=DIRECTION('',(6.09514089124202E-15,-1.,0.));
#5510=DIRECTION('',(0.,0.,-1.));
#5511=DIRECTION('',(0.,0.,-1.));
#5512=DIRECTION('center_axis',(0.707106781186538,-0.707106781186557,0.));
#5513=DIRECTION('ref_axis',(0.,0.,-1.));
#5514=DIRECTION('',(-0.707106781186557,-0.707106781186538,0.));
#5515=DIRECTION('',(0.,0.,-1.));
#5516=DIRECTION('',(0.,0.,-1.));
#5517=DIRECTION('center_axis',(0.,-1.,0.));
#5518=DIRECTION('ref_axis',(0.,0.,-1.));
#5519=DIRECTION('',(0.,0.,-1.));
#5520=DIRECTION('',(-1.,0.,0.));
#5521=DIRECTION('',(0.,0.,-1.));
#5522=DIRECTION('center_axis',(0.707106781186539,0.707106781186556,0.));
#5523=DIRECTION('ref_axis',(0.,0.,-1.));
#5524=DIRECTION('',(0.,0.,-1.));
#5525=DIRECTION('',(0.707106781186556,-0.707106781186539,0.));
#5526=DIRECTION('',(0.,0.,-1.));
#5527=DIRECTION('center_axis',(-1.,-5.78241158658936E-15,0.));
#5528=DIRECTION('ref_axis',(0.,0.,1.));
#5529=DIRECTION('',(0.,0.,-1.));
#5530=DIRECTION('',(-5.58721248363849E-15,1.,0.));
#5531=DIRECTION('',(0.,0.,-1.));
#5532=DIRECTION('center_axis',(0.,1.,0.));
#5533=DIRECTION('ref_axis',(0.,0.,1.));
#5534=DIRECTION('',(1.,0.,0.));
#5535=DIRECTION('',(0.,0.,-1.));
#5536=DIRECTION('',(0.,0.,-1.));
#5537=DIRECTION('center_axis',(1.,0.,0.));
#5538=DIRECTION('ref_axis',(0.,0.,-1.));
#5539=DIRECTION('',(0.,0.,-1.));
#5540=DIRECTION('',(0.,-1.,0.));
#5541=DIRECTION('center_axis',(-1.53063836115601E-15,1.,0.));
#5542=DIRECTION('ref_axis',(0.,0.,1.));
#5543=DIRECTION('',(0.,0.,-1.));
#5544=DIRECTION('',(1.,1.53134210293124E-15,0.));
#5545=DIRECTION('center_axis',(-1.,2.25769158270504E-14,0.));
#5546=DIRECTION('ref_axis',(0.,0.,1.));
#5547=DIRECTION('',(2.25769158270504E-14,1.,0.));
#5548=DIRECTION('',(0.,0.,-1.));
#5549=DIRECTION('',(0.,0.,-1.));
#5550=DIRECTION('center_axis',(-1.13720761202915E-13,1.,0.));
#5551=DIRECTION('ref_axis',(0.,0.,1.));
#5552=DIRECTION('',(0.,0.,-1.));
#5553=DIRECTION('',(1.,1.13489464739452E-13,0.));
#5554=DIRECTION('center_axis',(1.,7.0545421356396E-14,0.));
#5555=DIRECTION('ref_axis',(0.,0.,-1.));
#5556=DIRECTION('',(0.,0.,-1.));
#5557=DIRECTION('',(7.05784637083223E-14,-1.,0.));
#5558=DIRECTION('center_axis',(5.78241158658936E-15,-1.,0.));
#5559=DIRECTION('ref_axis',(0.,0.,-1.));
#5560=DIRECTION('',(-1.,-4.0634272608281E-15,0.));
#5561=DIRECTION('',(0.,0.,-1.));
#5562=DIRECTION('',(0.,0.,-1.));
#5563=DIRECTION('center_axis',(0.70710678118655,0.707106781186546,0.));
#5564=DIRECTION('ref_axis',(0.,0.,-1.));
#5565=DIRECTION('',(0.707106781186546,-0.707106781186549,0.));
#5566=DIRECTION('',(0.,0.,-1.));
#5567=DIRECTION('',(0.,0.,-1.));
#5568=DIRECTION('center_axis',(-1.,-1.13198057330693E-14,0.));
#5569=DIRECTION('ref_axis',(0.,0.,1.));
#5570=DIRECTION('',(-1.11309959016195E-14,1.,0.));
#5571=DIRECTION('',(0.,0.,-1.));
#5572=DIRECTION('',(0.,0.,-1.));
#5573=DIRECTION('center_axis',(-0.707106781186564,0.707106781186531,0.));
#5574=DIRECTION('ref_axis',(0.,0.,1.));
#5575=DIRECTION('',(0.,0.,-1.));
#5576=DIRECTION('',(0.707106781186531,0.707106781186564,0.));
#5577=DIRECTION('',(0.,0.,-1.));
#5578=DIRECTION('center_axis',(-3.85494105772624E-15,1.,0.));
#5579=DIRECTION('ref_axis',(0.,0.,1.));
#5580=DIRECTION('',(1.,4.06342726082805E-15,0.));
#5581=DIRECTION('',(0.,0.,-1.));
#5582=DIRECTION('',(0.,0.,-1.));
#5583=DIRECTION('center_axis',(1.,-2.15876699232651E-14,0.));
#5584=DIRECTION('ref_axis',(0.,0.,-1.));
#5585=DIRECTION('',(-2.15700473355722E-14,-1.,0.));
#5586=DIRECTION('',(0.,0.,-1.));
#5587=DIRECTION('',(0.,0.,-1.));
#5588=DIRECTION('center_axis',(1.19503172789509E-13,-1.,0.));
#5589=DIRECTION('ref_axis',(0.,0.,-1.));
#5590=DIRECTION('',(0.,0.,-1.));
#5591=DIRECTION('',(-1.,-1.19657370431818E-13,0.));
#5592=DIRECTION('center_axis',(-1.,-1.17348941021964E-14,0.));
#5593=DIRECTION('ref_axis',(0.,0.,1.));
#5594=DIRECTION('',(0.,0.,-1.));
#5595=DIRECTION('',(-1.17348941021964E-14,1.,0.));
#5596=DIRECTION('center_axis',(3.16331927972242E-14,1.,0.));
#5597=DIRECTION('ref_axis',(0.,0.,1.));
#5598=DIRECTION('',(1.,-3.16331927972242E-14,0.));
#5599=DIRECTION('',(0.,0.,-1.));
#5600=DIRECTION('',(0.,0.,-1.));
#5601=DIRECTION('center_axis',(1.,-9.63735264431563E-16,0.));
#5602=DIRECTION('ref_axis',(0.,0.,-1.));
#5603=DIRECTION('',(0.,0.,-1.));
#5604=DIRECTION('',(-6.167905692362E-16,-1.,0.));
#5605=DIRECTION('center_axis',(-3.08395284618099E-15,-1.,0.));
#5606=DIRECTION('ref_axis',(0.,0.,-1.));
#5607=DIRECTION('',(0.,0.,-1.));
#5608=DIRECTION('',(-1.,3.01346249541113E-15,0.));
#5609=DIRECTION('center_axis',(-1.,-5.78241158658937E-15,0.));
#5610=DIRECTION('ref_axis',(0.,0.,1.));
#5611=DIRECTION('',(0.,0.,-1.));
#5612=DIRECTION('',(-6.60306929884551E-15,1.,0.));
#5613=DIRECTION('',(0.,0.,-1.));
#5614=DIRECTION('center_axis',(-0.707106781186538,0.707106781186557,0.));
#5615=DIRECTION('ref_axis',(0.,0.,1.));
#5616=DIRECTION('',(0.,0.,-1.));
#5617=DIRECTION('',(0.707106781186557,0.707106781186538,0.));
#5618=DIRECTION('',(0.,0.,-1.));
#5619=DIRECTION('center_axis',(-1.47010464065835E-15,-1.,0.));
#5620=DIRECTION('ref_axis',(0.,0.,-1.));
#5621=DIRECTION('',(-1.,1.61905394932648E-15,0.));
#5622=DIRECTION('',(0.,0.,-1.));
#5623=DIRECTION('',(0.,0.,-1.));
#5624=DIRECTION('center_axis',(-0.707106781186538,-0.707106781186557,0.));
#5625=DIRECTION('ref_axis',(0.,0.,1.));
#5626=DIRECTION('',(0.,0.,-1.));
#5627=DIRECTION('',(-0.707106781186557,0.707106781186538,0.));
#5628=DIRECTION('',(0.,0.,-1.));
#5629=DIRECTION('center_axis',(1.,4.8186763221578E-15,0.));
#5630=DIRECTION('ref_axis',(0.,0.,-1.));
#5631=DIRECTION('',(0.,0.,-1.));
#5632=DIRECTION('',(4.063427260828E-15,-1.,0.));
#5633=DIRECTION('',(0.,0.,-1.));
#5634=DIRECTION('center_axis',(0.,0.,-1.));
#5635=DIRECTION('ref_axis',(-1.,0.,0.));
#5636=DIRECTION('center_axis',(0.,0.,1.));
#5637=DIRECTION('ref_axis',(1.,0.,0.));
#5638=DIRECTION('',(0.,0.,-1.));
#5639=DIRECTION('center_axis',(-1.92747052886311E-15,-1.,0.));
#5640=DIRECTION('ref_axis',(0.,0.,-1.));
#5641=DIRECTION('',(-1.,2.06184276001814E-15,0.));
#5642=DIRECTION('',(0.,0.,-1.));
#5643=DIRECTION('center_axis',(0.,0.,1.));
#5644=DIRECTION('ref_axis',(1.,0.,0.));
#5645=DIRECTION('center_axis',(0.,0.,1.));
#5646=DIRECTION('ref_axis',(1.,0.,0.));
#5647=DIRECTION('center_axis',(0.,0.,1.));
#5648=DIRECTION('ref_axis',(1.,0.,0.));
#5649=DIRECTION('center_axis',(0.,0.,1.));
#5650=DIRECTION('ref_axis',(1.,0.,0.));
#5651=DIRECTION('center_axis',(0.,0.,1.));
#5652=DIRECTION('ref_axis',(1.,0.,0.));
#5653=DIRECTION('center_axis',(0.,0.,1.));
#5654=DIRECTION('ref_axis',(1.,0.,0.));
#5655=DIRECTION('center_axis',(0.,0.,1.));
#5656=DIRECTION('ref_axis',(1.,0.,0.));
#5657=DIRECTION('center_axis',(0.,0.,1.));
#5658=DIRECTION('ref_axis',(1.,0.,0.));
#5659=DIRECTION('center_axis',(0.,0.,1.));
#5660=DIRECTION('ref_axis',(1.,0.,0.));
#5661=DIRECTION('center_axis',(0.,0.,1.));
#5662=DIRECTION('ref_axis',(1.,0.,0.));
#5663=DIRECTION('center_axis',(0.,0.,1.));
#5664=DIRECTION('ref_axis',(1.,0.,0.));
#5665=DIRECTION('center_axis',(0.,0.,1.));
#5666=DIRECTION('ref_axis',(1.,0.,0.));
#5667=DIRECTION('center_axis',(0.,0.,1.));
#5668=DIRECTION('ref_axis',(1.,0.,0.));
#5669=DIRECTION('center_axis',(0.,0.,1.));
#5670=DIRECTION('ref_axis',(1.,0.,0.));
#5671=DIRECTION('center_axis',(0.,0.,1.));
#5672=DIRECTION('ref_axis',(1.,0.,0.));
#5673=DIRECTION('center_axis',(0.,0.,1.));
#5674=DIRECTION('ref_axis',(1.,0.,0.));
#5675=DIRECTION('center_axis',(0.,0.,1.));
#5676=DIRECTION('ref_axis',(1.,0.,0.));
#5677=DIRECTION('center_axis',(0.,0.,1.));
#5678=DIRECTION('ref_axis',(1.,0.,0.));
#5679=DIRECTION('center_axis',(0.,0.,1.));
#5680=DIRECTION('ref_axis',(1.,0.,0.));
#5681=DIRECTION('center_axis',(0.,0.,1.));
#5682=DIRECTION('ref_axis',(1.,0.,0.));
#5683=DIRECTION('center_axis',(0.,0.,1.));
#5684=DIRECTION('ref_axis',(1.,0.,0.));
#5685=DIRECTION('center_axis',(0.,0.,1.));
#5686=DIRECTION('ref_axis',(1.,0.,0.));
#5687=DIRECTION('center_axis',(0.,0.,1.));
#5688=DIRECTION('ref_axis',(1.,0.,0.));
#5689=DIRECTION('center_axis',(0.,0.,1.));
#5690=DIRECTION('ref_axis',(1.,0.,0.));
#5691=DIRECTION('center_axis',(0.,0.,1.));
#5692=DIRECTION('ref_axis',(1.,0.,0.));
#5693=DIRECTION('center_axis',(0.,0.,1.));
#5694=DIRECTION('ref_axis',(1.,0.,0.));
#5695=DIRECTION('center_axis',(0.,0.,1.));
#5696=DIRECTION('ref_axis',(1.,0.,0.));
#5697=DIRECTION('center_axis',(0.,0.,1.));
#5698=DIRECTION('ref_axis',(1.,0.,0.));
#5699=DIRECTION('center_axis',(0.,0.,1.));
#5700=DIRECTION('ref_axis',(1.,0.,0.));
#5701=DIRECTION('center_axis',(0.,0.,1.));
#5702=DIRECTION('ref_axis',(1.,0.,0.));
#5703=DIRECTION('center_axis',(0.,0.,-1.));
#5704=DIRECTION('ref_axis',(-1.,0.,0.));
#5705=DIRECTION('center_axis',(0.,0.,1.));
#5706=DIRECTION('ref_axis',(1.,0.,0.));
#5707=DIRECTION('center_axis',(0.,0.,-1.));
#5708=DIRECTION('ref_axis',(-1.,0.,0.));
#5709=DIRECTION('center_axis',(0.,0.,1.));
#5710=DIRECTION('ref_axis',(1.,0.,0.));
#5711=DIRECTION('center_axis',(0.,0.,-1.));
#5712=DIRECTION('ref_axis',(-1.,0.,0.));
#5713=DIRECTION('center_axis',(0.,0.,-1.));
#5714=DIRECTION('ref_axis',(-1.,0.,0.));
#5715=DIRECTION('center_axis',(0.,0.,1.));
#5716=DIRECTION('ref_axis',(1.,0.,0.));
#5717=DIRECTION('center_axis',(0.,0.,1.));
#5718=DIRECTION('ref_axis',(1.,0.,0.));
#5719=DIRECTION('center_axis',(0.,0.,1.));
#5720=DIRECTION('ref_axis',(1.,0.,0.));
#5721=DIRECTION('center_axis',(0.,0.,1.));
#5722=DIRECTION('ref_axis',(1.,0.,0.));
#5723=DIRECTION('center_axis',(0.,0.,1.));
#5724=DIRECTION('ref_axis',(1.,0.,0.));
#5725=DIRECTION('center_axis',(0.,0.,-1.));
#5726=DIRECTION('ref_axis',(-1.,0.,0.));
#5727=DIRECTION('center_axis',(0.,0.,1.));
#5728=DIRECTION('ref_axis',(1.,0.,0.));
#5729=DIRECTION('center_axis',(0.,0.,1.));
#5730=DIRECTION('ref_axis',(1.,0.,0.));
#5731=DIRECTION('center_axis',(0.,0.,-1.));
#5732=DIRECTION('ref_axis',(-1.,0.,0.));
#5733=DIRECTION('center_axis',(0.,0.,1.));
#5734=DIRECTION('ref_axis',(1.,0.,0.));
#5735=DIRECTION('center_axis',(0.,0.,-1.));
#5736=DIRECTION('ref_axis',(-1.,0.,0.));
#5737=DIRECTION('center_axis',(0.,0.,-1.));
#5738=DIRECTION('ref_axis',(-1.,0.,0.));
#5739=DIRECTION('center_axis',(0.,0.,1.));
#5740=DIRECTION('ref_axis',(1.,0.,0.));
#5741=DIRECTION('center_axis',(0.,0.,1.));
#5742=DIRECTION('ref_axis',(1.,0.,0.));
#5743=DIRECTION('center_axis',(0.,0.,1.));
#5744=DIRECTION('ref_axis',(1.,0.,0.));
#5745=DIRECTION('center_axis',(0.,0.,-1.));
#5746=DIRECTION('ref_axis',(-1.,0.,0.));
#5747=DIRECTION('center_axis',(0.,0.,1.));
#5748=DIRECTION('ref_axis',(1.,0.,0.));
#5749=DIRECTION('center_axis',(0.,0.,1.));
#5750=DIRECTION('ref_axis',(1.,0.,0.));
#5751=DIRECTION('center_axis',(0.,0.,1.));
#5752=DIRECTION('ref_axis',(1.,0.,0.));
#5753=DIRECTION('center_axis',(0.,0.,-1.));
#5754=DIRECTION('ref_axis',(-1.,0.,0.));
#5755=DIRECTION('center_axis',(0.,0.,1.));
#5756=DIRECTION('ref_axis',(1.,0.,0.));
#5757=DIRECTION('',(-5.41031639239285E-16,6.89767566949683E-15,1.));
#5758=DIRECTION('',(1.,-1.66533453693774E-16,5.41031639239287E-16));
#5759=DIRECTION('',(1.11022302462516E-16,-1.268726182964E-17,-1.));
#5760=DIRECTION('',(0.241921895599664,0.970295726275999,-7.77152410100628E-17));
#5761=DIRECTION('',(8.1294198820817E-18,1.268726182964E-17,1.));
#5762=DIRECTION('',(-0.707106781186551,0.707106781186545,-9.81307786677361E-18));
#5763=DIRECTION('center_axis',(0.,0.,1.));
#5764=DIRECTION('ref_axis',(1.,0.,0.));
#5765=CARTESIAN_POINT('',(0.,0.,0.));
#5766=CARTESIAN_POINT('',(0.,0.,0.));
#5767=CARTESIAN_POINT('',(0.,0.,0.));
#5768=CARTESIAN_POINT('Origin',(-32.4999992735684,1.50000002235174,-499.999986588955));
#5769=CARTESIAN_POINT('',(-10.3923048486395,-1.49999997764826,-499.999986588955));
#5770=CARTESIAN_POINT('',(-10.5,-1.28587913910472E-15,-499.999986588955));
#5771=CARTESIAN_POINT('Origin',(0.,0.,-499.999986588955));
#5772=CARTESIAN_POINT('',(-14.4222051041807,-1.49999997764826,-499.999986588955));
#5773=CARTESIAN_POINT('',(-32.4999992735684,-1.49999997764826,-499.999986588955));
#5774=CARTESIAN_POINT('',(-14.5,-1.77573785876366E-15,-499.999986588955));
#5775=CARTESIAN_POINT('Origin',(0.,0.,-499.999986588955));
#5776=CARTESIAN_POINT('',(-14.4222050995312,1.50000002235174,-499.999986588955));
#5777=CARTESIAN_POINT('Origin',(0.,0.,-499.999986588955));
#5778=CARTESIAN_POINT('',(-10.3923048421871,1.50000002235174,-499.999986588955));
#5779=CARTESIAN_POINT('',(-32.4999992735684,1.50000002235174,-499.999986588955));
#5780=CARTESIAN_POINT('Origin',(0.,0.,-499.999986588955));
#5781=CARTESIAN_POINT('Origin',(-32.4999992735684,1.50000002235174,-499.999986588955));
#5782=CARTESIAN_POINT('',(10.3923048421871,1.50000002235174,-499.999986588955));
#5783=CARTESIAN_POINT('',(10.3923048486395,-1.49999997764826,-499.999986588955));
#5784=CARTESIAN_POINT('Origin',(0.,0.,-499.999986588955));
#5785=CARTESIAN_POINT('',(14.4222050995312,1.50000002235174,-499.999986588955));
#5786=CARTESIAN_POINT('',(-32.4999992735684,1.50000002235174,-499.999986588955));
#5787=CARTESIAN_POINT('',(14.4222051041807,-1.49999997764826,-499.999986588955));
#5788=CARTESIAN_POINT('Origin',(0.,0.,-499.999986588955));
#5789=CARTESIAN_POINT('',(-32.4999992735684,-1.49999997764826,-499.999986588955));
#5790=CARTESIAN_POINT('Origin',(-32.4999992735684,1.50000002235174,-579.999986588955));
#5791=CARTESIAN_POINT('',(-10.3923048421871,1.50000002235174,-579.999986588955));
#5792=CARTESIAN_POINT('',(-10.3923048421871,1.50000002235174,-600.));
#5793=CARTESIAN_POINT('',(-14.4222050995312,1.50000002235174,-579.999986588955));
#5794=CARTESIAN_POINT('',(-14.4222050995312,1.50000002235174,-600.));
#5795=CARTESIAN_POINT('',(-32.4999992735684,1.50000002235174,-579.999986588955));
#5796=CARTESIAN_POINT('Origin',(-32.4999992735684,-1.49999997764826,-499.999986588955));
#5797=CARTESIAN_POINT('',(-10.3923048486395,-1.49999997764826,-579.999986588955));
#5798=CARTESIAN_POINT('',(-10.3923048486395,-1.49999997764826,-600.));
#5799=CARTESIAN_POINT('',(-14.4222051041807,-1.49999997764826,-579.999986588955));
#5800=CARTESIAN_POINT('',(-32.4999992735684,-1.49999997764826,-579.999986588955));
#5801=CARTESIAN_POINT('',(-14.4222051041807,-1.49999997764826,-600.));
#5802=CARTESIAN_POINT('Origin',(-32.4999992735684,-1.49999997764826,-499.999986588955));
#5803=CARTESIAN_POINT('',(10.3923048486395,-1.49999997764826,-579.999986588955));
#5804=CARTESIAN_POINT('',(10.3923048486395,-1.49999997764826,-600.));
#5805=CARTESIAN_POINT('',(14.4222051041807,-1.49999997764826,-579.999986588955));
#5806=CARTESIAN_POINT('',(14.4222051041807,-1.49999997764826,-600.));
#5807=CARTESIAN_POINT('',(-32.4999992735684,-1.49999997764826,-579.999986588955));
#5808=CARTESIAN_POINT('Origin',(-32.4999992735684,-1.49999997764826,-579.999986588955));
#5809=CARTESIAN_POINT('',(-10.5,-1.28587913910472E-15,-579.999986588955));
#5810=CARTESIAN_POINT('Origin',(0.,0.,-579.999986588955));
#5811=CARTESIAN_POINT('',(-14.5,-1.77573785876366E-15,-579.999986588955));
#5812=CARTESIAN_POINT('Origin',(0.,0.,-579.999986588955));
#5813=CARTESIAN_POINT('Origin',(0.,0.,-579.999986588955));
#5814=CARTESIAN_POINT('Origin',(0.,0.,-579.999986588955));
#5815=CARTESIAN_POINT('Origin',(-32.4999992735684,-1.49999997764826,-579.999986588955));
#5816=CARTESIAN_POINT('',(10.3923048421871,1.50000002235174,-579.999986588955));
#5817=CARTESIAN_POINT('Origin',(0.,0.,-579.999986588955));
#5818=CARTESIAN_POINT('',(14.4222050995312,1.50000002235174,-579.999986588955));
#5819=CARTESIAN_POINT('Origin',(0.,0.,-579.999986588955));
#5820=CARTESIAN_POINT('',(-32.4999992735684,1.50000002235174,-579.999986588955));
#5821=CARTESIAN_POINT('Origin',(-32.4999992735684,1.50000002235174,-579.999986588955));
#5822=CARTESIAN_POINT('',(10.3923048421871,1.50000002235174,-600.));
#5823=CARTESIAN_POINT('',(14.4222050995312,1.50000002235174,-600.));
#5824=CARTESIAN_POINT('Origin',(1.5,32.4999992735684,-499.999986588955));
#5825=CARTESIAN_POINT('',(-1.5,10.3923048454133,-499.999986588955));
#5826=CARTESIAN_POINT('',(1.5,10.3923048454133,-499.999986588955));
#5827=CARTESIAN_POINT('Origin',(0.,0.,-499.999986588955));
#5828=CARTESIAN_POINT('',(-1.5,14.422205101856,-499.999986588955));
#5829=CARTESIAN_POINT('',(-1.5,32.4999992735684,-499.999986588955));
#5830=CARTESIAN_POINT('',(1.5,14.422205101856,-499.999986588955));
#5831=CARTESIAN_POINT('Origin',(0.,0.,-499.999986588955));
#5832=CARTESIAN_POINT('',(1.5,32.4999992735684,-499.999986588955));
#5833=CARTESIAN_POINT('Origin',(1.5,32.4999992735684,-499.999986588955));
#5834=CARTESIAN_POINT('',(1.5,-10.3923048454133,-499.999986588955));
#5835=CARTESIAN_POINT('',(-1.5,-10.3923048454133,-499.999986588955));
#5836=CARTESIAN_POINT('Origin',(0.,0.,-499.999986588955));
#5837=CARTESIAN_POINT('',(1.5,-14.422205101856,-499.999986588955));
#5838=CARTESIAN_POINT('',(1.5,32.4999992735684,-499.999986588955));
#5839=CARTESIAN_POINT('',(-1.5,-14.422205101856,-499.999986588955));
#5840=CARTESIAN_POINT('Origin',(0.,0.,-499.999986588955));
#5841=CARTESIAN_POINT('',(-1.5,32.4999992735684,-499.999986588955));
#5842=CARTESIAN_POINT('Origin',(-1.5,32.4999992735684,-499.999986588955));
#5843=CARTESIAN_POINT('',(-1.5,10.3923048454133,-579.999986588955));
#5844=CARTESIAN_POINT('',(-1.5,10.3923048454133,-600.));
#5845=CARTESIAN_POINT('',(-1.5,14.422205101856,-579.999986588955));
#5846=CARTESIAN_POINT('',(-1.5,32.4999992735684,-579.999986588955));
#5847=CARTESIAN_POINT('',(-1.5,14.422205101856,-600.));
#5848=CARTESIAN_POINT('Origin',(-1.5,32.4999992735684,-499.999986588955));
#5849=CARTESIAN_POINT('',(-1.5,-10.3923048454133,-579.999986588955));
#5850=CARTESIAN_POINT('',(-1.5,-10.3923048454133,-600.));
#5851=CARTESIAN_POINT('',(-1.5,-14.422205101856,-579.999986588955));
#5852=CARTESIAN_POINT('',(-1.5,-14.422205101856,-600.));
#5853=CARTESIAN_POINT('',(-1.5,32.4999992735684,-579.999986588955));
#5854=CARTESIAN_POINT('Origin',(1.5,32.4999992735684,-579.999986588955));
#5855=CARTESIAN_POINT('',(1.5,10.3923048454133,-579.999986588955));
#5856=CARTESIAN_POINT('',(1.5,10.3923048454133,-600.));
#5857=CARTESIAN_POINT('',(1.5,14.422205101856,-579.999986588955));
#5858=CARTESIAN_POINT('',(1.5,14.422205101856,-600.));
#5859=CARTESIAN_POINT('',(1.5,32.4999992735684,-579.999986588955));
#5860=CARTESIAN_POINT('Origin',(-1.5,32.4999992735684,-579.999986588955));
#5861=CARTESIAN_POINT('Origin',(0.,0.,-579.999986588955));
#5862=CARTESIAN_POINT('Origin',(0.,0.,-579.999986588955));
#5863=CARTESIAN_POINT('Origin',(-1.5,32.4999992735684,-579.999986588955));
#5864=CARTESIAN_POINT('',(1.5,-10.3923048454133,-579.999986588955));
#5865=CARTESIAN_POINT('Origin',(0.,0.,-579.999986588955));
#5866=CARTESIAN_POINT('',(1.5,-14.422205101856,-579.999986588955));
#5867=CARTESIAN_POINT('Origin',(0.,0.,-579.999986588955));
#5868=CARTESIAN_POINT('',(1.5,32.4999992735684,-579.999986588955));
#5869=CARTESIAN_POINT('Origin',(1.5,32.4999992735684,-579.999986588955));
#5870=CARTESIAN_POINT('',(1.5,-10.3923048454133,-600.));
#5871=CARTESIAN_POINT('',(1.5,-14.422205101856,-600.));
#5872=CARTESIAN_POINT('Origin',(0.,0.,-458.));
#5873=CARTESIAN_POINT('',(14.5,1.77573785876366E-15,-448.));
#5874=CARTESIAN_POINT('Origin',(0.,0.,-448.));
#5875=CARTESIAN_POINT('',(14.5,1.77573785876366E-15,-458.));
#5876=CARTESIAN_POINT('',(14.5,1.77573785876366E-15,-458.));
#5877=CARTESIAN_POINT('Origin',(0.,0.,-458.));
#5878=CARTESIAN_POINT('Origin',(0.,0.,-448.));
#5879=CARTESIAN_POINT('',(-10.5,-1.28587913910472E-15,-448.));
#5880=CARTESIAN_POINT('Origin',(0.,0.,-448.));
#5881=CARTESIAN_POINT('Origin',(0.,0.,-458.));
#5882=CARTESIAN_POINT('',(31.,3.7964050773568E-15,-458.));
#5883=CARTESIAN_POINT('Origin',(0.,0.,-458.));
#5884=CARTESIAN_POINT('Origin',(0.,0.,-448.));
#5885=CARTESIAN_POINT('',(31.,3.7964050773568E-15,-468.));
#5886=CARTESIAN_POINT('Origin',(0.,0.,-468.));
#5887=CARTESIAN_POINT('',(31.,-3.7964050773568E-15,-448.));
#5888=CARTESIAN_POINT('Origin',(0.,0.,-468.));
#5889=CARTESIAN_POINT('',(-14.5,-1.77573785876366E-15,-468.));
#5890=CARTESIAN_POINT('Origin',(0.,0.,-468.));
#5891=CARTESIAN_POINT('Origin',(0.,0.,-590.));
#5892=CARTESIAN_POINT('',(-31.000000461936,3.79640513392764E-15,-590.));
#5893=CARTESIAN_POINT('Origin',(0.,0.,-590.));
#5894=CARTESIAN_POINT('',(-10.5,1.28587913910472E-15,-590.));
#5895=CARTESIAN_POINT('Origin',(0.,0.,-590.));
#5896=CARTESIAN_POINT('Origin',(0.,0.,-600.));
#5897=CARTESIAN_POINT('',(-31.000000461936,3.79640513392764E-15,-580.));
#5898=CARTESIAN_POINT('Origin',(0.,0.,-580.));
#5899=CARTESIAN_POINT('',(-31.000000461936,-3.79640513392764E-15,-600.));
#5900=CARTESIAN_POINT('Origin',(0.,0.,-580.));
#5901=CARTESIAN_POINT('',(-14.5,1.77573785876366E-15,-580.));
#5902=CARTESIAN_POINT('Origin',(0.,0.,-580.));
#5903=CARTESIAN_POINT('Origin',(0.,0.,-600.));
#5904=CARTESIAN_POINT('',(-10.5,-1.28587913910472E-15,-600.));
#5905=CARTESIAN_POINT('',(-10.5,-1.28587913910472E-15,-600.));
#5906=CARTESIAN_POINT('Origin',(0.,0.,-600.));
#5907=CARTESIAN_POINT('',(-14.5,-1.77573785876366E-15,-600.));
#5908=CARTESIAN_POINT('',(-14.5,-1.77573785876366E-15,-600.));
#5909=CARTESIAN_POINT('',(0.,0.,0.));
#5910=CARTESIAN_POINT('Origin',(-32.4999992735684,-1.49999997764826,-499.999986588955));
#5911=CARTESIAN_POINT('',(-30.8135116477667,-1.49999997764826,-579.999986588955));
#5912=CARTESIAN_POINT('',(-30.8135116477667,-1.49999997764826,-499.999986588955));
#5913=CARTESIAN_POINT('',(-30.8135116477667,-1.49999997764826,0.));
#5914=CARTESIAN_POINT('',(-32.465365435322,-1.49999997764826,-579.999986588955));
#5915=CARTESIAN_POINT('',(-32.4999992735684,-1.49999997764826,-579.999986588955));
#5916=CARTESIAN_POINT('',(-32.465365435322,-1.49999997764826,-499.999986588955));
#5917=CARTESIAN_POINT('',(-32.465365435322,-1.49999997764826,0.));
#5918=CARTESIAN_POINT('',(-32.4999992735684,-1.49999997764826,-499.999986588955));
#5919=CARTESIAN_POINT('Origin',(-32.4999992735684,-1.49999997764826,-499.999986588955));
#5920=CARTESIAN_POINT('',(30.8135116477667,-1.49999997764825,-499.999986588955));
#5921=CARTESIAN_POINT('',(30.8135116477667,-1.49999997764825,-579.999986588955));
#5922=CARTESIAN_POINT('',(30.8135116477667,-1.49999997764825,0.));
#5923=CARTESIAN_POINT('',(32.465365435322,-1.49999997764825,-499.999986588955));
#5924=CARTESIAN_POINT('',(-32.4999992735684,-1.49999997764826,-499.999986588955));
#5925=CARTESIAN_POINT('',(32.465365435322,-1.49999997764825,-579.999986588955));
#5926=CARTESIAN_POINT('',(32.465365435322,-1.49999997764825,0.));
#5927=CARTESIAN_POINT('',(-32.4999992735684,-1.49999997764826,-579.999986588955));
#5928=CARTESIAN_POINT('Origin',(-32.4999992735684,-1.49999997764826,-579.999986588955));
#5929=CARTESIAN_POINT('',(-30.8135116455906,1.50000002235174,-579.999986588955));
#5930=CARTESIAN_POINT('',(-30.85,3.77803537536959E-15,-579.999986588955));
#5931=CARTESIAN_POINT('Origin',(0.,0.,-579.999986588955));
#5932=CARTESIAN_POINT('',(-32.4653654332566,1.50000002235174,-579.999986588955));
#5933=CARTESIAN_POINT('',(-32.4999992735684,1.50000002235174,-579.999986588955));
#5934=CARTESIAN_POINT('',(-32.4999992735684,3.98010200826668E-15,-579.999986588955));
#5935=CARTESIAN_POINT('Origin',(0.,0.,-579.999986588955));
#5936=CARTESIAN_POINT('Origin',(0.,0.,-579.999986588955));
#5937=CARTESIAN_POINT('Origin',(0.,0.,-579.999986588955));
#5938=CARTESIAN_POINT('Origin',(-32.4999992735684,1.50000002235174,-579.999986588955));
#5939=CARTESIAN_POINT('',(-30.8135116455906,1.50000002235174,-499.999986588955));
#5940=CARTESIAN_POINT('',(-30.8135116455906,1.50000002235174,0.));
#5941=CARTESIAN_POINT('',(-32.4653654332566,1.50000002235174,-499.999986588955));
#5942=CARTESIAN_POINT('',(-32.4999992735684,1.50000002235174,-499.999986588955));
#5943=CARTESIAN_POINT('',(-32.4653654332566,1.50000002235174,0.));
#5944=CARTESIAN_POINT('Origin',(-32.4999992735684,1.50000002235174,-499.999986588955));
#5945=CARTESIAN_POINT('',(-30.85,3.77803537536959E-15,-499.999986588955));
#5946=CARTESIAN_POINT('Origin',(0.,0.,-499.999986588955));
#5947=CARTESIAN_POINT('',(-32.4999992735684,3.98010200826668E-15,-499.999986588955));
#5948=CARTESIAN_POINT('Origin',(0.,0.,-499.999986588955));
#5949=CARTESIAN_POINT('Origin',(0.,0.,-499.999986588955));
#5950=CARTESIAN_POINT('Origin',(0.,0.,-499.999986588955));
#5951=CARTESIAN_POINT('Origin',(-32.4999992735684,1.50000002235174,-499.999986588955));
#5952=CARTESIAN_POINT('',(30.8135116455906,1.50000002235175,-499.999986588955));
#5953=CARTESIAN_POINT('Origin',(0.,0.,-499.999986588955));
#5954=CARTESIAN_POINT('',(32.4653654332566,1.50000002235175,-499.999986588955));
#5955=CARTESIAN_POINT('',(-32.4999992735684,1.50000002235174,-499.999986588955));
#5956=CARTESIAN_POINT('Origin',(0.,0.,-499.999986588955));
#5957=CARTESIAN_POINT('Origin',(-32.4999992735684,-1.49999997764826,-579.999986588955));
#5958=CARTESIAN_POINT('',(30.8135116455906,1.50000002235175,-579.999986588955));
#5959=CARTESIAN_POINT('Origin',(0.,0.,-579.999986588955));
#5960=CARTESIAN_POINT('',(32.4653654332566,1.50000002235175,-579.999986588955));
#5961=CARTESIAN_POINT('Origin',(0.,0.,-579.999986588955));
#5962=CARTESIAN_POINT('',(-32.4999992735684,1.50000002235174,-579.999986588955));
#5963=CARTESIAN_POINT('Origin',(-32.4999992735684,1.50000002235174,-579.999986588955));
#5964=CARTESIAN_POINT('',(30.8135116455906,1.50000002235175,0.));
#5965=CARTESIAN_POINT('',(32.4653654332566,1.50000002235175,0.));
#5966=CARTESIAN_POINT('Origin',(-1.5,32.4999992735684,-499.999986588955));
#5967=CARTESIAN_POINT('',(-1.5,30.8135116466786,-579.999986588955));
#5968=CARTESIAN_POINT('',(-1.5,30.8135116466786,-499.999986588955));
#5969=CARTESIAN_POINT('',(-1.5,30.8135116466786,0.));
#5970=CARTESIAN_POINT('',(-1.5,32.4653654342893,-579.999986588955));
#5971=CARTESIAN_POINT('',(-1.5,32.4999992735684,-579.999986588955));
#5972=CARTESIAN_POINT('',(-1.5,32.4653654342893,-499.999986588955));
#5973=CARTESIAN_POINT('',(-1.5,32.4653654342893,0.));
#5974=CARTESIAN_POINT('',(-1.5,32.4999992735684,-499.999986588955));
#5975=CARTESIAN_POINT('Origin',(-1.5,32.4999992735684,-499.999986588955));
#5976=CARTESIAN_POINT('',(-1.5,-30.8135116466786,-499.999986588955));
#5977=CARTESIAN_POINT('',(-1.5,-30.8135116466786,-579.999986588955));
#5978=CARTESIAN_POINT('',(-1.5,-30.8135116466786,0.));
#5979=CARTESIAN_POINT('',(-1.5,-32.4653654342893,-499.999986588955));
#5980=CARTESIAN_POINT('',(-1.5,32.4999992735684,-499.999986588955));
#5981=CARTESIAN_POINT('',(-1.5,-32.4653654342893,-579.999986588955));
#5982=CARTESIAN_POINT('',(-1.5,-32.4653654342893,0.));
#5983=CARTESIAN_POINT('',(-1.5,32.4999992735684,-579.999986588955));
#5984=CARTESIAN_POINT('Origin',(-1.5,32.4999992735684,-579.999986588955));
#5985=CARTESIAN_POINT('',(1.5,30.8135116466786,-579.999986588955));
#5986=CARTESIAN_POINT('Origin',(0.,0.,-579.999986588955));
#5987=CARTESIAN_POINT('',(1.5,32.4653654342893,-579.999986588955));
#5988=CARTESIAN_POINT('',(1.5,32.4999992735684,-579.999986588955));
#5989=CARTESIAN_POINT('Origin',(0.,0.,-579.999986588955));
#5990=CARTESIAN_POINT('Origin',(1.5,32.4999992735684,-579.999986588955));
#5991=CARTESIAN_POINT('',(1.5,30.8135116466786,-499.999986588955));
#5992=CARTESIAN_POINT('',(1.5,30.8135116466786,0.));
#5993=CARTESIAN_POINT('',(1.5,32.4653654342893,-499.999986588955));
#5994=CARTESIAN_POINT('',(1.5,32.4999992735684,-499.999986588955));
#5995=CARTESIAN_POINT('',(1.5,32.4653654342893,0.));
#5996=CARTESIAN_POINT('Origin',(1.5,32.4999992735684,-499.999986588955));
#5997=CARTESIAN_POINT('Origin',(0.,0.,-499.999986588955));
#5998=CARTESIAN_POINT('Origin',(0.,0.,-499.999986588955));
#5999=CARTESIAN_POINT('Origin',(1.5,32.4999992735684,-499.999986588955));
#6000=CARTESIAN_POINT('',(1.5,-30.8135116466786,-499.999986588955));
#6001=CARTESIAN_POINT('Origin',(0.,0.,-499.999986588955));
#6002=CARTESIAN_POINT('',(1.5,-32.4653654342893,-499.999986588955));
#6003=CARTESIAN_POINT('',(1.5,32.4999992735684,-499.999986588955));
#6004=CARTESIAN_POINT('Origin',(0.,0.,-499.999986588955));
#6005=CARTESIAN_POINT('Origin',(-1.5,32.4999992735684,-579.999986588955));
#6006=CARTESIAN_POINT('',(1.5,-30.8135116466786,-579.999986588955));
#6007=CARTESIAN_POINT('Origin',(0.,0.,-579.999986588955));
#6008=CARTESIAN_POINT('',(1.5,-32.4653654342893,-579.999986588955));
#6009=CARTESIAN_POINT('Origin',(0.,0.,-579.999986588955));
#6010=CARTESIAN_POINT('',(1.5,32.4999992735684,-579.999986588955));
#6011=CARTESIAN_POINT('Origin',(1.5,32.4999992735684,-579.999986588955));
#6012=CARTESIAN_POINT('',(1.5,-30.8135116466786,0.));
#6013=CARTESIAN_POINT('',(1.5,-32.4653654342893,0.));
#6014=CARTESIAN_POINT('Origin',(0.,0.,-600.));
#6015=CARTESIAN_POINT('',(-31.000000461936,3.79640513392764E-15,-600.));
#6016=CARTESIAN_POINT('Origin',(0.,0.,-600.));
#6017=CARTESIAN_POINT('',(-31.000000461936,3.79640513392764E-15,-590.));
#6018=CARTESIAN_POINT('',(-31.000000461936,-3.79640513392764E-15,-600.));
#6019=CARTESIAN_POINT('Origin',(0.,0.,-590.));
#6020=CARTESIAN_POINT('Origin',(0.,0.,-590.));
#6021=CARTESIAN_POINT('',(-30.85,3.77803537536959E-15,-590.));
#6022=CARTESIAN_POINT('Origin',(0.,0.,-590.));
#6023=CARTESIAN_POINT('Origin',(0.,0.,0.));
#6024=CARTESIAN_POINT('',(-30.85,3.77803537536959E-15,0.));
#6025=CARTESIAN_POINT('',(-30.85,-3.77803537536959E-15,0.));
#6026=CARTESIAN_POINT('',(-30.85,3.77803537536959E-15,0.));
#6027=CARTESIAN_POINT('Origin',(0.,0.,0.));
#6028=CARTESIAN_POINT('Origin',(0.,0.,0.));
#6029=CARTESIAN_POINT('',(-32.4999992735684,-3.98010200826668E-15,-600.));
#6030=CARTESIAN_POINT('Origin',(0.,0.,-600.));
#6031=CARTESIAN_POINT('',(-32.4999992735684,3.98010200826668E-15,0.));
#6032=CARTESIAN_POINT('',(-32.4999992735684,-3.98010200826668E-15,0.));
#6033=CARTESIAN_POINT('',(-32.4999992735684,3.98010200826668E-15,0.));
#6034=CARTESIAN_POINT('Origin',(0.,0.,0.));
#6035=CARTESIAN_POINT('Origin',(0.,0.,0.));
#6036=CARTESIAN_POINT('Origin',(0.,0.,-600.));
#6037=CARTESIAN_POINT('',(0.,0.,0.));
#6038=CARTESIAN_POINT('Origin',(32.5,3.9801020972289E-15,50.));
#6039=CARTESIAN_POINT('',(32.5,3.9801020972289E-15,50.));
#6040=CARTESIAN_POINT('Origin',(0.,0.,50.));
#6041=CARTESIAN_POINT('',(-30.85,-3.77803537536959E-15,50.));
#6042=CARTESIAN_POINT('Origin',(0.,0.,50.));
#6043=CARTESIAN_POINT('Ctrl Pts',(0.,0.,300.));
#6044=CARTESIAN_POINT('Ctrl Pts',(0.,0.,300.));
#6045=CARTESIAN_POINT('Ctrl Pts',(0.,0.,300.));
#6046=CARTESIAN_POINT('Ctrl Pts',(0.,0.,300.));
#6047=CARTESIAN_POINT('Ctrl Pts',(0.,0.,300.));
#6048=CARTESIAN_POINT('Ctrl Pts',(0.,0.,300.));
#6049=CARTESIAN_POINT('Ctrl Pts',(0.,0.,300.));
#6050=CARTESIAN_POINT('Ctrl Pts',(0.,0.,300.));
#6051=CARTESIAN_POINT('Ctrl Pts',(0.,0.,300.));
#6052=CARTESIAN_POINT('Ctrl Pts',(0.0123581088159931,1.51343184050206E-18,
299.99483081999));
#6053=CARTESIAN_POINT('Ctrl Pts',(0.0123581088159931,0.0123581088159931,
299.99483081999));
#6054=CARTESIAN_POINT('Ctrl Pts',(-1.51343184050206E-18,0.0123581088159931,
299.99483081999));
#6055=CARTESIAN_POINT('Ctrl Pts',(-0.0123581088159931,0.0123581088159931,
299.99483081999));
#6056=CARTESIAN_POINT('Ctrl Pts',(-0.0123581088159931,-1.51343184050206E-18,
299.99483081999));
#6057=CARTESIAN_POINT('Ctrl Pts',(-0.0123581088159931,-0.0123581088159931,
299.99483081999));
#6058=CARTESIAN_POINT('Ctrl Pts',(1.51343184050206E-18,-0.0123581088159931,
299.99483081999));
#6059=CARTESIAN_POINT('Ctrl Pts',(0.0123581088159931,-0.0123581088159931,
299.99483081999));
#6060=CARTESIAN_POINT('Ctrl Pts',(0.0123581088159931,1.51343184050206E-18,
299.99483081999));
#6061=CARTESIAN_POINT('Ctrl Pts',(0.038862816662971,4.75932240321578E-18,
299.979715438252));
#6062=CARTESIAN_POINT('Ctrl Pts',(0.0388628166629709,0.038862816662971,
299.979715438252));
#6063=CARTESIAN_POINT('Ctrl Pts',(-4.75932240321578E-18,0.038862816662971,
299.979715438252));
#6064=CARTESIAN_POINT('Ctrl Pts',(-0.038862816662971,0.0388628166629709,
299.979715438252));
#6065=CARTESIAN_POINT('Ctrl Pts',(-0.038862816662971,-4.75932240321578E-18,
299.979715438252));
#6066=CARTESIAN_POINT('Ctrl Pts',(-0.0388628166629709,-0.038862816662971,
299.979715438252));
#6067=CARTESIAN_POINT('Ctrl Pts',(4.75932240321578E-18,-0.038862816662971,
299.979715438252));
#6068=CARTESIAN_POINT('Ctrl Pts',(0.038862816662971,-0.0388628166629709,
299.979715438252));
#6069=CARTESIAN_POINT('Ctrl Pts',(0.038862816662971,4.75932240321578E-18,
299.979715438252));
#6070=CARTESIAN_POINT('Ctrl Pts',(0.083956856880426,1.02817496045086E-17,
299.942756062466));
#6071=CARTESIAN_POINT('Ctrl Pts',(0.083956856880426,0.083956856880426,299.942756062466));
#6072=CARTESIAN_POINT('Ctrl Pts',(-1.02817496045086E-17,0.083956856880426,
299.942756062466));
#6073=CARTESIAN_POINT('Ctrl Pts',(-0.083956856880426,0.083956856880426,
299.942756062466));
#6074=CARTESIAN_POINT('Ctrl Pts',(-0.083956856880426,-1.02817496045086E-17,
299.942756062466));
#6075=CARTESIAN_POINT('Ctrl Pts',(-0.083956856880426,-0.083956856880426,
299.942756062466));
#6076=CARTESIAN_POINT('Ctrl Pts',(1.02817496045086E-17,-0.083956856880426,
299.942756062466));
#6077=CARTESIAN_POINT('Ctrl Pts',(0.083956856880426,-0.083956856880426,
299.942756062466));
#6078=CARTESIAN_POINT('Ctrl Pts',(0.083956856880426,1.02817496045086E-17,
299.942756062466));
#6079=CARTESIAN_POINT('Ctrl Pts',(0.155019408495575,1.89844022419822E-17,
299.86449044738));
#6080=CARTESIAN_POINT('Ctrl Pts',(0.155019408495575,0.155019408495575,299.86449044738));
#6081=CARTESIAN_POINT('Ctrl Pts',(-1.89844022419822E-17,0.155019408495575,
299.86449044738));
#6082=CARTESIAN_POINT('Ctrl Pts',(-0.155019408495575,0.155019408495575,
299.86449044738));
#6083=CARTESIAN_POINT('Ctrl Pts',(-0.155019408495575,-1.89844022419822E-17,
299.86449044738));
#6084=CARTESIAN_POINT('Ctrl Pts',(-0.155019408495575,-0.155019408495575,
299.86449044738));
#6085=CARTESIAN_POINT('Ctrl Pts',(1.89844022419822E-17,-0.155019408495575,
299.86449044738));
#6086=CARTESIAN_POINT('Ctrl Pts',(0.155019408495575,-0.155019408495575,
299.86449044738));
#6087=CARTESIAN_POINT('Ctrl Pts',(0.155019408495575,1.89844022419822E-17,
299.86449044738));
#6088=CARTESIAN_POINT('Ctrl Pts',(0.252483288225032,3.09202850762985E-17,
299.734028073476));
#6089=CARTESIAN_POINT('Ctrl Pts',(0.252483288225032,0.252483288225032,299.734028073476));
#6090=CARTESIAN_POINT('Ctrl Pts',(-3.09202850762985E-17,0.252483288225032,
299.734028073476));
#6091=CARTESIAN_POINT('Ctrl Pts',(-0.252483288225032,0.252483288225032,
299.734028073476));
#6092=CARTESIAN_POINT('Ctrl Pts',(-0.252483288225032,-3.09202850762985E-17,
299.734028073476));
#6093=CARTESIAN_POINT('Ctrl Pts',(-0.252483288225032,-0.252483288225032,
299.734028073476));
#6094=CARTESIAN_POINT('Ctrl Pts',(3.09202850762985E-17,-0.252483288225032,
299.734028073476));
#6095=CARTESIAN_POINT('Ctrl Pts',(0.252483288225032,-0.252483288225032,
299.734028073476));
#6096=CARTESIAN_POINT('Ctrl Pts',(0.252483288225032,3.09202850762985E-17,
299.734028073476));
#6097=CARTESIAN_POINT('Ctrl Pts',(0.349204136981187,4.27651728603025E-17,
299.587257927546));
#6098=CARTESIAN_POINT('Ctrl Pts',(0.349204136981187,0.349204136981187,299.587257927546));
#6099=CARTESIAN_POINT('Ctrl Pts',(-4.27651728603025E-17,0.349204136981187,
299.587257927546));
#6100=CARTESIAN_POINT('Ctrl Pts',(-0.349204136981187,0.349204136981187,
299.587257927546));
#6101=CARTESIAN_POINT('Ctrl Pts',(-0.349204136981187,-4.27651728603025E-17,
299.587257927546));
#6102=CARTESIAN_POINT('Ctrl Pts',(-0.349204136981187,-0.349204136981187,
299.587257927546));
#6103=CARTESIAN_POINT('Ctrl Pts',(4.27651728603025E-17,-0.349204136981187,
299.587257927546));
#6104=CARTESIAN_POINT('Ctrl Pts',(0.349204136981187,-0.349204136981187,
299.587257927546));
#6105=CARTESIAN_POINT('Ctrl Pts',(0.349204136981187,4.27651728603025E-17,
299.587257927546));
#6106=CARTESIAN_POINT('Ctrl Pts',(0.445893483495493,5.46062027323419E-17,
299.425718164276));
#6107=CARTESIAN_POINT('Ctrl Pts',(0.445893483495493,0.445893483495493,299.425718164276));
#6108=CARTESIAN_POINT('Ctrl Pts',(-5.46062027323419E-17,0.445893483495493,
299.425718164276));
#6109=CARTESIAN_POINT('Ctrl Pts',(-0.445893483495493,0.445893483495493,
299.425718164276));
#6110=CARTESIAN_POINT('Ctrl Pts',(-0.445893483495493,-5.46062027323419E-17,
299.425718164276));
#6111=CARTESIAN_POINT('Ctrl Pts',(-0.445893483495493,-0.445893483495493,
299.425718164276));
#6112=CARTESIAN_POINT('Ctrl Pts',(5.46062027323419E-17,-0.445893483495493,
299.425718164276));
#6113=CARTESIAN_POINT('Ctrl Pts',(0.445893483495493,-0.445893483495493,
299.425718164276));
#6114=CARTESIAN_POINT('Ctrl Pts',(0.445893483495493,5.46062027323419E-17,
299.425718164276));
#6115=CARTESIAN_POINT('Ctrl Pts',(0.544972242902907,6.67398512895199E-17,
299.24798856314));
#6116=CARTESIAN_POINT('Ctrl Pts',(0.544972242902907,0.544972242902907,299.24798856314));
#6117=CARTESIAN_POINT('Ctrl Pts',(-6.67398512895199E-17,0.544972242902907,
299.24798856314));
#6118=CARTESIAN_POINT('Ctrl Pts',(-0.544972242902907,0.544972242902907,
299.24798856314));
#6119=CARTESIAN_POINT('Ctrl Pts',(-0.544972242902907,-6.67398512895199E-17,
299.24798856314));
#6120=CARTESIAN_POINT('Ctrl Pts',(-0.544972242902907,-0.544972242902907,
299.24798856314));
#6121=CARTESIAN_POINT('Ctrl Pts',(6.67398512895199E-17,-0.544972242902907,
299.24798856314));
#6122=CARTESIAN_POINT('Ctrl Pts',(0.544972242902907,-0.544972242902907,
299.24798856314));
#6123=CARTESIAN_POINT('Ctrl Pts',(0.544972242902907,6.67398512895199E-17,
299.24798856314));
#6124=CARTESIAN_POINT('Ctrl Pts',(0.645926072266358,7.91031296886818E-17,
299.056076640138));
#6125=CARTESIAN_POINT('Ctrl Pts',(0.645926072266358,0.645926072266358,299.056076640138));
#6126=CARTESIAN_POINT('Ctrl Pts',(-7.91031296886818E-17,0.645926072266358,
299.056076640138));
#6127=CARTESIAN_POINT('Ctrl Pts',(-0.645926072266358,0.645926072266358,
299.056076640138));
#6128=CARTESIAN_POINT('Ctrl Pts',(-0.645926072266358,-7.91031296886818E-17,
299.056076640138));
#6129=CARTESIAN_POINT('Ctrl Pts',(-0.645926072266358,-0.645926072266358,
299.056076640138));
#6130=CARTESIAN_POINT('Ctrl Pts',(7.91031296886818E-17,-0.645926072266358,
299.056076640138));
#6131=CARTESIAN_POINT('Ctrl Pts',(0.645926072266358,-0.645926072266358,
299.056076640138));
#6132=CARTESIAN_POINT('Ctrl Pts',(0.645926072266358,7.91031296886818E-17,
299.056076640138));
#6133=CARTESIAN_POINT('Ctrl Pts',(0.747307722016106,9.15188009745124E-17,
298.852922797257));
#6134=CARTESIAN_POINT('Ctrl Pts',(0.747307722016105,0.747307722016106,298.852922797257));
#6135=CARTESIAN_POINT('Ctrl Pts',(-9.15188009745124E-17,0.747307722016106,
298.852922797257));
#6136=CARTESIAN_POINT('Ctrl Pts',(-0.747307722016106,0.747307722016105,
298.852922797257));
#6137=CARTESIAN_POINT('Ctrl Pts',(-0.747307722016106,-9.15188009745124E-17,
298.852922797257));
#6138=CARTESIAN_POINT('Ctrl Pts',(-0.747307722016105,-0.747307722016106,
298.852922797257));
#6139=CARTESIAN_POINT('Ctrl Pts',(9.15188009745124E-17,-0.747307722016106,
298.852922797257));
#6140=CARTESIAN_POINT('Ctrl Pts',(0.747307722016106,-0.747307722016105,
298.852922797257));
#6141=CARTESIAN_POINT('Ctrl Pts',(0.747307722016106,9.15188009745124E-17,
298.852922797257));
#6142=CARTESIAN_POINT('Ctrl Pts',(0.848634500526721,1.03927752471606E-16,
298.640007748427));
#6143=CARTESIAN_POINT('Ctrl Pts',(0.848634500526721,0.848634500526721,298.640007748427));
#6144=CARTESIAN_POINT('Ctrl Pts',(-1.03927752471606E-16,0.848634500526721,
298.640007748427));
#6145=CARTESIAN_POINT('Ctrl Pts',(-0.848634500526721,0.848634500526721,
298.640007748427));
#6146=CARTESIAN_POINT('Ctrl Pts',(-0.848634500526721,-1.03927752471606E-16,
298.640007748427));
#6147=CARTESIAN_POINT('Ctrl Pts',(-0.848634500526721,-0.848634500526721,
298.640007748427));
#6148=CARTESIAN_POINT('Ctrl Pts',(1.03927752471606E-16,-0.848634500526721,
298.640007748427));
#6149=CARTESIAN_POINT('Ctrl Pts',(0.848634500526721,-0.848634500526721,
298.640007748427));
#6150=CARTESIAN_POINT('Ctrl Pts',(0.848634500526721,1.03927752471606E-16,
298.640007748427));
#6151=CARTESIAN_POINT('Ctrl Pts',(0.950225454189387,1.16369056094137E-16,
298.417617449049));
#6152=CARTESIAN_POINT('Ctrl Pts',(0.950225454189386,0.950225454189387,298.417617449049));
#6153=CARTESIAN_POINT('Ctrl Pts',(-1.16369056094137E-16,0.950225454189387,
298.417617449049));
#6154=CARTESIAN_POINT('Ctrl Pts',(-0.950225454189387,0.950225454189386,
298.417617449049));
#6155=CARTESIAN_POINT('Ctrl Pts',(-0.950225454189387,-1.16369056094137E-16,
298.417617449049));
#6156=CARTESIAN_POINT('Ctrl Pts',(-0.950225454189386,-0.950225454189387,
298.417617449049));
#6157=CARTESIAN_POINT('Ctrl Pts',(1.16369056094137E-16,-0.950225454189387,
298.417617449049));
#6158=CARTESIAN_POINT('Ctrl Pts',(0.950225454189387,-0.950225454189386,
298.417617449049));
#6159=CARTESIAN_POINT('Ctrl Pts',(0.950225454189387,1.16369056094137E-16,
298.417617449049));
#6160=CARTESIAN_POINT('Ctrl Pts',(1.05240630939353,1.28882601820126E-16,
298.185914658219));
#6161=CARTESIAN_POINT('Ctrl Pts',(1.05240630939353,1.05240630939353,298.185914658219));
#6162=CARTESIAN_POINT('Ctrl Pts',(-1.28882601820126E-16,1.05240630939353,
298.185914658219));
#6163=CARTESIAN_POINT('Ctrl Pts',(-1.05240630939353,1.05240630939353,298.185914658219));
#6164=CARTESIAN_POINT('Ctrl Pts',(-1.05240630939353,-1.28882601820126E-16,
298.185914658219));
#6165=CARTESIAN_POINT('Ctrl Pts',(-1.05240630939353,-1.05240630939353,298.185914658219));
#6166=CARTESIAN_POINT('Ctrl Pts',(1.28882601820126E-16,-1.05240630939353,
298.185914658219));
#6167=CARTESIAN_POINT('Ctrl Pts',(1.05240630939353,-1.05240630939353,298.185914658219));
#6168=CARTESIAN_POINT('Ctrl Pts',(1.05240630939353,1.28882601820126E-16,
298.185914658219));
#6169=CARTESIAN_POINT('Ctrl Pts',(1.1551006700594,1.41459033828121E-16,
297.945508709991));
#6170=CARTESIAN_POINT('Ctrl Pts',(1.1551006700594,1.1551006700594,297.945508709991));
#6171=CARTESIAN_POINT('Ctrl Pts',(-1.41459033828121E-16,1.1551006700594,
297.945508709991));
#6172=CARTESIAN_POINT('Ctrl Pts',(-1.1551006700594,1.1551006700594,297.945508709991));
#6173=CARTESIAN_POINT('Ctrl Pts',(-1.1551006700594,-1.41459033828121E-16,
297.945508709991));
#6174=CARTESIAN_POINT('Ctrl Pts',(-1.1551006700594,-1.1551006700594,297.945508709991));
#6175=CARTESIAN_POINT('Ctrl Pts',(1.41459033828121E-16,-1.1551006700594,
297.945508709991));
#6176=CARTESIAN_POINT('Ctrl Pts',(1.1551006700594,-1.1551006700594,297.945508709991));
#6177=CARTESIAN_POINT('Ctrl Pts',(1.1551006700594,1.41459033828121E-16,
297.945508709991));
#6178=CARTESIAN_POINT('Ctrl Pts',(1.25807530268846,1.54069789252377E-16,
297.697144673883));
#6179=CARTESIAN_POINT('Ctrl Pts',(1.25807530268846,1.25807530268846,297.697144673883));
#6180=CARTESIAN_POINT('Ctrl Pts',(-1.54069789252377E-16,1.25807530268846,
297.697144673883));
#6181=CARTESIAN_POINT('Ctrl Pts',(-1.25807530268846,1.25807530268846,297.697144673883));
#6182=CARTESIAN_POINT('Ctrl Pts',(-1.25807530268846,-1.54069789252377E-16,
297.697144673883));
#6183=CARTESIAN_POINT('Ctrl Pts',(-1.25807530268846,-1.25807530268846,297.697144673883));
#6184=CARTESIAN_POINT('Ctrl Pts',(1.54069789252377E-16,-1.25807530268846,
297.697144673883));
#6185=CARTESIAN_POINT('Ctrl Pts',(1.25807530268846,-1.25807530268846,297.697144673883));
#6186=CARTESIAN_POINT('Ctrl Pts',(1.25807530268846,1.54069789252377E-16,
297.697144673883));
#6187=CARTESIAN_POINT('Ctrl Pts',(1.36115002222585,1.66692801787824E-16,
297.441444332104));
#6188=CARTESIAN_POINT('Ctrl Pts',(1.36115002222585,1.36115002222585,297.441444332104));
#6189=CARTESIAN_POINT('Ctrl Pts',(-1.66692801787824E-16,1.36115002222585,
297.441444332104));
#6190=CARTESIAN_POINT('Ctrl Pts',(-1.36115002222585,1.36115002222585,297.441444332104));
#6191=CARTESIAN_POINT('Ctrl Pts',(-1.36115002222585,-1.66692801787824E-16,
297.441444332104));
#6192=CARTESIAN_POINT('Ctrl Pts',(-1.36115002222585,-1.36115002222585,297.441444332104));
#6193=CARTESIAN_POINT('Ctrl Pts',(1.66692801787824E-16,-1.36115002222585,
297.441444332104));
#6194=CARTESIAN_POINT('Ctrl Pts',(1.36115002222585,-1.36115002222585,297.441444332104));
#6195=CARTESIAN_POINT('Ctrl Pts',(1.36115002222585,1.66692801787824E-16,
297.441444332104));
#6196=CARTESIAN_POINT('Ctrl Pts',(1.46431282016036,1.79326600815982E-16,
297.178766212011));
#6197=CARTESIAN_POINT('Ctrl Pts',(1.46431282016036,1.46431282016036,297.178766212011));
#6198=CARTESIAN_POINT('Ctrl Pts',(-1.79326600815982E-16,1.46431282016036,
297.178766212011));
#6199=CARTESIAN_POINT('Ctrl Pts',(-1.46431282016036,1.46431282016036,297.178766212011));
#6200=CARTESIAN_POINT('Ctrl Pts',(-1.46431282016036,-1.79326600815982E-16,
297.178766212011));
#6201=CARTESIAN_POINT('Ctrl Pts',(-1.46431282016036,-1.46431282016036,297.178766212011));
#6202=CARTESIAN_POINT('Ctrl Pts',(1.79326600815982E-16,-1.46431282016036,
297.178766212011));
#6203=CARTESIAN_POINT('Ctrl Pts',(1.46431282016036,-1.46431282016036,297.178766212011));
#6204=CARTESIAN_POINT('Ctrl Pts',(1.46431282016036,1.79326600815982E-16,
297.178766212011));
#6205=CARTESIAN_POINT('Ctrl Pts',(1.56761055580698,1.91976924947862E-16,
296.909354181796));
#6206=CARTESIAN_POINT('Ctrl Pts',(1.56761055580698,1.56761055580698,296.909354181796));
#6207=CARTESIAN_POINT('Ctrl Pts',(-1.91976924947862E-16,1.56761055580698,
296.909354181796));
#6208=CARTESIAN_POINT('Ctrl Pts',(-1.56761055580698,1.56761055580698,296.909354181796));
#6209=CARTESIAN_POINT('Ctrl Pts',(-1.56761055580698,-1.91976924947862E-16,
296.909354181796));
#6210=CARTESIAN_POINT('Ctrl Pts',(-1.56761055580698,-1.56761055580698,296.909354181796));
#6211=CARTESIAN_POINT('Ctrl Pts',(1.91976924947862E-16,-1.56761055580698,
296.909354181796));
#6212=CARTESIAN_POINT('Ctrl Pts',(1.56761055580698,-1.56761055580698,296.909354181796));
#6213=CARTESIAN_POINT('Ctrl Pts',(1.56761055580698,1.91976924947862E-16,
296.909354181796));
#6214=CARTESIAN_POINT('Ctrl Pts',(1.67108138104125,2.0464844644069E-16,
296.63343273889));
#6215=CARTESIAN_POINT('Ctrl Pts',(1.67108138104125,1.67108138104125,296.63343273889));
#6216=CARTESIAN_POINT('Ctrl Pts',(-2.0464844644069E-16,1.67108138104125,
296.63343273889));
#6217=CARTESIAN_POINT('Ctrl Pts',(-1.67108138104125,1.67108138104125,296.63343273889));
#6218=CARTESIAN_POINT('Ctrl Pts',(-1.67108138104125,-2.0464844644069E-16,
296.63343273889));
#6219=CARTESIAN_POINT('Ctrl Pts',(-1.67108138104125,-1.67108138104125,296.63343273889));
#6220=CARTESIAN_POINT('Ctrl Pts',(2.0464844644069E-16,-1.67108138104125,
296.63343273889));
#6221=CARTESIAN_POINT('Ctrl Pts',(1.67108138104125,-1.67108138104125,296.63343273889));
#6222=CARTESIAN_POINT('Ctrl Pts',(1.67108138104125,2.0464844644069E-16,
296.63343273889));
#6223=CARTESIAN_POINT('Ctrl Pts',(1.7747012114327,2.17338215802398E-16,
296.351282413757));
#6224=CARTESIAN_POINT('Ctrl Pts',(1.77470121143269,1.7747012114327,296.351282413757));
#6225=CARTESIAN_POINT('Ctrl Pts',(-2.17338215802398E-16,1.7747012114327,
296.351282413757));
#6226=CARTESIAN_POINT('Ctrl Pts',(-1.7747012114327,1.77470121143269,296.351282413757));
#6227=CARTESIAN_POINT('Ctrl Pts',(-1.7747012114327,-2.17338215802398E-16,
296.351282413757));
#6228=CARTESIAN_POINT('Ctrl Pts',(-1.77470121143269,-1.7747012114327,296.351282413757));
#6229=CARTESIAN_POINT('Ctrl Pts',(2.17338215802398E-16,-1.7747012114327,
296.351282413757));
#6230=CARTESIAN_POINT('Ctrl Pts',(1.7747012114327,-1.77470121143269,296.351282413757));
#6231=CARTESIAN_POINT('Ctrl Pts',(1.7747012114327,2.17338215802398E-16,
296.351282413757));
#6232=CARTESIAN_POINT('Ctrl Pts',(1.87842479554187,2.30040691329937E-16,
296.063188778454));
#6233=CARTESIAN_POINT('Ctrl Pts',(1.87842479554186,1.87842479554187,296.063188778454));
#6234=CARTESIAN_POINT('Ctrl Pts',(-2.30040691329937E-16,1.87842479554187,
296.063188778454));
#6235=CARTESIAN_POINT('Ctrl Pts',(-1.87842479554187,1.87842479554186,296.063188778454));
#6236=CARTESIAN_POINT('Ctrl Pts',(-1.87842479554187,-2.30040691329937E-16,
296.063188778454));
#6237=CARTESIAN_POINT('Ctrl Pts',(-1.87842479554186,-1.87842479554187,296.063188778454));
#6238=CARTESIAN_POINT('Ctrl Pts',(2.30040691329937E-16,-1.87842479554187,
296.063188778454));
#6239=CARTESIAN_POINT('Ctrl Pts',(1.87842479554187,-1.87842479554186,296.063188778454));
#6240=CARTESIAN_POINT('Ctrl Pts',(1.87842479554187,2.30040691329937E-16,
296.063188778454));
#6241=CARTESIAN_POINT('Ctrl Pts',(1.9822064921672,2.42750283588166E-16,
295.769418502568));
#6242=CARTESIAN_POINT('Ctrl Pts',(1.9822064921672,1.9822064921672,295.769418502568));
#6243=CARTESIAN_POINT('Ctrl Pts',(-2.42750283588166E-16,1.9822064921672,
295.769418502568));
#6244=CARTESIAN_POINT('Ctrl Pts',(-1.9822064921672,1.9822064921672,295.769418502568));
#6245=CARTESIAN_POINT('Ctrl Pts',(-1.9822064921672,-2.42750283588166E-16,
295.769418502568));
#6246=CARTESIAN_POINT('Ctrl Pts',(-1.9822064921672,-1.9822064921672,295.769418502568));
#6247=CARTESIAN_POINT('Ctrl Pts',(2.42750283588166E-16,-1.9822064921672,
295.769418502568));
#6248=CARTESIAN_POINT('Ctrl Pts',(1.9822064921672,-1.9822064921672,295.769418502568));
#6249=CARTESIAN_POINT('Ctrl Pts',(1.9822064921672,2.42750283588166E-16,
295.769418502568));
#6250=CARTESIAN_POINT('Ctrl Pts',(2.0860282668492,2.55464783992777E-16,
295.470185715797));
#6251=CARTESIAN_POINT('Ctrl Pts',(2.0860282668492,2.0860282668492,295.470185715797));
#6252=CARTESIAN_POINT('Ctrl Pts',(-2.55464783992777E-16,2.0860282668492,
295.470185715797));
#6253=CARTESIAN_POINT('Ctrl Pts',(-2.0860282668492,2.0860282668492,295.470185715797));
#6254=CARTESIAN_POINT('Ctrl Pts',(-2.0860282668492,-2.55464783992777E-16,
295.470185715797));
#6255=CARTESIAN_POINT('Ctrl Pts',(-2.0860282668492,-2.0860282668492,295.470185715797));
#6256=CARTESIAN_POINT('Ctrl Pts',(2.55464783992777E-16,-2.0860282668492,
295.470185715797));
#6257=CARTESIAN_POINT('Ctrl Pts',(2.0860282668492,-2.0860282668492,295.470185715797));
#6258=CARTESIAN_POINT('Ctrl Pts',(2.0860282668492,2.55464783992777E-16,
295.470185715797));
#6259=CARTESIAN_POINT('Ctrl Pts',(2.189887189768,2.68183833744317E-16,295.165670033288));
#6260=CARTESIAN_POINT('Ctrl Pts',(2.189887189768,2.189887189768,295.165670033288));
#6261=CARTESIAN_POINT('Ctrl Pts',(-2.68183833744317E-16,2.189887189768,
295.165670033288));
#6262=CARTESIAN_POINT('Ctrl Pts',(-2.189887189768,2.189887189768,295.165670033288));
#6263=CARTESIAN_POINT('Ctrl Pts',(-2.189887189768,-2.68183833744317E-16,
295.165670033288));
#6264=CARTESIAN_POINT('Ctrl Pts',(-2.189887189768,-2.189887189768,295.165670033288));
#6265=CARTESIAN_POINT('Ctrl Pts',(2.68183833744317E-16,-2.189887189768,
295.165670033288));
#6266=CARTESIAN_POINT('Ctrl Pts',(2.189887189768,-2.189887189768,295.165670033288));
#6267=CARTESIAN_POINT('Ctrl Pts',(2.189887189768,2.68183833744317E-16,295.165670033288));
#6268=CARTESIAN_POINT('Ctrl Pts',(2.29378666188868,2.80907849340886E-16,
294.856029665087));
#6269=CARTESIAN_POINT('Ctrl Pts',(2.29378666188868,2.29378666188868,294.856029665087));
#6270=CARTESIAN_POINT('Ctrl Pts',(-2.80907849340886E-16,2.29378666188868,
294.856029665087));
#6271=CARTESIAN_POINT('Ctrl Pts',(-2.29378666188868,2.29378666188868,294.856029665087));
#6272=CARTESIAN_POINT('Ctrl Pts',(-2.29378666188868,-2.80907849340886E-16,
294.856029665087));
#6273=CARTESIAN_POINT('Ctrl Pts',(-2.29378666188868,-2.29378666188868,294.856029665087));
#6274=CARTESIAN_POINT('Ctrl Pts',(2.80907849340886E-16,-2.29378666188868,
294.856029665087));
#6275=CARTESIAN_POINT('Ctrl Pts',(2.29378666188868,-2.29378666188868,294.856029665087));
#6276=CARTESIAN_POINT('Ctrl Pts',(2.29378666188868,2.80907849340886E-16,
294.856029665087));
#6277=CARTESIAN_POINT('Ctrl Pts',(2.39772408222307,2.93636512253301E-16,
294.541419303295));
#6278=CARTESIAN_POINT('Ctrl Pts',(2.39772408222307,2.39772408222307,294.541419303295));
#6279=CARTESIAN_POINT('Ctrl Pts',(-2.93636512253301E-16,2.39772408222307,
294.541419303295));
#6280=CARTESIAN_POINT('Ctrl Pts',(-2.39772408222307,2.39772408222307,294.541419303295));
#6281=CARTESIAN_POINT('Ctrl Pts',(-2.39772408222307,-2.93636512253301E-16,
294.541419303295));
#6282=CARTESIAN_POINT('Ctrl Pts',(-2.39772408222307,-2.39772408222307,294.541419303295));
#6283=CARTESIAN_POINT('Ctrl Pts',(2.93636512253301E-16,-2.39772408222307,
294.541419303295));
#6284=CARTESIAN_POINT('Ctrl Pts',(2.39772408222307,-2.39772408222307,294.541419303295));
#6285=CARTESIAN_POINT('Ctrl Pts',(2.39772408222307,2.93636512253301E-16,
294.541419303295));
#6286=CARTESIAN_POINT('Ctrl Pts',(2.50168910929303,3.0636855601575E-16,
294.221993635581));
#6287=CARTESIAN_POINT('Ctrl Pts',(2.50168910929303,2.50168910929303,294.221993635581));
#6288=CARTESIAN_POINT('Ctrl Pts',(-3.0636855601575E-16,2.50168910929303,
294.221993635581));
#6289=CARTESIAN_POINT('Ctrl Pts',(-2.50168910929303,2.50168910929303,294.221993635581));
#6290=CARTESIAN_POINT('Ctrl Pts',(-2.50168910929303,-3.0636855601575E-16,
294.221993635581));
#6291=CARTESIAN_POINT('Ctrl Pts',(-2.50168910929303,-2.50168910929303,294.221993635581));
#6292=CARTESIAN_POINT('Ctrl Pts',(3.0636855601575E-16,-2.50168910929303,
294.221993635581));
#6293=CARTESIAN_POINT('Ctrl Pts',(2.50168910929303,-2.50168910929303,294.221993635581));
#6294=CARTESIAN_POINT('Ctrl Pts',(2.50168910929303,3.0636855601575E-16,
294.221993635581));
#6295=CARTESIAN_POINT('Ctrl Pts',(2.60566879839869,3.19102395359708E-16,
293.897901507693));
#6296=CARTESIAN_POINT('Ctrl Pts',(2.60566879839869,2.60566879839869,293.897901507693));
#6297=CARTESIAN_POINT('Ctrl Pts',(-3.19102395359708E-16,2.60566879839869,
293.897901507693));
#6298=CARTESIAN_POINT('Ctrl Pts',(-2.60566879839869,2.60566879839869,293.897901507693));
#6299=CARTESIAN_POINT('Ctrl Pts',(-2.60566879839869,-3.19102395359708E-16,
293.897901507693));
#6300=CARTESIAN_POINT('Ctrl Pts',(-2.60566879839869,-2.60566879839869,293.897901507693));
#6301=CARTESIAN_POINT('Ctrl Pts',(3.19102395359708E-16,-2.60566879839869,
293.897901507693));
#6302=CARTESIAN_POINT('Ctrl Pts',(2.60566879839869,-2.60566879839869,293.897901507693));
#6303=CARTESIAN_POINT('Ctrl Pts',(2.60566879839869,3.19102395359708E-16,
293.897901507693));
#6304=CARTESIAN_POINT('Ctrl Pts',(2.70965066577101,3.31836501464396E-16,
293.569282898561));
#6305=CARTESIAN_POINT('Ctrl Pts',(2.70965066577101,2.70965066577101,293.569282898561));
#6306=CARTESIAN_POINT('Ctrl Pts',(-3.31836501464396E-16,2.70965066577101,
293.569282898561));
#6307=CARTESIAN_POINT('Ctrl Pts',(-2.70965066577101,2.70965066577101,293.569282898561));
#6308=CARTESIAN_POINT('Ctrl Pts',(-2.70965066577101,-3.31836501464396E-16,
293.569282898561));
#6309=CARTESIAN_POINT('Ctrl Pts',(-2.70965066577101,-2.70965066577101,293.569282898561));
#6310=CARTESIAN_POINT('Ctrl Pts',(3.31836501464396E-16,-2.70965066577101,
293.569282898561));
#6311=CARTESIAN_POINT('Ctrl Pts',(2.70965066577101,-2.70965066577101,293.569282898561));
#6312=CARTESIAN_POINT('Ctrl Pts',(2.70965066577101,3.31836501464396E-16,
293.569282898561));
#6313=CARTESIAN_POINT('Ctrl Pts',(2.81362678222294,3.4456990328446E-16,
293.23626451866));
#6314=CARTESIAN_POINT('Ctrl Pts',(2.81362678222294,2.81362678222294,293.23626451866));
#6315=CARTESIAN_POINT('Ctrl Pts',(-3.4456990328446E-16,2.81362678222294,
293.23626451866));
#6316=CARTESIAN_POINT('Ctrl Pts',(-2.81362678222294,2.81362678222294,293.23626451866));
#6317=CARTESIAN_POINT('Ctrl Pts',(-2.81362678222294,-3.4456990328446E-16,
293.23626451866));
#6318=CARTESIAN_POINT('Ctrl Pts',(-2.81362678222294,-2.81362678222294,293.23626451866));
#6319=CARTESIAN_POINT('Ctrl Pts',(3.4456990328446E-16,-2.81362678222294,
293.23626451866));
#6320=CARTESIAN_POINT('Ctrl Pts',(2.81362678222294,-2.81362678222294,293.23626451866));
#6321=CARTESIAN_POINT('Ctrl Pts',(2.81362678222294,3.4456990328446E-16,
293.23626451866));
#6322=CARTESIAN_POINT('Ctrl Pts',(2.91759229948499,3.57302007078125E-16,
292.898962326342));
#6323=CARTESIAN_POINT('Ctrl Pts',(2.91759229948498,2.91759229948499,292.898962326342));
#6324=CARTESIAN_POINT('Ctrl Pts',(-3.57302007078125E-16,2.91759229948499,
292.898962326342));
#6325=CARTESIAN_POINT('Ctrl Pts',(-2.91759229948499,2.91759229948498,292.898962326342));
#6326=CARTESIAN_POINT('Ctrl Pts',(-2.91759229948499,-3.57302007078125E-16,
292.898962326342));
#6327=CARTESIAN_POINT('Ctrl Pts',(-2.91759229948498,-2.91759229948499,292.898962326342));
#6328=CARTESIAN_POINT('Ctrl Pts',(3.57302007078125E-16,-2.91759229948499,
292.898962326342));
#6329=CARTESIAN_POINT('Ctrl Pts',(2.91759229948499,-2.91759229948498,292.898962326342));
#6330=CARTESIAN_POINT('Ctrl Pts',(2.91759229948499,3.57302007078125E-16,
292.898962326342));
#6331=CARTESIAN_POINT('Ctrl Pts',(3.02154395415462,3.70032413193849E-16,
292.557484043505));
#6332=CARTESIAN_POINT('Ctrl Pts',(3.02154395415462,3.02154395415462,292.557484043505));
#6333=CARTESIAN_POINT('Ctrl Pts',(-3.70032413193849E-16,3.02154395415462,
292.557484043505));
#6334=CARTESIAN_POINT('Ctrl Pts',(-3.02154395415462,3.02154395415462,292.557484043505));
#6335=CARTESIAN_POINT('Ctrl Pts',(-3.02154395415462,-3.70032413193849E-16,
292.557484043505));
#6336=CARTESIAN_POINT('Ctrl Pts',(-3.02154395415462,-3.02154395415462,292.557484043505));
#6337=CARTESIAN_POINT('Ctrl Pts',(3.70032413193849E-16,-3.02154395415462,
292.557484043505));
#6338=CARTESIAN_POINT('Ctrl Pts',(3.02154395415462,-3.02154395415462,292.557484043505));
#6339=CARTESIAN_POINT('Ctrl Pts',(3.02154395415462,3.70032413193849E-16,
292.557484043505));
#6340=CARTESIAN_POINT('Ctrl Pts',(3.12547847123599,3.82760720560311E-16,
292.211931824392));
#6341=CARTESIAN_POINT('Ctrl Pts',(3.12547847123598,3.12547847123599,292.211931824392));
#6342=CARTESIAN_POINT('Ctrl Pts',(-3.82760720560311E-16,3.12547847123599,
292.211931824392));
#6343=CARTESIAN_POINT('Ctrl Pts',(-3.12547847123599,3.12547847123598,292.211931824392));
#6344=CARTESIAN_POINT('Ctrl Pts',(-3.12547847123599,-3.82760720560311E-16,
292.211931824392));
#6345=CARTESIAN_POINT('Ctrl Pts',(-3.12547847123598,-3.12547847123599,292.211931824392));
#6346=CARTESIAN_POINT('Ctrl Pts',(3.82760720560311E-16,-3.12547847123599,
292.211931824392));
#6347=CARTESIAN_POINT('Ctrl Pts',(3.12547847123599,-3.12547847123598,292.211931824392));
#6348=CARTESIAN_POINT('Ctrl Pts',(3.12547847123599,3.82760720560311E-16,
292.211931824392));
#6349=CARTESIAN_POINT('Ctrl Pts',(3.22939129639821,3.95486371432839E-16,
291.862404454954));
#6350=CARTESIAN_POINT('Ctrl Pts',(3.22939129639821,3.22939129639821,291.862404454954));
#6351=CARTESIAN_POINT('Ctrl Pts',(-3.95486371432839E-16,3.22939129639821,
291.862404454954));
#6352=CARTESIAN_POINT('Ctrl Pts',(-3.22939129639821,3.22939129639821,291.862404454954));
#6353=CARTESIAN_POINT('Ctrl Pts',(-3.22939129639821,-3.95486371432839E-16,
291.862404454954));
#6354=CARTESIAN_POINT('Ctrl Pts',(-3.22939129639821,-3.22939129639821,291.862404454954));
#6355=CARTESIAN_POINT('Ctrl Pts',(3.95486371432839E-16,-3.22939129639821,
291.862404454954));
#6356=CARTESIAN_POINT('Ctrl Pts',(3.22939129639821,-3.22939129639821,291.862404454954));
#6357=CARTESIAN_POINT('Ctrl Pts',(3.22939129639821,3.95486371432839E-16,
291.862404454954));
#6358=CARTESIAN_POINT('Ctrl Pts',(3.33327730840098,4.08208738640377E-16,
291.508996765139));
#6359=CARTESIAN_POINT('Ctrl Pts',(3.33327730840098,3.33327730840098,291.508996765139));
#6360=CARTESIAN_POINT('Ctrl Pts',(-4.08208738640377E-16,3.33327730840098,
291.508996765139));
#6361=CARTESIAN_POINT('Ctrl Pts',(-3.33327730840098,3.33327730840098,291.508996765139));
#6362=CARTESIAN_POINT('Ctrl Pts',(-3.33327730840098,-4.08208738640377E-16,
291.508996765139));
#6363=CARTESIAN_POINT('Ctrl Pts',(-3.33327730840098,-3.33327730840098,291.508996765139));
#6364=CARTESIAN_POINT('Ctrl Pts',(4.08208738640377E-16,-3.33327730840098,
291.508996765139));
#6365=CARTESIAN_POINT('Ctrl Pts',(3.33327730840098,-3.33327730840098,291.508996765139));
#6366=CARTESIAN_POINT('Ctrl Pts',(3.33327730840098,4.08208738640377E-16,
291.508996765139));
#6367=CARTESIAN_POINT('Ctrl Pts',(3.43713127487373,4.20927181402337E-16,
291.151799395645));
#6368=CARTESIAN_POINT('Ctrl Pts',(3.43713127487372,3.43713127487373,291.151799395645));
#6369=CARTESIAN_POINT('Ctrl Pts',(-4.20927181402337E-16,3.43713127487373,
291.151799395645));
#6370=CARTESIAN_POINT('Ctrl Pts',(-3.43713127487373,3.43713127487372,291.151799395645));
#6371=CARTESIAN_POINT('Ctrl Pts',(-3.43713127487373,-4.20927181402337E-16,
291.151799395645));
#6372=CARTESIAN_POINT('Ctrl Pts',(-3.43713127487372,-3.43713127487373,291.151799395645));
#6373=CARTESIAN_POINT('Ctrl Pts',(4.20927181402337E-16,-3.43713127487373,
291.151799395645));
#6374=CARTESIAN_POINT('Ctrl Pts',(3.43713127487373,-3.43713127487372,291.151799395645));
#6375=CARTESIAN_POINT('Ctrl Pts',(3.43713127487373,4.20927181402337E-16,
291.151799395645));
#6376=CARTESIAN_POINT('Ctrl Pts',(3.54094845534162,4.33641119177988E-16,
290.790898372664));
#6377=CARTESIAN_POINT('Ctrl Pts',(3.54094845534162,3.54094845534162,290.790898372664));
#6378=CARTESIAN_POINT('Ctrl Pts',(-4.33641119177988E-16,3.54094845534162,
290.790898372664));
#6379=CARTESIAN_POINT('Ctrl Pts',(-3.54094845534162,3.54094845534162,290.790898372664));
#6380=CARTESIAN_POINT('Ctrl Pts',(-3.54094845534162,-4.33641119177988E-16,
290.790898372664));
#6381=CARTESIAN_POINT('Ctrl Pts',(-3.54094845534162,-3.54094845534162,290.790898372664));
#6382=CARTESIAN_POINT('Ctrl Pts',(4.33641119177988E-16,-3.54094845534162,
290.790898372664));
#6383=CARTESIAN_POINT('Ctrl Pts',(3.54094845534162,-3.54094845534162,290.790898372664));
#6384=CARTESIAN_POINT('Ctrl Pts',(3.54094845534162,4.33641119177988E-16,
290.790898372664));
#6385=CARTESIAN_POINT('Ctrl Pts',(3.64472499820576,4.46350080282503E-16,
290.426374928197));
#6386=CARTESIAN_POINT('Ctrl Pts',(3.64472499820576,3.64472499820576,290.426374928197));
#6387=CARTESIAN_POINT('Ctrl Pts',(-4.46350080282503E-16,3.64472499820576,
290.426374928197));
#6388=CARTESIAN_POINT('Ctrl Pts',(-3.64472499820576,3.64472499820576,290.426374928197));
#6389=CARTESIAN_POINT('Ctrl Pts',(-3.64472499820576,-4.46350080282503E-16,
290.426374928197));
#6390=CARTESIAN_POINT('Ctrl Pts',(-3.64472499820576,-3.64472499820576,290.426374928197));
#6391=CARTESIAN_POINT('Ctrl Pts',(4.46350080282503E-16,-3.64472499820576,
290.426374928197));
#6392=CARTESIAN_POINT('Ctrl Pts',(3.64472499820576,-3.64472499820576,290.426374928197));
#6393=CARTESIAN_POINT('Ctrl Pts',(3.64472499820576,4.46350080282503E-16,
290.426374928197));
#6394=CARTESIAN_POINT('Ctrl Pts',(3.74845762821726,4.59053663613574E-16,
290.058306129348));
#6395=CARTESIAN_POINT('Ctrl Pts',(3.74845762821726,3.74845762821726,290.058306129348));
#6396=CARTESIAN_POINT('Ctrl Pts',(-4.59053663613574E-16,3.74845762821726,
290.058306129348));
#6397=CARTESIAN_POINT('Ctrl Pts',(-3.74845762821726,3.74845762821726,290.058306129348));
#6398=CARTESIAN_POINT('Ctrl Pts',(-3.74845762821726,-4.59053663613574E-16,
290.058306129348));
#6399=CARTESIAN_POINT('Ctrl Pts',(-3.74845762821726,-3.74845762821726,290.058306129348));
#6400=CARTESIAN_POINT('Ctrl Pts',(4.59053663613574E-16,-3.74845762821726,
290.058306129348));
#6401=CARTESIAN_POINT('Ctrl Pts',(3.74845762821726,-3.74845762821726,290.058306129348));
#6402=CARTESIAN_POINT('Ctrl Pts',(3.74845762821726,4.59053663613574E-16,
290.058306129348));
#6403=CARTESIAN_POINT('Ctrl Pts',(3.85214343469671,4.71751512715782E-16,
289.686765392315));
#6404=CARTESIAN_POINT('Ctrl Pts',(3.85214343469671,3.85214343469671,289.686765392315));
#6405=CARTESIAN_POINT('Ctrl Pts',(-4.71751512715782E-16,3.85214343469671,
289.686765392315));
#6406=CARTESIAN_POINT('Ctrl Pts',(-3.85214343469671,3.85214343469671,289.686765392315));
#6407=CARTESIAN_POINT('Ctrl Pts',(-3.85214343469671,-4.71751512715782E-16,
289.686765392315));
#6408=CARTESIAN_POINT('Ctrl Pts',(-3.85214343469671,-3.85214343469671,289.686765392315));
#6409=CARTESIAN_POINT('Ctrl Pts',(4.71751512715782E-16,-3.85214343469671,
289.686765392315));
#6410=CARTESIAN_POINT('Ctrl Pts',(3.85214343469671,-3.85214343469671,289.686765392315));
#6411=CARTESIAN_POINT('Ctrl Pts',(3.85214343469671,4.71751512715782E-16,
289.686765392315));
#6412=CARTESIAN_POINT('Ctrl Pts',(3.95577961213966,4.84443284013919E-16,
289.31182305409));
#6413=CARTESIAN_POINT('Ctrl Pts',(3.95577961213966,3.95577961213966,289.31182305409));
#6414=CARTESIAN_POINT('Ctrl Pts',(-4.84443284013919E-16,3.95577961213966,
289.31182305409));
#6415=CARTESIAN_POINT('Ctrl Pts',(-3.95577961213966,3.95577961213966,289.31182305409));
#6416=CARTESIAN_POINT('Ctrl Pts',(-3.95577961213966,-4.84443284013919E-16,
289.31182305409));
#6417=CARTESIAN_POINT('Ctrl Pts',(-3.95577961213966,-3.95577961213966,289.31182305409));
#6418=CARTESIAN_POINT('Ctrl Pts',(4.84443284013919E-16,-3.95577961213966,
289.31182305409));
#6419=CARTESIAN_POINT('Ctrl Pts',(3.95577961213966,-3.95577961213966,289.31182305409));
#6420=CARTESIAN_POINT('Ctrl Pts',(3.95577961213966,4.84443284013919E-16,
289.31182305409));
#6421=CARTESIAN_POINT('Ctrl Pts',(4.05936324539197,4.97128620504569E-16,
288.933546882166));
#6422=CARTESIAN_POINT('Ctrl Pts',(4.05936324539197,4.05936324539197,288.933546882166));
#6423=CARTESIAN_POINT('Ctrl Pts',(-4.97128620504569E-16,4.05936324539197,
288.933546882166));
#6424=CARTESIAN_POINT('Ctrl Pts',(-4.05936324539197,4.05936324539197,288.933546882166));
#6425=CARTESIAN_POINT('Ctrl Pts',(-4.05936324539197,-4.97128620504569E-16,
288.933546882166));
#6426=CARTESIAN_POINT('Ctrl Pts',(-4.05936324539197,-4.05936324539197,288.933546882166));
#6427=CARTESIAN_POINT('Ctrl Pts',(4.97128620504569E-16,-4.05936324539197,
288.933546882166));
#6428=CARTESIAN_POINT('Ctrl Pts',(4.05936324539197,-4.05936324539197,288.933546882166));
#6429=CARTESIAN_POINT('Ctrl Pts',(4.05936324539197,4.97128620504569E-16,
288.933546882166));
#6430=CARTESIAN_POINT('Ctrl Pts',(4.16289140008795,5.09807162831575E-16,
288.552002108398));
#6431=CARTESIAN_POINT('Ctrl Pts',(4.16289140008795,4.16289140008795,288.552002108398));
#6432=CARTESIAN_POINT('Ctrl Pts',(-5.09807162831575E-16,4.16289140008795,
288.552002108398));
#6433=CARTESIAN_POINT('Ctrl Pts',(-4.16289140008795,4.16289140008795,288.552002108398));
#6434=CARTESIAN_POINT('Ctrl Pts',(-4.16289140008795,-5.09807162831575E-16,
288.552002108398));
#6435=CARTESIAN_POINT('Ctrl Pts',(-4.16289140008795,-4.16289140008795,288.552002108398));
#6436=CARTESIAN_POINT('Ctrl Pts',(5.09807162831575E-16,-4.16289140008795,
288.552002108398));
#6437=CARTESIAN_POINT('Ctrl Pts',(4.16289140008795,-4.16289140008795,288.552002108398));
#6438=CARTESIAN_POINT('Ctrl Pts',(4.16289140008795,5.09807162831575E-16,
288.552002108398));
#6439=CARTESIAN_POINT('Ctrl Pts',(4.26636119552837,5.22478558211029E-16,
288.167251492724));
#6440=CARTESIAN_POINT('Ctrl Pts',(4.26636119552836,4.26636119552837,288.167251492724));
#6441=CARTESIAN_POINT('Ctrl Pts',(-5.22478558211029E-16,4.26636119552837,
288.167251492724));
#6442=CARTESIAN_POINT('Ctrl Pts',(-4.26636119552837,4.26636119552836,288.167251492724));
#6443=CARTESIAN_POINT('Ctrl Pts',(-4.26636119552837,-5.22478558211029E-16,
288.167251492724));
#6444=CARTESIAN_POINT('Ctrl Pts',(-4.26636119552836,-4.26636119552837,288.167251492724));
#6445=CARTESIAN_POINT('Ctrl Pts',(5.22478558211029E-16,-4.26636119552837,
288.167251492724));
#6446=CARTESIAN_POINT('Ctrl Pts',(4.26636119552837,-4.26636119552836,288.167251492724));
#6447=CARTESIAN_POINT('Ctrl Pts',(4.26636119552837,5.22478558211029E-16,
288.167251492724));
#6448=CARTESIAN_POINT('Ctrl Pts',(4.36976987970951,5.35142469619677E-16,
287.779355379488));
#6449=CARTESIAN_POINT('Ctrl Pts',(4.36976987970951,4.36976987970951,287.779355379488));
#6450=CARTESIAN_POINT('Ctrl Pts',(-5.35142469619677E-16,4.36976987970951,
287.779355379488));
#6451=CARTESIAN_POINT('Ctrl Pts',(-4.36976987970951,4.36976987970951,287.779355379488));
#6452=CARTESIAN_POINT('Ctrl Pts',(-4.36976987970951,-5.35142469619677E-16,
287.779355379488));
#6453=CARTESIAN_POINT('Ctrl Pts',(-4.36976987970951,-4.36976987970951,287.779355379488));
#6454=CARTESIAN_POINT('Ctrl Pts',(5.35142469619677E-16,-4.36976987970951,
287.779355379488));
#6455=CARTESIAN_POINT('Ctrl Pts',(4.36976987970951,-4.36976987970951,287.779355379488));
#6456=CARTESIAN_POINT('Ctrl Pts',(4.36976987970951,5.35142469619677E-16,
287.779355379488));
#6457=CARTESIAN_POINT('Ctrl Pts',(4.47311491475925,5.4779858625782E-16,
287.388371746891));
#6458=CARTESIAN_POINT('Ctrl Pts',(4.47311491475925,4.47311491475925,287.388371746891));
#6459=CARTESIAN_POINT('Ctrl Pts',(-5.4779858625782E-16,4.47311491475925,
287.388371746891));
#6460=CARTESIAN_POINT('Ctrl Pts',(-4.47311491475925,4.47311491475925,287.388371746891));
#6461=CARTESIAN_POINT('Ctrl Pts',(-4.47311491475925,-5.4779858625782E-16,
287.388371746891));
#6462=CARTESIAN_POINT('Ctrl Pts',(-4.47311491475925,-4.47311491475925,287.388371746891));
#6463=CARTESIAN_POINT('Ctrl Pts',(5.4779858625782E-16,-4.47311491475925,
287.388371746891));
#6464=CARTESIAN_POINT('Ctrl Pts',(4.47311491475925,-4.47311491475925,287.388371746891));
#6465=CARTESIAN_POINT('Ctrl Pts',(4.47311491475925,5.4779858625782E-16,
287.388371746891));
#6466=CARTESIAN_POINT('Ctrl Pts',(4.57639395120721,5.60446620398322E-16,
286.994356354671));
#6467=CARTESIAN_POINT('Ctrl Pts',(4.57639395120721,4.57639395120721,286.994356354671));
#6468=CARTESIAN_POINT('Ctrl Pts',(-5.60446620398322E-16,4.57639395120721,
286.994356354671));
#6469=CARTESIAN_POINT('Ctrl Pts',(-4.57639395120721,4.57639395120721,286.994356354671));
#6470=CARTESIAN_POINT('Ctrl Pts',(-4.57639395120721,-5.60446620398322E-16,
286.994356354671));
#6471=CARTESIAN_POINT('Ctrl Pts',(-4.57639395120721,-4.57639395120721,286.994356354671));
#6472=CARTESIAN_POINT('Ctrl Pts',(5.60446620398322E-16,-4.57639395120721,
286.994356354671));
#6473=CARTESIAN_POINT('Ctrl Pts',(4.57639395120721,-4.57639395120721,286.994356354671));
#6474=CARTESIAN_POINT('Ctrl Pts',(4.57639395120721,5.60446620398322E-16,
286.994356354671));
#6475=CARTESIAN_POINT('Ctrl Pts',(4.67960477966448,5.73086301469076E-16,
286.597362913891));
#6476=CARTESIAN_POINT('Ctrl Pts',(4.67960477966448,4.67960477966448,286.597362913891));
#6477=CARTESIAN_POINT('Ctrl Pts',(-5.73086301469076E-16,4.67960477966448,
286.597362913891));
#6478=CARTESIAN_POINT('Ctrl Pts',(-4.67960477966448,4.67960477966448,286.597362913891));
#6479=CARTESIAN_POINT('Ctrl Pts',(-4.67960477966448,-5.73086301469076E-16,
286.597362913891));
#6480=CARTESIAN_POINT('Ctrl Pts',(-4.67960477966448,-4.67960477966448,286.597362913891));
#6481=CARTESIAN_POINT('Ctrl Pts',(5.73086301469076E-16,-4.67960477966448,
286.597362913891));
#6482=CARTESIAN_POINT('Ctrl Pts',(4.67960477966448,-4.67960477966448,286.597362913891));
#6483=CARTESIAN_POINT('Ctrl Pts',(4.67960477966448,5.73086301469076E-16,
286.597362913891));
#6484=CARTESIAN_POINT('Ctrl Pts',(4.78274529325348,5.85717371451994E-16,
286.197443243486));
#6485=CARTESIAN_POINT('Ctrl Pts',(4.78274529325347,4.78274529325348,286.197443243486));
#6486=CARTESIAN_POINT('Ctrl Pts',(-5.85717371451994E-16,4.78274529325348,
286.197443243486));
#6487=CARTESIAN_POINT('Ctrl Pts',(-4.78274529325348,4.78274529325347,286.197443243486));
#6488=CARTESIAN_POINT('Ctrl Pts',(-4.78274529325348,-5.85717371451994E-16,
286.197443243486));
#6489=CARTESIAN_POINT('Ctrl Pts',(-4.78274529325347,-4.78274529325348,286.197443243486));
#6490=CARTESIAN_POINT('Ctrl Pts',(5.85717371451994E-16,-4.78274529325348,
286.197443243486));
#6491=CARTESIAN_POINT('Ctrl Pts',(4.78274529325348,-4.78274529325347,286.197443243486));
#6492=CARTESIAN_POINT('Ctrl Pts',(4.78274529325348,5.85717371451994E-16,
286.197443243486));
#6493=CARTESIAN_POINT('Ctrl Pts',(4.88581343881384,5.98339578907449E-16,
285.794647445197));
#6494=CARTESIAN_POINT('Ctrl Pts',(4.88581343881384,4.88581343881384,285.794647445197));
#6495=CARTESIAN_POINT('Ctrl Pts',(-5.98339578907449E-16,4.88581343881384,
285.794647445197));
#6496=CARTESIAN_POINT('Ctrl Pts',(-4.88581343881384,4.88581343881384,285.794647445197));
#6497=CARTESIAN_POINT('Ctrl Pts',(-4.88581343881384,-5.98339578907449E-16,
285.794647445197));
#6498=CARTESIAN_POINT('Ctrl Pts',(-4.88581343881384,-4.88581343881384,285.794647445197));
#6499=CARTESIAN_POINT('Ctrl Pts',(5.98339578907449E-16,-4.88581343881384,
285.794647445197));
#6500=CARTESIAN_POINT('Ctrl Pts',(4.88581343881384,-4.88581343881384,285.794647445197));
#6501=CARTESIAN_POINT('Ctrl Pts',(4.88581343881384,5.98339578907449E-16,
285.794647445197));
#6502=CARTESIAN_POINT('Ctrl Pts',(4.98880719771637,6.10952676624663E-16,
285.389024023002));
#6503=CARTESIAN_POINT('Ctrl Pts',(4.98880719771637,4.98880719771637,285.389024023002));
#6504=CARTESIAN_POINT('Ctrl Pts',(-6.10952676624663E-16,4.98880719771637,
285.389024023002));
#6505=CARTESIAN_POINT('Ctrl Pts',(-4.98880719771637,4.98880719771637,285.389024023002));
#6506=CARTESIAN_POINT('Ctrl Pts',(-4.98880719771637,-6.10952676624663E-16,
285.389024023002));
#6507=CARTESIAN_POINT('Ctrl Pts',(-4.98880719771637,-4.98880719771637,285.389024023002));
#6508=CARTESIAN_POINT('Ctrl Pts',(6.10952676624663E-16,-4.98880719771637,
285.389024023002));
#6509=CARTESIAN_POINT('Ctrl Pts',(4.98880719771637,-4.98880719771637,285.389024023002));
#6510=CARTESIAN_POINT('Ctrl Pts',(4.98880719771637,6.10952676624663E-16,
285.389024023002));
#6511=CARTESIAN_POINT('Ctrl Pts',(5.09172460134137,6.23556423517254E-16,
284.980619935223));
#6512=CARTESIAN_POINT('Ctrl Pts',(5.09172460134136,5.09172460134137,284.980619935223));
#6513=CARTESIAN_POINT('Ctrl Pts',(-6.23556423517254E-16,5.09172460134137,
284.980619935223));
#6514=CARTESIAN_POINT('Ctrl Pts',(-5.09172460134137,5.09172460134136,284.980619935223));
#6515=CARTESIAN_POINT('Ctrl Pts',(-5.09172460134137,-6.23556423517254E-16,
284.980619935223));
#6516=CARTESIAN_POINT('Ctrl Pts',(-5.09172460134136,-5.09172460134137,284.980619935223));
#6517=CARTESIAN_POINT('Ctrl Pts',(6.23556423517254E-16,-5.09172460134137,
284.980619935223));
#6518=CARTESIAN_POINT('Ctrl Pts',(5.09172460134137,-5.09172460134136,284.980619935223));
#6519=CARTESIAN_POINT('Ctrl Pts',(5.09172460134137,6.23556423517254E-16,
284.980619935223));
#6520=CARTESIAN_POINT('Ctrl Pts',(5.19456373802034,6.36150585473353E-16,
284.569480663582));
#6521=CARTESIAN_POINT('Ctrl Pts',(5.19456373802034,5.19456373802034,284.569480663582));
#6522=CARTESIAN_POINT('Ctrl Pts',(-6.36150585473353E-16,5.19456373802034,
284.569480663582));
#6523=CARTESIAN_POINT('Ctrl Pts',(-5.19456373802034,5.19456373802034,284.569480663582));
#6524=CARTESIAN_POINT('Ctrl Pts',(-5.19456373802034,-6.36150585473353E-16,
284.569480663582));
#6525=CARTESIAN_POINT('Ctrl Pts',(-5.19456373802034,-5.19456373802034,284.569480663582));
#6526=CARTESIAN_POINT('Ctrl Pts',(6.36150585473353E-16,-5.19456373802034,
284.569480663582));
#6527=CARTESIAN_POINT('Ctrl Pts',(5.19456373802034,-5.19456373802034,284.569480663582));
#6528=CARTESIAN_POINT('Ctrl Pts',(5.19456373802034,6.36150585473353E-16,
284.569480663582));
#6529=CARTESIAN_POINT('Ctrl Pts',(5.29732276310814,6.4873493658908E-16,
284.155650275354));
#6530=CARTESIAN_POINT('Ctrl Pts',(5.29732276310814,5.29732276310814,284.155650275354));
#6531=CARTESIAN_POINT('Ctrl Pts',(-6.4873493658908E-16,5.29732276310814,
284.155650275354));
#6532=CARTESIAN_POINT('Ctrl Pts',(-5.29732276310814,5.29732276310814,284.155650275354));
#6533=CARTESIAN_POINT('Ctrl Pts',(-5.29732276310814,-6.4873493658908E-16,
284.155650275354));
#6534=CARTESIAN_POINT('Ctrl Pts',(-5.29732276310814,-5.29732276310814,284.155650275354));
#6535=CARTESIAN_POINT('Ctrl Pts',(6.4873493658908E-16,-5.29732276310814,
284.155650275354));
#6536=CARTESIAN_POINT('Ctrl Pts',(5.29732276310814,-5.29732276310814,284.155650275354));
#6537=CARTESIAN_POINT('Ctrl Pts',(5.29732276310814,6.4873493658908E-16,
284.155650275354));
#6538=CARTESIAN_POINT('Ctrl Pts',(5.39999990860598,6.61309260347032E-16,
283.739171488405));
#6539=CARTESIAN_POINT('Ctrl Pts',(5.39999990860598,5.39999990860598,283.739171488405));
#6540=CARTESIAN_POINT('Ctrl Pts',(-6.61309260347032E-16,5.39999990860598,
283.739171488405));
#6541=CARTESIAN_POINT('Ctrl Pts',(-5.39999990860598,5.39999990860598,283.739171488405));
#6542=CARTESIAN_POINT('Ctrl Pts',(-5.39999990860598,-6.61309260347032E-16,
283.739171488405));
#6543=CARTESIAN_POINT('Ctrl Pts',(-5.39999990860598,-5.39999990860598,283.739171488405));
#6544=CARTESIAN_POINT('Ctrl Pts',(6.61309260347032E-16,-5.39999990860598,
283.739171488405));
#6545=CARTESIAN_POINT('Ctrl Pts',(5.39999990860598,-5.39999990860598,283.739171488405));
#6546=CARTESIAN_POINT('Ctrl Pts',(5.39999990860598,6.61309260347032E-16,
283.739171488405));
#6547=CARTESIAN_POINT('Ctrl Pts',(5.50259347562302,6.73873348693084E-16,
283.320085737131));
#6548=CARTESIAN_POINT('Ctrl Pts',(5.50259347562302,5.50259347562302,283.320085737131));
#6549=CARTESIAN_POINT('Ctrl Pts',(-6.73873348693084E-16,5.50259347562302,
283.320085737131));
#6550=CARTESIAN_POINT('Ctrl Pts',(-5.50259347562302,5.50259347562302,283.320085737131));
#6551=CARTESIAN_POINT('Ctrl Pts',(-5.50259347562302,-6.73873348693084E-16,
283.320085737131));
#6552=CARTESIAN_POINT('Ctrl Pts',(-5.50259347562302,-5.50259347562302,283.320085737131));
#6553=CARTESIAN_POINT('Ctrl Pts',(6.73873348693084E-16,-5.50259347562302,
283.320085737131));
#6554=CARTESIAN_POINT('Ctrl Pts',(5.50259347562302,-5.50259347562302,283.320085737131));
#6555=CARTESIAN_POINT('Ctrl Pts',(5.50259347562302,6.73873348693084E-16,
283.320085737131));
#6556=CARTESIAN_POINT('Ctrl Pts',(5.60510182508549,6.86427000898593E-16,
282.898433239589));
#6557=CARTESIAN_POINT('Ctrl Pts',(5.60510182508549,5.60510182508549,282.898433239589));
#6558=CARTESIAN_POINT('Ctrl Pts',(-6.86427000898593E-16,5.60510182508549,
282.898433239589));
#6559=CARTESIAN_POINT('Ctrl Pts',(-5.60510182508549,5.60510182508549,282.898433239589));
#6560=CARTESIAN_POINT('Ctrl Pts',(-5.60510182508549,-6.86427000898593E-16,
282.898433239589));
#6561=CARTESIAN_POINT('Ctrl Pts',(-5.60510182508549,-5.60510182508549,282.898433239589));
#6562=CARTESIAN_POINT('Ctrl Pts',(6.86427000898593E-16,-5.60510182508549,
282.898433239589));
#6563=CARTESIAN_POINT('Ctrl Pts',(5.60510182508549,-5.60510182508549,282.898433239589));
#6564=CARTESIAN_POINT('Ctrl Pts',(5.60510182508549,6.86427000898593E-16,
282.898433239589));
#6565=CARTESIAN_POINT('Ctrl Pts',(5.70752336943208,6.98970022543371E-16,
282.47425306318));
#6566=CARTESIAN_POINT('Ctrl Pts',(5.70752336943208,5.70752336943208,282.47425306318));
#6567=CARTESIAN_POINT('Ctrl Pts',(-6.98970022543371E-16,5.70752336943208,
282.47425306318));
#6568=CARTESIAN_POINT('Ctrl Pts',(-5.70752336943208,5.70752336943208,282.47425306318));
#6569=CARTESIAN_POINT('Ctrl Pts',(-5.70752336943208,-6.98970022543371E-16,
282.47425306318));
#6570=CARTESIAN_POINT('Ctrl Pts',(-5.70752336943208,-5.70752336943208,282.47425306318));
#6571=CARTESIAN_POINT('Ctrl Pts',(6.98970022543371E-16,-5.70752336943208,
282.47425306318));
#6572=CARTESIAN_POINT('Ctrl Pts',(5.70752336943208,-5.70752336943208,282.47425306318));
#6573=CARTESIAN_POINT('Ctrl Pts',(5.70752336943208,6.98970022543371E-16,
282.47425306318));
#6574=CARTESIAN_POINT('Ctrl Pts',(5.80985656311789,7.11502224352757E-16,
282.047583193172));
#6575=CARTESIAN_POINT('Ctrl Pts',(5.80985656311789,5.80985656311789,282.047583193172));
#6576=CARTESIAN_POINT('Ctrl Pts',(-7.11502224352757E-16,5.80985656311789,
282.047583193172));
#6577=CARTESIAN_POINT('Ctrl Pts',(-5.80985656311789,5.80985656311789,282.047583193172));
#6578=CARTESIAN_POINT('Ctrl Pts',(-5.80985656311789,-7.11502224352757E-16,
282.047583193172));
#6579=CARTESIAN_POINT('Ctrl Pts',(-5.80985656311789,-5.80985656311789,282.047583193172));
#6580=CARTESIAN_POINT('Ctrl Pts',(7.11502224352757E-16,-5.80985656311789,
282.047583193172));
#6581=CARTESIAN_POINT('Ctrl Pts',(5.80985656311789,-5.80985656311789,282.047583193172));
#6582=CARTESIAN_POINT('Ctrl Pts',(5.80985656311789,7.11502224352757E-16,
282.047583193172));
#6583=CARTESIAN_POINT('Ctrl Pts',(5.91209989610483,7.24023421400418E-16,
281.618460592761));
#6584=CARTESIAN_POINT('Ctrl Pts',(5.91209989610483,5.91209989610483,281.618460592761));
#6585=CARTESIAN_POINT('Ctrl Pts',(-7.24023421400418E-16,5.91209989610483,
281.618460592761));
#6586=CARTESIAN_POINT('Ctrl Pts',(-5.91209989610483,5.91209989610483,281.618460592761));
#6587=CARTESIAN_POINT('Ctrl Pts',(-5.91209989610483,-7.24023421400418E-16,
281.618460592761));
#6588=CARTESIAN_POINT('Ctrl Pts',(-5.91209989610483,-5.91209989610483,281.618460592761));
#6589=CARTESIAN_POINT('Ctrl Pts',(7.24023421400418E-16,-5.91209989610483,
281.618460592761));
#6590=CARTESIAN_POINT('Ctrl Pts',(5.91209989610483,-5.91209989610483,281.618460592761));
#6591=CARTESIAN_POINT('Ctrl Pts',(5.91209989610483,7.24023421400418E-16,
281.618460592761));
#6592=CARTESIAN_POINT('Ctrl Pts',(6.01425189496243,7.36533433243165E-16,
281.18692124043));
#6593=CARTESIAN_POINT('Ctrl Pts',(6.01425189496243,6.01425189496243,281.18692124043));
#6594=CARTESIAN_POINT('Ctrl Pts',(-7.36533433243165E-16,6.01425189496243,
281.18692124043));
#6595=CARTESIAN_POINT('Ctrl Pts',(-6.01425189496243,6.01425189496243,281.18692124043));
#6596=CARTESIAN_POINT('Ctrl Pts',(-6.01425189496243,-7.36533433243165E-16,
281.18692124043));
#6597=CARTESIAN_POINT('Ctrl Pts',(-6.01425189496243,-6.01425189496243,281.18692124043));
#6598=CARTESIAN_POINT('Ctrl Pts',(7.36533433243165E-16,-6.01425189496243,
281.18692124043));
#6599=CARTESIAN_POINT('Ctrl Pts',(6.01425189496243,-6.01425189496243,281.18692124043));
#6600=CARTESIAN_POINT('Ctrl Pts',(6.01425189496243,7.36533433243165E-16,
281.18692124043));
#6601=CARTESIAN_POINT('Ctrl Pts',(6.1163111226376,7.49032083892749E-16,
280.75300017167));
#6602=CARTESIAN_POINT('Ctrl Pts',(6.11631112263759,6.1163111226376,280.75300017167));
#6603=CARTESIAN_POINT('Ctrl Pts',(-7.49032083892749E-16,6.1163111226376,
280.75300017167));
#6604=CARTESIAN_POINT('Ctrl Pts',(-6.1163111226376,6.11631112263759,280.75300017167));
#6605=CARTESIAN_POINT('Ctrl Pts',(-6.1163111226376,-7.49032083892749E-16,
280.75300017167));
#6606=CARTESIAN_POINT('Ctrl Pts',(-6.11631112263759,-6.1163111226376,280.75300017167));
#6607=CARTESIAN_POINT('Ctrl Pts',(7.49032083892749E-16,-6.1163111226376,
280.75300017167));
#6608=CARTESIAN_POINT('Ctrl Pts',(6.1163111226376,-6.11631112263759,280.75300017167));
#6609=CARTESIAN_POINT('Ctrl Pts',(6.1163111226376,7.49032083892749E-16,
280.75300017167));
#6610=CARTESIAN_POINT('Ctrl Pts',(6.21827617860353,7.61519201834105E-16,
280.316731518579));
#6611=CARTESIAN_POINT('Ctrl Pts',(6.21827617860353,6.21827617860353,280.316731518579));
#6612=CARTESIAN_POINT('Ctrl Pts',(-7.61519201834105E-16,6.21827617860353,
280.316731518579));
#6613=CARTESIAN_POINT('Ctrl Pts',(-6.21827617860353,6.21827617860353,280.316731518579));
#6614=CARTESIAN_POINT('Ctrl Pts',(-6.21827617860353,-7.61519201834105E-16,
280.316731518579));
#6615=CARTESIAN_POINT('Ctrl Pts',(-6.21827617860353,-6.21827617860353,280.316731518579));
#6616=CARTESIAN_POINT('Ctrl Pts',(7.61519201834105E-16,-6.21827617860353,
280.316731518579));
#6617=CARTESIAN_POINT('Ctrl Pts',(6.21827617860353,-6.21827617860353,280.316731518579));
#6618=CARTESIAN_POINT('Ctrl Pts',(6.21827617860353,7.61519201834105E-16,
280.316731518579));
#6619=CARTESIAN_POINT('Ctrl Pts',(6.32014569921051,7.73994620068306E-16,
279.87814855128));
#6620=CARTESIAN_POINT('Ctrl Pts',(6.32014569921051,6.32014569921051,279.87814855128));
#6621=CARTESIAN_POINT('Ctrl Pts',(-7.73994620068306E-16,6.32014569921051,
279.87814855128));
#6622=CARTESIAN_POINT('Ctrl Pts',(-6.32014569921051,6.32014569921051,279.87814855128));
#6623=CARTESIAN_POINT('Ctrl Pts',(-6.32014569921051,-7.73994620068306E-16,
279.87814855128));
#6624=CARTESIAN_POINT('Ctrl Pts',(-6.32014569921051,-6.32014569921051,279.87814855128));
#6625=CARTESIAN_POINT('Ctrl Pts',(7.73994620068306E-16,-6.32014569921051,
279.87814855128));
#6626=CARTESIAN_POINT('Ctrl Pts',(6.32014569921051,-6.32014569921051,279.87814855128));
#6627=CARTESIAN_POINT('Ctrl Pts',(6.32014569921051,7.73994620068306E-16,
279.87814855128));
#6628=CARTESIAN_POINT('Ctrl Pts',(6.42191835649735,7.86458175967012E-16,
279.437283714729));
#6629=CARTESIAN_POINT('Ctrl Pts',(6.42191835649735,6.42191835649735,279.437283714729));
#6630=CARTESIAN_POINT('Ctrl Pts',(-7.86458175967012E-16,6.42191835649735,
279.437283714729));
#6631=CARTESIAN_POINT('Ctrl Pts',(-6.42191835649735,6.42191835649735,279.437283714729));
#6632=CARTESIAN_POINT('Ctrl Pts',(-6.42191835649735,-7.86458175967012E-16,
279.437283714729));
#6633=CARTESIAN_POINT('Ctrl Pts',(-6.42191835649735,-6.42191835649735,279.437283714729));
#6634=CARTESIAN_POINT('Ctrl Pts',(7.86458175967012E-16,-6.42191835649735,
279.437283714729));
#6635=CARTESIAN_POINT('Ctrl Pts',(6.42191835649735,-6.42191835649735,279.437283714729));
#6636=CARTESIAN_POINT('Ctrl Pts',(6.42191835649735,7.86458175967012E-16,
279.437283714729));
#6637=CARTESIAN_POINT('Ctrl Pts',(6.52359285544617,7.9890971093627E-16,
278.994168661424));
#6638=CARTESIAN_POINT('Ctrl Pts',(6.52359285544617,6.52359285544617,278.994168661424));
#6639=CARTESIAN_POINT('Ctrl Pts',(-7.9890971093627E-16,6.52359285544617,
278.994168661424));
#6640=CARTESIAN_POINT('Ctrl Pts',(-6.52359285544617,6.52359285544617,278.994168661424));
#6641=CARTESIAN_POINT('Ctrl Pts',(-6.52359285544617,-7.9890971093627E-16,
278.994168661424));
#6642=CARTESIAN_POINT('Ctrl Pts',(-6.52359285544617,-6.52359285544617,278.994168661424));
#6643=CARTESIAN_POINT('Ctrl Pts',(7.9890971093627E-16,-6.52359285544617,
278.994168661424));
#6644=CARTESIAN_POINT('Ctrl Pts',(6.52359285544617,-6.52359285544617,278.994168661424));
#6645=CARTESIAN_POINT('Ctrl Pts',(6.52359285544617,7.9890971093627E-16,
278.994168661424));
#6646=CARTESIAN_POINT('Ctrl Pts',(6.62516793162893,8.11349070128306E-16,
278.548834285458));
#6647=CARTESIAN_POINT('Ctrl Pts',(6.62516793162892,6.62516793162893,278.548834285458));
#6648=CARTESIAN_POINT('Ctrl Pts',(-8.11349070128306E-16,6.62516793162893,
278.548834285458));
#6649=CARTESIAN_POINT('Ctrl Pts',(-6.62516793162893,6.62516793162892,278.548834285458));
#6650=CARTESIAN_POINT('Ctrl Pts',(-6.62516793162893,-8.11349070128306E-16,
278.548834285458));
#6651=CARTESIAN_POINT('Ctrl Pts',(-6.62516793162892,-6.62516793162893,278.548834285458));
#6652=CARTESIAN_POINT('Ctrl Pts',(8.11349070128306E-16,-6.62516793162893,
278.548834285458));
#6653=CARTESIAN_POINT('Ctrl Pts',(6.62516793162893,-6.62516793162892,278.548834285458));
#6654=CARTESIAN_POINT('Ctrl Pts',(6.62516793162893,8.11349070128306E-16,
278.548834285458));
#6655=CARTESIAN_POINT('Ctrl Pts',(6.72664234879337,8.23776102145884E-16,
278.101310755459));
#6656=CARTESIAN_POINT('Ctrl Pts',(6.72664234879337,6.72664234879337,278.101310755459));
#6657=CARTESIAN_POINT('Ctrl Pts',(-8.23776102145884E-16,6.72664234879337,
278.101310755459));
#6658=CARTESIAN_POINT('Ctrl Pts',(-6.72664234879337,6.72664234879337,278.101310755459));
#6659=CARTESIAN_POINT('Ctrl Pts',(-6.72664234879337,-8.23776102145884E-16,
278.101310755459));
#6660=CARTESIAN_POINT('Ctrl Pts',(-6.72664234879337,-6.72664234879337,278.101310755459));
#6661=CARTESIAN_POINT('Ctrl Pts',(8.23776102145884E-16,-6.72664234879337,
278.101310755459));
#6662=CARTESIAN_POINT('Ctrl Pts',(6.72664234879337,-6.72664234879337,278.101310755459));
#6663=CARTESIAN_POINT('Ctrl Pts',(6.72664234879337,8.23776102145884E-16,
278.101310755459));
#6664=CARTESIAN_POINT('Ctrl Pts',(6.8280148962275,8.36190658719545E-16,
277.65162754936));
#6665=CARTESIAN_POINT('Ctrl Pts',(6.82801489622749,6.8280148962275,277.65162754936));
#6666=CARTESIAN_POINT('Ctrl Pts',(-8.36190658719545E-16,6.8280148962275,
277.65162754936));
#6667=CARTESIAN_POINT('Ctrl Pts',(-6.8280148962275,6.82801489622749,277.65162754936));
#6668=CARTESIAN_POINT('Ctrl Pts',(-6.8280148962275,-8.36190658719545E-16,
277.65162754936));
#6669=CARTESIAN_POINT('Ctrl Pts',(-6.82801489622749,-6.8280148962275,277.65162754936));
#6670=CARTESIAN_POINT('Ctrl Pts',(8.36190658719545E-16,-6.8280148962275,
277.65162754936));
#6671=CARTESIAN_POINT('Ctrl Pts',(6.8280148962275,-6.82801489622749,277.65162754936));
#6672=CARTESIAN_POINT('Ctrl Pts',(6.8280148962275,8.36190658719545E-16,
277.65162754936));
#6673=CARTESIAN_POINT('Ctrl Pts',(6.92928438743796,8.48592594545763E-16,
277.199813481663));
#6674=CARTESIAN_POINT('Ctrl Pts',(6.92928438743796,6.92928438743796,277.199813481663));
#6675=CARTESIAN_POINT('Ctrl Pts',(-8.48592594545763E-16,6.92928438743796,
277.199813481663));
#6676=CARTESIAN_POINT('Ctrl Pts',(-6.92928438743796,6.92928438743796,277.199813481663));
#6677=CARTESIAN_POINT('Ctrl Pts',(-6.92928438743796,-8.48592594545763E-16,
277.199813481663));
#6678=CARTESIAN_POINT('Ctrl Pts',(-6.92928438743796,-6.92928438743796,277.199813481663));
#6679=CARTESIAN_POINT('Ctrl Pts',(8.48592594545763E-16,-6.92928438743796,
277.199813481663));
#6680=CARTESIAN_POINT('Ctrl Pts',(6.92928438743796,-6.92928438743796,277.199813481663));
#6681=CARTESIAN_POINT('Ctrl Pts',(6.92928438743796,8.48592594545763E-16,
277.199813481663));
#6682=CARTESIAN_POINT('Ctrl Pts',(7.03044965959414,8.60981767218856E-16,
276.745896726508));
#6683=CARTESIAN_POINT('Ctrl Pts',(7.03044965959414,7.03044965959414,276.745896726508));
#6684=CARTESIAN_POINT('Ctrl Pts',(-8.60981767218856E-16,7.03044965959414,
276.745896726508));
#6685=CARTESIAN_POINT('Ctrl Pts',(-7.03044965959414,7.03044965959414,276.745896726508));
#6686=CARTESIAN_POINT('Ctrl Pts',(-7.03044965959414,-8.60981767218856E-16,
276.745896726508));
#6687=CARTESIAN_POINT('Ctrl Pts',(-7.03044965959414,-7.03044965959414,276.745896726508));
#6688=CARTESIAN_POINT('Ctrl Pts',(8.60981767218856E-16,-7.03044965959414,
276.745896726508));
#6689=CARTESIAN_POINT('Ctrl Pts',(7.03044965959414,-7.03044965959414,276.745896726508));
#6690=CARTESIAN_POINT('Ctrl Pts',(7.03044965959414,8.60981767218856E-16,
276.745896726508));
#6691=CARTESIAN_POINT('Ctrl Pts',(7.13150957274213,8.73358037134736E-16,
276.28990484215));
#6692=CARTESIAN_POINT('Ctrl Pts',(7.13150957274213,7.13150957274213,276.28990484215));
#6693=CARTESIAN_POINT('Ctrl Pts',(-8.73358037134736E-16,7.13150957274213,
276.28990484215));
#6694=CARTESIAN_POINT('Ctrl Pts',(-7.13150957274213,7.13150957274213,276.28990484215));
#6695=CARTESIAN_POINT('Ctrl Pts',(-7.13150957274213,-8.73358037134736E-16,
276.28990484215));
#6696=CARTESIAN_POINT('Ctrl Pts',(-7.13150957274213,-7.13150957274213,276.28990484215));
#6697=CARTESIAN_POINT('Ctrl Pts',(8.73358037134736E-16,-7.13150957274213,
276.28990484215));
#6698=CARTESIAN_POINT('Ctrl Pts',(7.13150957274213,-7.13150957274213,276.28990484215));
#6699=CARTESIAN_POINT('Ctrl Pts',(7.13150957274213,8.73358037134736E-16,
276.28990484215));
#6700=CARTESIAN_POINT('Ctrl Pts',(7.23246300910108,8.85721267404727E-16,
275.831864794563));
#6701=CARTESIAN_POINT('Ctrl Pts',(7.23246300910108,7.23246300910108,275.831864794563));
#6702=CARTESIAN_POINT('Ctrl Pts',(-8.85721267404727E-16,7.23246300910108,
275.831864794563));
#6703=CARTESIAN_POINT('Ctrl Pts',(-7.23246300910108,7.23246300910108,275.831864794563));
#6704=CARTESIAN_POINT('Ctrl Pts',(-7.23246300910108,-8.85721267404727E-16,
275.831864794563));
#6705=CARTESIAN_POINT('Ctrl Pts',(-7.23246300910108,-7.23246300910108,275.831864794563));
#6706=CARTESIAN_POINT('Ctrl Pts',(8.85721267404727E-16,-7.23246300910108,
275.831864794563));
#6707=CARTESIAN_POINT('Ctrl Pts',(7.23246300910108,-7.23246300910108,275.831864794563));
#6708=CARTESIAN_POINT('Ctrl Pts',(7.23246300910108,8.85721267404727E-16,
275.831864794563));
#6709=CARTESIAN_POINT('Ctrl Pts',(7.33330887236078,8.98071323769551E-16,
275.37180298211));
#6710=CARTESIAN_POINT('Ctrl Pts',(7.33330887236077,7.33330887236078,275.37180298211));
#6711=CARTESIAN_POINT('Ctrl Pts',(-8.98071323769551E-16,7.33330887236078,
275.37180298211));
#6712=CARTESIAN_POINT('Ctrl Pts',(-7.33330887236078,7.33330887236077,275.37180298211));
#6713=CARTESIAN_POINT('Ctrl Pts',(-7.33330887236078,-8.98071323769551E-16,
275.37180298211));
#6714=CARTESIAN_POINT('Ctrl Pts',(-7.33330887236077,-7.33330887236078,275.37180298211));
#6715=CARTESIAN_POINT('Ctrl Pts',(8.98071323769551E-16,-7.33330887236078,
275.37180298211));
#6716=CARTESIAN_POINT('Ctrl Pts',(7.33330887236078,-7.33330887236077,275.37180298211));
#6717=CARTESIAN_POINT('Ctrl Pts',(7.33330887236078,8.98071323769551E-16,
275.37180298211));
#6718=CARTESIAN_POINT('Ctrl Pts',(7.4340460868054,9.10408074492014E-16,
274.909745256201));
#6719=CARTESIAN_POINT('Ctrl Pts',(7.4340460868054,7.4340460868054,274.909745256201));
#6720=CARTESIAN_POINT('Ctrl Pts',(-9.10408074492014E-16,7.4340460868054,
274.909745256201));
#6721=CARTESIAN_POINT('Ctrl Pts',(-7.4340460868054,7.4340460868054,274.909745256201));
#6722=CARTESIAN_POINT('Ctrl Pts',(-7.4340460868054,-9.10408074492014E-16,
274.909745256201));
#6723=CARTESIAN_POINT('Ctrl Pts',(-7.4340460868054,-7.4340460868054,274.909745256201));
#6724=CARTESIAN_POINT('Ctrl Pts',(9.10408074492014E-16,-7.4340460868054,
274.909745256201));
#6725=CARTESIAN_POINT('Ctrl Pts',(7.4340460868054,-7.4340460868054,274.909745256201));
#6726=CARTESIAN_POINT('Ctrl Pts',(7.4340460868054,9.10408074492014E-16,
274.909745256201));
#6727=CARTESIAN_POINT('Ctrl Pts',(7.53467359633372,9.22731390237016E-16,
274.445716939832));
#6728=CARTESIAN_POINT('Ctrl Pts',(7.53467359633371,7.53467359633371,274.445716939832));
#6729=CARTESIAN_POINT('Ctrl Pts',(-9.22731390237016E-16,7.53467359633372,
274.445716939832));
#6730=CARTESIAN_POINT('Ctrl Pts',(-7.53467359633371,7.53467359633371,274.445716939832));
#6731=CARTESIAN_POINT('Ctrl Pts',(-7.53467359633372,-9.22731390237016E-16,
274.445716939832));
#6732=CARTESIAN_POINT('Ctrl Pts',(-7.53467359633371,-7.53467359633371,274.445716939832));
#6733=CARTESIAN_POINT('Ctrl Pts',(9.22731390237016E-16,-7.53467359633372,
274.445716939832));
#6734=CARTESIAN_POINT('Ctrl Pts',(7.53467359633371,-7.53467359633371,274.445716939832));
#6735=CARTESIAN_POINT('Ctrl Pts',(7.53467359633372,9.22731390237016E-16,
274.445716939832));
#6736=CARTESIAN_POINT('Ctrl Pts',(7.63519036350227,9.35041143954378E-16,
273.979742846879));
#6737=CARTESIAN_POINT('Ctrl Pts',(7.63519036350227,7.63519036350227,273.979742846879));
#6738=CARTESIAN_POINT('Ctrl Pts',(-9.35041143954378E-16,7.63519036350227,
273.979742846879));
#6739=CARTESIAN_POINT('Ctrl Pts',(-7.63519036350227,7.63519036350227,273.979742846879));
#6740=CARTESIAN_POINT('Ctrl Pts',(-7.63519036350227,-9.35041143954378E-16,
273.979742846879));
#6741=CARTESIAN_POINT('Ctrl Pts',(-7.63519036350227,-7.63519036350227,273.979742846879));
#6742=CARTESIAN_POINT('Ctrl Pts',(9.35041143954378E-16,-7.63519036350227,
273.979742846879));
#6743=CARTESIAN_POINT('Ctrl Pts',(7.63519036350227,-7.63519036350227,273.979742846879));
#6744=CARTESIAN_POINT('Ctrl Pts',(7.63519036350227,9.35041143954378E-16,
273.979742846879));
#6745=CARTESIAN_POINT('Ctrl Pts',(7.73559536858432,9.47337210763588E-16,
273.511847300819));
#6746=CARTESIAN_POINT('Ctrl Pts',(7.73559536858432,7.73559536858432,273.511847300819));
#6747=CARTESIAN_POINT('Ctrl Pts',(-9.47337210763588E-16,7.73559536858432,
273.511847300819));
#6748=CARTESIAN_POINT('Ctrl Pts',(-7.73559536858432,7.73559536858432,273.511847300819));
#6749=CARTESIAN_POINT('Ctrl Pts',(-7.73559536858432,-9.47337210763588E-16,
273.511847300819));
#6750=CARTESIAN_POINT('Ctrl Pts',(-7.73559536858432,-7.73559536858432,273.511847300819));
#6751=CARTESIAN_POINT('Ctrl Pts',(9.47337210763588E-16,-7.73559536858432,
273.511847300819));
#6752=CARTESIAN_POINT('Ctrl Pts',(7.73559536858432,-7.73559536858432,273.511847300819));
#6753=CARTESIAN_POINT('Ctrl Pts',(7.73559536858432,9.47337210763588E-16,
273.511847300819));
#6754=CARTESIAN_POINT('Ctrl Pts',(7.83588760856289,9.59619467830495E-16,
273.042054154317));
#6755=CARTESIAN_POINT('Ctrl Pts',(7.83588760856288,7.83588760856289,273.042054154317));
#6756=CARTESIAN_POINT('Ctrl Pts',(-9.59619467830495E-16,7.83588760856289,
273.042054154317));
#6757=CARTESIAN_POINT('Ctrl Pts',(-7.83588760856289,7.83588760856288,273.042054154317));
#6758=CARTESIAN_POINT('Ctrl Pts',(-7.83588760856289,-9.59619467830495E-16,
273.042054154317));
#6759=CARTESIAN_POINT('Ctrl Pts',(-7.83588760856288,-7.83588760856289,273.042054154317));
#6760=CARTESIAN_POINT('Ctrl Pts',(9.59619467830495E-16,-7.83588760856289,
273.042054154317));
#6761=CARTESIAN_POINT('Ctrl Pts',(7.83588760856289,-7.83588760856288,273.042054154317));
#6762=CARTESIAN_POINT('Ctrl Pts',(7.83588760856289,9.59619467830495E-16,
273.042054154317));
#6763=CARTESIAN_POINT('Ctrl Pts',(7.93606609640724,9.71887794278695E-16,
272.570386805749));
#6764=CARTESIAN_POINT('Ctrl Pts',(7.93606609640723,7.93606609640724,272.570386805749));
#6765=CARTESIAN_POINT('Ctrl Pts',(-9.71887794278695E-16,7.93606609640724,
272.570386805749));
#6766=CARTESIAN_POINT('Ctrl Pts',(-7.93606609640724,7.93606609640723,272.570386805749));
#6767=CARTESIAN_POINT('Ctrl Pts',(-7.93606609640724,-9.71887794278695E-16,
272.570386805749));
#6768=CARTESIAN_POINT('Ctrl Pts',(-7.93606609640723,-7.93606609640724,272.570386805749));
#6769=CARTESIAN_POINT('Ctrl Pts',(9.71887794278695E-16,-7.93606609640724,
272.570386805749));
#6770=CARTESIAN_POINT('Ctrl Pts',(7.93606609640724,-7.93606609640723,272.570386805749));
#6771=CARTESIAN_POINT('Ctrl Pts',(7.93606609640724,9.71887794278695E-16,
272.570386805749));
#6772=CARTESIAN_POINT('Ctrl Pts',(8.03612986058217,9.84142071129442E-16,
272.096868213262));
#6773=CARTESIAN_POINT('Ctrl Pts',(8.03612986058216,8.03612986058216,272.096868213262));
#6774=CARTESIAN_POINT('Ctrl Pts',(-9.84142071129442E-16,8.03612986058217,
272.096868213262));
#6775=CARTESIAN_POINT('Ctrl Pts',(-8.03612986058216,8.03612986058216,272.096868213262));
#6776=CARTESIAN_POINT('Ctrl Pts',(-8.03612986058217,-9.84142071129442E-16,
272.096868213262));
#6777=CARTESIAN_POINT('Ctrl Pts',(-8.03612986058216,-8.03612986058216,272.096868213262));
#6778=CARTESIAN_POINT('Ctrl Pts',(9.84142071129442E-16,-8.03612986058217,
272.096868213262));
#6779=CARTESIAN_POINT('Ctrl Pts',(8.03612986058216,-8.03612986058216,272.096868213262));
#6780=CARTESIAN_POINT('Ctrl Pts',(8.03612986058217,9.84142071129442E-16,
272.096868213262));
#6781=CARTESIAN_POINT('Ctrl Pts',(8.13607794448983,9.96382181233284E-16,
271.62152090959));
#6782=CARTESIAN_POINT('Ctrl Pts',(8.13607794448982,8.13607794448982,271.62152090959));
#6783=CARTESIAN_POINT('Ctrl Pts',(-9.96382181233284E-16,8.13607794448983,
271.62152090959));
#6784=CARTESIAN_POINT('Ctrl Pts',(-8.13607794448982,8.13607794448982,271.62152090959));
#6785=CARTESIAN_POINT('Ctrl Pts',(-8.13607794448983,-9.96382181233284E-16,
271.62152090959));
#6786=CARTESIAN_POINT('Ctrl Pts',(-8.13607794448982,-8.13607794448982,271.62152090959));
#6787=CARTESIAN_POINT('Ctrl Pts',(9.96382181233284E-16,-8.13607794448983,
271.62152090959));
#6788=CARTESIAN_POINT('Ctrl Pts',(8.13607794448982,-8.13607794448982,271.62152090959));
#6789=CARTESIAN_POINT('Ctrl Pts',(8.13607794448983,9.96382181233284E-16,
271.62152090959));
#6790=CARTESIAN_POINT('Ctrl Pts',(8.2359094059424,1.00860800920549E-15,
271.144367016419));
#6791=CARTESIAN_POINT('Ctrl Pts',(8.2359094059424,8.2359094059424,271.144367016419));
#6792=CARTESIAN_POINT('Ctrl Pts',(-1.00860800920549E-15,8.2359094059424,
271.144367016419));
#6793=CARTESIAN_POINT('Ctrl Pts',(-8.2359094059424,8.2359094059424,271.144367016419));
#6794=CARTESIAN_POINT('Ctrl Pts',(-8.2359094059424,-1.00860800920549E-15,
271.144367016419));
#6795=CARTESIAN_POINT('Ctrl Pts',(-8.2359094059424,-8.2359094059424,271.144367016419));
#6796=CARTESIAN_POINT('Ctrl Pts',(1.00860800920549E-15,-8.2359094059424,
271.144367016419));
#6797=CARTESIAN_POINT('Ctrl Pts',(8.2359094059424,-8.2359094059424,271.144367016419));
#6798=CARTESIAN_POINT('Ctrl Pts',(8.2359094059424,1.00860800920549E-15,
271.144367016419));
#6799=CARTESIAN_POINT('Ctrl Pts',(8.33562331661661,1.02081944135926E-15,
270.665428259266));
#6800=CARTESIAN_POINT('Ctrl Pts',(8.33562331661661,8.33562331661661,270.665428259266));
#6801=CARTESIAN_POINT('Ctrl Pts',(-1.02081944135926E-15,8.33562331661661,
270.665428259266));
#6802=CARTESIAN_POINT('Ctrl Pts',(-8.33562331661661,8.33562331661661,270.665428259266));
#6803=CARTESIAN_POINT('Ctrl Pts',(-8.33562331661661,-1.02081944135926E-15,
270.665428259266));
#6804=CARTESIAN_POINT('Ctrl Pts',(-8.33562331661661,-8.33562331661661,270.665428259266));
#6805=CARTESIAN_POINT('Ctrl Pts',(1.02081944135926E-15,-8.33562331661661,
270.665428259266));
#6806=CARTESIAN_POINT('Ctrl Pts',(8.33562331661661,-8.33562331661661,270.665428259266));
#6807=CARTESIAN_POINT('Ctrl Pts',(8.33562331661661,1.02081944135926E-15,
270.665428259266));
#6808=CARTESIAN_POINT('Ctrl Pts',(8.43521876153641,1.03301636564233E-15,
270.184725981031));
#6809=CARTESIAN_POINT('Ctrl Pts',(8.43521876153641,8.43521876153641,270.184725981031));
#6810=CARTESIAN_POINT('Ctrl Pts',(-1.03301636564233E-15,8.43521876153641,
270.184725981031));
#6811=CARTESIAN_POINT('Ctrl Pts',(-8.43521876153641,8.43521876153641,270.184725981031));
#6812=CARTESIAN_POINT('Ctrl Pts',(-8.43521876153641,-1.03301636564233E-15,
270.184725981031));
#6813=CARTESIAN_POINT('Ctrl Pts',(-8.43521876153641,-8.43521876153641,270.184725981031));
#6814=CARTESIAN_POINT('Ctrl Pts',(1.03301636564233E-15,-8.43521876153641,
270.184725981031));
#6815=CARTESIAN_POINT('Ctrl Pts',(8.43521876153641,-8.43521876153641,270.184725981031));
#6816=CARTESIAN_POINT('Ctrl Pts',(8.43521876153641,1.03301636564233E-15,
270.184725981031));
#6817=CARTESIAN_POINT('Ctrl Pts',(8.53469483859703,1.04519867157873E-15,
269.702281153209));
#6818=CARTESIAN_POINT('Ctrl Pts',(8.53469483859703,8.53469483859703,269.702281153209));
#6819=CARTESIAN_POINT('Ctrl Pts',(-1.04519867157873E-15,8.53469483859703,
269.702281153209));
#6820=CARTESIAN_POINT('Ctrl Pts',(-8.53469483859703,8.53469483859703,269.702281153209));
#6821=CARTESIAN_POINT('Ctrl Pts',(-8.53469483859703,-1.04519867157873E-15,
269.702281153209));
#6822=CARTESIAN_POINT('Ctrl Pts',(-8.53469483859703,-8.53469483859703,269.702281153209));
#6823=CARTESIAN_POINT('Ctrl Pts',(1.04519867157873E-15,-8.53469483859703,
269.702281153209));
#6824=CARTESIAN_POINT('Ctrl Pts',(8.53469483859703,-8.53469483859703,269.702281153209));
#6825=CARTESIAN_POINT('Ctrl Pts',(8.53469483859703,1.04519867157873E-15,
269.702281153209));
#6826=CARTESIAN_POINT('Ctrl Pts',(8.63405065808027,1.05736625020941E-15,
269.218114387615));
#6827=CARTESIAN_POINT('Ctrl Pts',(8.63405065808027,8.63405065808027,269.218114387615));
#6828=CARTESIAN_POINT('Ctrl Pts',(-1.05736625020941E-15,8.63405065808027,
269.218114387615));
#6829=CARTESIAN_POINT('Ctrl Pts',(-8.63405065808027,8.63405065808027,269.218114387615));
#6830=CARTESIAN_POINT('Ctrl Pts',(-8.63405065808027,-1.05736625020941E-15,
269.218114387615));
#6831=CARTESIAN_POINT('Ctrl Pts',(-8.63405065808027,-8.63405065808027,269.218114387615));
#6832=CARTESIAN_POINT('Ctrl Pts',(1.05736625020941E-15,-8.63405065808027,
269.218114387615));
#6833=CARTESIAN_POINT('Ctrl Pts',(8.63405065808027,-8.63405065808027,269.218114387615));
#6834=CARTESIAN_POINT('Ctrl Pts',(8.63405065808027,1.05736625020941E-15,
269.218114387615));
#6835=CARTESIAN_POINT('Ctrl Pts',(8.73328534217504,1.06951899403352E-15,
268.732245947881));
#6836=CARTESIAN_POINT('Ctrl Pts',(8.73328534217504,8.73328534217504,268.732245947881));
#6837=CARTESIAN_POINT('Ctrl Pts',(-1.06951899403352E-15,8.73328534217504,
268.732245947881));
#6838=CARTESIAN_POINT('Ctrl Pts',(-8.73328534217504,8.73328534217504,268.732245947881));
#6839=CARTESIAN_POINT('Ctrl Pts',(-8.73328534217504,-1.06951899403352E-15,
268.732245947881));
#6840=CARTESIAN_POINT('Ctrl Pts',(-8.73328534217504,-8.73328534217504,268.732245947881));
#6841=CARTESIAN_POINT('Ctrl Pts',(1.06951899403352E-15,-8.73328534217504,
268.732245947881));
#6842=CARTESIAN_POINT('Ctrl Pts',(8.73328534217504,-8.73328534217504,268.732245947881));
#6843=CARTESIAN_POINT('Ctrl Pts',(8.73328534217504,1.06951899403352E-15,
268.732245947881));
#6844=CARTESIAN_POINT('Ctrl Pts',(8.83239802449377,1.08165679694917E-15,
268.244695761097));
#6845=CARTESIAN_POINT('Ctrl Pts',(8.83239802449376,8.83239802449377,268.244695761097));
#6846=CARTESIAN_POINT('Ctrl Pts',(-1.08165679694917E-15,8.83239802449377,
268.244695761097));
#6847=CARTESIAN_POINT('Ctrl Pts',(-8.83239802449377,8.83239802449376,268.244695761097));
#6848=CARTESIAN_POINT('Ctrl Pts',(-8.83239802449377,-1.08165679694917E-15,
268.244695761097));
#6849=CARTESIAN_POINT('Ctrl Pts',(-8.83239802449376,-8.83239802449377,268.244695761097));
#6850=CARTESIAN_POINT('Ctrl Pts',(1.08165679694917E-15,-8.83239802449377,
268.244695761097));
#6851=CARTESIAN_POINT('Ctrl Pts',(8.83239802449377,-8.83239802449376,268.244695761097));
#6852=CARTESIAN_POINT('Ctrl Pts',(8.83239802449377,1.08165679694917E-15,
268.244695761097));
#6853=CARTESIAN_POINT('Ctrl Pts',(8.93138784959873,1.09377955419547E-15,
267.755483429249));
#6854=CARTESIAN_POINT('Ctrl Pts',(8.93138784959873,8.93138784959873,267.755483429249));
#6855=CARTESIAN_POINT('Ctrl Pts',(-1.09377955419547E-15,8.93138784959873,
267.755483429249));
#6856=CARTESIAN_POINT('Ctrl Pts',(-8.93138784959873,8.93138784959873,267.755483429249));
#6857=CARTESIAN_POINT('Ctrl Pts',(-8.93138784959873,-1.09377955419547E-15,
267.755483429249));
#6858=CARTESIAN_POINT('Ctrl Pts',(-8.93138784959873,-8.93138784959873,267.755483429249));
#6859=CARTESIAN_POINT('Ctrl Pts',(1.09377955419547E-15,-8.93138784959873,
267.755483429249));
#6860=CARTESIAN_POINT('Ctrl Pts',(8.93138784959873,-8.93138784959873,267.755483429249));
#6861=CARTESIAN_POINT('Ctrl Pts',(8.93138784959873,1.09377955419547E-15,
267.755483429249));
#6862=CARTESIAN_POINT('Ctrl Pts',(9.03025397266621,1.10588716231133E-15,
267.264628238314));
#6863=CARTESIAN_POINT('Ctrl Pts',(9.03025397266621,9.03025397266621,267.264628238314));
#6864=CARTESIAN_POINT('Ctrl Pts',(-1.10588716231133E-15,9.03025397266621,
267.264628238314));
#6865=CARTESIAN_POINT('Ctrl Pts',(-9.03025397266621,9.03025397266621,267.264628238314));
#6866=CARTESIAN_POINT('Ctrl Pts',(-9.03025397266621,-1.10588716231133E-15,
267.264628238314));
#6867=CARTESIAN_POINT('Ctrl Pts',(-9.03025397266621,-9.03025397266621,267.264628238314));
#6868=CARTESIAN_POINT('Ctrl Pts',(1.10588716231133E-15,-9.03025397266621,
267.264628238314));
#6869=CARTESIAN_POINT('Ctrl Pts',(9.03025397266621,-9.03025397266621,267.264628238314));
#6870=CARTESIAN_POINT('Ctrl Pts',(9.03025397266621,1.10588716231133E-15,
267.264628238314));
#6871=CARTESIAN_POINT('Ctrl Pts',(9.12899555914431,1.11797951909365E-15,
266.772149167467));
#6872=CARTESIAN_POINT('Ctrl Pts',(9.12899555914431,9.12899555914431,266.772149167467));
#6873=CARTESIAN_POINT('Ctrl Pts',(-1.11797951909365E-15,9.12899555914431,
266.772149167467));
#6874=CARTESIAN_POINT('Ctrl Pts',(-9.12899555914431,9.12899555914431,266.772149167467));
#6875=CARTESIAN_POINT('Ctrl Pts',(-9.12899555914431,-1.11797951909365E-15,
266.772149167467));
#6876=CARTESIAN_POINT('Ctrl Pts',(-9.12899555914431,-9.12899555914431,266.772149167467));
#6877=CARTESIAN_POINT('Ctrl Pts',(1.11797951909365E-15,-9.12899555914431,
266.772149167467));
#6878=CARTESIAN_POINT('Ctrl Pts',(9.12899555914431,-9.12899555914431,266.772149167467));
#6879=CARTESIAN_POINT('Ctrl Pts',(9.12899555914431,1.11797951909365E-15,
266.772149167467));
#6880=CARTESIAN_POINT('Ctrl Pts',(9.2276117844126,1.13005652355553E-15,
266.278064898278));
#6881=CARTESIAN_POINT('Ctrl Pts',(9.2276117844126,9.2276117844126,266.278064898278));
#6882=CARTESIAN_POINT('Ctrl Pts',(-1.13005652355553E-15,9.2276117844126,
266.278064898278));
#6883=CARTESIAN_POINT('Ctrl Pts',(-9.2276117844126,9.2276117844126,266.278064898278));
#6884=CARTESIAN_POINT('Ctrl Pts',(-9.2276117844126,-1.13005652355553E-15,
266.278064898278));
#6885=CARTESIAN_POINT('Ctrl Pts',(-9.2276117844126,-9.2276117844126,266.278064898278));
#6886=CARTESIAN_POINT('Ctrl Pts',(1.13005652355553E-15,-9.2276117844126,
266.278064898278));
#6887=CARTESIAN_POINT('Ctrl Pts',(9.2276117844126,-9.2276117844126,266.278064898278));
#6888=CARTESIAN_POINT('Ctrl Pts',(9.2276117844126,1.13005652355553E-15,
266.278064898278));
#6889=CARTESIAN_POINT('Ctrl Pts',(9.32610183344475,1.14211807588504E-15,
265.782393823815));
#6890=CARTESIAN_POINT('Ctrl Pts',(9.32610183344475,9.32610183344475,265.782393823815));
#6891=CARTESIAN_POINT('Ctrl Pts',(-1.14211807588504E-15,9.32610183344475,
265.782393823815));
#6892=CARTESIAN_POINT('Ctrl Pts',(-9.32610183344475,9.32610183344475,265.782393823815));
#6893=CARTESIAN_POINT('Ctrl Pts',(-9.32610183344475,-1.14211807588504E-15,
265.782393823815));
#6894=CARTESIAN_POINT('Ctrl Pts',(-9.32610183344475,-9.32610183344475,265.782393823815));
#6895=CARTESIAN_POINT('Ctrl Pts',(1.14211807588504E-15,-9.32610183344475,
265.782393823815));
#6896=CARTESIAN_POINT('Ctrl Pts',(9.32610183344475,-9.32610183344475,265.782393823815));
#6897=CARTESIAN_POINT('Ctrl Pts',(9.32610183344475,1.14211807588504E-15,
265.782393823815));
#6898=CARTESIAN_POINT('Ctrl Pts',(9.42446490046197,1.15416407740273E-15,
265.285154058029));
#6899=CARTESIAN_POINT('Ctrl Pts',(9.42446490046196,9.42446490046196,265.285154058029));
#6900=CARTESIAN_POINT('Ctrl Pts',(-1.15416407740273E-15,9.42446490046197,
265.285154058029));
#6901=CARTESIAN_POINT('Ctrl Pts',(-9.42446490046196,9.42446490046196,265.285154058029));
#6902=CARTESIAN_POINT('Ctrl Pts',(-9.42446490046197,-1.15416407740273E-15,
265.285154058029));
#6903=CARTESIAN_POINT('Ctrl Pts',(-9.42446490046196,-9.42446490046196,265.285154058029));
#6904=CARTESIAN_POINT('Ctrl Pts',(1.15416407740273E-15,-9.42446490046197,
265.285154058029));
#6905=CARTESIAN_POINT('Ctrl Pts',(9.42446490046196,-9.42446490046196,265.285154058029));
#6906=CARTESIAN_POINT('Ctrl Pts',(9.42446490046197,1.15416407740273E-15,
265.285154058029));
#6907=CARTESIAN_POINT('Ctrl Pts',(9.52270018863613,1.16619443052531E-15,
264.786363443671));
#6908=CARTESIAN_POINT('Ctrl Pts',(9.52270018863612,9.52270018863613,264.786363443671));
#6909=CARTESIAN_POINT('Ctrl Pts',(-1.16619443052531E-15,9.52270018863613,
264.786363443671));
#6910=CARTESIAN_POINT('Ctrl Pts',(-9.52270018863613,9.52270018863612,264.786363443671));
#6911=CARTESIAN_POINT('Ctrl Pts',(-9.52270018863613,-1.16619443052531E-15,
264.786363443671));
#6912=CARTESIAN_POINT('Ctrl Pts',(-9.52270018863612,-9.52270018863613,264.786363443671));
#6913=CARTESIAN_POINT('Ctrl Pts',(1.16619443052531E-15,-9.52270018863613,
264.786363443671));
#6914=CARTESIAN_POINT('Ctrl Pts',(9.52270018863613,-9.52270018863612,264.786363443671));
#6915=CARTESIAN_POINT('Ctrl Pts',(9.52270018863613,1.16619443052531E-15,
264.786363443671));
#6916=CARTESIAN_POINT('Ctrl Pts',(9.62080690981618,1.17820903873211E-15,
264.286039559548));
#6917=CARTESIAN_POINT('Ctrl Pts',(9.62080690981618,9.62080690981618,264.286039559548));
#6918=CARTESIAN_POINT('Ctrl Pts',(-1.17820903873211E-15,9.62080690981618,
264.286039559548));
#6919=CARTESIAN_POINT('Ctrl Pts',(-9.62080690981618,9.62080690981618,264.286039559548));
#6920=CARTESIAN_POINT('Ctrl Pts',(-9.62080690981618,-1.17820903873211E-15,
264.286039559548));
#6921=CARTESIAN_POINT('Ctrl Pts',(-9.62080690981618,-9.62080690981618,264.286039559548));
#6922=CARTESIAN_POINT('Ctrl Pts',(1.17820903873211E-15,-9.62080690981618,
264.286039559548));
#6923=CARTESIAN_POINT('Ctrl Pts',(9.62080690981618,-9.62080690981618,264.286039559548));
#6924=CARTESIAN_POINT('Ctrl Pts',(9.62080690981618,1.17820903873211E-15,
264.286039559548));
#6925=CARTESIAN_POINT('Ctrl Pts',(9.71878428424684,1.19020780653065E-15,
263.784199727999));
#6926=CARTESIAN_POINT('Ctrl Pts',(9.71878428424684,9.71878428424684,263.784199727999));
#6927=CARTESIAN_POINT('Ctrl Pts',(-1.19020780653065E-15,9.71878428424684,
263.784199727999));
#6928=CARTESIAN_POINT('Ctrl Pts',(-9.71878428424684,9.71878428424684,263.784199727999));
#6929=CARTESIAN_POINT('Ctrl Pts',(-9.71878428424684,-1.19020780653065E-15,
263.784199727999));
#6930=CARTESIAN_POINT('Ctrl Pts',(-9.71878428424684,-9.71878428424684,263.784199727999));
#6931=CARTESIAN_POINT('Ctrl Pts',(1.19020780653065E-15,-9.71878428424684,
263.784199727999));
#6932=CARTESIAN_POINT('Ctrl Pts',(9.71878428424684,-9.71878428424684,263.784199727999));
#6933=CARTESIAN_POINT('Ctrl Pts',(9.71878428424684,1.19020780653065E-15,
263.784199727999));
#6934=CARTESIAN_POINT('Ctrl Pts',(9.81663154029267,1.20219063942284E-15,
263.280861022242));
#6935=CARTESIAN_POINT('Ctrl Pts',(9.81663154029266,9.81663154029266,263.280861022242));
#6936=CARTESIAN_POINT('Ctrl Pts',(-1.20219063942284E-15,9.81663154029267,
263.280861022242));
#6937=CARTESIAN_POINT('Ctrl Pts',(-9.81663154029266,9.81663154029266,263.280861022242));
#6938=CARTESIAN_POINT('Ctrl Pts',(-9.81663154029267,-1.20219063942284E-15,
263.280861022242));
#6939=CARTESIAN_POINT('Ctrl Pts',(-9.81663154029266,-9.81663154029266,263.280861022242));
#6940=CARTESIAN_POINT('Ctrl Pts',(1.20219063942284E-15,-9.81663154029267,
263.280861022242));
#6941=CARTESIAN_POINT('Ctrl Pts',(9.81663154029266,-9.81663154029266,263.280861022242));
#6942=CARTESIAN_POINT('Ctrl Pts',(9.81663154029267,1.20219063942284E-15,
263.280861022242));
#6943=CARTESIAN_POINT('Ctrl Pts',(9.91434791415641,1.21415744387049E-15,
262.77604027387));
#6944=CARTESIAN_POINT('Ctrl Pts',(9.91434791415641,9.91434791415641,262.77604027387));
#6945=CARTESIAN_POINT('Ctrl Pts',(-1.21415744387049E-15,9.91434791415641,
262.77604027387));
#6946=CARTESIAN_POINT('Ctrl Pts',(-9.91434791415641,9.91434791415641,262.77604027387));
#6947=CARTESIAN_POINT('Ctrl Pts',(-9.91434791415641,-1.21415744387049E-15,
262.77604027387));
#6948=CARTESIAN_POINT('Ctrl Pts',(-9.91434791415641,-9.91434791415641,262.77604027387));
#6949=CARTESIAN_POINT('Ctrl Pts',(1.21415744387049E-15,-9.91434791415641,
262.77604027387));
#6950=CARTESIAN_POINT('Ctrl Pts',(9.91434791415641,-9.91434791415641,262.77604027387));
#6951=CARTESIAN_POINT('Ctrl Pts',(9.91434791415641,1.21415744387049E-15,
262.77604027387));
#6952=CARTESIAN_POINT('Ctrl Pts',(10.0119326496127,1.22610812726271E-15,
262.269754079988));
#6953=CARTESIAN_POINT('Ctrl Pts',(10.0119326496127,10.0119326496127,262.269754079988));
#6954=CARTESIAN_POINT('Ctrl Pts',(-1.22610812726271E-15,10.0119326496127,
262.269754079988));
#6955=CARTESIAN_POINT('Ctrl Pts',(-10.0119326496127,10.0119326496127,262.269754079988));
#6956=CARTESIAN_POINT('Ctrl Pts',(-10.0119326496127,-1.22610812726271E-15,
262.269754079988));
#6957=CARTESIAN_POINT('Ctrl Pts',(-10.0119326496127,-10.0119326496127,262.269754079988));
#6958=CARTESIAN_POINT('Ctrl Pts',(1.22610812726271E-15,-10.0119326496127,
262.269754079988));
#6959=CARTESIAN_POINT('Ctrl Pts',(10.0119326496127,-10.0119326496127,262.269754079988));
#6960=CARTESIAN_POINT('Ctrl Pts',(10.0119326496127,1.22610812726271E-15,
262.269754079988));
#6961=CARTESIAN_POINT('Ctrl Pts',(10.109384997799,1.23804259789029E-15,
261.762018809096));
#6962=CARTESIAN_POINT('Ctrl Pts',(10.109384997799,10.109384997799,261.762018809096));
#6963=CARTESIAN_POINT('Ctrl Pts',(-1.23804259789029E-15,10.109384997799,
261.762018809096));
#6964=CARTESIAN_POINT('Ctrl Pts',(-10.109384997799,10.109384997799,261.762018809096));
#6965=CARTESIAN_POINT('Ctrl Pts',(-10.109384997799,-1.23804259789029E-15,
261.762018809096));
#6966=CARTESIAN_POINT('Ctrl Pts',(-10.109384997799,-10.109384997799,261.762018809096));
#6967=CARTESIAN_POINT('Ctrl Pts',(1.23804259789029E-15,-10.109384997799,
261.762018809096));
#6968=CARTESIAN_POINT('Ctrl Pts',(10.109384997799,-10.109384997799,261.762018809096));
#6969=CARTESIAN_POINT('Ctrl Pts',(10.109384997799,1.23804259789029E-15,
261.762018809096));
#6970=CARTESIAN_POINT('Ctrl Pts',(10.206704216998,1.24996076491904E-15,
261.252850607132));
#6971=CARTESIAN_POINT('Ctrl Pts',(10.206704216998,10.206704216998,261.252850607132));
#6972=CARTESIAN_POINT('Ctrl Pts',(-1.24996076491904E-15,10.206704216998,
261.252850607132));
#6973=CARTESIAN_POINT('Ctrl Pts',(-10.206704216998,10.206704216998,261.252850607132));
#6974=CARTESIAN_POINT('Ctrl Pts',(-10.206704216998,-1.24996076491904E-15,
261.252850607132));
#6975=CARTESIAN_POINT('Ctrl Pts',(-10.206704216998,-10.206704216998,261.252850607132));
#6976=CARTESIAN_POINT('Ctrl Pts',(1.24996076491904E-15,-10.206704216998,
261.252850607132));
#6977=CARTESIAN_POINT('Ctrl Pts',(10.206704216998,-10.206704216998,261.252850607132));
#6978=CARTESIAN_POINT('Ctrl Pts',(10.206704216998,1.24996076491904E-15,
261.252850607132));
#6979=CARTESIAN_POINT('Ctrl Pts',(10.3038895724235,1.26186253836362E-15,
260.742265403494));
#6980=CARTESIAN_POINT('Ctrl Pts',(10.3038895724235,10.3038895724235,260.742265403494));
#6981=CARTESIAN_POINT('Ctrl Pts',(-1.26186253836362E-15,10.3038895724235,
260.742265403494));
#6982=CARTESIAN_POINT('Ctrl Pts',(-10.3038895724235,10.3038895724235,260.742265403494));
#6983=CARTESIAN_POINT('Ctrl Pts',(-10.3038895724235,-1.26186253836362E-15,
260.742265403494));
#6984=CARTESIAN_POINT('Ctrl Pts',(-10.3038895724235,-10.3038895724235,260.742265403494));
#6985=CARTESIAN_POINT('Ctrl Pts',(1.26186253836362E-15,-10.3038895724235,
260.742265403494));
#6986=CARTESIAN_POINT('Ctrl Pts',(10.3038895724235,-10.3038895724235,260.742265403494));
#6987=CARTESIAN_POINT('Ctrl Pts',(10.3038895724235,1.26186253836362E-15,
260.742265403494));
#6988=CARTESIAN_POINT('Ctrl Pts',(10.4009403360072,1.27374782906138E-15,
260.230278916994));
#6989=CARTESIAN_POINT('Ctrl Pts',(10.4009403360071,10.4009403360072,260.230278916994));
#6990=CARTESIAN_POINT('Ctrl Pts',(-1.27374782906138E-15,10.4009403360072,
260.230278916994));
#6991=CARTESIAN_POINT('Ctrl Pts',(-10.4009403360072,10.4009403360071,260.230278916994));
#6992=CARTESIAN_POINT('Ctrl Pts',(-10.4009403360072,-1.27374782906138E-15,
260.230278916994));
#6993=CARTESIAN_POINT('Ctrl Pts',(-10.4009403360071,-10.4009403360072,260.230278916994));
#6994=CARTESIAN_POINT('Ctrl Pts',(1.27374782906138E-15,-10.4009403360072,
260.230278916994));
#6995=CARTESIAN_POINT('Ctrl Pts',(10.4009403360072,-10.4009403360071,260.230278916994));
#6996=CARTESIAN_POINT('Ctrl Pts',(10.4009403360072,1.27374782906138E-15,
260.230278916994));
#6997=CARTESIAN_POINT('Ctrl Pts',(10.4978557861796,1.28561654864554E-15,
259.716906662002));
#6998=CARTESIAN_POINT('Ctrl Pts',(10.4978557861796,10.4978557861796,259.716906662002));
#6999=CARTESIAN_POINT('Ctrl Pts',(-1.28561654864554E-15,10.4978557861796,
259.716906662002));
#7000=CARTESIAN_POINT('Ctrl Pts',(-10.4978557861796,10.4978557861796,259.716906662002));
#7001=CARTESIAN_POINT('Ctrl Pts',(-10.4978557861796,-1.28561654864554E-15,
259.716906662002));
#7002=CARTESIAN_POINT('Ctrl Pts',(-10.4978557861796,-10.4978557861796,259.716906662002));
#7003=CARTESIAN_POINT('Ctrl Pts',(1.28561654864554E-15,-10.4978557861796,
259.716906662002));
#7004=CARTESIAN_POINT('Ctrl Pts',(10.4978557861796,-10.4978557861796,259.716906662002));
#7005=CARTESIAN_POINT('Ctrl Pts',(10.4978557861796,1.28561654864554E-15,
259.716906662002));
#7006=CARTESIAN_POINT('Ctrl Pts',(10.5946352076832,1.29746860952231E-15,
259.202163953713));
#7007=CARTESIAN_POINT('Ctrl Pts',(10.5946352076832,10.5946352076832,259.202163953713));
#7008=CARTESIAN_POINT('Ctrl Pts',(-1.29746860952231E-15,10.5946352076832,
259.202163953713));
#7009=CARTESIAN_POINT('Ctrl Pts',(-10.5946352076832,10.5946352076832,259.202163953713));
#7010=CARTESIAN_POINT('Ctrl Pts',(-10.5946352076832,-1.29746860952231E-15,
259.202163953713));
#7011=CARTESIAN_POINT('Ctrl Pts',(-10.5946352076832,-10.5946352076832,259.202163953713));
#7012=CARTESIAN_POINT('Ctrl Pts',(1.29746860952231E-15,-10.5946352076832,
259.202163953713));
#7013=CARTESIAN_POINT('Ctrl Pts',(10.5946352076832,-10.5946352076832,259.202163953713));
#7014=CARTESIAN_POINT('Ctrl Pts',(10.5946352076832,1.29746860952231E-15,
259.202163953713));
#7015=CARTESIAN_POINT('Ctrl Pts',(10.6912778914001,1.30930392484979E-15,
258.686065912975));
#7016=CARTESIAN_POINT('Ctrl Pts',(10.6912778914,10.6912778914001,258.686065912975));
#7017=CARTESIAN_POINT('Ctrl Pts',(-1.30930392484979E-15,10.6912778914001,
258.686065912975));
#7018=CARTESIAN_POINT('Ctrl Pts',(-10.6912778914001,10.6912778914,258.686065912975));
#7019=CARTESIAN_POINT('Ctrl Pts',(-10.6912778914001,-1.30930392484979E-15,
258.686065912975));
#7020=CARTESIAN_POINT('Ctrl Pts',(-10.6912778914,-10.6912778914001,258.686065912975));
#7021=CARTESIAN_POINT('Ctrl Pts',(1.30930392484979E-15,-10.6912778914001,
258.686065912975));
#7022=CARTESIAN_POINT('Ctrl Pts',(10.6912778914001,-10.6912778914,258.686065912975));
#7023=CARTESIAN_POINT('Ctrl Pts',(10.6912778914001,1.30930392484979E-15,
258.686065912975));
#7024=CARTESIAN_POINT('Ctrl Pts',(10.7877831341762,1.32112240851647E-15,
258.168627471261));
#7025=CARTESIAN_POINT('Ctrl Pts',(10.7877831341762,10.7877831341762,258.168627471261));
#7026=CARTESIAN_POINT('Ctrl Pts',(-1.32112240851647E-15,10.7877831341762,
258.168627471261));
#7027=CARTESIAN_POINT('Ctrl Pts',(-10.7877831341762,10.7877831341762,258.168627471261));
#7028=CARTESIAN_POINT('Ctrl Pts',(-10.7877831341762,-1.32112240851647E-15,
258.168627471261));
#7029=CARTESIAN_POINT('Ctrl Pts',(-10.7877831341762,-10.7877831341762,258.168627471261));
#7030=CARTESIAN_POINT('Ctrl Pts',(1.32112240851647E-15,-10.7877831341762,
258.168627471261));
#7031=CARTESIAN_POINT('Ctrl Pts',(10.7877831341762,-10.7877831341762,258.168627471261));
#7032=CARTESIAN_POINT('Ctrl Pts',(10.7877831341762,1.32112240851647E-15,
258.168627471261));
#7033=CARTESIAN_POINT('Ctrl Pts',(10.8841502386485,1.33292397511997E-15,
257.649863375574));
#7034=CARTESIAN_POINT('Ctrl Pts',(10.8841502386485,10.8841502386485,257.649863375574));
#7035=CARTESIAN_POINT('Ctrl Pts',(-1.33292397511997E-15,10.8841502386485,
257.649863375574));
#7036=CARTESIAN_POINT('Ctrl Pts',(-10.8841502386485,10.8841502386485,257.649863375574));
#7037=CARTESIAN_POINT('Ctrl Pts',(-10.8841502386485,-1.33292397511997E-15,
257.649863375574));
#7038=CARTESIAN_POINT('Ctrl Pts',(-10.8841502386485,-10.8841502386485,257.649863375574));
#7039=CARTESIAN_POINT('Ctrl Pts',(1.33292397511997E-15,-10.8841502386485,
257.649863375574));
#7040=CARTESIAN_POINT('Ctrl Pts',(10.8841502386485,-10.8841502386485,257.649863375574));
#7041=CARTESIAN_POINT('Ctrl Pts',(10.8841502386485,1.33292397511997E-15,
257.649863375574));
#7042=CARTESIAN_POINT('Ctrl Pts',(10.9803785130698,1.34470853994573E-15,
257.129788193394));
#7043=CARTESIAN_POINT('Ctrl Pts',(10.9803785130698,10.9803785130698,257.129788193394));
#7044=CARTESIAN_POINT('Ctrl Pts',(-1.34470853994573E-15,10.9803785130698,
257.129788193394));
#7045=CARTESIAN_POINT('Ctrl Pts',(-10.9803785130698,10.9803785130698,257.129788193394));
#7046=CARTESIAN_POINT('Ctrl Pts',(-10.9803785130698,-1.34470853994573E-15,
257.129788193394));
#7047=CARTESIAN_POINT('Ctrl Pts',(-10.9803785130698,-10.9803785130698,257.129788193394));
#7048=CARTESIAN_POINT('Ctrl Pts',(1.34470853994573E-15,-10.9803785130698,
257.129788193394));
#7049=CARTESIAN_POINT('Ctrl Pts',(10.9803785130698,-10.9803785130698,257.129788193394));
#7050=CARTESIAN_POINT('Ctrl Pts',(10.9803785130698,1.34470853994573E-15,
257.129788193394));
#7051=CARTESIAN_POINT('Ctrl Pts',(11.0764672711374,1.35647601894589E-15,
256.608416317584));
#7052=CARTESIAN_POINT('Ctrl Pts',(11.0764672711374,11.0764672711374,256.608416317584));
#7053=CARTESIAN_POINT('Ctrl Pts',(-1.35647601894589E-15,11.0764672711374,
256.608416317584));
#7054=CARTESIAN_POINT('Ctrl Pts',(-11.0764672711374,11.0764672711374,256.608416317584));
#7055=CARTESIAN_POINT('Ctrl Pts',(-11.0764672711374,-1.35647601894589E-15,
256.608416317584));
#7056=CARTESIAN_POINT('Ctrl Pts',(-11.0764672711374,-11.0764672711374,256.608416317584));
#7057=CARTESIAN_POINT('Ctrl Pts',(1.35647601894589E-15,-11.0764672711374,
256.608416317584));
#7058=CARTESIAN_POINT('Ctrl Pts',(11.0764672711374,-11.0764672711374,256.608416317584));
#7059=CARTESIAN_POINT('Ctrl Pts',(11.0764672711374,1.35647601894589E-15,
256.608416317584));
#7060=CARTESIAN_POINT('Ctrl Pts',(11.1724158318521,1.36822632872209E-15,
256.085761970451));
#7061=CARTESIAN_POINT('Ctrl Pts',(11.1724158318521,11.1724158318521,256.085761970451));
#7062=CARTESIAN_POINT('Ctrl Pts',(-1.36822632872209E-15,11.1724158318521,
256.085761970451));
#7063=CARTESIAN_POINT('Ctrl Pts',(-11.1724158318521,11.1724158318521,256.085761970451));
#7064=CARTESIAN_POINT('Ctrl Pts',(-11.1724158318521,-1.36822632872209E-15,
256.085761970451));
#7065=CARTESIAN_POINT('Ctrl Pts',(-11.1724158318521,-11.1724158318521,256.085761970451));
#7066=CARTESIAN_POINT('Ctrl Pts',(1.36822632872209E-15,-11.1724158318521,
256.085761970451));
#7067=CARTESIAN_POINT('Ctrl Pts',(11.1724158318521,-11.1724158318521,256.085761970451));
#7068=CARTESIAN_POINT('Ctrl Pts',(11.1724158318521,1.36822632872209E-15,
256.085761970451));
#7069=CARTESIAN_POINT('Ctrl Pts',(11.2682235193778,1.37995938650829E-15,
255.561839207822));
#7070=CARTESIAN_POINT('Ctrl Pts',(11.2682235193778,11.2682235193778,255.561839207822));
#7071=CARTESIAN_POINT('Ctrl Pts',(-1.37995938650829E-15,11.2682235193778,
255.561839207822));
#7072=CARTESIAN_POINT('Ctrl Pts',(-11.2682235193778,11.2682235193778,255.561839207822));
#7073=CARTESIAN_POINT('Ctrl Pts',(-11.2682235193778,-1.37995938650829E-15,
255.561839207822));
#7074=CARTESIAN_POINT('Ctrl Pts',(-11.2682235193778,-11.2682235193778,255.561839207822));
#7075=CARTESIAN_POINT('Ctrl Pts',(1.37995938650829E-15,-11.2682235193778,
255.561839207822));
#7076=CARTESIAN_POINT('Ctrl Pts',(11.2682235193778,-11.2682235193778,255.561839207822));
#7077=CARTESIAN_POINT('Ctrl Pts',(11.2682235193778,1.37995938650829E-15,
255.561839207822));
#7078=CARTESIAN_POINT('Ctrl Pts',(11.363889662901,1.39167511015355E-15,
255.036661923122));
#7079=CARTESIAN_POINT('Ctrl Pts',(11.363889662901,11.363889662901,255.036661923122));
#7080=CARTESIAN_POINT('Ctrl Pts',(-1.39167511015355E-15,11.363889662901,
255.036661923122));
#7081=CARTESIAN_POINT('Ctrl Pts',(-11.363889662901,11.363889662901,255.036661923122));
#7082=CARTESIAN_POINT('Ctrl Pts',(-11.363889662901,-1.39167511015355E-15,
255.036661923122));
#7083=CARTESIAN_POINT('Ctrl Pts',(-11.363889662901,-11.363889662901,255.036661923122));
#7084=CARTESIAN_POINT('Ctrl Pts',(1.39167511015355E-15,-11.363889662901,
255.036661923122));
#7085=CARTESIAN_POINT('Ctrl Pts',(11.363889662901,-11.363889662901,255.036661923122));
#7086=CARTESIAN_POINT('Ctrl Pts',(11.363889662901,1.39167511015355E-15,
255.036661923122));
#7087=CARTESIAN_POINT('Ctrl Pts',(11.459413596492,1.40337341810496E-15,
254.510243851427));
#7088=CARTESIAN_POINT('Ctrl Pts',(11.459413596492,11.459413596492,254.510243851427));
#7089=CARTESIAN_POINT('Ctrl Pts',(-1.40337341810496E-15,11.459413596492,
254.510243851427));
#7090=CARTESIAN_POINT('Ctrl Pts',(-11.459413596492,11.459413596492,254.510243851427));
#7091=CARTESIAN_POINT('Ctrl Pts',(-11.459413596492,-1.40337341810496E-15,
254.510243851427));
#7092=CARTESIAN_POINT('Ctrl Pts',(-11.459413596492,-11.459413596492,254.510243851427));
#7093=CARTESIAN_POINT('Ctrl Pts',(1.40337341810496E-15,-11.459413596492,
254.510243851427));
#7094=CARTESIAN_POINT('Ctrl Pts',(11.459413596492,-11.459413596492,254.510243851427));
#7095=CARTESIAN_POINT('Ctrl Pts',(11.459413596492,1.40337341810496E-15,
254.510243851427));
#7096=CARTESIAN_POINT('Ctrl Pts',(11.5547946589623,1.41505422939031E-15,
253.982598573586));
#7097=CARTESIAN_POINT('Ctrl Pts',(11.5547946589623,11.5547946589623,253.982598573586));
#7098=CARTESIAN_POINT('Ctrl Pts',(-1.41505422939031E-15,11.5547946589623,
253.982598573586));
#7099=CARTESIAN_POINT('Ctrl Pts',(-11.5547946589623,11.5547946589623,253.982598573586));
#7100=CARTESIAN_POINT('Ctrl Pts',(-11.5547946589623,-1.41505422939031E-15,
253.982598573586));
#7101=CARTESIAN_POINT('Ctrl Pts',(-11.5547946589623,-11.5547946589623,253.982598573586));
#7102=CARTESIAN_POINT('Ctrl Pts',(1.41505422939031E-15,-11.5547946589623,
253.982598573586));
#7103=CARTESIAN_POINT('Ctrl Pts',(11.5547946589623,-11.5547946589623,253.982598573586));
#7104=CARTESIAN_POINT('Ctrl Pts',(11.5547946589623,1.41505422939031E-15,
253.982598573586));
#7105=CARTESIAN_POINT('Ctrl Pts',(11.6500321937321,1.42671746360177E-15,
253.453739520101));
#7106=CARTESIAN_POINT('Ctrl Pts',(11.6500321937321,11.6500321937321,253.453739520101));
#7107=CARTESIAN_POINT('Ctrl Pts',(-1.42671746360177E-15,11.6500321937321,
253.453739520101));
#7108=CARTESIAN_POINT('Ctrl Pts',(-11.6500321937321,11.6500321937321,253.453739520101));
#7109=CARTESIAN_POINT('Ctrl Pts',(-11.6500321937321,-1.42671746360177E-15,
253.453739520101));
#7110=CARTESIAN_POINT('Ctrl Pts',(-11.6500321937321,-11.6500321937321,253.453739520101));
#7111=CARTESIAN_POINT('Ctrl Pts',(1.42671746360177E-15,-11.6500321937321,
253.453739520101));
#7112=CARTESIAN_POINT('Ctrl Pts',(11.6500321937321,-11.6500321937321,253.453739520101));
#7113=CARTESIAN_POINT('Ctrl Pts',(11.6500321937321,1.42671746360177E-15,
253.453739520101));
#7114=CARTESIAN_POINT('Ctrl Pts',(11.7451255487177,1.4383630408821E-15,
252.923679974436));
#7115=CARTESIAN_POINT('Ctrl Pts',(11.7451255487177,11.7451255487177,252.923679974436));
#7116=CARTESIAN_POINT('Ctrl Pts',(-1.4383630408821E-15,11.7451255487177,
252.923679974436));
#7117=CARTESIAN_POINT('Ctrl Pts',(-11.7451255487177,11.7451255487177,252.923679974436));
#7118=CARTESIAN_POINT('Ctrl Pts',(-11.7451255487177,-1.4383630408821E-15,
252.923679974436));
#7119=CARTESIAN_POINT('Ctrl Pts',(-11.7451255487177,-11.7451255487177,252.923679974436));
#7120=CARTESIAN_POINT('Ctrl Pts',(1.4383630408821E-15,-11.7451255487177,
252.923679974436));
#7121=CARTESIAN_POINT('Ctrl Pts',(11.7451255487177,-11.7451255487177,252.923679974436));
#7122=CARTESIAN_POINT('Ctrl Pts',(11.7451255487177,1.4383630408821E-15,
252.923679974436));
#7123=CARTESIAN_POINT('Ctrl Pts',(11.8400740762147,1.44999088191039E-15,
252.392433076453));
#7124=CARTESIAN_POINT('Ctrl Pts',(11.8400740762147,11.8400740762147,252.392433076453));
#7125=CARTESIAN_POINT('Ctrl Pts',(-1.44999088191039E-15,11.8400740762147,
252.392433076453));
#7126=CARTESIAN_POINT('Ctrl Pts',(-11.8400740762147,11.8400740762147,252.392433076453));
#7127=CARTESIAN_POINT('Ctrl Pts',(-11.8400740762147,-1.44999088191039E-15,
252.392433076453));
#7128=CARTESIAN_POINT('Ctrl Pts',(-11.8400740762147,-11.8400740762147,252.392433076453));
#7129=CARTESIAN_POINT('Ctrl Pts',(1.44999088191039E-15,-11.8400740762147,
252.392433076453));
#7130=CARTESIAN_POINT('Ctrl Pts',(11.8400740762147,-11.8400740762147,252.392433076453));
#7131=CARTESIAN_POINT('Ctrl Pts',(11.8400740762147,1.44999088191039E-15,
252.392433076453));
#7132=CARTESIAN_POINT('Ctrl Pts',(11.9348771327831,1.46160090788797E-15,
251.860011825793));
#7133=CARTESIAN_POINT('Ctrl Pts',(11.9348771327831,11.9348771327831,251.860011825793));
#7134=CARTESIAN_POINT('Ctrl Pts',(-1.46160090788797E-15,11.9348771327831,
251.860011825793));
#7135=CARTESIAN_POINT('Ctrl Pts',(-11.9348771327831,11.9348771327831,251.860011825793));
#7136=CARTESIAN_POINT('Ctrl Pts',(-11.9348771327831,-1.46160090788797E-15,
251.860011825793));
#7137=CARTESIAN_POINT('Ctrl Pts',(-11.9348771327831,-11.9348771327831,251.860011825793));
#7138=CARTESIAN_POINT('Ctrl Pts',(1.46160090788797E-15,-11.9348771327831,
251.860011825793));
#7139=CARTESIAN_POINT('Ctrl Pts',(11.9348771327831,-11.9348771327831,251.860011825793));
#7140=CARTESIAN_POINT('Ctrl Pts',(11.9348771327831,1.46160090788797E-15,
251.860011825793));
#7141=CARTESIAN_POINT('Ctrl Pts',(12.0295340791335,1.47319304052449E-15,
251.326429085256));
#7142=CARTESIAN_POINT('Ctrl Pts',(12.0295340791335,12.0295340791335,251.326429085256));
#7143=CARTESIAN_POINT('Ctrl Pts',(-1.47319304052449E-15,12.0295340791335,
251.326429085256));
#7144=CARTESIAN_POINT('Ctrl Pts',(-12.0295340791335,12.0295340791335,251.326429085256));
#7145=CARTESIAN_POINT('Ctrl Pts',(-12.0295340791335,-1.47319304052449E-15,
251.326429085256));
#7146=CARTESIAN_POINT('Ctrl Pts',(-12.0295340791335,-12.0295340791335,251.326429085256));
#7147=CARTESIAN_POINT('Ctrl Pts',(1.47319304052449E-15,-12.0295340791335,
251.326429085256));
#7148=CARTESIAN_POINT('Ctrl Pts',(12.0295340791335,-12.0295340791335,251.326429085256));
#7149=CARTESIAN_POINT('Ctrl Pts',(12.0295340791335,1.47319304052449E-15,
251.326429085256));
#7150=CARTESIAN_POINT('Ctrl Pts',(12.1240442800105,1.48476720202356E-15,
250.791697584255));
#7151=CARTESIAN_POINT('Ctrl Pts',(12.1240442800105,12.1240442800105,250.791697584255));
#7152=CARTESIAN_POINT('Ctrl Pts',(-1.48476720202356E-15,12.1240442800105,
250.791697584255));
#7153=CARTESIAN_POINT('Ctrl Pts',(-12.1240442800105,12.1240442800105,250.791697584255));
#7154=CARTESIAN_POINT('Ctrl Pts',(-12.1240442800105,-1.48476720202356E-15,
250.791697584255));
#7155=CARTESIAN_POINT('Ctrl Pts',(-12.1240442800105,-12.1240442800105,250.791697584255));
#7156=CARTESIAN_POINT('Ctrl Pts',(1.48476720202356E-15,-12.1240442800105,
250.791697584255));
#7157=CARTESIAN_POINT('Ctrl Pts',(12.1240442800105,-12.1240442800105,250.791697584255));
#7158=CARTESIAN_POINT('Ctrl Pts',(12.1240442800105,1.48476720202356E-15,
250.791697584255));
#7159=CARTESIAN_POINT('Ctrl Pts',(12.2184071040882,1.49632331507009E-15,
250.255829921914));
#7160=CARTESIAN_POINT('Ctrl Pts',(12.2184071040882,12.2184071040882,250.255829921914));
#7161=CARTESIAN_POINT('Ctrl Pts',(-1.49632331507009E-15,12.2184071040882,
250.255829921914));
#7162=CARTESIAN_POINT('Ctrl Pts',(-12.2184071040882,12.2184071040882,250.255829921914));
#7163=CARTESIAN_POINT('Ctrl Pts',(-12.2184071040882,-1.49632331507009E-15,
250.255829921914));
#7164=CARTESIAN_POINT('Ctrl Pts',(-12.2184071040882,-12.2184071040882,250.255829921914));
#7165=CARTESIAN_POINT('Ctrl Pts',(1.49632331507009E-15,-12.2184071040882,
250.255829921914));
#7166=CARTESIAN_POINT('Ctrl Pts',(12.2184071040882,-12.2184071040882,250.255829921914));
#7167=CARTESIAN_POINT('Ctrl Pts',(12.2184071040882,1.49632331507009E-15,
250.255829921914));
#7168=CARTESIAN_POINT('Ctrl Pts',(12.3126219238767,1.50786130281871E-15,
249.718838569853));
#7169=CARTESIAN_POINT('Ctrl Pts',(12.3126219238767,12.3126219238767,249.718838569853));
#7170=CARTESIAN_POINT('Ctrl Pts',(-1.50786130281871E-15,12.3126219238767,
249.718838569853));
#7171=CARTESIAN_POINT('Ctrl Pts',(-12.3126219238767,12.3126219238767,249.718838569853));
#7172=CARTESIAN_POINT('Ctrl Pts',(-12.3126219238767,-1.50786130281871E-15,
249.718838569853));
#7173=CARTESIAN_POINT('Ctrl Pts',(-12.3126219238767,-12.3126219238767,249.718838569853));
#7174=CARTESIAN_POINT('Ctrl Pts',(1.50786130281871E-15,-12.3126219238767,
249.718838569853));
#7175=CARTESIAN_POINT('Ctrl Pts',(12.3126219238767,-12.3126219238767,249.718838569853));
#7176=CARTESIAN_POINT('Ctrl Pts',(12.3126219238767,1.50786130281871E-15,
249.718838569853));
#7177=CARTESIAN_POINT('Ctrl Pts',(12.4066881156259,1.51938108888208E-15,
249.180735875063));
#7178=CARTESIAN_POINT('Ctrl Pts',(12.4066881156259,12.4066881156259,249.180735875063));
#7179=CARTESIAN_POINT('Ctrl Pts',(-1.51938108888208E-15,12.4066881156259,
249.180735875063));
#7180=CARTESIAN_POINT('Ctrl Pts',(-12.4066881156259,12.4066881156259,249.180735875063));
#7181=CARTESIAN_POINT('Ctrl Pts',(-12.4066881156259,-1.51938108888208E-15,
249.180735875063));
#7182=CARTESIAN_POINT('Ctrl Pts',(-12.4066881156259,-12.4066881156259,249.180735875063));
#7183=CARTESIAN_POINT('Ctrl Pts',(1.51938108888208E-15,-12.4066881156259,
249.180735875063));
#7184=CARTESIAN_POINT('Ctrl Pts',(12.4066881156259,-12.4066881156259,249.180735875063));
#7185=CARTESIAN_POINT('Ctrl Pts',(12.4066881156259,1.51938108888208E-15,
249.180735875063));
#7186=CARTESIAN_POINT('Ctrl Pts',(12.5006050592307,1.53088259731921E-15,
248.641534062748));
#7187=CARTESIAN_POINT('Ctrl Pts',(12.5006050592307,12.5006050592307,248.641534062748));
#7188=CARTESIAN_POINT('Ctrl Pts',(-1.53088259731921E-15,12.5006050592307,
248.641534062748));
#7189=CARTESIAN_POINT('Ctrl Pts',(-12.5006050592307,12.5006050592307,248.641534062748));
#7190=CARTESIAN_POINT('Ctrl Pts',(-12.5006050592307,-1.53088259731921E-15,
248.641534062748));
#7191=CARTESIAN_POINT('Ctrl Pts',(-12.5006050592307,-12.5006050592307,248.641534062748));
#7192=CARTESIAN_POINT('Ctrl Pts',(1.53088259731921E-15,-12.5006050592307,
248.641534062748));
#7193=CARTESIAN_POINT('Ctrl Pts',(12.5006050592307,-12.5006050592307,248.641534062748));
#7194=CARTESIAN_POINT('Ctrl Pts',(12.5006050592307,1.53088259731921E-15,
248.641534062748));
#7195=CARTESIAN_POINT('Ctrl Pts',(12.5943721381368,1.54236575262398E-15,
248.101245239168));
#7196=CARTESIAN_POINT('Ctrl Pts',(12.5943721381368,12.5943721381368,248.101245239168));
#7197=CARTESIAN_POINT('Ctrl Pts',(-1.54236575262398E-15,12.5943721381368,
248.101245239168));
#7198=CARTESIAN_POINT('Ctrl Pts',(-12.5943721381368,12.5943721381368,248.101245239168));
#7199=CARTESIAN_POINT('Ctrl Pts',(-12.5943721381368,-1.54236575262398E-15,
248.101245239168));
#7200=CARTESIAN_POINT('Ctrl Pts',(-12.5943721381368,-12.5943721381368,248.101245239168));
#7201=CARTESIAN_POINT('Ctrl Pts',(1.54236575262398E-15,-12.5943721381368,
248.101245239168));
#7202=CARTESIAN_POINT('Ctrl Pts',(12.5943721381368,-12.5943721381368,248.101245239168));
#7203=CARTESIAN_POINT('Ctrl Pts',(12.5943721381368,1.54236575262398E-15,
248.101245239168));
#7204=CARTESIAN_POINT('Ctrl Pts',(12.687988739245,1.55383047971341E-15,
247.55988139454));
#7205=CARTESIAN_POINT('Ctrl Pts',(12.687988739245,12.687988739245,247.55988139454));
#7206=CARTESIAN_POINT('Ctrl Pts',(-1.55383047971341E-15,12.687988739245,
247.55988139454));
#7207=CARTESIAN_POINT('Ctrl Pts',(-12.687988739245,12.687988739245,247.55988139454));
#7208=CARTESIAN_POINT('Ctrl Pts',(-12.687988739245,-1.55383047971341E-15,
247.55988139454));
#7209=CARTESIAN_POINT('Ctrl Pts',(-12.687988739245,-12.687988739245,247.55988139454));
#7210=CARTESIAN_POINT('Ctrl Pts',(1.55383047971341E-15,-12.687988739245,
247.55988139454));
#7211=CARTESIAN_POINT('Ctrl Pts',(12.687988739245,-12.687988739245,247.55988139454));
#7212=CARTESIAN_POINT('Ctrl Pts',(12.687988739245,1.55383047971341E-15,
247.55988139454));
#7213=CARTESIAN_POINT('Ctrl Pts',(12.7814542528269,1.56527670391728E-15,
247.017454405565));
#7214=CARTESIAN_POINT('Ctrl Pts',(12.7814542528269,12.7814542528269,247.017454405565));
#7215=CARTESIAN_POINT('Ctrl Pts',(-1.56527670391728E-15,12.7814542528269,
247.017454405565));
#7216=CARTESIAN_POINT('Ctrl Pts',(-12.7814542528269,12.7814542528269,247.017454405565));
#7217=CARTESIAN_POINT('Ctrl Pts',(-12.7814542528269,-1.56527670391728E-15,
247.017454405565));
#7218=CARTESIAN_POINT('Ctrl Pts',(-12.7814542528269,-12.7814542528269,247.017454405565));
#7219=CARTESIAN_POINT('Ctrl Pts',(1.56527670391728E-15,-12.7814542528269,
247.017454405565));
#7220=CARTESIAN_POINT('Ctrl Pts',(12.7814542528269,-12.7814542528269,247.017454405565));
#7221=CARTESIAN_POINT('Ctrl Pts',(12.7814542528269,1.56527670391728E-15,
247.017454405565));
#7222=CARTESIAN_POINT('Ctrl Pts',(12.8747680724455,1.57670435096849E-15,
246.47397603781));
#7223=CARTESIAN_POINT('Ctrl Pts',(12.8747680724455,12.8747680724455,246.47397603781));
#7224=CARTESIAN_POINT('Ctrl Pts',(-1.57670435096849E-15,12.8747680724455,
246.47397603781));
#7225=CARTESIAN_POINT('Ctrl Pts',(-12.8747680724455,12.8747680724455,246.47397603781));
#7226=CARTESIAN_POINT('Ctrl Pts',(-12.8747680724455,-1.57670435096849E-15,
246.47397603781));
#7227=CARTESIAN_POINT('Ctrl Pts',(-12.8747680724455,-12.8747680724455,246.47397603781));
#7228=CARTESIAN_POINT('Ctrl Pts',(1.57670435096849E-15,-12.8747680724455,
246.47397603781));
#7229=CARTESIAN_POINT('Ctrl Pts',(12.8747680724455,-12.8747680724455,246.47397603781));
#7230=CARTESIAN_POINT('Ctrl Pts',(12.8747680724455,1.57670435096849E-15,
246.47397603781));
#7231=CARTESIAN_POINT('Ctrl Pts',(12.9679295948751,1.5881133469932E-15,
245.929457948125));
#7232=CARTESIAN_POINT('Ctrl Pts',(12.9679295948751,12.9679295948751,245.929457948125));
#7233=CARTESIAN_POINT('Ctrl Pts',(-1.5881133469932E-15,12.9679295948751,
245.929457948125));
#7234=CARTESIAN_POINT('Ctrl Pts',(-12.9679295948751,12.9679295948751,245.929457948125));
#7235=CARTESIAN_POINT('Ctrl Pts',(-12.9679295948751,-1.5881133469932E-15,
245.929457948125));
#7236=CARTESIAN_POINT('Ctrl Pts',(-12.9679295948751,-12.9679295948751,245.929457948125));
#7237=CARTESIAN_POINT('Ctrl Pts',(1.5881133469932E-15,-12.9679295948751,
245.929457948125));
#7238=CARTESIAN_POINT('Ctrl Pts',(12.9679295948751,-12.9679295948751,245.929457948125));
#7239=CARTESIAN_POINT('Ctrl Pts',(12.9679295948751,1.5881133469932E-15,
245.929457948125));
#7240=CARTESIAN_POINT('Ctrl Pts',(13.0609382200224,1.59950361850117E-15,
245.383911687052));
#7241=CARTESIAN_POINT('Ctrl Pts',(13.0609382200224,13.0609382200224,245.383911687052));
#7242=CARTESIAN_POINT('Ctrl Pts',(-1.59950361850117E-15,13.0609382200224,
245.383911687052));
#7243=CARTESIAN_POINT('Ctrl Pts',(-13.0609382200224,13.0609382200224,245.383911687052));
#7244=CARTESIAN_POINT('Ctrl Pts',(-13.0609382200224,-1.59950361850117E-15,
245.383911687052));
#7245=CARTESIAN_POINT('Ctrl Pts',(-13.0609382200224,-13.0609382200224,245.383911687052));
#7246=CARTESIAN_POINT('Ctrl Pts',(1.59950361850117E-15,-13.0609382200224,
245.383911687052));
#7247=CARTESIAN_POINT('Ctrl Pts',(13.0609382200224,-13.0609382200224,245.383911687052));
#7248=CARTESIAN_POINT('Ctrl Pts',(13.0609382200224,1.59950361850117E-15,
245.383911687052));
#7249=CARTESIAN_POINT('Ctrl Pts',(13.1537933508475,1.61087509237611E-15,
244.837348701231));
#7250=CARTESIAN_POINT('Ctrl Pts',(13.1537933508475,13.1537933508475,244.837348701231));
#7251=CARTESIAN_POINT('Ctrl Pts',(-1.61087509237611E-15,13.1537933508475,
244.837348701231));
#7252=CARTESIAN_POINT('Ctrl Pts',(-13.1537933508475,13.1537933508475,244.837348701231));
#7253=CARTESIAN_POINT('Ctrl Pts',(-13.1537933508475,-1.61087509237611E-15,
244.837348701231));
#7254=CARTESIAN_POINT('Ctrl Pts',(-13.1537933508475,-13.1537933508475,244.837348701231));
#7255=CARTESIAN_POINT('Ctrl Pts',(1.61087509237611E-15,-13.1537933508475,
244.837348701231));
#7256=CARTESIAN_POINT('Ctrl Pts',(13.1537933508475,-13.1537933508475,244.837348701231));
#7257=CARTESIAN_POINT('Ctrl Pts',(13.1537933508475,1.61087509237611E-15,
244.837348701231));
#7258=CARTESIAN_POINT('Ctrl Pts',(13.2464943932845,1.62222769586592E-15,
244.289780335837));
#7259=CARTESIAN_POINT('Ctrl Pts',(13.2464943932845,13.2464943932845,244.289780335837));
#7260=CARTESIAN_POINT('Ctrl Pts',(-1.62222769586592E-15,13.2464943932845,
244.289780335837));
#7261=CARTESIAN_POINT('Ctrl Pts',(-13.2464943932845,13.2464943932845,244.289780335837));
#7262=CARTESIAN_POINT('Ctrl Pts',(-13.2464943932845,-1.62222769586592E-15,
244.289780335837));
#7263=CARTESIAN_POINT('Ctrl Pts',(-13.2464943932845,-13.2464943932845,244.289780335837));
#7264=CARTESIAN_POINT('Ctrl Pts',(1.62222769586592E-15,-13.2464943932845,
244.289780335837));
#7265=CARTESIAN_POINT('Ctrl Pts',(13.2464943932845,-13.2464943932845,244.289780335837));
#7266=CARTESIAN_POINT('Ctrl Pts',(13.2464943932845,1.62222769586592E-15,
244.289780335837));
#7267=CARTESIAN_POINT('Ctrl Pts',(13.3390407561715,1.63356135657415E-15,
243.741217836707));
#7268=CARTESIAN_POINT('Ctrl Pts',(13.3390407561715,13.3390407561715,243.741217836707));
#7269=CARTESIAN_POINT('Ctrl Pts',(-1.63356135657415E-15,13.3390407561715,
243.741217836707));
#7270=CARTESIAN_POINT('Ctrl Pts',(-13.3390407561715,13.3390407561715,243.741217836707));
#7271=CARTESIAN_POINT('Ctrl Pts',(-13.3390407561715,-1.63356135657415E-15,
243.741217836707));
#7272=CARTESIAN_POINT('Ctrl Pts',(-13.3390407561715,-13.3390407561715,243.741217836707));
#7273=CARTESIAN_POINT('Ctrl Pts',(1.63356135657415E-15,-13.3390407561715,
243.741217836707));
#7274=CARTESIAN_POINT('Ctrl Pts',(13.3390407561715,-13.3390407561715,243.741217836707));
#7275=CARTESIAN_POINT('Ctrl Pts',(13.3390407561715,1.63356135657415E-15,
243.741217836707));
#7276=CARTESIAN_POINT('Ctrl Pts',(13.4314318511837,1.64487600245179E-15,
243.191672352368));
#7277=CARTESIAN_POINT('Ctrl Pts',(13.4314318511837,13.4314318511837,243.191672352368));
#7278=CARTESIAN_POINT('Ctrl Pts',(-1.64487600245179E-15,13.4314318511837,
243.191672352368));
#7279=CARTESIAN_POINT('Ctrl Pts',(-13.4314318511837,13.4314318511837,243.191672352368));
#7280=CARTESIAN_POINT('Ctrl Pts',(-13.4314318511837,-1.64487600245179E-15,
243.191672352368));
#7281=CARTESIAN_POINT('Ctrl Pts',(-13.4314318511837,-13.4314318511837,243.191672352368));
#7282=CARTESIAN_POINT('Ctrl Pts',(1.64487600245179E-15,-13.4314318511837,
243.191672352368));
#7283=CARTESIAN_POINT('Ctrl Pts',(13.4314318511837,-13.4314318511837,243.191672352368));
#7284=CARTESIAN_POINT('Ctrl Pts',(13.4314318511837,1.64487600245179E-15,
243.191672352368));
#7285=CARTESIAN_POINT('Ctrl Pts',(13.523667092766,1.65617156178903E-15,
242.641154936102));
#7286=CARTESIAN_POINT('Ctrl Pts',(13.523667092766,13.523667092766,242.641154936102));
#7287=CARTESIAN_POINT('Ctrl Pts',(-1.65617156178903E-15,13.523667092766,
242.641154936102));
#7288=CARTESIAN_POINT('Ctrl Pts',(-13.523667092766,13.523667092766,242.641154936102));
#7289=CARTESIAN_POINT('Ctrl Pts',(-13.523667092766,-1.65617156178903E-15,
242.641154936102));
#7290=CARTESIAN_POINT('Ctrl Pts',(-13.523667092766,-13.523667092766,242.641154936102));
#7291=CARTESIAN_POINT('Ctrl Pts',(1.65617156178903E-15,-13.523667092766,
242.641154936102));
#7292=CARTESIAN_POINT('Ctrl Pts',(13.523667092766,-13.523667092766,242.641154936102));
#7293=CARTESIAN_POINT('Ctrl Pts',(13.523667092766,1.65617156178903E-15,
242.641154936102));
#7294=CARTESIAN_POINT('Ctrl Pts',(13.6157458980665,1.66744796320709E-15,
242.089676547992));
#7295=CARTESIAN_POINT('Ctrl Pts',(13.6157458980665,13.6157458980665,242.089676547992));
#7296=CARTESIAN_POINT('Ctrl Pts',(-1.66744796320709E-15,13.6157458980665,
242.089676547992));
#7297=CARTESIAN_POINT('Ctrl Pts',(-13.6157458980665,13.6157458980665,242.089676547992));
#7298=CARTESIAN_POINT('Ctrl Pts',(-13.6157458980665,-1.66744796320709E-15,
242.089676547992));
#7299=CARTESIAN_POINT('Ctrl Pts',(-13.6157458980665,-13.6157458980665,242.089676547992));
#7300=CARTESIAN_POINT('Ctrl Pts',(1.66744796320709E-15,-13.6157458980665,
242.089676547992));
#7301=CARTESIAN_POINT('Ctrl Pts',(13.6157458980665,-13.6157458980665,242.089676547992));
#7302=CARTESIAN_POINT('Ctrl Pts',(13.6157458980665,1.66744796320709E-15,
242.089676547992));
#7303=CARTESIAN_POINT('Ctrl Pts',(13.70766768687,1.67870513565009E-15,241.537248056974));
#7304=CARTESIAN_POINT('Ctrl Pts',(13.70766768687,13.70766768687,241.537248056974));
#7305=CARTESIAN_POINT('Ctrl Pts',(-1.67870513565009E-15,13.70766768687,
241.537248056974));
#7306=CARTESIAN_POINT('Ctrl Pts',(-13.70766768687,13.70766768687,241.537248056974));
#7307=CARTESIAN_POINT('Ctrl Pts',(-13.70766768687,-1.67870513565009E-15,
241.537248056974));
#7308=CARTESIAN_POINT('Ctrl Pts',(-13.70766768687,-13.70766768687,241.537248056974));
#7309=CARTESIAN_POINT('Ctrl Pts',(1.67870513565009E-15,-13.70766768687,
241.537248056974));
#7310=CARTESIAN_POINT('Ctrl Pts',(13.70766768687,-13.70766768687,241.537248056974));
#7311=CARTESIAN_POINT('Ctrl Pts',(13.70766768687,1.67870513565009E-15,241.537248056974));
#7312=CARTESIAN_POINT('Ctrl Pts',(13.7994318815311,1.6899430083769E-15,
240.983880242912));
#7313=CARTESIAN_POINT('Ctrl Pts',(13.7994318815311,13.7994318815311,240.983880242912));
#7314=CARTESIAN_POINT('Ctrl Pts',(-1.6899430083769E-15,13.7994318815311,
240.983880242912));
#7315=CARTESIAN_POINT('Ctrl Pts',(-13.7994318815311,13.7994318815311,240.983880242912));
#7316=CARTESIAN_POINT('Ctrl Pts',(-13.7994318815311,-1.6899430083769E-15,
240.983880242912));
#7317=CARTESIAN_POINT('Ctrl Pts',(-13.7994318815311,-13.7994318815311,240.983880242912));
#7318=CARTESIAN_POINT('Ctrl Pts',(1.6899430083769E-15,-13.7994318815311,
240.983880242912));
#7319=CARTESIAN_POINT('Ctrl Pts',(13.7994318815311,-13.7994318815311,240.983880242912));
#7320=CARTESIAN_POINT('Ctrl Pts',(13.7994318815311,1.6899430083769E-15,
240.983880242912));
#7321=CARTESIAN_POINT('Ctrl Pts',(13.8910379069153,1.70116151095384E-15,
240.429583798408));
#7322=CARTESIAN_POINT('Ctrl Pts',(13.8910379069153,13.8910379069153,240.429583798408));
#7323=CARTESIAN_POINT('Ctrl Pts',(-1.70116151095384E-15,13.8910379069153,
240.429583798408));
#7324=CARTESIAN_POINT('Ctrl Pts',(-13.8910379069153,13.8910379069153,240.429583798408));
#7325=CARTESIAN_POINT('Ctrl Pts',(-13.8910379069153,-1.70116151095384E-15,
240.429583798408));
#7326=CARTESIAN_POINT('Ctrl Pts',(-13.8910379069153,-13.8910379069153,240.429583798408));
#7327=CARTESIAN_POINT('Ctrl Pts',(1.70116151095384E-15,-13.8910379069153,
240.429583798408));
#7328=CARTESIAN_POINT('Ctrl Pts',(13.8910379069153,-13.8910379069153,240.429583798408));
#7329=CARTESIAN_POINT('Ctrl Pts',(13.8910379069153,1.70116151095384E-15,
240.429583798408));
#7330=CARTESIAN_POINT('Ctrl Pts',(13.982485190341,1.71236057324764E-15,
239.874369330548));
#7331=CARTESIAN_POINT('Ctrl Pts',(13.982485190341,13.982485190341,239.874369330548));
#7332=CARTESIAN_POINT('Ctrl Pts',(-1.71236057324764E-15,13.982485190341,
239.874369330548));
#7333=CARTESIAN_POINT('Ctrl Pts',(-13.982485190341,13.982485190341,239.874369330548));
#7334=CARTESIAN_POINT('Ctrl Pts',(-13.982485190341,-1.71236057324764E-15,
239.874369330548));
#7335=CARTESIAN_POINT('Ctrl Pts',(-13.982485190341,-13.982485190341,239.874369330548));
#7336=CARTESIAN_POINT('Ctrl Pts',(1.71236057324764E-15,-13.982485190341,
239.874369330548));
#7337=CARTESIAN_POINT('Ctrl Pts',(13.982485190341,-13.982485190341,239.874369330548));
#7338=CARTESIAN_POINT('Ctrl Pts',(13.982485190341,1.71236057324764E-15,
239.874369330548));
#7339=CARTESIAN_POINT('Ctrl Pts',(14.0737731615228,1.72354012541848E-15,
239.318247362666));
#7340=CARTESIAN_POINT('Ctrl Pts',(14.0737731615228,14.0737731615228,239.318247362666));
#7341=CARTESIAN_POINT('Ctrl Pts',(-1.72354012541848E-15,14.0737731615228,
239.318247362666));
#7342=CARTESIAN_POINT('Ctrl Pts',(-14.0737731615228,14.0737731615228,239.318247362666));
#7343=CARTESIAN_POINT('Ctrl Pts',(-14.0737731615228,-1.72354012541848E-15,
239.318247362666));
#7344=CARTESIAN_POINT('Ctrl Pts',(-14.0737731615228,-14.0737731615228,239.318247362666));
#7345=CARTESIAN_POINT('Ctrl Pts',(1.72354012541848E-15,-14.0737731615228,
239.318247362666));
#7346=CARTESIAN_POINT('Ctrl Pts',(14.0737731615228,-14.0737731615228,239.318247362666));
#7347=CARTESIAN_POINT('Ctrl Pts',(14.0737731615228,1.72354012541848E-15,
239.318247362666));
#7348=CARTESIAN_POINT('Ctrl Pts',(14.164901252514,1.73470009791296E-15,
238.761228336105));
#7349=CARTESIAN_POINT('Ctrl Pts',(14.164901252514,14.164901252514,238.761228336105));
#7350=CARTESIAN_POINT('Ctrl Pts',(-1.73470009791296E-15,14.164901252514,
238.761228336105));
#7351=CARTESIAN_POINT('Ctrl Pts',(-14.164901252514,14.164901252514,238.761228336105));
#7352=CARTESIAN_POINT('Ctrl Pts',(-14.164901252514,-1.73470009791296E-15,
238.761228336105));
#7353=CARTESIAN_POINT('Ctrl Pts',(-14.164901252514,-14.164901252514,238.761228336105));
#7354=CARTESIAN_POINT('Ctrl Pts',(1.73470009791296E-15,-14.164901252514,
238.761228336105));
#7355=CARTESIAN_POINT('Ctrl Pts',(14.164901252514,-14.164901252514,238.761228336105));
#7356=CARTESIAN_POINT('Ctrl Pts',(14.164901252514,1.73470009791296E-15,
238.761228336105));
#7357=CARTESIAN_POINT('Ctrl Pts',(14.2558688976508,1.74584042145723E-15,
238.20332261197));
#7358=CARTESIAN_POINT('Ctrl Pts',(14.2558688976508,14.2558688976508,238.20332261197));
#7359=CARTESIAN_POINT('Ctrl Pts',(-1.74584042145723E-15,14.2558688976508,
238.20332261197));
#7360=CARTESIAN_POINT('Ctrl Pts',(-14.2558688976508,14.2558688976508,238.20332261197));
#7361=CARTESIAN_POINT('Ctrl Pts',(-14.2558688976508,-1.74584042145723E-15,
238.20332261197));
#7362=CARTESIAN_POINT('Ctrl Pts',(-14.2558688976508,-14.2558688976508,238.20332261197));
#7363=CARTESIAN_POINT('Ctrl Pts',(1.74584042145723E-15,-14.2558688976508,
238.20332261197));
#7364=CARTESIAN_POINT('Ctrl Pts',(14.2558688976508,-14.2558688976508,238.20332261197));
#7365=CARTESIAN_POINT('Ctrl Pts',(14.2558688976508,1.74584042145723E-15,
238.20332261197));
#7366=CARTESIAN_POINT('Ctrl Pts',(14.3466755334955,1.75696102705009E-15,
237.644540472915));
#7367=CARTESIAN_POINT('Ctrl Pts',(14.3466755334955,14.3466755334955,237.644540472915));
#7368=CARTESIAN_POINT('Ctrl Pts',(-1.75696102705009E-15,14.3466755334955,
237.644540472915));
#7369=CARTESIAN_POINT('Ctrl Pts',(-14.3466755334955,14.3466755334955,237.644540472915));
#7370=CARTESIAN_POINT('Ctrl Pts',(-14.3466755334955,-1.75696102705009E-15,
237.644540472915));
#7371=CARTESIAN_POINT('Ctrl Pts',(-14.3466755334955,-14.3466755334955,237.644540472915));
#7372=CARTESIAN_POINT('Ctrl Pts',(1.75696102705009E-15,-14.3466755334955,
237.644540472915));
#7373=CARTESIAN_POINT('Ctrl Pts',(14.3466755334955,-14.3466755334955,237.644540472915));
#7374=CARTESIAN_POINT('Ctrl Pts',(14.3466755334955,1.75696102705009E-15,
237.644540472915));
#7375=CARTESIAN_POINT('Ctrl Pts',(14.4373205987858,1.76806184595672E-15,
237.084892124708));
#7376=CARTESIAN_POINT('Ctrl Pts',(14.4373205987858,14.4373205987858,237.084892124708));
#7377=CARTESIAN_POINT('Ctrl Pts',(-1.76806184595672E-15,14.4373205987858,
237.084892124708));
#7378=CARTESIAN_POINT('Ctrl Pts',(-14.4373205987858,14.4373205987858,237.084892124708));
#7379=CARTESIAN_POINT('Ctrl Pts',(-14.4373205987858,-1.76806184595672E-15,
237.084892124708));
#7380=CARTESIAN_POINT('Ctrl Pts',(-14.4373205987858,-14.4373205987858,237.084892124708));
#7381=CARTESIAN_POINT('Ctrl Pts',(1.76806184595672E-15,-14.4373205987858,
237.084892124708));
#7382=CARTESIAN_POINT('Ctrl Pts',(14.4373205987858,-14.4373205987858,237.084892124708));
#7383=CARTESIAN_POINT('Ctrl Pts',(14.4373205987858,1.76806184595672E-15,
237.084892124708));
#7384=CARTESIAN_POINT('Ctrl Pts',(14.5278035343857,1.7791428097027E-15,
236.524387697742));
#7385=CARTESIAN_POINT('Ctrl Pts',(14.5278035343856,14.5278035343857,236.524387697742));
#7386=CARTESIAN_POINT('Ctrl Pts',(-1.7791428097027E-15,14.5278035343857,
236.524387697742));
#7387=CARTESIAN_POINT('Ctrl Pts',(-14.5278035343857,14.5278035343856,236.524387697742));
#7388=CARTESIAN_POINT('Ctrl Pts',(-14.5278035343857,-1.7791428097027E-15,
236.524387697742));
#7389=CARTESIAN_POINT('Ctrl Pts',(-14.5278035343856,-14.5278035343857,236.524387697742));
#7390=CARTESIAN_POINT('Ctrl Pts',(1.7791428097027E-15,-14.5278035343857,
236.524387697742));
#7391=CARTESIAN_POINT('Ctrl Pts',(14.5278035343857,-14.5278035343856,236.524387697742));
#7392=CARTESIAN_POINT('Ctrl Pts',(14.5278035343857,1.7791428097027E-15,
236.524387697742));
#7393=CARTESIAN_POINT('Ctrl Pts',(14.618123783236,1.79020385006797E-15,
235.963037248548));
#7394=CARTESIAN_POINT('Ctrl Pts',(14.618123783236,14.618123783236,235.963037248548));
#7395=CARTESIAN_POINT('Ctrl Pts',(-1.79020385006797E-15,14.618123783236,
235.963037248548));
#7396=CARTESIAN_POINT('Ctrl Pts',(-14.618123783236,14.618123783236,235.963037248548));
#7397=CARTESIAN_POINT('Ctrl Pts',(-14.618123783236,-1.79020385006797E-15,
235.963037248548));
#7398=CARTESIAN_POINT('Ctrl Pts',(-14.618123783236,-14.618123783236,235.963037248548));
#7399=CARTESIAN_POINT('Ctrl Pts',(1.79020385006797E-15,-14.618123783236,
235.963037248548));
#7400=CARTESIAN_POINT('Ctrl Pts',(14.618123783236,-14.618123783236,235.963037248548));
#7401=CARTESIAN_POINT('Ctrl Pts',(14.618123783236,1.79020385006797E-15,
235.963037248548));
#7402=CARTESIAN_POINT('Ctrl Pts',(14.7082807903061,1.80124489908089E-15,
235.400850761323));
#7403=CARTESIAN_POINT('Ctrl Pts',(14.7082807903061,14.7082807903061,235.400850761323));
#7404=CARTESIAN_POINT('Ctrl Pts',(-1.80124489908089E-15,14.7082807903061,
235.400850761323));
#7405=CARTESIAN_POINT('Ctrl Pts',(-14.7082807903061,14.7082807903061,235.400850761323));
#7406=CARTESIAN_POINT('Ctrl Pts',(-14.7082807903061,-1.80124489908089E-15,
235.400850761323));
#7407=CARTESIAN_POINT('Ctrl Pts',(-14.7082807903061,-14.7082807903061,235.400850761323));
#7408=CARTESIAN_POINT('Ctrl Pts',(1.80124489908089E-15,-14.7082807903061,
235.400850761323));
#7409=CARTESIAN_POINT('Ctrl Pts',(14.7082807903061,-14.7082807903061,235.400850761323));
#7410=CARTESIAN_POINT('Ctrl Pts',(14.7082807903061,1.80124489908089E-15,
235.400850761323));
#7411=CARTESIAN_POINT('Ctrl Pts',(14.7982740025453,1.81226588901225E-15,
234.837838149443));
#7412=CARTESIAN_POINT('Ctrl Pts',(14.7982740025452,14.7982740025453,234.837838149443));
#7413=CARTESIAN_POINT('Ctrl Pts',(-1.81226588901225E-15,14.7982740025453,
234.837838149443));
#7414=CARTESIAN_POINT('Ctrl Pts',(-14.7982740025453,14.7982740025452,234.837838149443));
#7415=CARTESIAN_POINT('Ctrl Pts',(-14.7982740025453,-1.81226588901225E-15,
234.837838149443));
#7416=CARTESIAN_POINT('Ctrl Pts',(-14.7982740025452,-14.7982740025453,234.837838149443));
#7417=CARTESIAN_POINT('Ctrl Pts',(1.81226588901225E-15,-14.7982740025453,
234.837838149443));
#7418=CARTESIAN_POINT('Ctrl Pts',(14.7982740025453,-14.7982740025452,234.837838149443));
#7419=CARTESIAN_POINT('Ctrl Pts',(14.7982740025453,1.81226588901225E-15,
234.837838149443));
#7420=CARTESIAN_POINT('Ctrl Pts',(14.8881028688341,1.82326675236942E-15,
234.274009257003));
#7421=CARTESIAN_POINT('Ctrl Pts',(14.8881028688341,14.8881028688341,234.274009257003));
#7422=CARTESIAN_POINT('Ctrl Pts',(-1.82326675236942E-15,14.8881028688341,
234.274009257003));
#7423=CARTESIAN_POINT('Ctrl Pts',(-14.8881028688341,14.8881028688341,234.274009257003));
#7424=CARTESIAN_POINT('Ctrl Pts',(-14.8881028688341,-1.82326675236942E-15,
234.274009257003));
#7425=CARTESIAN_POINT('Ctrl Pts',(-14.8881028688341,-14.8881028688341,234.274009257003));
#7426=CARTESIAN_POINT('Ctrl Pts',(1.82326675236942E-15,-14.8881028688341,
234.274009257003));
#7427=CARTESIAN_POINT('Ctrl Pts',(14.8881028688341,-14.8881028688341,234.274009257003));
#7428=CARTESIAN_POINT('Ctrl Pts',(14.8881028688341,1.82326675236942E-15,
234.274009257003));
#7429=CARTESIAN_POINT('Ctrl Pts',(14.9777668399397,1.83424742189076E-15,
233.709373860199));
#7430=CARTESIAN_POINT('Ctrl Pts',(14.9777668399397,14.9777668399397,233.709373860199));
#7431=CARTESIAN_POINT('Ctrl Pts',(-1.83424742189076E-15,14.9777668399397,
233.709373860199));
#7432=CARTESIAN_POINT('Ctrl Pts',(-14.9777668399397,14.9777668399397,233.709373860199));
#7433=CARTESIAN_POINT('Ctrl Pts',(-14.9777668399397,-1.83424742189076E-15,
233.709373860199));
#7434=CARTESIAN_POINT('Ctrl Pts',(-14.9777668399397,-14.9777668399397,233.709373860199));
#7435=CARTESIAN_POINT('Ctrl Pts',(1.83424742189076E-15,-14.9777668399397,
233.709373860199));
#7436=CARTESIAN_POINT('Ctrl Pts',(14.9777668399397,-14.9777668399397,233.709373860199));
#7437=CARTESIAN_POINT('Ctrl Pts',(14.9777668399397,1.83424742189076E-15,
233.709373860199));
#7438=CARTESIAN_POINT('Ctrl Pts',(15.0672653684735,1.84520783054048E-15,
233.143941668634));
#7439=CARTESIAN_POINT('Ctrl Pts',(15.0672653684735,15.0672653684735,233.143941668634));
#7440=CARTESIAN_POINT('Ctrl Pts',(-1.84520783054048E-15,15.0672653684735,
233.143941668634));
#7441=CARTESIAN_POINT('Ctrl Pts',(-15.0672653684735,15.0672653684735,233.143941668634));
#7442=CARTESIAN_POINT('Ctrl Pts',(-15.0672653684735,-1.84520783054048E-15,
233.143941668634));
#7443=CARTESIAN_POINT('Ctrl Pts',(-15.0672653684735,-15.0672653684735,233.143941668634));
#7444=CARTESIAN_POINT('Ctrl Pts',(1.84520783054048E-15,-15.0672653684735,
233.143941668634));
#7445=CARTESIAN_POINT('Ctrl Pts',(15.0672653684735,-15.0672653684735,233.143941668634));
#7446=CARTESIAN_POINT('Ctrl Pts',(15.0672653684735,1.84520783054048E-15,
233.143941668634));
#7447=CARTESIAN_POINT('Ctrl Pts',(15.1565979088475,1.85614791150335E-15,
232.577722326638));
#7448=CARTESIAN_POINT('Ctrl Pts',(15.1565979088475,15.1565979088475,232.577722326638));
#7449=CARTESIAN_POINT('Ctrl Pts',(-1.85614791150335E-15,15.1565979088475,
232.577722326638));
#7450=CARTESIAN_POINT('Ctrl Pts',(-15.1565979088475,15.1565979088475,232.577722326638));
#7451=CARTESIAN_POINT('Ctrl Pts',(-15.1565979088475,-1.85614791150335E-15,
232.577722326638));
#7452=CARTESIAN_POINT('Ctrl Pts',(-15.1565979088475,-15.1565979088475,232.577722326638));
#7453=CARTESIAN_POINT('Ctrl Pts',(1.85614791150335E-15,-15.1565979088475,
232.577722326638));
#7454=CARTESIAN_POINT('Ctrl Pts',(15.1565979088475,-15.1565979088475,232.577722326638));
#7455=CARTESIAN_POINT('Ctrl Pts',(15.1565979088475,1.85614791150335E-15,
232.577722326638));
#7456=CARTESIAN_POINT('Ctrl Pts',(15.2457639172329,1.86706759817955E-15,
232.010725414595));
#7457=CARTESIAN_POINT('Ctrl Pts',(15.2457639172329,15.2457639172329,232.010725414595));
#7458=CARTESIAN_POINT('Ctrl Pts',(-1.86706759817955E-15,15.2457639172329,
232.010725414595));
#7459=CARTESIAN_POINT('Ctrl Pts',(-15.2457639172329,15.2457639172329,232.010725414595));
#7460=CARTESIAN_POINT('Ctrl Pts',(-15.2457639172329,-1.86706759817955E-15,
232.010725414595));
#7461=CARTESIAN_POINT('Ctrl Pts',(-15.2457639172329,-15.2457639172329,232.010725414595));
#7462=CARTESIAN_POINT('Ctrl Pts',(1.86706759817955E-15,-15.2457639172329,
232.010725414595));
#7463=CARTESIAN_POINT('Ctrl Pts',(15.2457639172329,-15.2457639172329,232.010725414595));
#7464=CARTESIAN_POINT('Ctrl Pts',(15.2457639172329,1.86706759817955E-15,
232.010725414595));
#7465=CARTESIAN_POINT('Ctrl Pts',(15.3347628515185,1.87796682417958E-15,
231.442960450249));
#7466=CARTESIAN_POINT('Ctrl Pts',(15.3347628515185,15.3347628515185,231.442960450249));
#7467=CARTESIAN_POINT('Ctrl Pts',(-1.87796682417958E-15,15.3347628515185,
231.442960450249));
#7468=CARTESIAN_POINT('Ctrl Pts',(-15.3347628515185,15.3347628515185,231.442960450249));
#7469=CARTESIAN_POINT('Ctrl Pts',(-15.3347628515185,-1.87796682417958E-15,
231.442960450249));
#7470=CARTESIAN_POINT('Ctrl Pts',(-15.3347628515185,-15.3347628515185,231.442960450249));
#7471=CARTESIAN_POINT('Ctrl Pts',(1.87796682417958E-15,-15.3347628515185,
231.442960450249));
#7472=CARTESIAN_POINT('Ctrl Pts',(15.3347628515185,-15.3347628515185,231.442960450249));
#7473=CARTESIAN_POINT('Ctrl Pts',(15.3347628515185,1.87796682417958E-15,
231.442960450249));
#7474=CARTESIAN_POINT('Ctrl Pts',(15.4235941712684,1.88884552331916E-15,
230.874436890057));
#7475=CARTESIAN_POINT('Ctrl Pts',(15.4235941712684,15.4235941712684,230.874436890057));
#7476=CARTESIAN_POINT('Ctrl Pts',(-1.88884552331916E-15,15.4235941712684,
230.874436890057));
#7477=CARTESIAN_POINT('Ctrl Pts',(-15.4235941712684,15.4235941712684,230.874436890057));
#7478=CARTESIAN_POINT('Ctrl Pts',(-15.4235941712684,-1.88884552331916E-15,
230.874436890057));
#7479=CARTESIAN_POINT('Ctrl Pts',(-15.4235941712684,-15.4235941712684,230.874436890057));
#7480=CARTESIAN_POINT('Ctrl Pts',(1.88884552331916E-15,-15.4235941712684,
230.874436890057));
#7481=CARTESIAN_POINT('Ctrl Pts',(15.4235941712684,-15.4235941712684,230.874436890057));
#7482=CARTESIAN_POINT('Ctrl Pts',(15.4235941712684,1.88884552331916E-15,
230.874436890057));
#7483=CARTESIAN_POINT('Ctrl Pts',(15.5122573376835,1.89970362961441E-15,
230.305164130412));
#7484=CARTESIAN_POINT('Ctrl Pts',(15.5122573376835,15.5122573376835,230.305164130412));
#7485=CARTESIAN_POINT('Ctrl Pts',(-1.89970362961441E-15,15.5122573376835,
230.305164130412));
#7486=CARTESIAN_POINT('Ctrl Pts',(-15.5122573376835,15.5122573376835,230.305164130412));
#7487=CARTESIAN_POINT('Ctrl Pts',(-15.5122573376835,-1.89970362961441E-15,
230.305164130412));
#7488=CARTESIAN_POINT('Ctrl Pts',(-15.5122573376835,-15.5122573376835,230.305164130412));
#7489=CARTESIAN_POINT('Ctrl Pts',(1.89970362961441E-15,-15.5122573376835,
230.305164130412));
#7490=CARTESIAN_POINT('Ctrl Pts',(15.5122573376835,-15.5122573376835,230.305164130412));
#7491=CARTESIAN_POINT('Ctrl Pts',(15.5122573376835,1.89970362961441E-15,
230.305164130412));
#7492=CARTESIAN_POINT('Ctrl Pts',(15.6007518135637,1.9105410772773E-15,
229.735151508781));
#7493=CARTESIAN_POINT('Ctrl Pts',(15.6007518135637,15.6007518135637,229.735151508781));
#7494=CARTESIAN_POINT('Ctrl Pts',(-1.9105410772773E-15,15.6007518135637,
229.735151508781));
#7495=CARTESIAN_POINT('Ctrl Pts',(-15.6007518135637,15.6007518135637,229.735151508781));
#7496=CARTESIAN_POINT('Ctrl Pts',(-15.6007518135637,-1.9105410772773E-15,
229.735151508781));
#7497=CARTESIAN_POINT('Ctrl Pts',(-15.6007518135637,-15.6007518135637,229.735151508781));
#7498=CARTESIAN_POINT('Ctrl Pts',(1.9105410772773E-15,-15.6007518135637,
229.735151508781));
#7499=CARTESIAN_POINT('Ctrl Pts',(15.6007518135637,-15.6007518135637,229.735151508781));
#7500=CARTESIAN_POINT('Ctrl Pts',(15.6007518135637,1.9105410772773E-15,
229.735151508781));
#7501=CARTESIAN_POINT('Ctrl Pts',(15.6890770632705,1.92135780071104E-15,
229.164408304867));
#7502=CARTESIAN_POINT('Ctrl Pts',(15.6890770632705,15.6890770632705,229.164408304867));
#7503=CARTESIAN_POINT('Ctrl Pts',(-1.92135780071104E-15,15.6890770632705,
229.164408304867));
#7504=CARTESIAN_POINT('Ctrl Pts',(-15.6890770632705,15.6890770632705,229.164408304867));
#7505=CARTESIAN_POINT('Ctrl Pts',(-15.6890770632705,-1.92135780071104E-15,
229.164408304867));
#7506=CARTESIAN_POINT('Ctrl Pts',(-15.6890770632705,-15.6890770632705,229.164408304867));
#7507=CARTESIAN_POINT('Ctrl Pts',(1.92135780071104E-15,-15.6890770632705,
229.164408304867));
#7508=CARTESIAN_POINT('Ctrl Pts',(15.6890770632705,-15.6890770632705,229.164408304867));
#7509=CARTESIAN_POINT('Ctrl Pts',(15.6890770632705,1.92135780071104E-15,
229.164408304867));
#7510=CARTESIAN_POINT('Ctrl Pts',(15.7772325526902,1.93215373450555E-15,
228.592943741764));
#7511=CARTESIAN_POINT('Ctrl Pts',(15.7772325526902,15.7772325526902,228.592943741764));
#7512=CARTESIAN_POINT('Ctrl Pts',(-1.93215373450555E-15,15.7772325526902,
228.592943741764));
#7513=CARTESIAN_POINT('Ctrl Pts',(-15.7772325526902,15.7772325526902,228.592943741764));
#7514=CARTESIAN_POINT('Ctrl Pts',(-15.7772325526902,-1.93215373450555E-15,
228.592943741764));
#7515=CARTESIAN_POINT('Ctrl Pts',(-15.7772325526902,-15.7772325526902,228.592943741764));
#7516=CARTESIAN_POINT('Ctrl Pts',(1.93215373450555E-15,-15.7772325526902,
228.592943741764));
#7517=CARTESIAN_POINT('Ctrl Pts',(15.7772325526902,-15.7772325526902,228.592943741764));
#7518=CARTESIAN_POINT('Ctrl Pts',(15.7772325526902,1.93215373450555E-15,
228.592943741764));
#7519=CARTESIAN_POINT('Ctrl Pts',(15.8652177491976,1.94292881343306E-15,
228.020766987107));
#7520=CARTESIAN_POINT('Ctrl Pts',(15.8652177491976,15.8652177491976,228.020766987107));
#7521=CARTESIAN_POINT('Ctrl Pts',(-1.94292881343306E-15,15.8652177491976,
228.020766987107));
#7522=CARTESIAN_POINT('Ctrl Pts',(-15.8652177491976,15.8652177491976,228.020766987107));
#7523=CARTESIAN_POINT('Ctrl Pts',(-15.8652177491976,-1.94292881343306E-15,
228.020766987107));
#7524=CARTESIAN_POINT('Ctrl Pts',(-15.8652177491976,-15.8652177491976,228.020766987107));
#7525=CARTESIAN_POINT('Ctrl Pts',(1.94292881343306E-15,-15.8652177491976,
228.020766987107));
#7526=CARTESIAN_POINT('Ctrl Pts',(15.8652177491976,-15.8652177491976,228.020766987107));
#7527=CARTESIAN_POINT('Ctrl Pts',(15.8652177491976,1.94292881343306E-15,
228.020766987107));
#7528=CARTESIAN_POINT('Ctrl Pts',(15.9530321216193,1.95368297244359E-15,
227.447887154245));
#7529=CARTESIAN_POINT('Ctrl Pts',(15.9530321216193,15.9530321216193,227.447887154245));
#7530=CARTESIAN_POINT('Ctrl Pts',(-1.95368297244359E-15,15.9530321216193,
227.447887154245));
#7531=CARTESIAN_POINT('Ctrl Pts',(-15.9530321216193,15.9530321216193,227.447887154245));
#7532=CARTESIAN_POINT('Ctrl Pts',(-15.9530321216193,-1.95368297244359E-15,
227.447887154245));
#7533=CARTESIAN_POINT('Ctrl Pts',(-15.9530321216193,-15.9530321216193,227.447887154245));
#7534=CARTESIAN_POINT('Ctrl Pts',(1.95368297244359E-15,-15.9530321216193,
227.447887154245));
#7535=CARTESIAN_POINT('Ctrl Pts',(15.9530321216193,-15.9530321216193,227.447887154245));
#7536=CARTESIAN_POINT('Ctrl Pts',(15.9530321216193,1.95368297244359E-15,
227.447887154245));
#7537=CARTESIAN_POINT('Ctrl Pts',(16.0406751401989,1.96441614666071E-15,
226.874313303346));
#7538=CARTESIAN_POINT('Ctrl Pts',(16.0406751401989,16.0406751401989,226.874313303346));
#7539=CARTESIAN_POINT('Ctrl Pts',(-1.96441614666071E-15,16.0406751401989,
226.874313303346));
#7540=CARTESIAN_POINT('Ctrl Pts',(-16.0406751401989,16.0406751401989,226.874313303346));
#7541=CARTESIAN_POINT('Ctrl Pts',(-16.0406751401989,-1.96441614666071E-15,
226.874313303346));
#7542=CARTESIAN_POINT('Ctrl Pts',(-16.0406751401989,-16.0406751401989,226.874313303346));
#7543=CARTESIAN_POINT('Ctrl Pts',(1.96441614666071E-15,-16.0406751401989,
226.874313303346));
#7544=CARTESIAN_POINT('Ctrl Pts',(16.0406751401989,-16.0406751401989,226.874313303346));
#7545=CARTESIAN_POINT('Ctrl Pts',(16.0406751401989,1.96441614666071E-15,
226.874313303346));
#7546=CARTESIAN_POINT('Ctrl Pts',(16.1281462765641,1.97512827137745E-15,
226.300054442408));
#7547=CARTESIAN_POINT('Ctrl Pts',(16.1281462765641,16.1281462765641,226.300054442408));
#7548=CARTESIAN_POINT('Ctrl Pts',(-1.97512827137745E-15,16.1281462765641,
226.300054442408));
#7549=CARTESIAN_POINT('Ctrl Pts',(-16.1281462765641,16.1281462765641,226.300054442408));
#7550=CARTESIAN_POINT('Ctrl Pts',(-16.1281462765641,-1.97512827137745E-15,
226.300054442408));
#7551=CARTESIAN_POINT('Ctrl Pts',(-16.1281462765641,-16.1281462765641,226.300054442408));
#7552=CARTESIAN_POINT('Ctrl Pts',(1.97512827137745E-15,-16.1281462765641,
226.300054442408));
#7553=CARTESIAN_POINT('Ctrl Pts',(16.1281462765641,-16.1281462765641,226.300054442408));
#7554=CARTESIAN_POINT('Ctrl Pts',(16.1281462765641,1.97512827137745E-15,
226.300054442408));
#7555=CARTESIAN_POINT('Ctrl Pts',(16.2154450036934,1.98581928205231E-15,
225.725119528273));
#7556=CARTESIAN_POINT('Ctrl Pts',(16.2154450036934,16.2154450036934,225.725119528273));
#7557=CARTESIAN_POINT('Ctrl Pts',(-1.98581928205231E-15,16.2154450036934,
225.725119528273));
#7558=CARTESIAN_POINT('Ctrl Pts',(-16.2154450036934,16.2154450036934,225.725119528273));
#7559=CARTESIAN_POINT('Ctrl Pts',(-16.2154450036934,-1.98581928205231E-15,
225.725119528273));
#7560=CARTESIAN_POINT('Ctrl Pts',(-16.2154450036934,-16.2154450036934,225.725119528273));
#7561=CARTESIAN_POINT('Ctrl Pts',(1.98581928205231E-15,-16.2154450036934,
225.725119528273));
#7562=CARTESIAN_POINT('Ctrl Pts',(16.2154450036934,-16.2154450036934,225.725119528273));
#7563=CARTESIAN_POINT('Ctrl Pts',(16.2154450036934,1.98581928205231E-15,
225.725119528273));
#7564=CARTESIAN_POINT('Ctrl Pts',(16.3025707958835,1.99648911430519E-15,
225.149517467646));
#7565=CARTESIAN_POINT('Ctrl Pts',(16.3025707958835,16.3025707958835,225.149517467646));
#7566=CARTESIAN_POINT('Ctrl Pts',(-1.99648911430519E-15,16.3025707958835,
225.149517467646));
#7567=CARTESIAN_POINT('Ctrl Pts',(-16.3025707958835,16.3025707958835,225.149517467646));
#7568=CARTESIAN_POINT('Ctrl Pts',(-16.3025707958835,-1.99648911430519E-15,
225.149517467646));
#7569=CARTESIAN_POINT('Ctrl Pts',(-16.3025707958835,-16.3025707958835,225.149517467646));
#7570=CARTESIAN_POINT('Ctrl Pts',(1.99648911430519E-15,-16.3025707958835,
225.149517467646));
#7571=CARTESIAN_POINT('Ctrl Pts',(16.3025707958835,-16.3025707958835,225.149517467646));
#7572=CARTESIAN_POINT('Ctrl Pts',(16.3025707958835,1.99648911430519E-15,
225.149517467646));
#7573=CARTESIAN_POINT('Ctrl Pts',(16.3895231287175,2.00713770391354E-15,
224.573257118107));
#7574=CARTESIAN_POINT('Ctrl Pts',(16.3895231287175,16.3895231287175,224.573257118107));
#7575=CARTESIAN_POINT('Ctrl Pts',(-2.00713770391354E-15,16.3895231287175,
224.573257118107));
#7576=CARTESIAN_POINT('Ctrl Pts',(-16.3895231287175,16.3895231287175,224.573257118107));
#7577=CARTESIAN_POINT('Ctrl Pts',(-16.3895231287175,-2.00713770391354E-15,
224.573257118107));
#7578=CARTESIAN_POINT('Ctrl Pts',(-16.3895231287175,-16.3895231287175,224.573257118107));
#7579=CARTESIAN_POINT('Ctrl Pts',(2.00713770391354E-15,-16.3895231287175,
224.573257118107));
#7580=CARTESIAN_POINT('Ctrl Pts',(16.3895231287175,-16.3895231287175,224.573257118107));
#7581=CARTESIAN_POINT('Ctrl Pts',(16.3895231287175,2.00713770391354E-15,
224.573257118107));
#7582=CARTESIAN_POINT('Ctrl Pts',(16.4763014790331,2.01776498680846E-15,
223.996347289142));
#7583=CARTESIAN_POINT('Ctrl Pts',(16.4763014790331,16.4763014790331,223.996347289142));
#7584=CARTESIAN_POINT('Ctrl Pts',(-2.01776498680846E-15,16.4763014790331,
223.996347289142));
#7585=CARTESIAN_POINT('Ctrl Pts',(-16.4763014790331,16.4763014790331,223.996347289142));
#7586=CARTESIAN_POINT('Ctrl Pts',(-16.4763014790331,-2.01776498680846E-15,
223.996347289142));
#7587=CARTESIAN_POINT('Ctrl Pts',(-16.4763014790331,-16.4763014790331,223.996347289142));
#7588=CARTESIAN_POINT('Ctrl Pts',(2.01776498680846E-15,-16.4763014790331,
223.996347289142));
#7589=CARTESIAN_POINT('Ctrl Pts',(16.4763014790331,-16.4763014790331,223.996347289142));
#7590=CARTESIAN_POINT('Ctrl Pts',(16.4763014790331,2.01776498680846E-15,
223.996347289142));
#7591=CARTESIAN_POINT('Ctrl Pts',(16.5629053248912,2.02837089907086E-15,
223.418796743144));
#7592=CARTESIAN_POINT('Ctrl Pts',(16.5629053248912,16.5629053248912,223.418796743144));
#7593=CARTESIAN_POINT('Ctrl Pts',(-2.02837089907086E-15,16.5629053248912,
223.418796743144));
#7594=CARTESIAN_POINT('Ctrl Pts',(-16.5629053248912,16.5629053248912,223.418796743144));
#7595=CARTESIAN_POINT('Ctrl Pts',(-16.5629053248912,-2.02837089907086E-15,
223.418796743144));
#7596=CARTESIAN_POINT('Ctrl Pts',(-16.5629053248912,-16.5629053248912,223.418796743144));
#7597=CARTESIAN_POINT('Ctrl Pts',(2.02837089907086E-15,-16.5629053248912,
223.418796743144));
#7598=CARTESIAN_POINT('Ctrl Pts',(16.5629053248912,-16.5629053248912,223.418796743144));
#7599=CARTESIAN_POINT('Ctrl Pts',(16.5629053248912,2.02837089907086E-15,
223.418796743144));
#7600=CARTESIAN_POINT('Ctrl Pts',(16.6493341455469,2.03895537692788E-15,
222.840614196312));
#7601=CARTESIAN_POINT('Ctrl Pts',(16.6493341455469,16.6493341455469,222.840614196312));
#7602=CARTESIAN_POINT('Ctrl Pts',(-2.03895537692788E-15,16.6493341455469,
222.840614196312));
#7603=CARTESIAN_POINT('Ctrl Pts',(-16.6493341455469,16.6493341455469,222.840614196312));
#7604=CARTESIAN_POINT('Ctrl Pts',(-16.6493341455469,-2.03895537692788E-15,
222.840614196312));
#7605=CARTESIAN_POINT('Ctrl Pts',(-16.6493341455469,-16.6493341455469,222.840614196312));
#7606=CARTESIAN_POINT('Ctrl Pts',(2.03895537692788E-15,-16.6493341455469,
222.840614196312));
#7607=CARTESIAN_POINT('Ctrl Pts',(16.6493341455469,-16.6493341455469,222.840614196312));
#7608=CARTESIAN_POINT('Ctrl Pts',(16.6493341455469,2.03895537692788E-15,
222.840614196312));
#7609=CARTESIAN_POINT('Ctrl Pts',(16.7355874214197,2.04951835674923E-15,
222.261808319554));
#7610=CARTESIAN_POINT('Ctrl Pts',(16.7355874214197,16.7355874214197,222.261808319554));
#7611=CARTESIAN_POINT('Ctrl Pts',(-2.04951835674923E-15,16.7355874214197,
222.261808319554));
#7612=CARTESIAN_POINT('Ctrl Pts',(-16.7355874214197,16.7355874214197,222.261808319554));
#7613=CARTESIAN_POINT('Ctrl Pts',(-16.7355874214197,-2.04951835674923E-15,
222.261808319554));
#7614=CARTESIAN_POINT('Ctrl Pts',(-16.7355874214197,-16.7355874214197,222.261808319554));
#7615=CARTESIAN_POINT('Ctrl Pts',(2.04951835674923E-15,-16.7355874214197,
222.261808319554));
#7616=CARTESIAN_POINT('Ctrl Pts',(16.7355874214197,-16.7355874214197,222.261808319554));
#7617=CARTESIAN_POINT('Ctrl Pts',(16.7355874214197,2.04951835674923E-15,
222.261808319554));
#7618=CARTESIAN_POINT('Ctrl Pts',(16.8216646340648,2.06005977504377E-15,
221.682387739395));
#7619=CARTESIAN_POINT('Ctrl Pts',(16.8216646340648,16.8216646340648,221.682387739395));
#7620=CARTESIAN_POINT('Ctrl Pts',(-2.06005977504377E-15,16.8216646340648,
221.682387739395));
#7621=CARTESIAN_POINT('Ctrl Pts',(-16.8216646340648,16.8216646340648,221.682387739395));
#7622=CARTESIAN_POINT('Ctrl Pts',(-16.8216646340648,-2.06005977504377E-15,
221.682387739395));
#7623=CARTESIAN_POINT('Ctrl Pts',(-16.8216646340648,-16.8216646340648,221.682387739395));
#7624=CARTESIAN_POINT('Ctrl Pts',(2.06005977504377E-15,-16.8216646340648,
221.682387739395));
#7625=CARTESIAN_POINT('Ctrl Pts',(16.8216646340648,-16.8216646340648,221.682387739395));
#7626=CARTESIAN_POINT('Ctrl Pts',(16.8216646340648,2.06005977504377E-15,
221.682387739395));
#7627=CARTESIAN_POINT('Ctrl Pts',(16.9075652661447,2.0705795684559E-15,
221.102361038873));
#7628=CARTESIAN_POINT('Ctrl Pts',(16.9075652661447,16.9075652661447,221.102361038873));
#7629=CARTESIAN_POINT('Ctrl Pts',(-2.0705795684559E-15,16.9075652661447,
221.102361038873));
#7630=CARTESIAN_POINT('Ctrl Pts',(-16.9075652661447,16.9075652661447,221.102361038873));
#7631=CARTESIAN_POINT('Ctrl Pts',(-16.9075652661447,-2.0705795684559E-15,
221.102361038873));
#7632=CARTESIAN_POINT('Ctrl Pts',(-16.9075652661447,-16.9075652661447,221.102361038873));
#7633=CARTESIAN_POINT('Ctrl Pts',(2.0705795684559E-15,-16.9075652661447,
221.102361038873));
#7634=CARTESIAN_POINT('Ctrl Pts',(16.9075652661447,-16.9075652661447,221.102361038873));
#7635=CARTESIAN_POINT('Ctrl Pts',(16.9075652661447,2.0705795684559E-15,
221.102361038873));
#7636=CARTESIAN_POINT('Ctrl Pts',(16.9932888014007,2.0810776737622E-15,
220.521736758448));
#7637=CARTESIAN_POINT('Ctrl Pts',(16.9932888014007,16.9932888014007,220.521736758448));
#7638=CARTESIAN_POINT('Ctrl Pts',(-2.0810776737622E-15,16.9932888014007,
220.521736758448));
#7639=CARTESIAN_POINT('Ctrl Pts',(-16.9932888014007,16.9932888014007,220.521736758448));
#7640=CARTESIAN_POINT('Ctrl Pts',(-16.9932888014007,-2.0810776737622E-15,
220.521736758448));
#7641=CARTESIAN_POINT('Ctrl Pts',(-16.9932888014007,-16.9932888014007,220.521736758448));
#7642=CARTESIAN_POINT('Ctrl Pts',(2.0810776737622E-15,-16.9932888014007,
220.521736758448));
#7643=CARTESIAN_POINT('Ctrl Pts',(16.9932888014007,-16.9932888014007,220.521736758448));
#7644=CARTESIAN_POINT('Ctrl Pts',(16.9932888014007,2.0810776737622E-15,
220.521736758448));
#7645=CARTESIAN_POINT('Ctrl Pts',(17.0788347246259,2.09155402786798E-15,
219.940523396907));
#7646=CARTESIAN_POINT('Ctrl Pts',(17.0788347246259,17.0788347246259,219.940523396907));
#7647=CARTESIAN_POINT('Ctrl Pts',(-2.09155402786798E-15,17.0788347246259,
219.940523396907));
#7648=CARTESIAN_POINT('Ctrl Pts',(-17.0788347246259,17.0788347246259,219.940523396907));
#7649=CARTESIAN_POINT('Ctrl Pts',(-17.0788347246259,-2.09155402786798E-15,
219.940523396907));
#7650=CARTESIAN_POINT('Ctrl Pts',(-17.0788347246259,-17.0788347246259,219.940523396907));
#7651=CARTESIAN_POINT('Ctrl Pts',(2.09155402786798E-15,-17.0788347246259,
219.940523396907));
#7652=CARTESIAN_POINT('Ctrl Pts',(17.0788347246259,-17.0788347246259,219.940523396907));
#7653=CARTESIAN_POINT('Ctrl Pts',(17.0788347246259,2.09155402786798E-15,
219.940523396907));
#7654=CARTESIAN_POINT('Ctrl Pts',(17.1642025216372,2.102008567804E-15,219.35872941218));
#7655=CARTESIAN_POINT('Ctrl Pts',(17.1642025216372,17.1642025216372,219.35872941218));
#7656=CARTESIAN_POINT('Ctrl Pts',(-2.102008567804E-15,17.1642025216372,
219.35872941218));
#7657=CARTESIAN_POINT('Ctrl Pts',(-17.1642025216372,17.1642025216372,219.35872941218));
#7658=CARTESIAN_POINT('Ctrl Pts',(-17.1642025216372,-2.102008567804E-15,
219.35872941218));
#7659=CARTESIAN_POINT('Ctrl Pts',(-17.1642025216372,-17.1642025216372,219.35872941218));
#7660=CARTESIAN_POINT('Ctrl Pts',(2.102008567804E-15,-17.1642025216372,
219.35872941218));
#7661=CARTESIAN_POINT('Ctrl Pts',(17.1642025216372,-17.1642025216372,219.35872941218));
#7662=CARTESIAN_POINT('Ctrl Pts',(17.1642025216372,2.102008567804E-15,219.35872941218));
#7663=CARTESIAN_POINT('Ctrl Pts',(17.2493916792498,2.11244123072322E-15,
218.776363222146));
#7664=CARTESIAN_POINT('Ctrl Pts',(17.2493916792497,17.2493916792497,218.776363222146));
#7665=CARTESIAN_POINT('Ctrl Pts',(-2.11244123072322E-15,17.2493916792498,
218.776363222146));
#7666=CARTESIAN_POINT('Ctrl Pts',(-17.2493916792497,17.2493916792497,218.776363222146));
#7667=CARTESIAN_POINT('Ctrl Pts',(-17.2493916792498,-2.11244123072322E-15,
218.776363222146));
#7668=CARTESIAN_POINT('Ctrl Pts',(-17.2493916792497,-17.2493916792497,218.776363222146));
#7669=CARTESIAN_POINT('Ctrl Pts',(2.11244123072322E-15,-17.2493916792498,
218.776363222146));
#7670=CARTESIAN_POINT('Ctrl Pts',(17.2493916792497,-17.2493916792497,218.776363222146));
#7671=CARTESIAN_POINT('Ctrl Pts',(17.2493916792498,2.11244123072322E-15,
218.776363222146));
#7672=CARTESIAN_POINT('Ctrl Pts',(17.3344016852505,2.12285195389765E-15,
218.193433205438));
#7673=CARTESIAN_POINT('Ctrl Pts',(17.3344016852505,17.3344016852505,218.193433205438));
#7674=CARTESIAN_POINT('Ctrl Pts',(-2.12285195389765E-15,17.3344016852505,
218.193433205438));
#7675=CARTESIAN_POINT('Ctrl Pts',(-17.3344016852505,17.3344016852505,218.193433205438));
#7676=CARTESIAN_POINT('Ctrl Pts',(-17.3344016852505,-2.12285195389765E-15,
218.193433205438));
#7677=CARTESIAN_POINT('Ctrl Pts',(-17.3344016852505,-17.3344016852505,218.193433205438));
#7678=CARTESIAN_POINT('Ctrl Pts',(2.12285195389765E-15,-17.3344016852505,
218.193433205438));
#7679=CARTESIAN_POINT('Ctrl Pts',(17.3344016852505,-17.3344016852505,218.193433205438));
#7680=CARTESIAN_POINT('Ctrl Pts',(17.3344016852505,2.12285195389765E-15,
218.193433205438));
#7681=CARTESIAN_POINT('Ctrl Pts',(17.4192320283728,2.13324067471518E-15,
217.609947702254));
#7682=CARTESIAN_POINT('Ctrl Pts',(17.4192320283728,17.4192320283728,217.609947702254));
#7683=CARTESIAN_POINT('Ctrl Pts',(-2.13324067471518E-15,17.4192320283728,
217.609947702254));
#7684=CARTESIAN_POINT('Ctrl Pts',(-17.4192320283728,17.4192320283728,217.609947702254));
#7685=CARTESIAN_POINT('Ctrl Pts',(-17.4192320283728,-2.13324067471518E-15,
217.609947702254));
#7686=CARTESIAN_POINT('Ctrl Pts',(-17.4192320283728,-17.4192320283728,217.609947702254));
#7687=CARTESIAN_POINT('Ctrl Pts',(2.13324067471518E-15,-17.4192320283728,
217.609947702254));
#7688=CARTESIAN_POINT('Ctrl Pts',(17.4192320283728,-17.4192320283728,217.609947702254));
#7689=CARTESIAN_POINT('Ctrl Pts',(17.4192320283728,2.13324067471518E-15,
217.609947702254));
#7690=CARTESIAN_POINT('Ctrl Pts',(17.5038821982715,2.14360733067656E-15,
217.025915015158));
#7691=CARTESIAN_POINT('Ctrl Pts',(17.5038821982715,17.5038821982715,217.025915015158));
#7692=CARTESIAN_POINT('Ctrl Pts',(-2.14360733067656E-15,17.5038821982715,
217.025915015158));
#7693=CARTESIAN_POINT('Ctrl Pts',(-17.5038821982715,17.5038821982715,217.025915015158));
#7694=CARTESIAN_POINT('Ctrl Pts',(-17.5038821982715,-2.14360733067656E-15,
217.025915015158));
#7695=CARTESIAN_POINT('Ctrl Pts',(-17.5038821982715,-17.5038821982715,217.025915015158));
#7696=CARTESIAN_POINT('Ctrl Pts',(2.14360733067656E-15,-17.5038821982715,
217.025915015158));
#7697=CARTESIAN_POINT('Ctrl Pts',(17.5038821982715,-17.5038821982715,217.025915015158));
#7698=CARTESIAN_POINT('Ctrl Pts',(17.5038821982715,2.14360733067656E-15,
217.025915015158));
#7699=CARTESIAN_POINT('Ctrl Pts',(17.588351685498,2.15395185939231E-15,
216.441343409899));
#7700=CARTESIAN_POINT('Ctrl Pts',(17.588351685498,17.588351685498,216.441343409899));
#7701=CARTESIAN_POINT('Ctrl Pts',(-2.15395185939231E-15,17.588351685498,
216.441343409899));
#7702=CARTESIAN_POINT('Ctrl Pts',(-17.588351685498,17.588351685498,216.441343409899));
#7703=CARTESIAN_POINT('Ctrl Pts',(-17.588351685498,-2.15395185939231E-15,
216.441343409899));
#7704=CARTESIAN_POINT('Ctrl Pts',(-17.588351685498,-17.588351685498,216.441343409899));
#7705=CARTESIAN_POINT('Ctrl Pts',(2.15395185939231E-15,-17.588351685498,
216.441343409899));
#7706=CARTESIAN_POINT('Ctrl Pts',(17.588351685498,-17.588351685498,216.441343409899));
#7707=CARTESIAN_POINT('Ctrl Pts',(17.588351685498,2.15395185939231E-15,
216.441343409899));
#7708=CARTESIAN_POINT('Ctrl Pts',(17.6726399814762,2.16427419857983E-15,
215.856241116174));
#7709=CARTESIAN_POINT('Ctrl Pts',(17.6726399814762,17.6726399814762,215.856241116174));
#7710=CARTESIAN_POINT('Ctrl Pts',(-2.16427419857983E-15,17.6726399814762,
215.856241116174));
#7711=CARTESIAN_POINT('Ctrl Pts',(-17.6726399814762,17.6726399814762,215.856241116174));
#7712=CARTESIAN_POINT('Ctrl Pts',(-17.6726399814762,-2.16427419857983E-15,
215.856241116174));
#7713=CARTESIAN_POINT('Ctrl Pts',(-17.6726399814762,-17.6726399814762,215.856241116174));
#7714=CARTESIAN_POINT('Ctrl Pts',(2.16427419857983E-15,-17.6726399814762,
215.856241116174));
#7715=CARTESIAN_POINT('Ctrl Pts',(17.6726399814762,-17.6726399814762,215.856241116174));
#7716=CARTESIAN_POINT('Ctrl Pts',(17.6726399814762,2.16427419857983E-15,
215.856241116174));
#7717=CARTESIAN_POINT('Ctrl Pts',(17.7567465784781,2.17457428606039E-15,
215.270616328342));
#7718=CARTESIAN_POINT('Ctrl Pts',(17.7567465784781,17.7567465784781,215.270616328342));
#7719=CARTESIAN_POINT('Ctrl Pts',(-2.17457428606039E-15,17.7567465784781,
215.270616328342));
#7720=CARTESIAN_POINT('Ctrl Pts',(-17.7567465784781,17.7567465784781,215.270616328342));
#7721=CARTESIAN_POINT('Ctrl Pts',(-17.7567465784781,-2.17457428606039E-15,
215.270616328342));
#7722=CARTESIAN_POINT('Ctrl Pts',(-17.7567465784781,-17.7567465784781,215.270616328342));
#7723=CARTESIAN_POINT('Ctrl Pts',(2.17457428606039E-15,-17.7567465784781,
215.270616328342));
#7724=CARTESIAN_POINT('Ctrl Pts',(17.7567465784781,-17.7567465784781,215.270616328342));
#7725=CARTESIAN_POINT('Ctrl Pts',(17.7567465784781,2.17457428606039E-15,
215.270616328342));
#7726=CARTESIAN_POINT('Ctrl Pts',(17.8406709696011,2.18485205975631E-15,
214.684477206154));
#7727=CARTESIAN_POINT('Ctrl Pts',(17.8406709696011,17.8406709696011,214.684477206154));
#7728=CARTESIAN_POINT('Ctrl Pts',(-2.18485205975631E-15,17.8406709696011,
214.684477206154));
#7729=CARTESIAN_POINT('Ctrl Pts',(-17.8406709696011,17.8406709696011,214.684477206154));
#7730=CARTESIAN_POINT('Ctrl Pts',(-17.8406709696011,-2.18485205975631E-15,
214.684477206154));
#7731=CARTESIAN_POINT('Ctrl Pts',(-17.8406709696011,-17.8406709696011,214.684477206154));
#7732=CARTESIAN_POINT('Ctrl Pts',(2.18485205975631E-15,-17.8406709696011,
214.684477206154));
#7733=CARTESIAN_POINT('Ctrl Pts',(17.8406709696011,-17.8406709696011,214.684477206154));
#7734=CARTESIAN_POINT('Ctrl Pts',(17.8406709696011,2.18485205975631E-15,
214.684477206154));
#7735=CARTESIAN_POINT('Ctrl Pts',(17.9244126487444,2.19510745768812E-15,
214.097831875476));
#7736=CARTESIAN_POINT('Ctrl Pts',(17.9244126487444,17.9244126487444,214.097831875476));
#7737=CARTESIAN_POINT('Ctrl Pts',(-2.19510745768812E-15,17.9244126487444,
214.097831875476));
#7738=CARTESIAN_POINT('Ctrl Pts',(-17.9244126487444,17.9244126487444,214.097831875476));
#7739=CARTESIAN_POINT('Ctrl Pts',(-17.9244126487444,-2.19510745768812E-15,
214.097831875476));
#7740=CARTESIAN_POINT('Ctrl Pts',(-17.9244126487444,-17.9244126487444,214.097831875476));
#7741=CARTESIAN_POINT('Ctrl Pts',(2.19510745768812E-15,-17.9244126487444,
214.097831875476));
#7742=CARTESIAN_POINT('Ctrl Pts',(17.9244126487444,-17.9244126487444,214.097831875476));
#7743=CARTESIAN_POINT('Ctrl Pts',(17.9244126487444,2.19510745768812E-15,
214.097831875476));
#7744=CARTESIAN_POINT('Ctrl Pts',(18.0079711105867,2.2053404179718E-15,
213.510688429023));
#7745=CARTESIAN_POINT('Ctrl Pts',(18.0079711105867,18.0079711105867,213.510688429023));
#7746=CARTESIAN_POINT('Ctrl Pts',(-2.2053404179718E-15,18.0079711105867,
213.510688429023));
#7747=CARTESIAN_POINT('Ctrl Pts',(-18.0079711105867,18.0079711105867,213.510688429023));
#7748=CARTESIAN_POINT('Ctrl Pts',(-18.0079711105867,-2.2053404179718E-15,
213.510688429023));
#7749=CARTESIAN_POINT('Ctrl Pts',(-18.0079711105867,-18.0079711105867,213.510688429023));
#7750=CARTESIAN_POINT('Ctrl Pts',(2.2053404179718E-15,-18.0079711105867,
213.510688429023));
#7751=CARTESIAN_POINT('Ctrl Pts',(18.0079711105867,-18.0079711105867,213.510688429023));
#7752=CARTESIAN_POINT('Ctrl Pts',(18.0079711105867,2.2053404179718E-15,
213.510688429023));
#7753=CARTESIAN_POINT('Ctrl Pts',(18.0913458505635,2.21555087881603E-15,
212.923054927084));
#7754=CARTESIAN_POINT('Ctrl Pts',(18.0913458505635,18.0913458505635,212.923054927084));
#7755=CARTESIAN_POINT('Ctrl Pts',(-2.21555087881603E-15,18.0913458505635,
212.923054927084));
#7756=CARTESIAN_POINT('Ctrl Pts',(-18.0913458505635,18.0913458505635,212.923054927084));
#7757=CARTESIAN_POINT('Ctrl Pts',(-18.0913458505635,-2.21555087881603E-15,
212.923054927084));
#7758=CARTESIAN_POINT('Ctrl Pts',(-18.0913458505635,-18.0913458505635,212.923054927084));
#7759=CARTESIAN_POINT('Ctrl Pts',(2.21555087881603E-15,-18.0913458505635,
212.923054927084));
#7760=CARTESIAN_POINT('Ctrl Pts',(18.0913458505635,-18.0913458505635,212.923054927084));
#7761=CARTESIAN_POINT('Ctrl Pts',(18.0913458505635,2.21555087881603E-15,
212.923054927084));
#7762=CARTESIAN_POINT('Ctrl Pts',(18.1745363648453,2.2257387785195E-15,
212.334939398234));
#7763=CARTESIAN_POINT('Ctrl Pts',(18.1745363648453,18.1745363648453,212.334939398234));
#7764=CARTESIAN_POINT('Ctrl Pts',(-2.2257387785195E-15,18.1745363648453,
212.334939398234));
#7765=CARTESIAN_POINT('Ctrl Pts',(-18.1745363648453,18.1745363648453,212.334939398234));
#7766=CARTESIAN_POINT('Ctrl Pts',(-18.1745363648453,-2.2257387785195E-15,
212.334939398234));
#7767=CARTESIAN_POINT('Ctrl Pts',(-18.1745363648453,-18.1745363648453,212.334939398234));
#7768=CARTESIAN_POINT('Ctrl Pts',(2.2257387785195E-15,-18.1745363648453,
212.334939398234));
#7769=CARTESIAN_POINT('Ctrl Pts',(18.1745363648453,-18.1745363648453,212.334939398234));
#7770=CARTESIAN_POINT('Ctrl Pts',(18.1745363648453,2.2257387785195E-15,
212.334939398234));
#7771=CARTESIAN_POINT('Ctrl Pts',(18.2575421503157,2.23590405546819E-15,
211.74634983999));
#7772=CARTESIAN_POINT('Ctrl Pts',(18.2575421503156,18.2575421503157,211.74634983999));
#7773=CARTESIAN_POINT('Ctrl Pts',(-2.23590405546819E-15,18.2575421503157,
211.74634983999));
#7774=CARTESIAN_POINT('Ctrl Pts',(-18.2575421503157,18.2575421503156,211.74634983999));
#7775=CARTESIAN_POINT('Ctrl Pts',(-18.2575421503157,-2.23590405546819E-15,
211.74634983999));
#7776=CARTESIAN_POINT('Ctrl Pts',(-18.2575421503156,-18.2575421503157,211.74634983999));
#7777=CARTESIAN_POINT('Ctrl Pts',(2.23590405546819E-15,-18.2575421503157,
211.74634983999));
#7778=CARTESIAN_POINT('Ctrl Pts',(18.2575421503157,-18.2575421503156,211.74634983999));
#7779=CARTESIAN_POINT('Ctrl Pts',(18.2575421503157,2.23590405546819E-15,
211.74634983999));
#7780=CARTESIAN_POINT('Ctrl Pts',(18.3403627045492,2.24604664813277E-15,
211.157294219465));
#7781=CARTESIAN_POINT('Ctrl Pts',(18.3403627045492,18.3403627045492,211.157294219465));
#7782=CARTESIAN_POINT('Ctrl Pts',(-2.24604664813277E-15,18.3403627045492,
211.157294219465));
#7783=CARTESIAN_POINT('Ctrl Pts',(-18.3403627045492,18.3403627045492,211.157294219465));
#7784=CARTESIAN_POINT('Ctrl Pts',(-18.3403627045492,-2.24604664813277E-15,
211.157294219465));
#7785=CARTESIAN_POINT('Ctrl Pts',(-18.3403627045492,-18.3403627045492,211.157294219465));
#7786=CARTESIAN_POINT('Ctrl Pts',(2.24604664813277E-15,-18.3403627045492,
211.157294219465));
#7787=CARTESIAN_POINT('Ctrl Pts',(18.3403627045492,-18.3403627045492,211.157294219465));
#7788=CARTESIAN_POINT('Ctrl Pts',(18.3403627045492,2.24604664813277E-15,
211.157294219465));
#7789=CARTESIAN_POINT('Ctrl Pts',(18.4229975257907,2.25616649506592E-15,
210.567780474028));
#7790=CARTESIAN_POINT('Ctrl Pts',(18.4229975257907,18.4229975257907,210.567780474028));
#7791=CARTESIAN_POINT('Ctrl Pts',(-2.25616649506592E-15,18.4229975257907,
210.567780474028));
#7792=CARTESIAN_POINT('Ctrl Pts',(-18.4229975257907,18.4229975257907,210.567780474028));
#7793=CARTESIAN_POINT('Ctrl Pts',(-18.4229975257907,-2.25616649506592E-15,
210.567780474028));
#7794=CARTESIAN_POINT('Ctrl Pts',(-18.4229975257907,-18.4229975257907,210.567780474028));
#7795=CARTESIAN_POINT('Ctrl Pts',(2.25616649506592E-15,-18.4229975257907,
210.567780474028));
#7796=CARTESIAN_POINT('Ctrl Pts',(18.4229975257907,-18.4229975257907,210.567780474028));
#7797=CARTESIAN_POINT('Ctrl Pts',(18.4229975257907,2.25616649506592E-15,
210.567780474028));
#7798=CARTESIAN_POINT('Ctrl Pts',(18.5054461129344,2.2662635348999E-15,
209.977816511964));
#7799=CARTESIAN_POINT('Ctrl Pts',(18.5054461129344,18.5054461129344,209.977816511964));
#7800=CARTESIAN_POINT('Ctrl Pts',(-2.2662635348999E-15,18.5054461129344,
209.977816511964));
#7801=CARTESIAN_POINT('Ctrl Pts',(-18.5054461129344,18.5054461129344,209.977816511964));
#7802=CARTESIAN_POINT('Ctrl Pts',(-18.5054461129344,-2.2662635348999E-15,
209.977816511964));
#7803=CARTESIAN_POINT('Ctrl Pts',(-18.5054461129344,-18.5054461129344,209.977816511964));
#7804=CARTESIAN_POINT('Ctrl Pts',(2.2662635348999E-15,-18.5054461129344,
209.977816511964));
#7805=CARTESIAN_POINT('Ctrl Pts',(18.5054461129344,-18.5054461129344,209.977816511964));
#7806=CARTESIAN_POINT('Ctrl Pts',(18.5054461129344,2.2662635348999E-15,
209.977816511964));
#7807=CARTESIAN_POINT('Ctrl Pts',(18.5877079655042,2.27633770634404E-15,
209.387410213128));
#7808=CARTESIAN_POINT('Ctrl Pts',(18.5877079655042,18.5877079655042,209.387410213128));
#7809=CARTESIAN_POINT('Ctrl Pts',(-2.27633770634404E-15,18.5877079655042,
209.387410213128));
#7810=CARTESIAN_POINT('Ctrl Pts',(-18.5877079655042,18.5877079655042,209.387410213128));
#7811=CARTESIAN_POINT('Ctrl Pts',(-18.5877079655042,-2.27633770634404E-15,
209.387410213128));
#7812=CARTESIAN_POINT('Ctrl Pts',(-18.5877079655042,-18.5877079655042,209.387410213128));
#7813=CARTESIAN_POINT('Ctrl Pts',(2.27633770634404E-15,-18.5877079655042,
209.387410213128));
#7814=CARTESIAN_POINT('Ctrl Pts',(18.5877079655042,-18.5877079655042,209.387410213128));
#7815=CARTESIAN_POINT('Ctrl Pts',(18.5877079655042,2.27633770634404E-15,
209.387410213128));
#7816=CARTESIAN_POINT('Ctrl Pts',(18.6697825836331,2.28638894818233E-15,
208.796569429613));
#7817=CARTESIAN_POINT('Ctrl Pts',(18.6697825836331,18.6697825836331,208.796569429613));
#7818=CARTESIAN_POINT('Ctrl Pts',(-2.28638894818233E-15,18.6697825836331,
208.796569429613));
#7819=CARTESIAN_POINT('Ctrl Pts',(-18.6697825836331,18.6697825836331,208.796569429613));
#7820=CARTESIAN_POINT('Ctrl Pts',(-18.6697825836331,-2.28638894818233E-15,
208.796569429613));
#7821=CARTESIAN_POINT('Ctrl Pts',(-18.6697825836331,-18.6697825836331,208.796569429613));
#7822=CARTESIAN_POINT('Ctrl Pts',(2.28638894818233E-15,-18.6697825836331,
208.796569429613));
#7823=CARTESIAN_POINT('Ctrl Pts',(18.6697825836331,-18.6697825836331,208.796569429613));
#7824=CARTESIAN_POINT('Ctrl Pts',(18.6697825836331,2.28638894818233E-15,
208.796569429613));
#7825=CARTESIAN_POINT('Ctrl Pts',(18.7516694680439,2.29641719927091E-15,
208.205301986359));
#7826=CARTESIAN_POINT('Ctrl Pts',(18.7516694680439,18.7516694680439,208.205301986359));
#7827=CARTESIAN_POINT('Ctrl Pts',(-2.29641719927091E-15,18.7516694680439,
208.205301986359));
#7828=CARTESIAN_POINT('Ctrl Pts',(-18.7516694680439,18.7516694680439,208.205301986359));
#7829=CARTESIAN_POINT('Ctrl Pts',(-18.7516694680439,-2.29641719927091E-15,
208.205301986359));
#7830=CARTESIAN_POINT('Ctrl Pts',(-18.7516694680439,-18.7516694680439,208.205301986359));
#7831=CARTESIAN_POINT('Ctrl Pts',(2.29641719927091E-15,-18.7516694680439,
208.205301986359));
#7832=CARTESIAN_POINT('Ctrl Pts',(18.7516694680439,-18.7516694680439,208.205301986359));
#7833=CARTESIAN_POINT('Ctrl Pts',(18.7516694680439,2.29641719927091E-15,
208.205301986359));
#7834=CARTESIAN_POINT('Ctrl Pts',(18.8333681200294,2.30642239853578E-15,
207.613615681754));
#7835=CARTESIAN_POINT('Ctrl Pts',(18.8333681200294,18.8333681200294,207.613615681754));
#7836=CARTESIAN_POINT('Ctrl Pts',(-2.30642239853578E-15,18.8333681200294,
207.613615681754));
#7837=CARTESIAN_POINT('Ctrl Pts',(-18.8333681200294,18.8333681200294,207.613615681754));
#7838=CARTESIAN_POINT('Ctrl Pts',(-18.8333681200294,-2.30642239853578E-15,
207.613615681754));
#7839=CARTESIAN_POINT('Ctrl Pts',(-18.8333681200294,-18.8333681200294,207.613615681754));
#7840=CARTESIAN_POINT('Ctrl Pts',(2.30642239853578E-15,-18.8333681200294,
207.613615681754));
#7841=CARTESIAN_POINT('Ctrl Pts',(18.8333681200294,-18.8333681200294,207.613615681754));
#7842=CARTESIAN_POINT('Ctrl Pts',(18.8333681200294,2.30642239853578E-15,
207.613615681754));
#7843=CARTESIAN_POINT('Ctrl Pts',(18.9148780414325,2.31640448497029E-15,
207.021518288237));
#7844=CARTESIAN_POINT('Ctrl Pts',(18.9148780414325,18.9148780414325,207.021518288237));
#7845=CARTESIAN_POINT('Ctrl Pts',(-2.31640448497029E-15,18.9148780414325,
207.021518288237));
#7846=CARTESIAN_POINT('Ctrl Pts',(-18.9148780414325,18.9148780414325,207.021518288237));
#7847=CARTESIAN_POINT('Ctrl Pts',(-18.9148780414325,-2.31640448497029E-15,
207.021518288237));
#7848=CARTESIAN_POINT('Ctrl Pts',(-18.9148780414325,-18.9148780414325,207.021518288237));
#7849=CARTESIAN_POINT('Ctrl Pts',(2.31640448497029E-15,-18.9148780414325,
207.021518288237));
#7850=CARTESIAN_POINT('Ctrl Pts',(18.9148780414325,-18.9148780414325,207.021518288237));
#7851=CARTESIAN_POINT('Ctrl Pts',(18.9148780414325,2.31640448497029E-15,
207.021518288237));
#7852=CARTESIAN_POINT('Ctrl Pts',(18.9961987346278,2.32636339763289E-15,
206.4290175529));
#7853=CARTESIAN_POINT('Ctrl Pts',(18.9961987346278,18.9961987346278,206.4290175529));
#7854=CARTESIAN_POINT('Ctrl Pts',(-2.32636339763289E-15,18.9961987346278,
206.4290175529));
#7855=CARTESIAN_POINT('Ctrl Pts',(-18.9961987346278,18.9961987346278,206.4290175529));
#7856=CARTESIAN_POINT('Ctrl Pts',(-18.9961987346278,-2.32636339763289E-15,
206.4290175529));
#7857=CARTESIAN_POINT('Ctrl Pts',(-18.9961987346278,-18.9961987346278,206.4290175529));
#7858=CARTESIAN_POINT('Ctrl Pts',(2.32636339763289E-15,-18.9961987346278,
206.4290175529));
#7859=CARTESIAN_POINT('Ctrl Pts',(18.9961987346278,-18.9961987346278,206.4290175529));
#7860=CARTESIAN_POINT('Ctrl Pts',(18.9961987346278,2.32636339763289E-15,
206.4290175529));
#7861=CARTESIAN_POINT('Ctrl Pts',(19.0773297025024,2.33629907564483E-15,
205.836121198087));
#7862=CARTESIAN_POINT('Ctrl Pts',(19.0773297025024,19.0773297025024,205.836121198087));
#7863=CARTESIAN_POINT('Ctrl Pts',(-2.33629907564483E-15,19.0773297025024,
205.836121198087));
#7864=CARTESIAN_POINT('Ctrl Pts',(-19.0773297025024,19.0773297025024,205.836121198087));
#7865=CARTESIAN_POINT('Ctrl Pts',(-19.0773297025024,-2.33629907564483E-15,
205.836121198087));
#7866=CARTESIAN_POINT('Ctrl Pts',(-19.0773297025024,-19.0773297025024,205.836121198087));
#7867=CARTESIAN_POINT('Ctrl Pts',(2.33629907564483E-15,-19.0773297025024,
205.836121198087));
#7868=CARTESIAN_POINT('Ctrl Pts',(19.0773297025024,-19.0773297025024,205.836121198087));
#7869=CARTESIAN_POINT('Ctrl Pts',(19.0773297025024,2.33629907564483E-15,
205.836121198087));
#7870=CARTESIAN_POINT('Ctrl Pts',(19.1582704484381,2.34621145818791E-15,
205.242836922002));
#7871=CARTESIAN_POINT('Ctrl Pts',(19.1582704484381,19.1582704484381,205.242836922002));
#7872=CARTESIAN_POINT('Ctrl Pts',(-2.34621145818791E-15,19.1582704484381,
205.242836922002));
#7873=CARTESIAN_POINT('Ctrl Pts',(-19.1582704484381,19.1582704484381,205.242836922002));
#7874=CARTESIAN_POINT('Ctrl Pts',(-19.1582704484381,-2.34621145818791E-15,
205.242836922002));
#7875=CARTESIAN_POINT('Ctrl Pts',(-19.1582704484381,-19.1582704484381,205.242836922002));
#7876=CARTESIAN_POINT('Ctrl Pts',(2.34621145818791E-15,-19.1582704484381,
205.242836922002));
#7877=CARTESIAN_POINT('Ctrl Pts',(19.1582704484381,-19.1582704484381,205.242836922002));
#7878=CARTESIAN_POINT('Ctrl Pts',(19.1582704484381,2.34621145818791E-15,
205.242836922002));
#7879=CARTESIAN_POINT('Ctrl Pts',(19.239020476293,2.35610048450226E-15,
204.649172399292));
#7880=CARTESIAN_POINT('Ctrl Pts',(19.239020476293,19.239020476293,204.649172399292));
#7881=CARTESIAN_POINT('Ctrl Pts',(-2.35610048450226E-15,19.239020476293,
204.649172399292));
#7882=CARTESIAN_POINT('Ctrl Pts',(-19.239020476293,19.239020476293,204.649172399292));
#7883=CARTESIAN_POINT('Ctrl Pts',(-19.239020476293,-2.35610048450226E-15,
204.649172399292));
#7884=CARTESIAN_POINT('Ctrl Pts',(-19.239020476293,-19.239020476293,204.649172399292));
#7885=CARTESIAN_POINT('Ctrl Pts',(2.35610048450226E-15,-19.239020476293,
204.649172399292));
#7886=CARTESIAN_POINT('Ctrl Pts',(19.239020476293,-19.239020476293,204.649172399292));
#7887=CARTESIAN_POINT('Ctrl Pts',(19.239020476293,2.35610048450226E-15,
204.649172399292));
#7888=CARTESIAN_POINT('Ctrl Pts',(19.3195792903826,2.36596609388405E-15,
204.055135281592));
#7889=CARTESIAN_POINT('Ctrl Pts',(19.3195792903826,19.3195792903826,204.055135281592));
#7890=CARTESIAN_POINT('Ctrl Pts',(-2.36596609388405E-15,19.3195792903826,
204.055135281592));
#7891=CARTESIAN_POINT('Ctrl Pts',(-19.3195792903826,19.3195792903826,204.055135281592));
#7892=CARTESIAN_POINT('Ctrl Pts',(-19.3195792903826,-2.36596609388405E-15,
204.055135281592));
#7893=CARTESIAN_POINT('Ctrl Pts',(-19.3195792903826,-19.3195792903826,204.055135281592));
#7894=CARTESIAN_POINT('Ctrl Pts',(2.36596609388405E-15,-19.3195792903826,
204.055135281592));
#7895=CARTESIAN_POINT('Ctrl Pts',(19.3195792903826,-19.3195792903826,204.055135281592));
#7896=CARTESIAN_POINT('Ctrl Pts',(19.3195792903826,2.36596609388405E-15,
204.055135281592));
#7897=CARTESIAN_POINT('Ctrl Pts',(19.3999463954617,2.37580822568324E-15,
203.46073319808));
#7898=CARTESIAN_POINT('Ctrl Pts',(19.3999463954617,19.3999463954617,203.46073319808));
#7899=CARTESIAN_POINT('Ctrl Pts',(-2.37580822568324E-15,19.3999463954617,
203.46073319808));
#7900=CARTESIAN_POINT('Ctrl Pts',(-19.3999463954617,19.3999463954617,203.46073319808));
#7901=CARTESIAN_POINT('Ctrl Pts',(-19.3999463954617,-2.37580822568324E-15,
203.46073319808));
#7902=CARTESIAN_POINT('Ctrl Pts',(-19.3999463954617,-19.3999463954617,203.46073319808));
#7903=CARTESIAN_POINT('Ctrl Pts',(2.37580822568324E-15,-19.3999463954617,
203.46073319808));
#7904=CARTESIAN_POINT('Ctrl Pts',(19.3999463954617,-19.3999463954617,203.46073319808));
#7905=CARTESIAN_POINT('Ctrl Pts',(19.3999463954617,2.37580822568324E-15,
203.46073319808));
#7906=CARTESIAN_POINT('Ctrl Pts',(19.4801212967071,2.38562681930145E-15,
202.865973756036));
#7907=CARTESIAN_POINT('Ctrl Pts',(19.4801212967071,19.4801212967071,202.865973756036));
#7908=CARTESIAN_POINT('Ctrl Pts',(-2.38562681930145E-15,19.4801212967071,
202.865973756036));
#7909=CARTESIAN_POINT('Ctrl Pts',(-19.4801212967071,19.4801212967071,202.865973756036));
#7910=CARTESIAN_POINT('Ctrl Pts',(-19.4801212967071,-2.38562681930145E-15,
202.865973756036));
#7911=CARTESIAN_POINT('Ctrl Pts',(-19.4801212967071,-19.4801212967071,202.865973756036));
#7912=CARTESIAN_POINT('Ctrl Pts',(2.38562681930145E-15,-19.4801212967071,
202.865973756036));
#7913=CARTESIAN_POINT('Ctrl Pts',(19.4801212967071,-19.4801212967071,202.865973756036));
#7914=CARTESIAN_POINT('Ctrl Pts',(19.4801212967071,2.38562681930145E-15,
202.865973756036));
#7915=CARTESIAN_POINT('Ctrl Pts',(19.5601034997001,2.39542181418987E-15,
202.270864541393));
#7916=CARTESIAN_POINT('Ctrl Pts',(19.5601034997001,19.5601034997001,202.270864541393));
#7917=CARTESIAN_POINT('Ctrl Pts',(-2.39542181418987E-15,19.5601034997001,
202.270864541393));
#7918=CARTESIAN_POINT('Ctrl Pts',(-19.5601034997001,19.5601034997001,202.270864541393));
#7919=CARTESIAN_POINT('Ctrl Pts',(-19.5601034997001,-2.39542181418987E-15,
202.270864541393));
#7920=CARTESIAN_POINT('Ctrl Pts',(-19.5601034997001,-19.5601034997001,202.270864541393));
#7921=CARTESIAN_POINT('Ctrl Pts',(2.39542181418987E-15,-19.5601034997001,
202.270864541393));
#7922=CARTESIAN_POINT('Ctrl Pts',(19.5601034997001,-19.5601034997001,202.270864541393));
#7923=CARTESIAN_POINT('Ctrl Pts',(19.5601034997001,2.39542181418987E-15,
202.270864541393));
#7924=CARTESIAN_POINT('Ctrl Pts',(19.63989251041,2.40519314984717E-15,201.675413119297));
#7925=CARTESIAN_POINT('Ctrl Pts',(19.63989251041,19.63989251041,201.675413119297));
#7926=CARTESIAN_POINT('Ctrl Pts',(-2.40519314984717E-15,19.63989251041,
201.675413119297));
#7927=CARTESIAN_POINT('Ctrl Pts',(-19.63989251041,19.63989251041,201.675413119297));
#7928=CARTESIAN_POINT('Ctrl Pts',(-19.63989251041,-2.40519314984717E-15,
201.675413119297));
#7929=CARTESIAN_POINT('Ctrl Pts',(-19.63989251041,-19.63989251041,201.675413119297));
#7930=CARTESIAN_POINT('Ctrl Pts',(2.40519314984717E-15,-19.63989251041,
201.675413119297));
#7931=CARTESIAN_POINT('Ctrl Pts',(19.63989251041,-19.63989251041,201.675413119297));
#7932=CARTESIAN_POINT('Ctrl Pts',(19.63989251041,2.40519314984717E-15,201.675413119297));
#7933=CARTESIAN_POINT('Ctrl Pts',(19.7194878351774,2.41494076581752E-15,
201.079627034666));
#7934=CARTESIAN_POINT('Ctrl Pts',(19.7194878351774,19.7194878351774,201.079627034666));
#7935=CARTESIAN_POINT('Ctrl Pts',(-2.41494076581752E-15,19.7194878351774,
201.079627034666));
#7936=CARTESIAN_POINT('Ctrl Pts',(-19.7194878351774,19.7194878351774,201.079627034666));
#7937=CARTESIAN_POINT('Ctrl Pts',(-19.7194878351774,-2.41494076581752E-15,
201.079627034666));
#7938=CARTESIAN_POINT('Ctrl Pts',(-19.7194878351774,-19.7194878351774,201.079627034666));
#7939=CARTESIAN_POINT('Ctrl Pts',(2.41494076581752E-15,-19.7194878351774,
201.079627034666));
#7940=CARTESIAN_POINT('Ctrl Pts',(19.7194878351774,-19.7194878351774,201.079627034666));
#7941=CARTESIAN_POINT('Ctrl Pts',(19.7194878351774,2.41494076581752E-15,
201.079627034666));
#7942=CARTESIAN_POINT('Ctrl Pts',(19.7988889806978,2.42466460168854E-15,
200.4835138127));
#7943=CARTESIAN_POINT('Ctrl Pts',(19.7988889806978,19.7988889806978,200.4835138127));
#7944=CARTESIAN_POINT('Ctrl Pts',(-2.42466460168854E-15,19.7988889806978,
200.4835138127));
#7945=CARTESIAN_POINT('Ctrl Pts',(-19.7988889806978,19.7988889806978,200.4835138127));
#7946=CARTESIAN_POINT('Ctrl Pts',(-19.7988889806978,-2.42466460168854E-15,
200.4835138127));
#7947=CARTESIAN_POINT('Ctrl Pts',(-19.7988889806978,-19.7988889806978,200.4835138127));
#7948=CARTESIAN_POINT('Ctrl Pts',(2.42466460168854E-15,-19.7988889806978,
200.4835138127));
#7949=CARTESIAN_POINT('Ctrl Pts',(19.7988889806978,-19.7988889806978,200.4835138127));
#7950=CARTESIAN_POINT('Ctrl Pts',(19.7988889806978,2.42466460168854E-15,
200.4835138127));
#7951=CARTESIAN_POINT('Ctrl Pts',(19.8780954540039,2.43436459708914E-15,
199.887080959403));
#7952=CARTESIAN_POINT('Ctrl Pts',(19.8780954540039,19.8780954540039,199.887080959403));
#7953=CARTESIAN_POINT('Ctrl Pts',(-2.43436459708914E-15,19.8780954540039,
199.887080959403));
#7954=CARTESIAN_POINT('Ctrl Pts',(-19.8780954540039,19.8780954540039,199.887080959403));
#7955=CARTESIAN_POINT('Ctrl Pts',(-19.8780954540039,-2.43436459708914E-15,
199.887080959403));
#7956=CARTESIAN_POINT('Ctrl Pts',(-19.8780954540039,-19.8780954540039,199.887080959403));
#7957=CARTESIAN_POINT('Ctrl Pts',(2.43436459708914E-15,-19.8780954540039,
199.887080959403));
#7958=CARTESIAN_POINT('Ctrl Pts',(19.8780954540039,-19.8780954540039,199.887080959403));
#7959=CARTESIAN_POINT('Ctrl Pts',(19.8780954540039,2.43436459708914E-15,
199.887080959403));
#7960=CARTESIAN_POINT('Ctrl Pts',(19.9571067624494,2.44404069168756E-15,
199.290335962094));
#7961=CARTESIAN_POINT('Ctrl Pts',(19.9571067624494,19.9571067624494,199.290335962094));
#7962=CARTESIAN_POINT('Ctrl Pts',(-2.44404069168756E-15,19.9571067624494,
199.290335962094));
#7963=CARTESIAN_POINT('Ctrl Pts',(-19.9571067624494,19.9571067624494,199.290335962094));
#7964=CARTESIAN_POINT('Ctrl Pts',(-19.9571067624494,-2.44404069168756E-15,
199.290335962094));
#7965=CARTESIAN_POINT('Ctrl Pts',(-19.9571067624494,-19.9571067624494,199.290335962094));
#7966=CARTESIAN_POINT('Ctrl Pts',(2.44404069168756E-15,-19.9571067624494,
199.290335962094));
#7967=CARTESIAN_POINT('Ctrl Pts',(19.9571067624494,-19.9571067624494,199.290335962094));
#7968=CARTESIAN_POINT('Ctrl Pts',(19.9571067624494,2.44404069168756E-15,
199.290335962094));
#7969=CARTESIAN_POINT('Ctrl Pts',(20.0359224136928,2.45369282518936E-15,
198.693286289926));
#7970=CARTESIAN_POINT('Ctrl Pts',(20.0359224136928,20.0359224136928,198.693286289926));
#7971=CARTESIAN_POINT('Ctrl Pts',(-2.45369282518936E-15,20.0359224136928,
198.693286289926));
#7972=CARTESIAN_POINT('Ctrl Pts',(-20.0359224136928,20.0359224136928,198.693286289926));
#7973=CARTESIAN_POINT('Ctrl Pts',(-20.0359224136928,-2.45369282518936E-15,
198.693286289926));
#7974=CARTESIAN_POINT('Ctrl Pts',(-20.0359224136928,-20.0359224136928,198.693286289926));
#7975=CARTESIAN_POINT('Ctrl Pts',(2.45369282518936E-15,-20.0359224136928,
198.693286289926));
#7976=CARTESIAN_POINT('Ctrl Pts',(20.0359224136928,-20.0359224136928,198.693286289926));
#7977=CARTESIAN_POINT('Ctrl Pts',(20.0359224136928,2.45369282518936E-15,
198.693286289926));
#7978=CARTESIAN_POINT('Ctrl Pts',(20.1145419156815,2.46332093733546E-15,
198.095939394397));
#7979=CARTESIAN_POINT('Ctrl Pts',(20.1145419156815,20.1145419156815,198.095939394397));
#7980=CARTESIAN_POINT('Ctrl Pts',(-2.46332093733546E-15,20.1145419156815,
198.095939394397));
#7981=CARTESIAN_POINT('Ctrl Pts',(-20.1145419156815,20.1145419156815,198.095939394397));
#7982=CARTESIAN_POINT('Ctrl Pts',(-20.1145419156815,-2.46332093733546E-15,
198.095939394397));
#7983=CARTESIAN_POINT('Ctrl Pts',(-20.1145419156815,-20.1145419156815,198.095939394397));
#7984=CARTESIAN_POINT('Ctrl Pts',(2.46332093733546E-15,-20.1145419156815,
198.095939394397));
#7985=CARTESIAN_POINT('Ctrl Pts',(20.1145419156815,-20.1145419156815,198.095939394397));
#7986=CARTESIAN_POINT('Ctrl Pts',(20.1145419156815,2.46332093733546E-15,
198.095939394397));
#7987=CARTESIAN_POINT('Ctrl Pts',(20.1929647766366,2.47292496790033E-15,
197.498302709876));
#7988=CARTESIAN_POINT('Ctrl Pts',(20.1929647766366,20.1929647766366,197.498302709876));
#7989=CARTESIAN_POINT('Ctrl Pts',(-2.47292496790033E-15,20.1929647766366,
197.498302709876));
#7990=CARTESIAN_POINT('Ctrl Pts',(-20.1929647766366,20.1929647766366,197.498302709876));
#7991=CARTESIAN_POINT('Ctrl Pts',(-20.1929647766366,-2.47292496790033E-15,
197.498302709876));
#7992=CARTESIAN_POINT('Ctrl Pts',(-20.1929647766366,-20.1929647766366,197.498302709876));
#7993=CARTESIAN_POINT('Ctrl Pts',(2.47292496790033E-15,-20.1929647766366,
197.498302709876));
#7994=CARTESIAN_POINT('Ctrl Pts',(20.1929647766366,-20.1929647766366,197.498302709876));
#7995=CARTESIAN_POINT('Ctrl Pts',(20.1929647766366,2.47292496790033E-15,
197.498302709876));
#7996=CARTESIAN_POINT('Ctrl Pts',(20.2711905050369,2.48250485668997E-15,
196.900383654098));
#7997=CARTESIAN_POINT('Ctrl Pts',(20.2711905050369,20.2711905050369,196.900383654098));
#7998=CARTESIAN_POINT('Ctrl Pts',(-2.48250485668997E-15,20.2711905050369,
196.900383654098));
#7999=CARTESIAN_POINT('Ctrl Pts',(-20.2711905050369,20.2711905050369,196.900383654098));
#8000=CARTESIAN_POINT('Ctrl Pts',(-20.2711905050369,-2.48250485668997E-15,
196.900383654098));
#8001=CARTESIAN_POINT('Ctrl Pts',(-20.2711905050369,-20.2711905050369,196.900383654098));
#8002=CARTESIAN_POINT('Ctrl Pts',(2.48250485668997E-15,-20.2711905050369,
196.900383654098));
#8003=CARTESIAN_POINT('Ctrl Pts',(20.2711905050369,-20.2711905050369,196.900383654098));
#8004=CARTESIAN_POINT('Ctrl Pts',(20.2711905050369,2.48250485668997E-15,
196.900383654098));
#8005=CARTESIAN_POINT('Ctrl Pts',(20.349218609603,2.49206054354001E-15,
196.302189628647));
#8006=CARTESIAN_POINT('Ctrl Pts',(20.349218609603,20.349218609603,196.302189628647));
#8007=CARTESIAN_POINT('Ctrl Pts',(-2.49206054354001E-15,20.349218609603,
196.302189628647));
#8008=CARTESIAN_POINT('Ctrl Pts',(-20.349218609603,20.349218609603,196.302189628647));
#8009=CARTESIAN_POINT('Ctrl Pts',(-20.349218609603,-2.49206054354001E-15,
196.302189628647));
#8010=CARTESIAN_POINT('Ctrl Pts',(-20.349218609603,-20.349218609603,196.302189628647));
#8011=CARTESIAN_POINT('Ctrl Pts',(2.49206054354001E-15,-20.349218609603,
196.302189628647));
#8012=CARTESIAN_POINT('Ctrl Pts',(20.349218609603,-20.349218609603,196.302189628647));
#8013=CARTESIAN_POINT('Ctrl Pts',(20.349218609603,2.49206054354001E-15,
196.302189628647));
#8014=CARTESIAN_POINT('Ctrl Pts',(20.4270485992821,2.50159196831382E-15,
195.70372801944));
#8015=CARTESIAN_POINT('Ctrl Pts',(20.4270485992821,20.4270485992821,195.70372801944));
#8016=CARTESIAN_POINT('Ctrl Pts',(-2.50159196831382E-15,20.4270485992821,
195.70372801944));
#8017=CARTESIAN_POINT('Ctrl Pts',(-20.4270485992821,20.4270485992821,195.70372801944));
#8018=CARTESIAN_POINT('Ctrl Pts',(-20.4270485992821,-2.50159196831382E-15,
195.70372801944));
#8019=CARTESIAN_POINT('Ctrl Pts',(-20.4270485992821,-20.4270485992821,195.70372801944));
#8020=CARTESIAN_POINT('Ctrl Pts',(2.50159196831382E-15,-20.4270485992821,
195.70372801944));
#8021=CARTESIAN_POINT('Ctrl Pts',(20.4270485992821,-20.4270485992821,195.70372801944));
#8022=CARTESIAN_POINT('Ctrl Pts',(20.4270485992821,2.50159196831382E-15,
195.70372801944));
#8023=CARTESIAN_POINT('Ctrl Pts',(20.5046799832324,2.51109907090063E-15,
195.105006197213));
#8024=CARTESIAN_POINT('Ctrl Pts',(20.5046799832323,20.5046799832324,195.105006197213));
#8025=CARTESIAN_POINT('Ctrl Pts',(-2.51109907090063E-15,20.5046799832324,
195.105006197213));
#8026=CARTESIAN_POINT('Ctrl Pts',(-20.5046799832324,20.5046799832323,195.105006197213));
#8027=CARTESIAN_POINT('Ctrl Pts',(-20.5046799832324,-2.51109907090063E-15,
195.105006197213));
#8028=CARTESIAN_POINT('Ctrl Pts',(-20.5046799832323,-20.5046799832324,195.105006197213));
#8029=CARTESIAN_POINT('Ctrl Pts',(2.51109907090063E-15,-20.5046799832324,
195.105006197213));
#8030=CARTESIAN_POINT('Ctrl Pts',(20.5046799832324,-20.5046799832323,195.105006197213));
#8031=CARTESIAN_POINT('Ctrl Pts',(20.5046799832324,2.51109907090063E-15,
195.105006197213));
#8032=CARTESIAN_POINT('Ctrl Pts',(20.5821122708087,2.52058179121374E-15,
194.506031518005));
#8033=CARTESIAN_POINT('Ctrl Pts',(20.5821122708087,20.5821122708087,194.506031518005));
#8034=CARTESIAN_POINT('Ctrl Pts',(-2.52058179121374E-15,20.5821122708087,
194.506031518005));
#8035=CARTESIAN_POINT('Ctrl Pts',(-20.5821122708087,20.5821122708087,194.506031518005));
#8036=CARTESIAN_POINT('Ctrl Pts',(-20.5821122708087,-2.52058179121374E-15,
194.506031518005));
#8037=CARTESIAN_POINT('Ctrl Pts',(-20.5821122708087,-20.5821122708087,194.506031518005));
#8038=CARTESIAN_POINT('Ctrl Pts',(2.52058179121374E-15,-20.5821122708087,
194.506031518005));
#8039=CARTESIAN_POINT('Ctrl Pts',(20.5821122708087,-20.5821122708087,194.506031518005));
#8040=CARTESIAN_POINT('Ctrl Pts',(20.5821122708087,2.52058179121374E-15,
194.506031518005));
#8041=CARTESIAN_POINT('Ctrl Pts',(20.6593449715481,2.53004006918873E-15,
193.906811323643));
#8042=CARTESIAN_POINT('Ctrl Pts',(20.6593449715481,20.6593449715481,193.906811323643));
#8043=CARTESIAN_POINT('Ctrl Pts',(-2.53004006918873E-15,20.6593449715481,
193.906811323643));
#8044=CARTESIAN_POINT('Ctrl Pts',(-20.6593449715481,20.6593449715481,193.906811323643));
#8045=CARTESIAN_POINT('Ctrl Pts',(-20.6593449715481,-2.53004006918873E-15,
193.906811323643));
#8046=CARTESIAN_POINT('Ctrl Pts',(-20.6593449715481,-20.6593449715481,193.906811323643));
#8047=CARTESIAN_POINT('Ctrl Pts',(2.53004006918873E-15,-20.6593449715481,
193.906811323643));
#8048=CARTESIAN_POINT('Ctrl Pts',(20.6593449715481,-20.6593449715481,193.906811323643));
#8049=CARTESIAN_POINT('Ctrl Pts',(20.6593449715481,2.53004006918873E-15,
193.906811323643));
#8050=CARTESIAN_POINT('Ctrl Pts',(20.7363775951551,2.53947384478176E-15,
193.307352942225));
#8051=CARTESIAN_POINT('Ctrl Pts',(20.7363775951551,20.7363775951551,193.307352942225));
#8052=CARTESIAN_POINT('Ctrl Pts',(-2.53947384478176E-15,20.7363775951551,
193.307352942225));
#8053=CARTESIAN_POINT('Ctrl Pts',(-20.7363775951551,20.7363775951551,193.307352942225));
#8054=CARTESIAN_POINT('Ctrl Pts',(-20.7363775951551,-2.53947384478176E-15,
193.307352942225));
#8055=CARTESIAN_POINT('Ctrl Pts',(-20.7363775951551,-20.7363775951551,193.307352942225));
#8056=CARTESIAN_POINT('Ctrl Pts',(2.53947384478176E-15,-20.7363775951551,
193.307352942225));
#8057=CARTESIAN_POINT('Ctrl Pts',(20.7363775951551,-20.7363775951551,193.307352942225));
#8058=CARTESIAN_POINT('Ctrl Pts',(20.7363775951551,2.53947384478176E-15,
193.307352942225));
#8059=CARTESIAN_POINT('Ctrl Pts',(20.8132096514868,2.54888305796761E-15,
192.707663688579));
#8060=CARTESIAN_POINT('Ctrl Pts',(20.8132096514868,20.8132096514868,192.707663688579));
#8061=CARTESIAN_POINT('Ctrl Pts',(-2.54888305796761E-15,20.8132096514868,
192.707663688579));
#8062=CARTESIAN_POINT('Ctrl Pts',(-20.8132096514868,20.8132096514868,192.707663688579));
#8063=CARTESIAN_POINT('Ctrl Pts',(-20.8132096514868,-2.54888305796761E-15,
192.707663688579));
#8064=CARTESIAN_POINT('Ctrl Pts',(-20.8132096514868,-20.8132096514868,192.707663688579));
#8065=CARTESIAN_POINT('Ctrl Pts',(2.54888305796761E-15,-20.8132096514868,
192.707663688579));
#8066=CARTESIAN_POINT('Ctrl Pts',(20.8132096514868,-20.8132096514868,192.707663688579));
#8067=CARTESIAN_POINT('Ctrl Pts',(20.8132096514868,2.54888305796761E-15,
192.707663688579));
#8068=CARTESIAN_POINT('Ctrl Pts',(20.8898406505383,2.558267648738E-15,192.107750864726));
#8069=CARTESIAN_POINT('Ctrl Pts',(20.8898406505383,20.8898406505383,192.107750864726));
#8070=CARTESIAN_POINT('Ctrl Pts',(-2.558267648738E-15,20.8898406505383,
192.107750864726));
#8071=CARTESIAN_POINT('Ctrl Pts',(-20.8898406505383,20.8898406505383,192.107750864726));
#8072=CARTESIAN_POINT('Ctrl Pts',(-20.8898406505383,-2.558267648738E-15,
192.107750864726));
#8073=CARTESIAN_POINT('Ctrl Pts',(-20.8898406505383,-20.8898406505383,192.107750864726));
#8074=CARTESIAN_POINT('Ctrl Pts',(2.558267648738E-15,-20.8898406505383,
192.107750864726));
#8075=CARTESIAN_POINT('Ctrl Pts',(20.8898406505383,-20.8898406505383,192.107750864726));
#8076=CARTESIAN_POINT('Ctrl Pts',(20.8898406505383,2.558267648738E-15,192.107750864726));
#8077=CARTESIAN_POINT('Ctrl Pts',(20.9662701024276,2.56762755709968E-15,
191.507621760336));
#8078=CARTESIAN_POINT('Ctrl Pts',(20.9662701024276,20.9662701024276,191.507621760336));
#8079=CARTESIAN_POINT('Ctrl Pts',(-2.56762755709968E-15,20.9662701024276,
191.507621760336));
#8080=CARTESIAN_POINT('Ctrl Pts',(-20.9662701024276,20.9662701024276,191.507621760336));
#8081=CARTESIAN_POINT('Ctrl Pts',(-20.9662701024276,-2.56762755709968E-15,
191.507621760336));
#8082=CARTESIAN_POINT('Ctrl Pts',(-20.9662701024276,-20.9662701024276,191.507621760336));
#8083=CARTESIAN_POINT('Ctrl Pts',(2.56762755709968E-15,-20.9662701024276,
191.507621760336));
#8084=CARTESIAN_POINT('Ctrl Pts',(20.9662701024276,-20.9662701024276,191.507621760336));
#8085=CARTESIAN_POINT('Ctrl Pts',(20.9662701024276,2.56762755709968E-15,
191.507621760336));
#8086=CARTESIAN_POINT('Ctrl Pts',(21.0424975173824,2.57696272307285E-15,
190.907283653193));
#8087=CARTESIAN_POINT('Ctrl Pts',(21.0424975173824,21.0424975173824,190.907283653193));
#8088=CARTESIAN_POINT('Ctrl Pts',(-2.57696272307285E-15,21.0424975173824,
190.907283653193));
#8089=CARTESIAN_POINT('Ctrl Pts',(-21.0424975173824,21.0424975173824,190.907283653193));
#8090=CARTESIAN_POINT('Ctrl Pts',(-21.0424975173824,-2.57696272307285E-15,
190.907283653193));
#8091=CARTESIAN_POINT('Ctrl Pts',(-21.0424975173824,-21.0424975173824,190.907283653193));
#8092=CARTESIAN_POINT('Ctrl Pts',(2.57696272307285E-15,-21.0424975173824,
190.907283653193));
#8093=CARTESIAN_POINT('Ctrl Pts',(21.0424975173824,-21.0424975173824,190.907283653193));
#8094=CARTESIAN_POINT('Ctrl Pts',(21.0424975173824,2.57696272307285E-15,
190.907283653193));
#8095=CARTESIAN_POINT('Ctrl Pts',(21.1185224057262,2.58627308668942E-15,
190.306743809653));
#8096=CARTESIAN_POINT('Ctrl Pts',(21.1185224057262,21.1185224057262,190.306743809653));
#8097=CARTESIAN_POINT('Ctrl Pts',(-2.58627308668942E-15,21.1185224057262,
190.306743809653));
#8098=CARTESIAN_POINT('Ctrl Pts',(-21.1185224057262,21.1185224057262,190.306743809653));
#8099=CARTESIAN_POINT('Ctrl Pts',(-21.1185224057262,-2.58627308668942E-15,
190.306743809653));
#8100=CARTESIAN_POINT('Ctrl Pts',(-21.1185224057262,-21.1185224057262,190.306743809653));
#8101=CARTESIAN_POINT('Ctrl Pts',(2.58627308668942E-15,-21.1185224057262,
190.306743809653));
#8102=CARTESIAN_POINT('Ctrl Pts',(21.1185224057262,-21.1185224057262,190.306743809653));
#8103=CARTESIAN_POINT('Ctrl Pts',(21.1185224057262,2.58627308668942E-15,
190.306743809653));
#8104=CARTESIAN_POINT('Ctrl Pts',(21.1943442778653,2.59555858799148E-15,
189.70600948511));
#8105=CARTESIAN_POINT('Ctrl Pts',(21.1943442778653,21.1943442778653,189.70600948511));
#8106=CARTESIAN_POINT('Ctrl Pts',(-2.59555858799148E-15,21.1943442778653,
189.70600948511));
#8107=CARTESIAN_POINT('Ctrl Pts',(-21.1943442778653,21.1943442778653,189.70600948511));
#8108=CARTESIAN_POINT('Ctrl Pts',(-21.1943442778653,-2.59555858799148E-15,
189.70600948511));
#8109=CARTESIAN_POINT('Ctrl Pts',(-21.1943442778653,-21.1943442778653,189.70600948511));
#8110=CARTESIAN_POINT('Ctrl Pts',(2.59555858799148E-15,-21.1943442778653,
189.70600948511));
#8111=CARTESIAN_POINT('Ctrl Pts',(21.1943442778653,-21.1943442778653,189.70600948511));
#8112=CARTESIAN_POINT('Ctrl Pts',(21.1943442778653,2.59555858799148E-15,
189.70600948511));
#8113=CARTESIAN_POINT('Ctrl Pts',(21.2699626442748,2.60481916702949E-15,
189.105087924438));
#8114=CARTESIAN_POINT('Ctrl Pts',(21.2699626442748,21.2699626442748,189.105087924438));
#8115=CARTESIAN_POINT('Ctrl Pts',(-2.60481916702949E-15,21.2699626442748,
189.105087924438));
#8116=CARTESIAN_POINT('Ctrl Pts',(-21.2699626442748,21.2699626442748,189.105087924438));
#8117=CARTESIAN_POINT('Ctrl Pts',(-21.2699626442748,-2.60481916702949E-15,
189.105087924438));
#8118=CARTESIAN_POINT('Ctrl Pts',(-21.2699626442748,-21.2699626442748,189.105087924438));
#8119=CARTESIAN_POINT('Ctrl Pts',(2.60481916702949E-15,-21.2699626442748,
189.105087924438));
#8120=CARTESIAN_POINT('Ctrl Pts',(21.2699626442748,-21.2699626442748,189.105087924438));
#8121=CARTESIAN_POINT('Ctrl Pts',(21.2699626442748,2.60481916702949E-15,
189.105087924438));
#8122=CARTESIAN_POINT('Ctrl Pts',(21.3453770154837,2.61405476386056E-15,
188.503986362428));
#8123=CARTESIAN_POINT('Ctrl Pts',(21.3453770154837,21.3453770154837,188.503986362428));
#8124=CARTESIAN_POINT('Ctrl Pts',(-2.61405476386056E-15,21.3453770154837,
188.503986362428));
#8125=CARTESIAN_POINT('Ctrl Pts',(-21.3453770154837,21.3453770154837,188.503986362428));
#8126=CARTESIAN_POINT('Ctrl Pts',(-21.3453770154837,-2.61405476386056E-15,
188.503986362428));
#8127=CARTESIAN_POINT('Ctrl Pts',(-21.3453770154837,-21.3453770154837,188.503986362428));
#8128=CARTESIAN_POINT('Ctrl Pts',(2.61405476386056E-15,-21.3453770154837,
188.503986362428));
#8129=CARTESIAN_POINT('Ctrl Pts',(21.3453770154837,-21.3453770154837,188.503986362428));
#8130=CARTESIAN_POINT('Ctrl Pts',(21.3453770154837,2.61405476386056E-15,
188.503986362428));
#8131=CARTESIAN_POINT('Ctrl Pts',(21.4205869020615,2.62326531854673E-15,
187.902712024226));
#8132=CARTESIAN_POINT('Ctrl Pts',(21.4205869020615,21.4205869020615,187.902712024226));
#8133=CARTESIAN_POINT('Ctrl Pts',(-2.62326531854673E-15,21.4205869020615,
187.902712024226));
#8134=CARTESIAN_POINT('Ctrl Pts',(-21.4205869020615,21.4205869020615,187.902712024226));
#8135=CARTESIAN_POINT('Ctrl Pts',(-21.4205869020615,-2.62326531854673E-15,
187.902712024226));
#8136=CARTESIAN_POINT('Ctrl Pts',(-21.4205869020615,-21.4205869020615,187.902712024226));
#8137=CARTESIAN_POINT('Ctrl Pts',(2.62326531854673E-15,-21.4205869020615,
187.902712024226));
#8138=CARTESIAN_POINT('Ctrl Pts',(21.4205869020615,-21.4205869020615,187.902712024226));
#8139=CARTESIAN_POINT('Ctrl Pts',(21.4205869020615,2.62326531854673E-15,
187.902712024226));
#8140=CARTESIAN_POINT('Ctrl Pts',(21.495591814604,2.63245077115328E-15,
187.301272125771));
#8141=CARTESIAN_POINT('Ctrl Pts',(21.495591814604,21.495591814604,187.301272125771));
#8142=CARTESIAN_POINT('Ctrl Pts',(-2.63245077115328E-15,21.495591814604,
187.301272125771));
#8143=CARTESIAN_POINT('Ctrl Pts',(-21.495591814604,21.495591814604,187.301272125771));
#8144=CARTESIAN_POINT('Ctrl Pts',(-21.495591814604,-2.63245077115328E-15,
187.301272125771));
#8145=CARTESIAN_POINT('Ctrl Pts',(-21.495591814604,-21.495591814604,187.301272125771));
#8146=CARTESIAN_POINT('Ctrl Pts',(2.63245077115328E-15,-21.495591814604,
187.301272125771));
#8147=CARTESIAN_POINT('Ctrl Pts',(21.495591814604,-21.495591814604,187.301272125771));
#8148=CARTESIAN_POINT('Ctrl Pts',(21.495591814604,2.63245077115328E-15,
187.301272125771));
#8149=CARTESIAN_POINT('Ctrl Pts',(21.5703912637208,2.64161106174717E-15,
186.69967387424));
#8150=CARTESIAN_POINT('Ctrl Pts',(21.5703912637207,21.5703912637208,186.69967387424));
#8151=CARTESIAN_POINT('Ctrl Pts',(-2.64161106174717E-15,21.5703912637208,
186.69967387424));
#8152=CARTESIAN_POINT('Ctrl Pts',(-21.5703912637208,21.5703912637207,186.69967387424));
#8153=CARTESIAN_POINT('Ctrl Pts',(-21.5703912637208,-2.64161106174717E-15,
186.69967387424));
#8154=CARTESIAN_POINT('Ctrl Pts',(-21.5703912637207,-21.5703912637208,186.69967387424));
#8155=CARTESIAN_POINT('Ctrl Pts',(2.64161106174717E-15,-21.5703912637208,
186.69967387424));
#8156=CARTESIAN_POINT('Ctrl Pts',(21.5703912637208,-21.5703912637207,186.69967387424));
#8157=CARTESIAN_POINT('Ctrl Pts',(21.5703912637208,2.64161106174717E-15,
186.69967387424));
#8158=CARTESIAN_POINT('Ctrl Pts',(21.6449847600226,2.6507461303955E-15,
186.097924468491));
#8159=CARTESIAN_POINT('Ctrl Pts',(21.6449847600226,21.6449847600226,186.097924468491));
#8160=CARTESIAN_POINT('Ctrl Pts',(-2.6507461303955E-15,21.6449847600226,
186.097924468491));
#8161=CARTESIAN_POINT('Ctrl Pts',(-21.6449847600226,21.6449847600226,186.097924468491));
#8162=CARTESIAN_POINT('Ctrl Pts',(-21.6449847600226,-2.6507461303955E-15,
186.097924468491));
#8163=CARTESIAN_POINT('Ctrl Pts',(-21.6449847600226,-21.6449847600226,186.097924468491));
#8164=CARTESIAN_POINT('Ctrl Pts',(2.6507461303955E-15,-21.6449847600226,
186.097924468491));
#8165=CARTESIAN_POINT('Ctrl Pts',(21.6449847600226,-21.6449847600226,186.097924468491));
#8166=CARTESIAN_POINT('Ctrl Pts',(21.6449847600226,2.6507461303955E-15,
186.097924468491));
#8167=CARTESIAN_POINT('Ctrl Pts',(21.7193718141099,2.65985591716409E-15,
185.496031099506));
#8168=CARTESIAN_POINT('Ctrl Pts',(21.7193718141099,21.7193718141099,185.496031099506));
#8169=CARTESIAN_POINT('Ctrl Pts',(-2.65985591716409E-15,21.7193718141099,
185.496031099506));
#8170=CARTESIAN_POINT('Ctrl Pts',(-21.7193718141099,21.7193718141099,185.496031099506));
#8171=CARTESIAN_POINT('Ctrl Pts',(-21.7193718141099,-2.65985591716409E-15,
185.496031099506));
#8172=CARTESIAN_POINT('Ctrl Pts',(-21.7193718141099,-21.7193718141099,185.496031099506));
#8173=CARTESIAN_POINT('Ctrl Pts',(2.65985591716409E-15,-21.7193718141099,
185.496031099506));
#8174=CARTESIAN_POINT('Ctrl Pts',(21.7193718141099,-21.7193718141099,185.496031099506));
#8175=CARTESIAN_POINT('Ctrl Pts',(21.7193718141099,2.65985591716409E-15,
185.496031099506));
#8176=CARTESIAN_POINT('Ctrl Pts',(21.793551936558,2.66894036211573E-15,
184.894000950819));
#8177=CARTESIAN_POINT('Ctrl Pts',(21.793551936558,21.793551936558,184.894000950819));
#8178=CARTESIAN_POINT('Ctrl Pts',(-2.66894036211573E-15,21.793551936558,
184.894000950819));
#8179=CARTESIAN_POINT('Ctrl Pts',(-21.793551936558,21.793551936558,184.894000950819));
#8180=CARTESIAN_POINT('Ctrl Pts',(-21.793551936558,-2.66894036211573E-15,
184.894000950819));
#8181=CARTESIAN_POINT('Ctrl Pts',(-21.793551936558,-21.793551936558,184.894000950819));
#8182=CARTESIAN_POINT('Ctrl Pts',(2.66894036211573E-15,-21.793551936558,
184.894000950819));
#8183=CARTESIAN_POINT('Ctrl Pts',(21.793551936558,-21.793551936558,184.894000950819));
#8184=CARTESIAN_POINT('Ctrl Pts',(21.793551936558,2.66894036211573E-15,
184.894000950819));
#8185=CARTESIAN_POINT('Ctrl Pts',(21.8675246379042,2.67799940530853E-15,
184.291841198938));
#8186=CARTESIAN_POINT('Ctrl Pts',(21.8675246379042,21.8675246379042,184.291841198938));
#8187=CARTESIAN_POINT('Ctrl Pts',(-2.67799940530853E-15,21.8675246379042,
184.291841198938));
#8188=CARTESIAN_POINT('Ctrl Pts',(-21.8675246379042,21.8675246379042,184.291841198938));
#8189=CARTESIAN_POINT('Ctrl Pts',(-21.8675246379042,-2.67799940530853E-15,
184.291841198938));
#8190=CARTESIAN_POINT('Ctrl Pts',(-21.8675246379042,-21.8675246379042,184.291841198938));
#8191=CARTESIAN_POINT('Ctrl Pts',(2.67799940530853E-15,-21.8675246379042,
184.291841198938));
#8192=CARTESIAN_POINT('Ctrl Pts',(21.8675246379042,-21.8675246379042,184.291841198938));
#8193=CARTESIAN_POINT('Ctrl Pts',(21.8675246379042,2.67799940530853E-15,
184.291841198938));
#8194=CARTESIAN_POINT('Ctrl Pts',(21.9412894286346,2.6870329867943E-15,
183.689559013774));
#8195=CARTESIAN_POINT('Ctrl Pts',(21.9412894286346,21.9412894286346,183.689559013774));
#8196=CARTESIAN_POINT('Ctrl Pts',(-2.6870329867943E-15,21.9412894286346,
183.689559013774));
#8197=CARTESIAN_POINT('Ctrl Pts',(-21.9412894286346,21.9412894286346,183.689559013774));
#8198=CARTESIAN_POINT('Ctrl Pts',(-21.9412894286346,-2.6870329867943E-15,
183.689559013774));
#8199=CARTESIAN_POINT('Ctrl Pts',(-21.9412894286346,-21.9412894286346,183.689559013774));
#8200=CARTESIAN_POINT('Ctrl Pts',(2.6870329867943E-15,-21.9412894286346,
183.689559013774));
#8201=CARTESIAN_POINT('Ctrl Pts',(21.9412894286346,-21.9412894286346,183.689559013774));
#8202=CARTESIAN_POINT('Ctrl Pts',(21.9412894286346,2.6870329867943E-15,
183.689559013774));
#8203=CARTESIAN_POINT('Ctrl Pts',(22.0148458191711,2.69604104661704E-15,
183.087161559063));
#8204=CARTESIAN_POINT('Ctrl Pts',(22.0148458191711,22.0148458191711,183.087161559063));
#8205=CARTESIAN_POINT('Ctrl Pts',(-2.69604104661704E-15,22.0148458191711,
183.087161559063));
#8206=CARTESIAN_POINT('Ctrl Pts',(-22.0148458191711,22.0148458191711,183.087161559063));
#8207=CARTESIAN_POINT('Ctrl Pts',(-22.0148458191711,-2.69604104661704E-15,
183.087161559063));
#8208=CARTESIAN_POINT('Ctrl Pts',(-22.0148458191711,-22.0148458191711,183.087161559063));
#8209=CARTESIAN_POINT('Ctrl Pts',(2.69604104661704E-15,-22.0148458191711,
183.087161559063));
#8210=CARTESIAN_POINT('Ctrl Pts',(22.0148458191711,-22.0148458191711,183.087161559063));
#8211=CARTESIAN_POINT('Ctrl Pts',(22.0148458191711,2.69604104661704E-15,
183.087161559063));
#8212=CARTESIAN_POINT('Ctrl Pts',(22.0881933198598,2.70502352481142E-15,
182.484655992794));
#8213=CARTESIAN_POINT('Ctrl Pts',(22.0881933198597,22.0881933198598,182.484655992794));
#8214=CARTESIAN_POINT('Ctrl Pts',(-2.70502352481142E-15,22.0881933198598,
182.484655992794));
#8215=CARTESIAN_POINT('Ctrl Pts',(-22.0881933198598,22.0881933198597,182.484655992794));
#8216=CARTESIAN_POINT('Ctrl Pts',(-22.0881933198598,-2.70502352481142E-15,
182.484655992794));
#8217=CARTESIAN_POINT('Ctrl Pts',(-22.0881933198597,-22.0881933198598,182.484655992794));
#8218=CARTESIAN_POINT('Ctrl Pts',(2.70502352481142E-15,-22.0881933198598,
182.484655992794));
#8219=CARTESIAN_POINT('Ctrl Pts',(22.0881933198598,-22.0881933198597,182.484655992794));
#8220=CARTESIAN_POINT('Ctrl Pts',(22.0881933198598,2.70502352481142E-15,
182.484655992794));
#8221=CARTESIAN_POINT('Ctrl Pts',(22.1613314409586,2.71398036140135E-15,
181.882049467635));
#8222=CARTESIAN_POINT('Ctrl Pts',(22.1613314409586,22.1613314409586,181.882049467635));
#8223=CARTESIAN_POINT('Ctrl Pts',(-2.71398036140135E-15,22.1613314409586,
181.882049467635));
#8224=CARTESIAN_POINT('Ctrl Pts',(-22.1613314409586,22.1613314409586,181.882049467635));
#8225=CARTESIAN_POINT('Ctrl Pts',(-22.1613314409586,-2.71398036140135E-15,
181.882049467635));
#8226=CARTESIAN_POINT('Ctrl Pts',(-22.1613314409586,-22.1613314409586,181.882049467635));
#8227=CARTESIAN_POINT('Ctrl Pts',(2.71398036140135E-15,-22.1613314409586,
181.882049467635));
#8228=CARTESIAN_POINT('Ctrl Pts',(22.1613314409586,-22.1613314409586,181.882049467635));
#8229=CARTESIAN_POINT('Ctrl Pts',(22.1613314409586,2.71398036140135E-15,
181.882049467635));
#8230=CARTESIAN_POINT('Ctrl Pts',(22.2342596926255,2.72291149639849E-15,
181.279349131354));
#8231=CARTESIAN_POINT('Ctrl Pts',(22.2342596926255,22.2342596926255,181.279349131354));
#8232=CARTESIAN_POINT('Ctrl Pts',(-2.72291149639849E-15,22.2342596926255,
181.279349131354));
#8233=CARTESIAN_POINT('Ctrl Pts',(-22.2342596926255,22.2342596926255,181.279349131354));
#8234=CARTESIAN_POINT('Ctrl Pts',(-22.2342596926255,-2.72291149639849E-15,
181.279349131354));
#8235=CARTESIAN_POINT('Ctrl Pts',(-22.2342596926255,-22.2342596926255,181.279349131354));
#8236=CARTESIAN_POINT('Ctrl Pts',(2.72291149639849E-15,-22.2342596926255,
181.279349131354));
#8237=CARTESIAN_POINT('Ctrl Pts',(22.2342596926255,-22.2342596926255,181.279349131354));
#8238=CARTESIAN_POINT('Ctrl Pts',(22.2342596926255,2.72291149639849E-15,
181.279349131354));
#8239=CARTESIAN_POINT('Ctrl Pts',(22.3069775849052,2.7318168698006E-15,
180.67656212724));
#8240=CARTESIAN_POINT('Ctrl Pts',(22.3069775849052,22.3069775849052,180.67656212724));
#8241=CARTESIAN_POINT('Ctrl Pts',(-2.7318168698006E-15,22.3069775849052,
180.67656212724));
#8242=CARTESIAN_POINT('Ctrl Pts',(-22.3069775849052,22.3069775849052,180.67656212724));
#8243=CARTESIAN_POINT('Ctrl Pts',(-22.3069775849052,-2.7318168698006E-15,
180.67656212724));
#8244=CARTESIAN_POINT('Ctrl Pts',(-22.3069775849052,-22.3069775849052,180.67656212724));
#8245=CARTESIAN_POINT('Ctrl Pts',(2.7318168698006E-15,-22.3069775849052,
180.67656212724));
#8246=CARTESIAN_POINT('Ctrl Pts',(22.3069775849052,-22.3069775849052,180.67656212724));
#8247=CARTESIAN_POINT('Ctrl Pts',(22.3069775849052,2.7318168698006E-15,
180.67656212724));
#8248=CARTESIAN_POINT('Ctrl Pts',(22.3794846277163,2.74069642159001E-15,
180.073695594514));
#8249=CARTESIAN_POINT('Ctrl Pts',(22.3794846277163,22.3794846277163,180.073695594514));
#8250=CARTESIAN_POINT('Ctrl Pts',(-2.74069642159001E-15,22.3794846277163,
180.073695594514));
#8251=CARTESIAN_POINT('Ctrl Pts',(-22.3794846277163,22.3794846277163,180.073695594514));
#8252=CARTESIAN_POINT('Ctrl Pts',(-22.3794846277163,-2.74069642159001E-15,
180.073695594514));
#8253=CARTESIAN_POINT('Ctrl Pts',(-22.3794846277163,-22.3794846277163,180.073695594514));
#8254=CARTESIAN_POINT('Ctrl Pts',(2.74069642159001E-15,-22.3794846277163,
180.073695594514));
#8255=CARTESIAN_POINT('Ctrl Pts',(22.3794846277163,-22.3794846277163,180.073695594514));
#8256=CARTESIAN_POINT('Ctrl Pts',(22.3794846277163,2.74069642159001E-15,
180.073695594514));
#8257=CARTESIAN_POINT('Ctrl Pts',(22.4517803308389,2.74955009173213E-15,
179.47075666875));
#8258=CARTESIAN_POINT('Ctrl Pts',(22.4517803308388,22.4517803308389,179.47075666875));
#8259=CARTESIAN_POINT('Ctrl Pts',(-2.74955009173213E-15,22.4517803308389,
179.47075666875));
#8260=CARTESIAN_POINT('Ctrl Pts',(-22.4517803308389,22.4517803308388,179.47075666875));
#8261=CARTESIAN_POINT('Ctrl Pts',(-22.4517803308389,-2.74955009173213E-15,
179.47075666875));
#8262=CARTESIAN_POINT('Ctrl Pts',(-22.4517803308388,-22.4517803308389,179.47075666875));
#8263=CARTESIAN_POINT('Ctrl Pts',(2.74955009173213E-15,-22.4517803308389,
179.47075666875));
#8264=CARTESIAN_POINT('Ctrl Pts',(22.4517803308389,-22.4517803308388,179.47075666875));
#8265=CARTESIAN_POINT('Ctrl Pts',(22.4517803308389,2.74955009173213E-15,
179.47075666875));
#8266=CARTESIAN_POINT('Ctrl Pts',(22.5238642039033,2.75837782017398E-15,
178.867752482293));
#8267=CARTESIAN_POINT('Ctrl Pts',(22.5238642039033,22.5238642039033,178.867752482293));
#8268=CARTESIAN_POINT('Ctrl Pts',(-2.75837782017398E-15,22.5238642039033,
178.867752482293));
#8269=CARTESIAN_POINT('Ctrl Pts',(-22.5238642039033,22.5238642039033,178.867752482293));
#8270=CARTESIAN_POINT('Ctrl Pts',(-22.5238642039033,-2.75837782017398E-15,
178.867752482293));
#8271=CARTESIAN_POINT('Ctrl Pts',(-22.5238642039033,-22.5238642039033,178.867752482293));
#8272=CARTESIAN_POINT('Ctrl Pts',(2.75837782017398E-15,-22.5238642039033,
178.867752482293));
#8273=CARTESIAN_POINT('Ctrl Pts',(22.5238642039033,-22.5238642039033,178.867752482293));
#8274=CARTESIAN_POINT('Ctrl Pts',(22.5238642039033,2.75837782017398E-15,
178.867752482293));
#8275=CARTESIAN_POINT('Ctrl Pts',(22.5957357563784,2.76717954684282E-15,
178.264690164676));
#8276=CARTESIAN_POINT('Ctrl Pts',(22.5957357563784,22.5957357563784,178.264690164676));
#8277=CARTESIAN_POINT('Ctrl Pts',(-2.76717954684282E-15,22.5957357563784,
178.264690164676));
#8278=CARTESIAN_POINT('Ctrl Pts',(-22.5957357563784,22.5957357563784,178.264690164676));
#8279=CARTESIAN_POINT('Ctrl Pts',(-22.5957357563784,-2.76717954684282E-15,
178.264690164676));
#8280=CARTESIAN_POINT('Ctrl Pts',(-22.5957357563784,-22.5957357563784,178.264690164676));
#8281=CARTESIAN_POINT('Ctrl Pts',(2.76717954684282E-15,-22.5957357563784,
178.264690164676));
#8282=CARTESIAN_POINT('Ctrl Pts',(22.5957357563784,-22.5957357563784,178.264690164676));
#8283=CARTESIAN_POINT('Ctrl Pts',(22.5957357563784,2.76717954684282E-15,
178.264690164676));
#8284=CARTESIAN_POINT('Ctrl Pts',(22.6673944975604,2.77595521164477E-15,
177.66157684304));
#8285=CARTESIAN_POINT('Ctrl Pts',(22.6673944975604,22.6673944975604,177.66157684304));
#8286=CARTESIAN_POINT('Ctrl Pts',(-2.77595521164477E-15,22.6673944975604,
177.66157684304));
#8287=CARTESIAN_POINT('Ctrl Pts',(-22.6673944975604,22.6673944975604,177.66157684304));
#8288=CARTESIAN_POINT('Ctrl Pts',(-22.6673944975604,-2.77595521164477E-15,
177.66157684304));
#8289=CARTESIAN_POINT('Ctrl Pts',(-22.6673944975604,-22.6673944975604,177.66157684304));
#8290=CARTESIAN_POINT('Ctrl Pts',(2.77595521164477E-15,-22.6673944975604,
177.66157684304));
#8291=CARTESIAN_POINT('Ctrl Pts',(22.6673944975604,-22.6673944975604,177.66157684304));
#8292=CARTESIAN_POINT('Ctrl Pts',(22.6673944975604,2.77595521164477E-15,
177.66157684304));
#8293=CARTESIAN_POINT('Ctrl Pts',(22.7388399365602,2.78470475446325E-15,
177.058419642548));
#8294=CARTESIAN_POINT('Ctrl Pts',(22.7388399365602,22.7388399365602,177.058419642548));
#8295=CARTESIAN_POINT('Ctrl Pts',(-2.78470475446325E-15,22.7388399365602,
177.058419642548));
#8296=CARTESIAN_POINT('Ctrl Pts',(-22.7388399365602,22.7388399365602,177.058419642548));
#8297=CARTESIAN_POINT('Ctrl Pts',(-22.7388399365602,-2.78470475446325E-15,
177.058419642548));
#8298=CARTESIAN_POINT('Ctrl Pts',(-22.7388399365602,-22.7388399365602,177.058419642548));
#8299=CARTESIAN_POINT('Ctrl Pts',(2.78470475446325E-15,-22.7388399365602,
177.058419642548));
#8300=CARTESIAN_POINT('Ctrl Pts',(22.7388399365602,-22.7388399365602,177.058419642548));
#8301=CARTESIAN_POINT('Ctrl Pts',(22.7388399365602,2.78470475446325E-15,
177.058419642548));
#8302=CARTESIAN_POINT('Ctrl Pts',(22.8100715822909,2.79342811515746E-15,
176.455225686795));
#8303=CARTESIAN_POINT('Ctrl Pts',(22.8100715822909,22.8100715822909,176.455225686795));
#8304=CARTESIAN_POINT('Ctrl Pts',(-2.79342811515746E-15,22.8100715822909,
176.455225686795));
#8305=CARTESIAN_POINT('Ctrl Pts',(-22.8100715822909,22.8100715822909,176.455225686795));
#8306=CARTESIAN_POINT('Ctrl Pts',(-22.8100715822909,-2.79342811515746E-15,
176.455225686795));
#8307=CARTESIAN_POINT('Ctrl Pts',(-22.8100715822909,-22.8100715822909,176.455225686795));
#8308=CARTESIAN_POINT('Ctrl Pts',(2.79342811515746E-15,-22.8100715822909,
176.455225686795));
#8309=CARTESIAN_POINT('Ctrl Pts',(22.8100715822909,-22.8100715822909,176.455225686795));
#8310=CARTESIAN_POINT('Ctrl Pts',(22.8100715822909,2.79342811515746E-15,
176.455225686795));
#8311=CARTESIAN_POINT('Ctrl Pts',(22.8810889434564,2.80212523356098E-15,
175.852002098226));
#8312=CARTESIAN_POINT('Ctrl Pts',(22.8810889434564,22.8810889434564,175.852002098226));
#8313=CARTESIAN_POINT('Ctrl Pts',(-2.80212523356098E-15,22.8810889434564,
175.852002098226));
#8314=CARTESIAN_POINT('Ctrl Pts',(-22.8810889434564,22.8810889434564,175.852002098226));
#8315=CARTESIAN_POINT('Ctrl Pts',(-22.8810889434564,-2.80212523356098E-15,
175.852002098226));
#8316=CARTESIAN_POINT('Ctrl Pts',(-22.8810889434564,-22.8810889434564,175.852002098226));
#8317=CARTESIAN_POINT('Ctrl Pts',(2.80212523356098E-15,-22.8810889434564,
175.852002098226));
#8318=CARTESIAN_POINT('Ctrl Pts',(22.8810889434564,-22.8810889434564,175.852002098226));
#8319=CARTESIAN_POINT('Ctrl Pts',(22.8810889434564,2.80212523356098E-15,
175.852002098226));
#8320=CARTESIAN_POINT('Ctrl Pts',(22.9518915285392,2.81079604948028E-15,
175.248755998545));
#8321=CARTESIAN_POINT('Ctrl Pts',(22.9518915285392,22.9518915285392,175.248755998545));
#8322=CARTESIAN_POINT('Ctrl Pts',(-2.81079604948028E-15,22.9518915285392,
175.248755998545));
#8323=CARTESIAN_POINT('Ctrl Pts',(-22.9518915285392,22.9518915285392,175.248755998545));
#8324=CARTESIAN_POINT('Ctrl Pts',(-22.9518915285392,-2.81079604948028E-15,
175.248755998545));
#8325=CARTESIAN_POINT('Ctrl Pts',(-22.9518915285392,-22.9518915285392,175.248755998545));
#8326=CARTESIAN_POINT('Ctrl Pts',(2.81079604948028E-15,-22.9518915285392,
175.248755998545));
#8327=CARTESIAN_POINT('Ctrl Pts',(22.9518915285392,-22.9518915285392,175.248755998545));
#8328=CARTESIAN_POINT('Ctrl Pts',(22.9518915285392,2.81079604948028E-15,
175.248755998545));
#8329=CARTESIAN_POINT('Ctrl Pts',(23.0224788457891,2.81944050269333E-15,
174.645494509125));
#8330=CARTESIAN_POINT('Ctrl Pts',(23.0224788457891,23.0224788457891,174.645494509125));
#8331=CARTESIAN_POINT('Ctrl Pts',(-2.81944050269333E-15,23.0224788457891,
174.645494509125));
#8332=CARTESIAN_POINT('Ctrl Pts',(-23.0224788457891,23.0224788457891,174.645494509125));
#8333=CARTESIAN_POINT('Ctrl Pts',(-23.0224788457891,-2.81944050269333E-15,
174.645494509125));
#8334=CARTESIAN_POINT('Ctrl Pts',(-23.0224788457891,-23.0224788457891,174.645494509125));
#8335=CARTESIAN_POINT('Ctrl Pts',(2.81944050269333E-15,-23.0224788457891,
174.645494509125));
#8336=CARTESIAN_POINT('Ctrl Pts',(23.0224788457891,-23.0224788457891,174.645494509125));
#8337=CARTESIAN_POINT('Ctrl Pts',(23.0224788457891,2.81944050269333E-15,
174.645494509125));
#8338=CARTESIAN_POINT('Ctrl Pts',(23.0928504032133,2.82805853294838E-15,
174.04222475143));
#8339=CARTESIAN_POINT('Ctrl Pts',(23.0928504032133,23.0928504032133,174.04222475143));
#8340=CARTESIAN_POINT('Ctrl Pts',(-2.82805853294838E-15,23.0928504032133,
174.04222475143));
#8341=CARTESIAN_POINT('Ctrl Pts',(-23.0928504032133,23.0928504032133,174.04222475143));
#8342=CARTESIAN_POINT('Ctrl Pts',(-23.0928504032133,-2.82805853294838E-15,
174.04222475143));
#8343=CARTESIAN_POINT('Ctrl Pts',(-23.0928504032133,-23.0928504032133,174.04222475143));
#8344=CARTESIAN_POINT('Ctrl Pts',(2.82805853294838E-15,-23.0928504032133,
174.04222475143));
#8345=CARTESIAN_POINT('Ctrl Pts',(23.0928504032133,-23.0928504032133,174.04222475143));
#8346=CARTESIAN_POINT('Ctrl Pts',(23.0928504032133,2.82805853294838E-15,
174.04222475143));
#8347=CARTESIAN_POINT('Ctrl Pts',(23.1630057085643,2.83665007996252E-15,
173.438953847419));
#8348=CARTESIAN_POINT('Ctrl Pts',(23.1630057085643,23.1630057085643,173.438953847419));
#8349=CARTESIAN_POINT('Ctrl Pts',(-2.83665007996252E-15,23.1630057085643,
173.438953847419));
#8350=CARTESIAN_POINT('Ctrl Pts',(-23.1630057085643,23.1630057085643,173.438953847419));
#8351=CARTESIAN_POINT('Ctrl Pts',(-23.1630057085643,-2.83665007996252E-15,
173.438953847419));
#8352=CARTESIAN_POINT('Ctrl Pts',(-23.1630057085643,-23.1630057085643,173.438953847419));
#8353=CARTESIAN_POINT('Ctrl Pts',(2.83665007996252E-15,-23.1630057085643,
173.438953847419));
#8354=CARTESIAN_POINT('Ctrl Pts',(23.1630057085643,-23.1630057085643,173.438953847419));
#8355=CARTESIAN_POINT('Ctrl Pts',(23.1630057085643,2.83665007996252E-15,
173.438953847419));
#8356=CARTESIAN_POINT('Ctrl Pts',(23.2329442693279,2.84521508342013E-15,
172.835688919966));
#8357=CARTESIAN_POINT('Ctrl Pts',(23.2329442693279,23.2329442693279,172.835688919966));
#8358=CARTESIAN_POINT('Ctrl Pts',(-2.84521508342013E-15,23.2329442693279,
172.835688919966));
#8359=CARTESIAN_POINT('Ctrl Pts',(-23.2329442693279,23.2329442693279,172.835688919966));
#8360=CARTESIAN_POINT('Ctrl Pts',(-23.2329442693279,-2.84521508342013E-15,
172.835688919966));
#8361=CARTESIAN_POINT('Ctrl Pts',(-23.2329442693279,-23.2329442693279,172.835688919966));
#8362=CARTESIAN_POINT('Ctrl Pts',(2.84521508342013E-15,-23.2329442693279,
172.835688919966));
#8363=CARTESIAN_POINT('Ctrl Pts',(23.2329442693279,-23.2329442693279,172.835688919966));
#8364=CARTESIAN_POINT('Ctrl Pts',(23.2329442693279,2.84521508342013E-15,
172.835688919966));
#8365=CARTESIAN_POINT('Ctrl Pts',(23.302665592711,2.85375348297147E-15,
172.232437093273));
#8366=CARTESIAN_POINT('Ctrl Pts',(23.302665592711,23.302665592711,172.232437093273));
#8367=CARTESIAN_POINT('Ctrl Pts',(-2.85375348297147E-15,23.302665592711,
172.232437093273));
#8368=CARTESIAN_POINT('Ctrl Pts',(-23.302665592711,23.302665592711,172.232437093273));
#8369=CARTESIAN_POINT('Ctrl Pts',(-23.302665592711,-2.85375348297147E-15,
172.232437093273));
#8370=CARTESIAN_POINT('Ctrl Pts',(-23.302665592711,-23.302665592711,172.232437093273));
#8371=CARTESIAN_POINT('Ctrl Pts',(2.85375348297147E-15,-23.302665592711,
172.232437093273));
#8372=CARTESIAN_POINT('Ctrl Pts',(23.302665592711,-23.302665592711,172.232437093273));
#8373=CARTESIAN_POINT('Ctrl Pts',(23.302665592711,2.85375348297147E-15,
172.232437093273));
#8374=CARTESIAN_POINT('Ctrl Pts',(23.3721691856311,2.86226521823135E-15,
171.629205493289));
#8375=CARTESIAN_POINT('Ctrl Pts',(23.3721691856311,23.3721691856311,171.629205493289));
#8376=CARTESIAN_POINT('Ctrl Pts',(-2.86226521823135E-15,23.3721691856311,
171.629205493289));
#8377=CARTESIAN_POINT('Ctrl Pts',(-23.3721691856311,23.3721691856311,171.629205493289));
#8378=CARTESIAN_POINT('Ctrl Pts',(-23.3721691856311,-2.86226521823135E-15,
171.629205493289));
#8379=CARTESIAN_POINT('Ctrl Pts',(-23.3721691856311,-23.3721691856311,171.629205493289));
#8380=CARTESIAN_POINT('Ctrl Pts',(2.86226521823135E-15,-23.3721691856311,
171.629205493289));
#8381=CARTESIAN_POINT('Ctrl Pts',(23.3721691856311,-23.3721691856311,171.629205493289));
#8382=CARTESIAN_POINT('Ctrl Pts',(23.3721691856311,2.86226521823135E-15,
171.629205493289));
#8383=CARTESIAN_POINT('Ctrl Pts',(23.4414545547045,2.8707502287777E-15,
171.026001248118));
#8384=CARTESIAN_POINT('Ctrl Pts',(23.4414545547045,23.4414545547045,171.026001248118));
#8385=CARTESIAN_POINT('Ctrl Pts',(-2.8707502287777E-15,23.4414545547045,
171.026001248118));
#8386=CARTESIAN_POINT('Ctrl Pts',(-23.4414545547045,23.4414545547045,171.026001248118));
#8387=CARTESIAN_POINT('Ctrl Pts',(-23.4414545547045,-2.8707502287777E-15,
171.026001248118));
#8388=CARTESIAN_POINT('Ctrl Pts',(-23.4414545547045,-23.4414545547045,171.026001248118));
#8389=CARTESIAN_POINT('Ctrl Pts',(2.8707502287777E-15,-23.4414545547045,
171.026001248118));
#8390=CARTESIAN_POINT('Ctrl Pts',(23.4414545547045,-23.4414545547045,171.026001248118));
#8391=CARTESIAN_POINT('Ctrl Pts',(23.4414545547045,2.8707502287777E-15,
171.026001248118));
#8392=CARTESIAN_POINT('Ctrl Pts',(23.5105212062365,2.87920845415035E-15,
170.422831488434));
#8393=CARTESIAN_POINT('Ctrl Pts',(23.5105212062365,23.5105212062365,170.422831488434));
#8394=CARTESIAN_POINT('Ctrl Pts',(-2.87920845415035E-15,23.5105212062365,
170.422831488434));
#8395=CARTESIAN_POINT('Ctrl Pts',(-23.5105212062365,23.5105212062365,170.422831488434));
#8396=CARTESIAN_POINT('Ctrl Pts',(-23.5105212062365,-2.87920845415035E-15,
170.422831488434));
#8397=CARTESIAN_POINT('Ctrl Pts',(-23.5105212062365,-23.5105212062365,170.422831488434));
#8398=CARTESIAN_POINT('Ctrl Pts',(2.87920845415035E-15,-23.5105212062365,
170.422831488434));
#8399=CARTESIAN_POINT('Ctrl Pts',(23.5105212062365,-23.5105212062365,170.422831488434));
#8400=CARTESIAN_POINT('Ctrl Pts',(23.5105212062365,2.87920845415035E-15,
170.422831488434));
#8401=CARTESIAN_POINT('Ctrl Pts',(23.5793686462109,2.88763983384977E-15,
169.819703347897));
#8402=CARTESIAN_POINT('Ctrl Pts',(23.5793686462109,23.5793686462109,169.819703347897));
#8403=CARTESIAN_POINT('Ctrl Pts',(-2.88763983384977E-15,23.5793686462109,
169.819703347897));
#8404=CARTESIAN_POINT('Ctrl Pts',(-23.5793686462109,23.5793686462109,169.819703347897));
#8405=CARTESIAN_POINT('Ctrl Pts',(-23.5793686462109,-2.88763983384977E-15,
169.819703347897));
#8406=CARTESIAN_POINT('Ctrl Pts',(-23.5793686462109,-23.5793686462109,169.819703347897));
#8407=CARTESIAN_POINT('Ctrl Pts',(2.88763983384977E-15,-23.5793686462109,
169.819703347897));
#8408=CARTESIAN_POINT('Ctrl Pts',(23.5793686462109,-23.5793686462109,169.819703347897));
#8409=CARTESIAN_POINT('Ctrl Pts',(23.5793686462109,2.88763983384977E-15,
169.819703347897));
#8410=CARTESIAN_POINT('Ctrl Pts',(23.6479963802775,2.89604430733551E-15,
169.216623963569));
#8411=CARTESIAN_POINT('Ctrl Pts',(23.6479963802775,23.6479963802775,169.216623963569));
#8412=CARTESIAN_POINT('Ctrl Pts',(-2.89604430733551E-15,23.6479963802775,
169.216623963569));
#8413=CARTESIAN_POINT('Ctrl Pts',(-23.6479963802775,23.6479963802775,169.216623963569));
#8414=CARTESIAN_POINT('Ctrl Pts',(-23.6479963802775,-2.89604430733551E-15,
169.216623963569));
#8415=CARTESIAN_POINT('Ctrl Pts',(-23.6479963802775,-23.6479963802775,169.216623963569));
#8416=CARTESIAN_POINT('Ctrl Pts',(2.89604430733551E-15,-23.6479963802775,
169.216623963569));
#8417=CARTESIAN_POINT('Ctrl Pts',(23.6479963802775,-23.6479963802775,169.216623963569));
#8418=CARTESIAN_POINT('Ctrl Pts',(23.6479963802775,2.89604430733551E-15,
169.216623963569));
#8419=CARTESIAN_POINT('Ctrl Pts',(23.7164039137409,2.90442181402485E-15,
168.613600476334));
#8420=CARTESIAN_POINT('Ctrl Pts',(23.7164039137409,23.7164039137409,168.613600476334));
#8421=CARTESIAN_POINT('Ctrl Pts',(-2.90442181402485E-15,23.7164039137409,
168.613600476334));
#8422=CARTESIAN_POINT('Ctrl Pts',(-23.7164039137409,23.7164039137409,168.613600476334));
#8423=CARTESIAN_POINT('Ctrl Pts',(-23.7164039137409,-2.90442181402485E-15,
168.613600476334));
#8424=CARTESIAN_POINT('Ctrl Pts',(-23.7164039137409,-23.7164039137409,168.613600476334));
#8425=CARTESIAN_POINT('Ctrl Pts',(2.90442181402485E-15,-23.7164039137409,
168.613600476334));
#8426=CARTESIAN_POINT('Ctrl Pts',(23.7164039137409,-23.7164039137409,168.613600476334));
#8427=CARTESIAN_POINT('Ctrl Pts',(23.7164039137409,2.90442181402485E-15,
168.613600476334));
#8428=CARTESIAN_POINT('Ctrl Pts',(23.784590751549,2.91277229329142E-15,
168.010640031318));
#8429=CARTESIAN_POINT('Ctrl Pts',(23.7845907515489,23.784590751549,168.010640031318));
#8430=CARTESIAN_POINT('Ctrl Pts',(-2.91277229329142E-15,23.784590751549,
168.010640031318));
#8431=CARTESIAN_POINT('Ctrl Pts',(-23.784590751549,23.7845907515489,168.010640031318));
#8432=CARTESIAN_POINT('Ctrl Pts',(-23.784590751549,-2.91277229329142E-15,
168.010640031318));
#8433=CARTESIAN_POINT('Ctrl Pts',(-23.7845907515489,-23.784590751549,168.010640031318));
#8434=CARTESIAN_POINT('Ctrl Pts',(2.91277229329142E-15,-23.784590751549,
168.010640031318));
#8435=CARTESIAN_POINT('Ctrl Pts',(23.784590751549,-23.7845907515489,168.010640031318));
#8436=CARTESIAN_POINT('Ctrl Pts',(23.784590751549,2.91277229329142E-15,
168.010640031318));
#8437=CARTESIAN_POINT('Ctrl Pts',(23.8525563982821,2.92109568446379E-15,
167.407749778305));
#8438=CARTESIAN_POINT('Ctrl Pts',(23.8525563982821,23.8525563982821,167.407749778305));
#8439=CARTESIAN_POINT('Ctrl Pts',(-2.92109568446379E-15,23.8525563982821,
167.407749778305));
#8440=CARTESIAN_POINT('Ctrl Pts',(-23.8525563982821,23.8525563982821,167.407749778305));
#8441=CARTESIAN_POINT('Ctrl Pts',(-23.8525563982821,-2.92109568446379E-15,
167.407749778305));
#8442=CARTESIAN_POINT('Ctrl Pts',(-23.8525563982821,-23.8525563982821,167.407749778305));
#8443=CARTESIAN_POINT('Ctrl Pts',(2.92109568446379E-15,-23.8525563982821,
167.407749778305));
#8444=CARTESIAN_POINT('Ctrl Pts',(23.8525563982821,-23.8525563982821,167.407749778305));
#8445=CARTESIAN_POINT('Ctrl Pts',(23.8525563982821,2.92109568446379E-15,
167.407749778305));
#8446=CARTESIAN_POINT('Ctrl Pts',(23.920300358143,2.92939192682431E-15,
166.804936872161));
#8447=CARTESIAN_POINT('Ctrl Pts',(23.920300358143,23.920300358143,166.804936872161));
#8448=CARTESIAN_POINT('Ctrl Pts',(-2.92939192682431E-15,23.920300358143,
166.804936872161));
#8449=CARTESIAN_POINT('Ctrl Pts',(-23.920300358143,23.920300358143,166.804936872161));
#8450=CARTESIAN_POINT('Ctrl Pts',(-23.920300358143,-2.92939192682431E-15,
166.804936872161));
#8451=CARTESIAN_POINT('Ctrl Pts',(-23.920300358143,-23.920300358143,166.804936872161));
#8452=CARTESIAN_POINT('Ctrl Pts',(2.92939192682431E-15,-23.920300358143,
166.804936872161));
#8453=CARTESIAN_POINT('Ctrl Pts',(23.920300358143,-23.920300358143,166.804936872161));
#8454=CARTESIAN_POINT('Ctrl Pts',(23.920300358143,2.92939192682431E-15,
166.804936872161));
#8455=CARTESIAN_POINT('Ctrl Pts',(23.9878221349471,2.93766095960789E-15,
166.202208473248));
#8456=CARTESIAN_POINT('Ctrl Pts',(23.987822134947,23.9878221349471,166.202208473248));
#8457=CARTESIAN_POINT('Ctrl Pts',(-2.93766095960789E-15,23.9878221349471,
166.202208473248));
#8458=CARTESIAN_POINT('Ctrl Pts',(-23.9878221349471,23.987822134947,166.202208473248));
#8459=CARTESIAN_POINT('Ctrl Pts',(-23.9878221349471,-2.93766095960789E-15,
166.202208473248));
#8460=CARTESIAN_POINT('Ctrl Pts',(-23.987822134947,-23.9878221349471,166.202208473248));
#8461=CARTESIAN_POINT('Ctrl Pts',(2.93766095960789E-15,-23.9878221349471,
166.202208473248));
#8462=CARTESIAN_POINT('Ctrl Pts',(23.9878221349471,-23.987822134947,166.202208473248));
#8463=CARTESIAN_POINT('Ctrl Pts',(23.9878221349471,2.93766095960789E-15,
166.202208473248));
#8464=CARTESIAN_POINT('Ctrl Pts',(24.055121232111,2.94590272200063E-15,
165.599571747855));
#8465=CARTESIAN_POINT('Ctrl Pts',(24.055121232111,24.055121232111,165.599571747855));
#8466=CARTESIAN_POINT('Ctrl Pts',(-2.94590272200063E-15,24.055121232111,
165.599571747855));
#8467=CARTESIAN_POINT('Ctrl Pts',(-24.055121232111,24.055121232111,165.599571747855));
#8468=CARTESIAN_POINT('Ctrl Pts',(-24.055121232111,-2.94590272200063E-15,
165.599571747855));
#8469=CARTESIAN_POINT('Ctrl Pts',(-24.055121232111,-24.055121232111,165.599571747855));
#8470=CARTESIAN_POINT('Ctrl Pts',(2.94590272200063E-15,-24.055121232111,
165.599571747855));
#8471=CARTESIAN_POINT('Ctrl Pts',(24.055121232111,-24.055121232111,165.599571747855));
#8472=CARTESIAN_POINT('Ctrl Pts',(24.055121232111,2.94590272200063E-15,
165.599571747855));
#8473=CARTESIAN_POINT('Ctrl Pts',(24.1221971526413,2.95411715313836E-15,
164.997033868623));
#8474=CARTESIAN_POINT('Ctrl Pts',(24.1221971526413,24.1221971526413,164.997033868623));
#8475=CARTESIAN_POINT('Ctrl Pts',(-2.95411715313836E-15,24.1221971526413,
164.997033868623));
#8476=CARTESIAN_POINT('Ctrl Pts',(-24.1221971526413,24.1221971526413,164.997033868623));
#8477=CARTESIAN_POINT('Ctrl Pts',(-24.1221971526413,-2.95411715313836E-15,
164.997033868623));
#8478=CARTESIAN_POINT('Ctrl Pts',(-24.1221971526413,-24.1221971526413,164.997033868623));
#8479=CARTESIAN_POINT('Ctrl Pts',(2.95411715313836E-15,-24.1221971526413,
164.997033868623));
#8480=CARTESIAN_POINT('Ctrl Pts',(24.1221971526413,-24.1221971526413,164.997033868623));
#8481=CARTESIAN_POINT('Ctrl Pts',(24.1221971526413,2.95411715313836E-15,
164.997033868623));
#8482=CARTESIAN_POINT('Ctrl Pts',(24.189049399123,2.96230419210532E-15,
164.394602014973));
#8483=CARTESIAN_POINT('Ctrl Pts',(24.189049399123,24.189049399123,164.394602014973));
#8484=CARTESIAN_POINT('Ctrl Pts',(-2.96230419210532E-15,24.189049399123,
164.394602014973));
#8485=CARTESIAN_POINT('Ctrl Pts',(-24.189049399123,24.189049399123,164.394602014973));
#8486=CARTESIAN_POINT('Ctrl Pts',(-24.189049399123,-2.96230419210532E-15,
164.394602014973));
#8487=CARTESIAN_POINT('Ctrl Pts',(-24.189049399123,-24.189049399123,164.394602014973));
#8488=CARTESIAN_POINT('Ctrl Pts',(2.96230419210532E-15,-24.189049399123,
164.394602014973));
#8489=CARTESIAN_POINT('Ctrl Pts',(24.189049399123,-24.189049399123,164.394602014973));
#8490=CARTESIAN_POINT('Ctrl Pts',(24.189049399123,2.96230419210532E-15,
164.394602014973));
#8491=CARTESIAN_POINT('Ctrl Pts',(24.255677473709,2.97046377793283E-15,
163.792283373538));
#8492=CARTESIAN_POINT('Ctrl Pts',(24.255677473709,24.255677473709,163.792283373538));
#8493=CARTESIAN_POINT('Ctrl Pts',(-2.97046377793283E-15,24.255677473709,
163.792283373538));
#8494=CARTESIAN_POINT('Ctrl Pts',(-24.255677473709,24.255677473709,163.792283373538));
#8495=CARTESIAN_POINT('Ctrl Pts',(-24.255677473709,-2.97046377793283E-15,
163.792283373538));
#8496=CARTESIAN_POINT('Ctrl Pts',(-24.255677473709,-24.255677473709,163.792283373538));
#8497=CARTESIAN_POINT('Ctrl Pts',(2.97046377793283E-15,-24.255677473709,
163.792283373538));
#8498=CARTESIAN_POINT('Ctrl Pts',(24.255677473709,-24.255677473709,163.792283373538));
#8499=CARTESIAN_POINT('Ctrl Pts',(24.255677473709,2.97046377793283E-15,
163.792283373538));
#8500=CARTESIAN_POINT('Ctrl Pts',(24.3220808781097,2.97859584959801E-15,
163.190085138594));
#8501=CARTESIAN_POINT('Ctrl Pts',(24.3220808781097,24.3220808781097,163.190085138594));
#8502=CARTESIAN_POINT('Ctrl Pts',(-2.97859584959801E-15,24.3220808781097,
163.190085138594));
#8503=CARTESIAN_POINT('Ctrl Pts',(-24.3220808781097,24.3220808781097,163.190085138594));
#8504=CARTESIAN_POINT('Ctrl Pts',(-24.3220808781097,-2.97859584959801E-15,
163.190085138594));
#8505=CARTESIAN_POINT('Ctrl Pts',(-24.3220808781097,-24.3220808781097,163.190085138594));
#8506=CARTESIAN_POINT('Ctrl Pts',(2.97859584959801E-15,-24.3220808781097,
163.190085138594));
#8507=CARTESIAN_POINT('Ctrl Pts',(24.3220808781097,-24.3220808781097,163.190085138594));
#8508=CARTESIAN_POINT('Ctrl Pts',(24.3220808781097,2.97859584959801E-15,
163.190085138594));
#8509=CARTESIAN_POINT('Ctrl Pts',(24.3882591135836,2.98670034602265E-15,
162.588014512484));
#8510=CARTESIAN_POINT('Ctrl Pts',(24.3882591135836,24.3882591135836,162.588014512484));
#8511=CARTESIAN_POINT('Ctrl Pts',(-2.98670034602265E-15,24.3882591135836,
162.588014512484));
#8512=CARTESIAN_POINT('Ctrl Pts',(-24.3882591135836,24.3882591135836,162.588014512484));
#8513=CARTESIAN_POINT('Ctrl Pts',(-24.3882591135836,-2.98670034602265E-15,
162.588014512484));
#8514=CARTESIAN_POINT('Ctrl Pts',(-24.3882591135836,-24.3882591135836,162.588014512484));
#8515=CARTESIAN_POINT('Ctrl Pts',(2.98670034602265E-15,-24.3882591135836,
162.588014512484));
#8516=CARTESIAN_POINT('Ctrl Pts',(24.3882591135836,-24.3882591135836,162.588014512484));
#8517=CARTESIAN_POINT('Ctrl Pts',(24.3882591135836,2.98670034602265E-15,
162.588014512484));
#8518=CARTESIAN_POINT('Ctrl Pts',(24.4542116809275,2.99477720607196E-15,
161.986078706053));
#8519=CARTESIAN_POINT('Ctrl Pts',(24.4542116809275,24.4542116809275,161.986078706053));
#8520=CARTESIAN_POINT('Ctrl Pts',(-2.99477720607196E-15,24.4542116809275,
161.986078706053));
#8521=CARTESIAN_POINT('Ctrl Pts',(-24.4542116809275,24.4542116809275,161.986078706053));
#8522=CARTESIAN_POINT('Ctrl Pts',(-24.4542116809275,-2.99477720607196E-15,
161.986078706053));
#8523=CARTESIAN_POINT('Ctrl Pts',(-24.4542116809275,-24.4542116809275,161.986078706053));
#8524=CARTESIAN_POINT('Ctrl Pts',(2.99477720607196E-15,-24.4542116809275,
161.986078706053));
#8525=CARTESIAN_POINT('Ctrl Pts',(24.4542116809275,-24.4542116809275,161.986078706053));
#8526=CARTESIAN_POINT('Ctrl Pts',(24.4542116809275,2.99477720607196E-15,
161.986078706053));
#8527=CARTESIAN_POINT('Ctrl Pts',(24.5199380804642,3.00282636855317E-15,
161.384284939093));
#8528=CARTESIAN_POINT('Ctrl Pts',(24.5199380804642,24.5199380804642,161.384284939093));
#8529=CARTESIAN_POINT('Ctrl Pts',(-3.00282636855317E-15,24.5199380804642,
161.384284939093));
#8530=CARTESIAN_POINT('Ctrl Pts',(-24.5199380804642,24.5199380804642,161.384284939093));
#8531=CARTESIAN_POINT('Ctrl Pts',(-24.5199380804642,-3.00282636855317E-15,
161.384284939093));
#8532=CARTESIAN_POINT('Ctrl Pts',(-24.5199380804642,-24.5199380804642,161.384284939093));
#8533=CARTESIAN_POINT('Ctrl Pts',(3.00282636855317E-15,-24.5199380804642,
161.384284939093));
#8534=CARTESIAN_POINT('Ctrl Pts',(24.5199380804642,-24.5199380804642,161.384284939093));
#8535=CARTESIAN_POINT('Ctrl Pts',(24.5199380804642,3.00282636855317E-15,
161.384284939093));
#8536=CARTESIAN_POINT('Ctrl Pts',(24.5854378120319,3.01084777221412E-15,
160.782640440777));
#8537=CARTESIAN_POINT('Ctrl Pts',(24.5854378120319,24.5854378120319,160.782640440777));
#8538=CARTESIAN_POINT('Ctrl Pts',(-3.01084777221412E-15,24.5854378120319,
160.782640440777));
#8539=CARTESIAN_POINT('Ctrl Pts',(-24.5854378120319,24.5854378120319,160.782640440777));
#8540=CARTESIAN_POINT('Ctrl Pts',(-24.5854378120319,-3.01084777221412E-15,
160.782640440777));
#8541=CARTESIAN_POINT('Ctrl Pts',(-24.5854378120319,-24.5854378120319,160.782640440777));
#8542=CARTESIAN_POINT('Ctrl Pts',(3.01084777221412E-15,-24.5854378120319,
160.782640440777));
#8543=CARTESIAN_POINT('Ctrl Pts',(24.5854378120319,-24.5854378120319,160.782640440777));
#8544=CARTESIAN_POINT('Ctrl Pts',(24.5854378120319,3.01084777221412E-15,
160.782640440777));
#8545=CARTESIAN_POINT('Ctrl Pts',(24.6507103749732,3.01884135574194E-15,
160.181152450112));
#8546=CARTESIAN_POINT('Ctrl Pts',(24.6507103749732,24.6507103749732,160.181152450112));
#8547=CARTESIAN_POINT('Ctrl Pts',(-3.01884135574194E-15,24.6507103749732,
160.181152450112));
#8548=CARTESIAN_POINT('Ctrl Pts',(-24.6507103749732,24.6507103749732,160.181152450112));
#8549=CARTESIAN_POINT('Ctrl Pts',(-24.6507103749732,-3.01884135574194E-15,
160.181152450112));
#8550=CARTESIAN_POINT('Ctrl Pts',(-24.6507103749732,-24.6507103749732,160.181152450112));
#8551=CARTESIAN_POINT('Ctrl Pts',(3.01884135574194E-15,-24.6507103749732,
160.181152450112));
#8552=CARTESIAN_POINT('Ctrl Pts',(24.6507103749732,-24.6507103749732,160.181152450112));
#8553=CARTESIAN_POINT('Ctrl Pts',(24.6507103749732,3.01884135574194E-15,
160.181152450112));
#8554=CARTESIAN_POINT('Ctrl Pts',(24.7157552681246,3.02680705776182E-15,
159.579828216375));
#8555=CARTESIAN_POINT('Ctrl Pts',(24.7157552681246,24.7157552681246,159.579828216375));
#8556=CARTESIAN_POINT('Ctrl Pts',(-3.02680705776182E-15,24.7157552681246,
159.579828216375));
#8557=CARTESIAN_POINT('Ctrl Pts',(-24.7157552681246,24.7157552681246,159.579828216375));
#8558=CARTESIAN_POINT('Ctrl Pts',(-24.7157552681246,-3.02680705776182E-15,
159.579828216375));
#8559=CARTESIAN_POINT('Ctrl Pts',(-24.7157552681246,-24.7157552681246,159.579828216375));
#8560=CARTESIAN_POINT('Ctrl Pts',(3.02680705776182E-15,-24.7157552681246,
159.579828216375));
#8561=CARTESIAN_POINT('Ctrl Pts',(24.7157552681246,-24.7157552681246,159.579828216375));
#8562=CARTESIAN_POINT('Ctrl Pts',(24.7157552681246,3.02680705776182E-15,
159.579828216375));
#8563=CARTESIAN_POINT('Ctrl Pts',(24.7805719898072,3.0347448168358E-15,
158.978674999564));
#8564=CARTESIAN_POINT('Ctrl Pts',(24.7805719898072,24.7805719898072,158.978674999564));
#8565=CARTESIAN_POINT('Ctrl Pts',(-3.0347448168358E-15,24.7805719898072,
158.978674999564));
#8566=CARTESIAN_POINT('Ctrl Pts',(-24.7805719898072,24.7805719898072,158.978674999564));
#8567=CARTESIAN_POINT('Ctrl Pts',(-24.7805719898072,-3.0347448168358E-15,
158.978674999564));
#8568=CARTESIAN_POINT('Ctrl Pts',(-24.7805719898072,-24.7805719898072,158.978674999564));
#8569=CARTESIAN_POINT('Ctrl Pts',(3.0347448168358E-15,-24.7805719898072,
158.978674999564));
#8570=CARTESIAN_POINT('Ctrl Pts',(24.7805719898072,-24.7805719898072,158.978674999564));
#8571=CARTESIAN_POINT('Ctrl Pts',(24.7805719898072,3.0347448168358E-15,
158.978674999564));
#8572=CARTESIAN_POINT('Ctrl Pts',(24.845160037817,3.04265457146164E-15,
158.377700070842));
#8573=CARTESIAN_POINT('Ctrl Pts',(24.845160037817,24.845160037817,158.377700070842));
#8574=CARTESIAN_POINT('Ctrl Pts',(-3.04265457146164E-15,24.845160037817,
158.377700070842));
#8575=CARTESIAN_POINT('Ctrl Pts',(-24.845160037817,24.845160037817,158.377700070842));
#8576=CARTESIAN_POINT('Ctrl Pts',(-24.845160037817,-3.04265457146164E-15,
158.377700070842));
#8577=CARTESIAN_POINT('Ctrl Pts',(-24.845160037817,-24.845160037817,158.377700070842));
#8578=CARTESIAN_POINT('Ctrl Pts',(3.04265457146164E-15,-24.845160037817,
158.377700070842));
#8579=CARTESIAN_POINT('Ctrl Pts',(24.845160037817,-24.845160037817,158.377700070842));
#8580=CARTESIAN_POINT('Ctrl Pts',(24.845160037817,3.04265457146164E-15,
158.377700070842));
#8581=CARTESIAN_POINT('Ctrl Pts',(24.909518909415,3.05053626007155E-15,
157.776910712991));
#8582=CARTESIAN_POINT('Ctrl Pts',(24.909518909415,24.909518909415,157.776910712991));
#8583=CARTESIAN_POINT('Ctrl Pts',(-3.05053626007155E-15,24.909518909415,
157.776910712991));
#8584=CARTESIAN_POINT('Ctrl Pts',(-24.909518909415,24.909518909415,157.776910712991));
#8585=CARTESIAN_POINT('Ctrl Pts',(-24.909518909415,-3.05053626007155E-15,
157.776910712991));
#8586=CARTESIAN_POINT('Ctrl Pts',(-24.909518909415,-24.909518909415,157.776910712991));
#8587=CARTESIAN_POINT('Ctrl Pts',(3.05053626007155E-15,-24.909518909415,
157.776910712991));
#8588=CARTESIAN_POINT('Ctrl Pts',(24.909518909415,-24.909518909415,157.776910712991));
#8589=CARTESIAN_POINT('Ctrl Pts',(24.909518909415,3.05053626007155E-15,
157.776910712991));
#8590=CARTESIAN_POINT('Ctrl Pts',(24.9736481013151,3.05838982103079E-15,
157.176314220882));
#8591=CARTESIAN_POINT('Ctrl Pts',(24.9736481013151,24.9736481013151,157.176314220882));
#8592=CARTESIAN_POINT('Ctrl Pts',(-3.05838982103079E-15,24.9736481013151,
157.176314220882));
#8593=CARTESIAN_POINT('Ctrl Pts',(-24.9736481013151,24.9736481013151,157.176314220882));
#8594=CARTESIAN_POINT('Ctrl Pts',(-24.9736481013151,-3.05838982103079E-15,
157.176314220882));
#8595=CARTESIAN_POINT('Ctrl Pts',(-24.9736481013151,-24.9736481013151,157.176314220882));
#8596=CARTESIAN_POINT('Ctrl Pts',(3.05838982103079E-15,-24.9736481013151,
157.176314220882));
#8597=CARTESIAN_POINT('Ctrl Pts',(24.9736481013151,-24.9736481013151,157.176314220882));
#8598=CARTESIAN_POINT('Ctrl Pts',(24.9736481013151,3.05838982103079E-15,
157.176314220882));
#8599=CARTESIAN_POINT('Ctrl Pts',(25.037547109674,3.06621519263633E-15,
156.575917901933));
#8600=CARTESIAN_POINT('Ctrl Pts',(25.037547109674,25.037547109674,156.575917901933));
#8601=CARTESIAN_POINT('Ctrl Pts',(-3.06621519263633E-15,25.037547109674,
156.575917901933));
#8602=CARTESIAN_POINT('Ctrl Pts',(-25.037547109674,25.037547109674,156.575917901933));
#8603=CARTESIAN_POINT('Ctrl Pts',(-25.037547109674,-3.06621519263633E-15,
156.575917901933));
#8604=CARTESIAN_POINT('Ctrl Pts',(-25.037547109674,-25.037547109674,156.575917901933));
#8605=CARTESIAN_POINT('Ctrl Pts',(3.06621519263633E-15,-25.037547109674,
156.575917901933));
#8606=CARTESIAN_POINT('Ctrl Pts',(25.037547109674,-25.037547109674,156.575917901933));
#8607=CARTESIAN_POINT('Ctrl Pts',(25.037547109674,3.06621519263633E-15,
156.575917901933));
#8608=CARTESIAN_POINT('Ctrl Pts',(25.1012154300808,3.07401231311566E-15,
155.975729076578));
#8609=CARTESIAN_POINT('Ctrl Pts',(25.1012154300808,25.1012154300808,155.975729076578));
#8610=CARTESIAN_POINT('Ctrl Pts',(-3.07401231311566E-15,25.1012154300808,
155.975729076578));
#8611=CARTESIAN_POINT('Ctrl Pts',(-25.1012154300808,25.1012154300808,155.975729076578));
#8612=CARTESIAN_POINT('Ctrl Pts',(-25.1012154300808,-3.07401231311566E-15,
155.975729076578));
#8613=CARTESIAN_POINT('Ctrl Pts',(-25.1012154300808,-25.1012154300808,155.975729076578));
#8614=CARTESIAN_POINT('Ctrl Pts',(3.07401231311566E-15,-25.1012154300808,
155.975729076578));
#8615=CARTESIAN_POINT('Ctrl Pts',(25.1012154300808,-25.1012154300808,155.975729076578));
#8616=CARTESIAN_POINT('Ctrl Pts',(25.1012154300808,3.07401231311566E-15,
155.975729076578));
#8617=CARTESIAN_POINT('Ctrl Pts',(25.1646525575467,3.08178112062548E-15,
155.375755078728));
#8618=CARTESIAN_POINT('Ctrl Pts',(25.1646525575467,25.1646525575467,155.375755078728));
#8619=CARTESIAN_POINT('Ctrl Pts',(-3.08178112062548E-15,25.1646525575467,
155.375755078728));
#8620=CARTESIAN_POINT('Ctrl Pts',(-25.1646525575467,25.1646525575467,155.375755078728));
#8621=CARTESIAN_POINT('Ctrl Pts',(-25.1646525575467,-3.08178112062548E-15,
155.375755078728));
#8622=CARTESIAN_POINT('Ctrl Pts',(-25.1646525575467,-25.1646525575467,155.375755078728));
#8623=CARTESIAN_POINT('Ctrl Pts',(3.08178112062548E-15,-25.1646525575467,
155.375755078728));
#8624=CARTESIAN_POINT('Ctrl Pts',(25.1646525575467,-25.1646525575467,155.375755078728));
#8625=CARTESIAN_POINT('Ctrl Pts',(25.1646525575467,3.08178112062548E-15,
155.375755078728));
#8626=CARTESIAN_POINT('Ctrl Pts',(25.2278579864962,3.08952155325065E-15,
154.776003256238));
#8627=CARTESIAN_POINT('Ctrl Pts',(25.2278579864962,25.2278579864962,154.776003256238));
#8628=CARTESIAN_POINT('Ctrl Pts',(-3.08952155325065E-15,25.2278579864962,
154.776003256238));
#8629=CARTESIAN_POINT('Ctrl Pts',(-25.2278579864962,25.2278579864962,154.776003256238));
#8630=CARTESIAN_POINT('Ctrl Pts',(-25.2278579864962,-3.08952155325065E-15,
154.776003256238));
#8631=CARTESIAN_POINT('Ctrl Pts',(-25.2278579864962,-25.2278579864962,154.776003256238));
#8632=CARTESIAN_POINT('Ctrl Pts',(3.08952155325065E-15,-25.2278579864962,
154.776003256238));
#8633=CARTESIAN_POINT('Ctrl Pts',(25.2278579864962,-25.2278579864962,154.776003256238));
#8634=CARTESIAN_POINT('Ctrl Pts',(25.2278579864962,3.08952155325065E-15,
154.776003256238));
#8635=CARTESIAN_POINT('Ctrl Pts',(25.2908312107572,3.09723354900297E-15,
154.176480971368));
#8636=CARTESIAN_POINT('Ctrl Pts',(25.2908312107571,25.2908312107572,154.176480971368));
#8637=CARTESIAN_POINT('Ctrl Pts',(-3.09723354900297E-15,25.2908312107572,
154.176480971368));
#8638=CARTESIAN_POINT('Ctrl Pts',(-25.2908312107572,25.2908312107571,154.176480971368));
#8639=CARTESIAN_POINT('Ctrl Pts',(-25.2908312107572,-3.09723354900297E-15,
154.176480971368));
#8640=CARTESIAN_POINT('Ctrl Pts',(-25.2908312107571,-25.2908312107572,154.176480971368));
#8641=CARTESIAN_POINT('Ctrl Pts',(3.09723354900297E-15,-25.2908312107572,
154.176480971368));
#8642=CARTESIAN_POINT('Ctrl Pts',(25.2908312107572,-25.2908312107571,154.176480971368));
#8643=CARTESIAN_POINT('Ctrl Pts',(25.2908312107572,3.09723354900297E-15,
154.176480971368));
#8644=CARTESIAN_POINT('Ctrl Pts',(25.3535717235498,3.10491704581982E-15,
153.577195601281));
#8645=CARTESIAN_POINT('Ctrl Pts',(25.3535717235498,25.3535717235498,153.577195601281));
#8646=CARTESIAN_POINT('Ctrl Pts',(-3.10491704581982E-15,25.3535717235498,
153.577195601281));
#8647=CARTESIAN_POINT('Ctrl Pts',(-25.3535717235498,25.3535717235498,153.577195601281));
#8648=CARTESIAN_POINT('Ctrl Pts',(-25.3535717235498,-3.10491704581982E-15,
153.577195601281));
#8649=CARTESIAN_POINT('Ctrl Pts',(-25.3535717235498,-25.3535717235498,153.577195601281));
#8650=CARTESIAN_POINT('Ctrl Pts',(3.10491704581982E-15,-25.3535717235498,
153.577195601281));
#8651=CARTESIAN_POINT('Ctrl Pts',(25.3535717235498,-25.3535717235498,153.577195601281));
#8652=CARTESIAN_POINT('Ctrl Pts',(25.3535717235498,3.10491704581982E-15,
153.577195601281));
#8653=CARTESIAN_POINT('Ctrl Pts',(25.4160790174755,3.11257198156276E-15,
152.97815453853));
#8654=CARTESIAN_POINT('Ctrl Pts',(25.4160790174755,25.4160790174755,152.97815453853));
#8655=CARTESIAN_POINT('Ctrl Pts',(-3.11257198156276E-15,25.4160790174755,
152.97815453853));
#8656=CARTESIAN_POINT('Ctrl Pts',(-25.4160790174755,25.4160790174755,152.97815453853));
#8657=CARTESIAN_POINT('Ctrl Pts',(-25.4160790174755,-3.11257198156276E-15,
152.97815453853));
#8658=CARTESIAN_POINT('Ctrl Pts',(-25.4160790174755,-25.4160790174755,152.97815453853));
#8659=CARTESIAN_POINT('Ctrl Pts',(3.11257198156276E-15,-25.4160790174755,
152.97815453853));
#8660=CARTESIAN_POINT('Ctrl Pts',(25.4160790174755,-25.4160790174755,152.97815453853));
#8661=CARTESIAN_POINT('Ctrl Pts',(25.4160790174755,3.11257198156276E-15,
152.97815453853));
#8662=CARTESIAN_POINT('Ctrl Pts',(25.4783525845065,3.12019829401636E-15,
152.379365191554));
#8663=CARTESIAN_POINT('Ctrl Pts',(25.4783525845065,25.4783525845065,152.379365191554));
#8664=CARTESIAN_POINT('Ctrl Pts',(-3.12019829401636E-15,25.4783525845065,
152.379365191554));
#8665=CARTESIAN_POINT('Ctrl Pts',(-25.4783525845065,25.4783525845065,152.379365191554));
#8666=CARTESIAN_POINT('Ctrl Pts',(-25.4783525845065,-3.12019829401636E-15,
152.379365191554));
#8667=CARTESIAN_POINT('Ctrl Pts',(-25.4783525845065,-25.4783525845065,152.379365191554));
#8668=CARTESIAN_POINT('Ctrl Pts',(3.12019829401636E-15,-25.4783525845065,
152.379365191554));
#8669=CARTESIAN_POINT('Ctrl Pts',(25.4783525845065,-25.4783525845065,152.379365191554));
#8670=CARTESIAN_POINT('Ctrl Pts',(25.4783525845065,3.12019829401636E-15,
152.379365191554));
#8671=CARTESIAN_POINT('Ctrl Pts',(25.5403919159767,3.12779592088698E-15,
151.780834985168));
#8672=CARTESIAN_POINT('Ctrl Pts',(25.5403919159767,25.5403919159767,151.780834985168));
#8673=CARTESIAN_POINT('Ctrl Pts',(-3.12779592088698E-15,25.5403919159767,
151.780834985168));
#8674=CARTESIAN_POINT('Ctrl Pts',(-25.5403919159767,25.5403919159767,151.780834985168));
#8675=CARTESIAN_POINT('Ctrl Pts',(-25.5403919159767,-3.12779592088698E-15,
151.780834985168));
#8676=CARTESIAN_POINT('Ctrl Pts',(-25.5403919159767,-25.5403919159767,151.780834985168));
#8677=CARTESIAN_POINT('Ctrl Pts',(3.12779592088698E-15,-25.5403919159767,
151.780834985168));
#8678=CARTESIAN_POINT('Ctrl Pts',(25.5403919159767,-25.5403919159767,151.780834985168));
#8679=CARTESIAN_POINT('Ctrl Pts',(25.5403919159767,3.12779592088698E-15,
151.780834985168));
#8680=CARTESIAN_POINT('Ctrl Pts',(25.6021965025713,3.13536479980155E-15,
151.182571361051));
#8681=CARTESIAN_POINT('Ctrl Pts',(25.6021965025713,25.6021965025713,151.182571361051));
#8682=CARTESIAN_POINT('Ctrl Pts',(-3.13536479980155E-15,25.6021965025713,
151.182571361051));
#8683=CARTESIAN_POINT('Ctrl Pts',(-25.6021965025713,25.6021965025713,151.182571361051));
#8684=CARTESIAN_POINT('Ctrl Pts',(-25.6021965025713,-3.13536479980155E-15,
151.182571361051));
#8685=CARTESIAN_POINT('Ctrl Pts',(-25.6021965025713,-25.6021965025713,151.182571361051));
#8686=CARTESIAN_POINT('Ctrl Pts',(3.13536479980155E-15,-25.6021965025713,
151.182571361051));
#8687=CARTESIAN_POINT('Ctrl Pts',(25.6021965025713,-25.6021965025713,151.182571361051));
#8688=CARTESIAN_POINT('Ctrl Pts',(25.6021965025713,3.13536479980155E-15,
151.182571361051));
#8689=CARTESIAN_POINT('Ctrl Pts',(25.6637658343187,3.14290486830656E-15,
150.584581778239));
#8690=CARTESIAN_POINT('Ctrl Pts',(25.6637658343187,25.6637658343187,150.584581778239));
#8691=CARTESIAN_POINT('Ctrl Pts',(-3.14290486830656E-15,25.6637658343187,
150.584581778239));
#8692=CARTESIAN_POINT('Ctrl Pts',(-25.6637658343187,25.6637658343187,150.584581778239));
#8693=CARTESIAN_POINT('Ctrl Pts',(-25.6637658343187,-3.14290486830656E-15,
150.584581778239));
#8694=CARTESIAN_POINT('Ctrl Pts',(-25.6637658343187,-25.6637658343187,150.584581778239));
#8695=CARTESIAN_POINT('Ctrl Pts',(3.14290486830656E-15,-25.6637658343187,
150.584581778239));
#8696=CARTESIAN_POINT('Ctrl Pts',(25.6637658343187,-25.6637658343187,150.584581778239));
#8697=CARTESIAN_POINT('Ctrl Pts',(25.6637658343187,3.14290486830656E-15,
150.584581778239));
#8698=CARTESIAN_POINT('Ctrl Pts',(25.7250994005801,3.15041606386679E-15,
149.98687371363));
#8699=CARTESIAN_POINT('Ctrl Pts',(25.72509940058,25.7250994005801,149.98687371363));
#8700=CARTESIAN_POINT('Ctrl Pts',(-3.15041606386679E-15,25.7250994005801,
149.98687371363));
#8701=CARTESIAN_POINT('Ctrl Pts',(-25.7250994005801,25.72509940058,149.98687371363));
#8702=CARTESIAN_POINT('Ctrl Pts',(-25.7250994005801,-3.15041606386679E-15,
149.98687371363));
#8703=CARTESIAN_POINT('Ctrl Pts',(-25.72509940058,-25.7250994005801,149.98687371363));
#8704=CARTESIAN_POINT('Ctrl Pts',(3.15041606386679E-15,-25.7250994005801,
149.98687371363));
#8705=CARTESIAN_POINT('Ctrl Pts',(25.7250994005801,-25.72509940058,149.98687371363));
#8706=CARTESIAN_POINT('Ctrl Pts',(25.7250994005801,3.15041606386679E-15,
149.98687371363));
#8707=CARTESIAN_POINT('Ctrl Pts',(25.7861966900378,3.15789832386389E-15,
149.389454662518));
#8708=CARTESIAN_POINT('Ctrl Pts',(25.7861966900378,25.7861966900378,149.389454662518));
#8709=CARTESIAN_POINT('Ctrl Pts',(-3.15789832386389E-15,25.7861966900378,
149.389454662518));
#8710=CARTESIAN_POINT('Ctrl Pts',(-25.7861966900378,25.7861966900378,149.389454662518));
#8711=CARTESIAN_POINT('Ctrl Pts',(-25.7861966900378,-3.15789832386389E-15,
149.389454662518));
#8712=CARTESIAN_POINT('Ctrl Pts',(-25.7861966900378,-25.7861966900378,149.389454662518));
#8713=CARTESIAN_POINT('Ctrl Pts',(3.15789832386389E-15,-25.7861966900378,
149.389454662518));
#8714=CARTESIAN_POINT('Ctrl Pts',(25.7861966900378,-25.7861966900378,149.389454662518));
#8715=CARTESIAN_POINT('Ctrl Pts',(25.7861966900378,3.15789832386389E-15,
149.389454662518));
#8716=CARTESIAN_POINT('Ctrl Pts',(25.8470571906854,3.16535158559515E-15,
148.792332139112));
#8717=CARTESIAN_POINT('Ctrl Pts',(25.8470571906854,25.8470571906854,148.792332139112));
#8718=CARTESIAN_POINT('Ctrl Pts',(-3.16535158559515E-15,25.8470571906854,
148.792332139112));
#8719=CARTESIAN_POINT('Ctrl Pts',(-25.8470571906854,25.8470571906854,148.792332139112));
#8720=CARTESIAN_POINT('Ctrl Pts',(-25.8470571906854,-3.16535158559515E-15,
148.792332139112));
#8721=CARTESIAN_POINT('Ctrl Pts',(-25.8470571906854,-25.8470571906854,148.792332139112));
#8722=CARTESIAN_POINT('Ctrl Pts',(3.16535158559515E-15,-25.8470571906854,
148.792332139112));
#8723=CARTESIAN_POINT('Ctrl Pts',(25.8470571906854,-25.8470571906854,148.792332139112));
#8724=CARTESIAN_POINT('Ctrl Pts',(25.8470571906854,3.16535158559515E-15,
148.792332139112));
#8725=CARTESIAN_POINT('Ctrl Pts',(25.9076803898173,3.17277578627224E-15,
148.195513677058));
#8726=CARTESIAN_POINT('Ctrl Pts',(25.9076803898173,25.9076803898173,148.195513677058));
#8727=CARTESIAN_POINT('Ctrl Pts',(-3.17277578627224E-15,25.9076803898173,
148.195513677058));
#8728=CARTESIAN_POINT('Ctrl Pts',(-25.9076803898173,25.9076803898173,148.195513677058));
#8729=CARTESIAN_POINT('Ctrl Pts',(-25.9076803898173,-3.17277578627224E-15,
148.195513677058));
#8730=CARTESIAN_POINT('Ctrl Pts',(-25.9076803898173,-25.9076803898173,148.195513677058));
#8731=CARTESIAN_POINT('Ctrl Pts',(3.17277578627224E-15,-25.9076803898173,
148.195513677058));
#8732=CARTESIAN_POINT('Ctrl Pts',(25.9076803898173,-25.9076803898173,148.195513677058));
#8733=CARTESIAN_POINT('Ctrl Pts',(25.9076803898173,3.17277578627224E-15,
148.195513677058));
#8734=CARTESIAN_POINT('Ctrl Pts',(25.9680657740186,3.18017086301999E-15,
147.59900682997));
#8735=CARTESIAN_POINT('Ctrl Pts',(25.9680657740186,25.9680657740186,147.59900682997));
#8736=CARTESIAN_POINT('Ctrl Pts',(-3.18017086301999E-15,25.9680657740186,
147.59900682997));
#8737=CARTESIAN_POINT('Ctrl Pts',(-25.9680657740186,25.9680657740186,147.59900682997));
#8738=CARTESIAN_POINT('Ctrl Pts',(-25.9680657740186,-3.18017086301999E-15,
147.59900682997));
#8739=CARTESIAN_POINT('Ctrl Pts',(-25.9680657740186,-25.9680657740186,147.59900682997));
#8740=CARTESIAN_POINT('Ctrl Pts',(3.18017086301999E-15,-25.9680657740186,
147.59900682997));
#8741=CARTESIAN_POINT('Ctrl Pts',(25.9680657740186,-25.9680657740186,147.59900682997));
#8742=CARTESIAN_POINT('Ctrl Pts',(25.9680657740186,3.18017086301999E-15,
147.59900682997));
#8743=CARTESIAN_POINT('Ctrl Pts',(26.0282128291573,3.18753675287535E-15,
147.002819171942));
#8744=CARTESIAN_POINT('Ctrl Pts',(26.0282128291573,26.0282128291573,147.002819171942));
#8745=CARTESIAN_POINT('Ctrl Pts',(-3.18753675287535E-15,26.0282128291573,
147.002819171942));
#8746=CARTESIAN_POINT('Ctrl Pts',(-26.0282128291573,26.0282128291573,147.002819171942));
#8747=CARTESIAN_POINT('Ctrl Pts',(-26.0282128291573,-3.18753675287535E-15,
147.002819171942));
#8748=CARTESIAN_POINT('Ctrl Pts',(-26.0282128291573,-26.0282128291573,147.002819171942));
#8749=CARTESIAN_POINT('Ctrl Pts',(3.18753675287535E-15,-26.0282128291573,
147.002819171942));
#8750=CARTESIAN_POINT('Ctrl Pts',(26.0282128291573,-26.0282128291573,147.002819171942));
#8751=CARTESIAN_POINT('Ctrl Pts',(26.0282128291573,3.18753675287535E-15,
147.002819171942));
#8752=CARTESIAN_POINT('Ctrl Pts',(26.088121040374,3.19487339278628E-15,
146.406958298088));
#8753=CARTESIAN_POINT('Ctrl Pts',(26.088121040374,26.088121040374,146.406958298088));
#8754=CARTESIAN_POINT('Ctrl Pts',(-3.19487339278628E-15,26.088121040374,
146.406958298088));
#8755=CARTESIAN_POINT('Ctrl Pts',(-26.088121040374,26.088121040374,146.406958298088));
#8756=CARTESIAN_POINT('Ctrl Pts',(-26.088121040374,-3.19487339278628E-15,
146.406958298088));
#8757=CARTESIAN_POINT('Ctrl Pts',(-26.088121040374,-26.088121040374,146.406958298088));
#8758=CARTESIAN_POINT('Ctrl Pts',(3.19487339278628E-15,-26.088121040374,
146.406958298088));
#8759=CARTESIAN_POINT('Ctrl Pts',(26.088121040374,-26.088121040374,146.406958298088));
#8760=CARTESIAN_POINT('Ctrl Pts',(26.088121040374,3.19487339278628E-15,
146.406958298088));
#8761=CARTESIAN_POINT('Ctrl Pts',(26.1477898920719,3.20218071961034E-15,
145.811431825106));
#8762=CARTESIAN_POINT('Ctrl Pts',(26.1477898920719,26.1477898920719,145.811431825106));
#8763=CARTESIAN_POINT('Ctrl Pts',(-3.20218071961034E-15,26.1477898920719,
145.811431825106));
#8764=CARTESIAN_POINT('Ctrl Pts',(-26.1477898920719,26.1477898920719,145.811431825106));
#8765=CARTESIAN_POINT('Ctrl Pts',(-26.1477898920719,-3.20218071961034E-15,
145.811431825106));
#8766=CARTESIAN_POINT('Ctrl Pts',(-26.1477898920719,-26.1477898920719,145.811431825106));
#8767=CARTESIAN_POINT('Ctrl Pts',(3.20218071961034E-15,-26.1477898920719,
145.811431825106));
#8768=CARTESIAN_POINT('Ctrl Pts',(26.1477898920719,-26.1477898920719,145.811431825106));
#8769=CARTESIAN_POINT('Ctrl Pts',(26.1477898920719,3.20218071961034E-15,
145.811431825106));
#8770=CARTESIAN_POINT('Ctrl Pts',(26.2072188679054,3.20945867011344E-15,
145.216247391843));
#8771=CARTESIAN_POINT('Ctrl Pts',(26.2072188679053,26.2072188679054,145.216247391843));
#8772=CARTESIAN_POINT('Ctrl Pts',(-3.20945867011344E-15,26.2072188679054,
145.216247391843));
#8773=CARTESIAN_POINT('Ctrl Pts',(-26.2072188679054,26.2072188679053,145.216247391843));
#8774=CARTESIAN_POINT('Ctrl Pts',(-26.2072188679054,-3.20945867011344E-15,
145.216247391843));
#8775=CARTESIAN_POINT('Ctrl Pts',(-26.2072188679053,-26.2072188679054,145.216247391843));
#8776=CARTESIAN_POINT('Ctrl Pts',(3.20945867011344E-15,-26.2072188679054,
145.216247391843));
#8777=CARTESIAN_POINT('Ctrl Pts',(26.2072188679054,-26.2072188679053,145.216247391843));
#8778=CARTESIAN_POINT('Ctrl Pts',(26.2072188679054,3.20945867011344E-15,
145.216247391843));
#8779=CARTESIAN_POINT('Ctrl Pts',(26.2664074507704,3.21670718096861E-15,
144.621412659862));
#8780=CARTESIAN_POINT('Ctrl Pts',(26.2664074507704,26.2664074507704,144.621412659862));
#8781=CARTESIAN_POINT('Ctrl Pts',(-3.21670718096861E-15,26.2664074507704,
144.621412659862));
#8782=CARTESIAN_POINT('Ctrl Pts',(-26.2664074507704,26.2664074507704,144.621412659862));
#8783=CARTESIAN_POINT('Ctrl Pts',(-26.2664074507704,-3.21670718096861E-15,
144.621412659862));
#8784=CARTESIAN_POINT('Ctrl Pts',(-26.2664074507704,-26.2664074507704,144.621412659862));
#8785=CARTESIAN_POINT('Ctrl Pts',(3.21670718096861E-15,-26.2664074507704,
144.621412659862));
#8786=CARTESIAN_POINT('Ctrl Pts',(26.2664074507704,-26.2664074507704,144.621412659862));
#8787=CARTESIAN_POINT('Ctrl Pts',(26.2664074507704,3.21670718096861E-15,
144.621412659862));
#8788=CARTESIAN_POINT('Ctrl Pts',(26.3253551227952,3.22392618875485E-15,
144.026935314002));
#8789=CARTESIAN_POINT('Ctrl Pts',(26.3253551227952,26.3253551227952,144.026935314002));
#8790=CARTESIAN_POINT('Ctrl Pts',(-3.22392618875485E-15,26.3253551227952,
144.026935314002));
#8791=CARTESIAN_POINT('Ctrl Pts',(-26.3253551227952,26.3253551227952,144.026935314002));
#8792=CARTESIAN_POINT('Ctrl Pts',(-26.3253551227952,-3.22392618875485E-15,
144.026935314002));
#8793=CARTESIAN_POINT('Ctrl Pts',(-26.3253551227952,-26.3253551227952,144.026935314002));
#8794=CARTESIAN_POINT('Ctrl Pts',(3.22392618875485E-15,-26.3253551227952,
144.026935314002));
#8795=CARTESIAN_POINT('Ctrl Pts',(26.3253551227952,-26.3253551227952,144.026935314002));
#8796=CARTESIAN_POINT('Ctrl Pts',(26.3253551227952,3.22392618875485E-15,
144.026935314002));
#8797=CARTESIAN_POINT('Ctrl Pts',(26.3840613653306,3.23111562995594E-15,
143.432823062949));
#8798=CARTESIAN_POINT('Ctrl Pts',(26.3840613653306,26.3840613653306,143.432823062949));
#8799=CARTESIAN_POINT('Ctrl Pts',(-3.23111562995594E-15,26.3840613653306,
143.432823062949));
#8800=CARTESIAN_POINT('Ctrl Pts',(-26.3840613653306,26.3840613653306,143.432823062949));
#8801=CARTESIAN_POINT('Ctrl Pts',(-26.3840613653306,-3.23111562995594E-15,
143.432823062949));
#8802=CARTESIAN_POINT('Ctrl Pts',(-26.3840613653306,-26.3840613653306,143.432823062949));
#8803=CARTESIAN_POINT('Ctrl Pts',(3.23111562995594E-15,-26.3840613653306,
143.432823062949));
#8804=CARTESIAN_POINT('Ctrl Pts',(26.3840613653306,-26.3840613653306,143.432823062949));
#8805=CARTESIAN_POINT('Ctrl Pts',(26.3840613653306,3.23111562995594E-15,
143.432823062949));
#8806=CARTESIAN_POINT('Ctrl Pts',(26.4425256589416,3.23827544095946E-15,
142.839083639786));
#8807=CARTESIAN_POINT('Ctrl Pts',(26.4425256589416,26.4425256589416,142.839083639786));
#8808=CARTESIAN_POINT('Ctrl Pts',(-3.23827544095946E-15,26.4425256589416,
142.839083639786));
#8809=CARTESIAN_POINT('Ctrl Pts',(-26.4425256589416,26.4425256589416,142.839083639786));
#8810=CARTESIAN_POINT('Ctrl Pts',(-26.4425256589416,-3.23827544095946E-15,
142.839083639786));
#8811=CARTESIAN_POINT('Ctrl Pts',(-26.4425256589416,-26.4425256589416,142.839083639786));
#8812=CARTESIAN_POINT('Ctrl Pts',(3.23827544095946E-15,-26.4425256589416,
142.839083639786));
#8813=CARTESIAN_POINT('Ctrl Pts',(26.4425256589416,-26.4425256589416,142.839083639786));
#8814=CARTESIAN_POINT('Ctrl Pts',(26.4425256589416,3.23827544095946E-15,
142.839083639786));
#8815=CARTESIAN_POINT('Ctrl Pts',(26.5007474833967,3.2454055580554E-15,
142.245724802606));
#8816=CARTESIAN_POINT('Ctrl Pts',(26.5007474833967,26.5007474833967,142.245724802606));
#8817=CARTESIAN_POINT('Ctrl Pts',(-3.2454055580554E-15,26.5007474833967,
142.245724802606));
#8818=CARTESIAN_POINT('Ctrl Pts',(-26.5007474833967,26.5007474833967,142.245724802606));
#8819=CARTESIAN_POINT('Ctrl Pts',(-26.5007474833967,-3.2454055580554E-15,
142.245724802606));
#8820=CARTESIAN_POINT('Ctrl Pts',(-26.5007474833967,-26.5007474833967,142.245724802606));
#8821=CARTESIAN_POINT('Ctrl Pts',(3.2454055580554E-15,-26.5007474833967,
142.245724802606));
#8822=CARTESIAN_POINT('Ctrl Pts',(26.5007474833967,-26.5007474833967,142.245724802606));
#8823=CARTESIAN_POINT('Ctrl Pts',(26.5007474833967,3.2454055580554E-15,
142.245724802606));
#8824=CARTESIAN_POINT('Ctrl Pts',(26.5587263176568,3.2525059174349E-15,
141.65275433512));
#8825=CARTESIAN_POINT('Ctrl Pts',(26.5587263176568,26.5587263176568,141.65275433512));
#8826=CARTESIAN_POINT('Ctrl Pts',(-3.2525059174349E-15,26.5587263176568,
141.65275433512));
#8827=CARTESIAN_POINT('Ctrl Pts',(-26.5587263176568,26.5587263176568,141.65275433512));
#8828=CARTESIAN_POINT('Ctrl Pts',(-26.5587263176568,-3.2525059174349E-15,
141.65275433512));
#8829=CARTESIAN_POINT('Ctrl Pts',(-26.5587263176568,-26.5587263176568,141.65275433512));
#8830=CARTESIAN_POINT('Ctrl Pts',(3.2525059174349E-15,-26.5587263176568,
141.65275433512));
#8831=CARTESIAN_POINT('Ctrl Pts',(26.5587263176568,-26.5587263176568,141.65275433512));
#8832=CARTESIAN_POINT('Ctrl Pts',(26.5587263176568,3.2525059174349E-15,
141.65275433512));
#8833=CARTESIAN_POINT('Ctrl Pts',(26.6164616398654,3.25957645518895E-15,
141.060180047276));
#8834=CARTESIAN_POINT('Ctrl Pts',(26.6164616398654,26.6164616398654,141.060180047276));
#8835=CARTESIAN_POINT('Ctrl Pts',(-3.25957645518895E-15,26.6164616398654,
141.060180047276));
#8836=CARTESIAN_POINT('Ctrl Pts',(-26.6164616398654,26.6164616398654,141.060180047276));
#8837=CARTESIAN_POINT('Ctrl Pts',(-26.6164616398654,-3.25957645518895E-15,
141.060180047276));
#8838=CARTESIAN_POINT('Ctrl Pts',(-26.6164616398654,-26.6164616398654,141.060180047276));
#8839=CARTESIAN_POINT('Ctrl Pts',(3.25957645518895E-15,-26.6164616398654,
141.060180047276));
#8840=CARTESIAN_POINT('Ctrl Pts',(26.6164616398654,-26.6164616398654,141.060180047276));
#8841=CARTESIAN_POINT('Ctrl Pts',(26.6164616398654,3.25957645518895E-15,
141.060180047276));
#8842=CARTESIAN_POINT('Ctrl Pts',(26.6739529273383,3.2666171073072E-15,
140.468009775865));
#8843=CARTESIAN_POINT('Ctrl Pts',(26.6739529273383,26.6739529273383,140.468009775865));
#8844=CARTESIAN_POINT('Ctrl Pts',(-3.2666171073072E-15,26.6739529273383,
140.468009775865));
#8845=CARTESIAN_POINT('Ctrl Pts',(-26.6739529273383,26.6739529273383,140.468009775865));
#8846=CARTESIAN_POINT('Ctrl Pts',(-26.6739529273383,-3.2666171073072E-15,
140.468009775865));
#8847=CARTESIAN_POINT('Ctrl Pts',(-26.6739529273383,-26.6739529273383,140.468009775865));
#8848=CARTESIAN_POINT('Ctrl Pts',(3.2666171073072E-15,-26.6739529273383,
140.468009775865));
#8849=CARTESIAN_POINT('Ctrl Pts',(26.6739529273383,-26.6739529273383,140.468009775865));
#8850=CARTESIAN_POINT('Ctrl Pts',(26.6739529273383,3.2666171073072E-15,
140.468009775865));
#8851=CARTESIAN_POINT('Ctrl Pts',(26.7311996565547,3.27362780967686E-15,
139.876251385143));
#8852=CARTESIAN_POINT('Ctrl Pts',(26.7311996565547,26.7311996565547,139.876251385143));
#8853=CARTESIAN_POINT('Ctrl Pts',(-3.27362780967686E-15,26.7311996565547,
139.876251385143));
#8854=CARTESIAN_POINT('Ctrl Pts',(-26.7311996565547,26.7311996565547,139.876251385143));
#8855=CARTESIAN_POINT('Ctrl Pts',(-26.7311996565547,-3.27362780967686E-15,
139.876251385143));
#8856=CARTESIAN_POINT('Ctrl Pts',(-26.7311996565547,-26.7311996565547,139.876251385143));
#8857=CARTESIAN_POINT('Ctrl Pts',(3.27362780967686E-15,-26.7311996565547,
139.876251385143));
#8858=CARTESIAN_POINT('Ctrl Pts',(26.7311996565547,-26.7311996565547,139.876251385143));
#8859=CARTESIAN_POINT('Ctrl Pts',(26.7311996565547,3.27362780967686E-15,
139.876251385143));
#8860=CARTESIAN_POINT('Ctrl Pts',(26.7882013031492,3.28060849808166E-15,
139.284912767432));
#8861=CARTESIAN_POINT('Ctrl Pts',(26.7882013031492,26.7882013031492,139.284912767432));
#8862=CARTESIAN_POINT('Ctrl Pts',(-3.28060849808166E-15,26.7882013031492,
139.284912767432));
#8863=CARTESIAN_POINT('Ctrl Pts',(-26.7882013031492,26.7882013031492,139.284912767432));
#8864=CARTESIAN_POINT('Ctrl Pts',(-26.7882013031492,-3.28060849808166E-15,
139.284912767432));
#8865=CARTESIAN_POINT('Ctrl Pts',(-26.7882013031492,-26.7882013031492,139.284912767432));
#8866=CARTESIAN_POINT('Ctrl Pts',(3.28060849808166E-15,-26.7882013031492,
139.284912767432));
#8867=CARTESIAN_POINT('Ctrl Pts',(26.7882013031492,-26.7882013031492,139.284912767432));
#8868=CARTESIAN_POINT('Ctrl Pts',(26.7882013031492,3.28060849808166E-15,
139.284912767432));
#8869=CARTESIAN_POINT('Ctrl Pts',(26.8449573419018,3.28755910820073E-15,
138.694001843764));
#8870=CARTESIAN_POINT('Ctrl Pts',(26.8449573419018,26.8449573419018,138.694001843764));
#8871=CARTESIAN_POINT('Ctrl Pts',(-3.28755910820073E-15,26.8449573419018,
138.694001843764));
#8872=CARTESIAN_POINT('Ctrl Pts',(-26.8449573419018,26.8449573419018,138.694001843764));
#8873=CARTESIAN_POINT('Ctrl Pts',(-26.8449573419018,-3.28755910820073E-15,
138.694001843764));
#8874=CARTESIAN_POINT('Ctrl Pts',(-26.8449573419018,-26.8449573419018,138.694001843764));
#8875=CARTESIAN_POINT('Ctrl Pts',(3.28755910820073E-15,-26.8449573419018,
138.694001843764));
#8876=CARTESIAN_POINT('Ctrl Pts',(26.8449573419018,-26.8449573419018,138.694001843764));
#8877=CARTESIAN_POINT('Ctrl Pts',(26.8449573419018,3.28755910820073E-15,
138.694001843764));
#8878=CARTESIAN_POINT('Ctrl Pts',(26.9014672467275,3.29447957560722E-15,
138.103526564554));
#8879=CARTESIAN_POINT('Ctrl Pts',(26.9014672467275,26.9014672467275,138.103526564554));
#8880=CARTESIAN_POINT('Ctrl Pts',(-3.29447957560722E-15,26.9014672467275,
138.103526564554));
#8881=CARTESIAN_POINT('Ctrl Pts',(-26.9014672467275,26.9014672467275,138.103526564554));
#8882=CARTESIAN_POINT('Ctrl Pts',(-26.9014672467275,-3.29447957560722E-15,
138.103526564554));
#8883=CARTESIAN_POINT('Ctrl Pts',(-26.9014672467275,-26.9014672467275,138.103526564554));
#8884=CARTESIAN_POINT('Ctrl Pts',(3.29447957560722E-15,-26.9014672467275,
138.103526564554));
#8885=CARTESIAN_POINT('Ctrl Pts',(26.9014672467275,-26.9014672467275,138.103526564554));
#8886=CARTESIAN_POINT('Ctrl Pts',(26.9014672467275,3.29447957560722E-15,
138.103526564554));
#8887=CARTESIAN_POINT('Ctrl Pts',(26.9577304906652,3.30136983576702E-15,
137.513494910272));
#8888=CARTESIAN_POINT('Ctrl Pts',(26.9577304906652,26.9577304906652,137.513494910272));
#8889=CARTESIAN_POINT('Ctrl Pts',(-3.30136983576702E-15,26.9577304906652,
137.513494910272));
#8890=CARTESIAN_POINT('Ctrl Pts',(-26.9577304906652,26.9577304906652,137.513494910272));
#8891=CARTESIAN_POINT('Ctrl Pts',(-26.9577304906652,-3.30136983576702E-15,
137.513494910272));
#8892=CARTESIAN_POINT('Ctrl Pts',(-26.9577304906652,-26.9577304906652,137.513494910272));
#8893=CARTESIAN_POINT('Ctrl Pts',(3.30136983576702E-15,-26.9577304906652,
137.513494910272));
#8894=CARTESIAN_POINT('Ctrl Pts',(26.9577304906652,-26.9577304906652,137.513494910272));
#8895=CARTESIAN_POINT('Ctrl Pts',(26.9577304906652,3.30136983576702E-15,
137.513494910272));
#8896=CARTESIAN_POINT('Ctrl Pts',(27.0137465458688,3.3082298240376E-15,
136.923914892118));
#8897=CARTESIAN_POINT('Ctrl Pts',(27.0137465458687,27.0137465458688,136.923914892118));
#8898=CARTESIAN_POINT('Ctrl Pts',(-3.3082298240376E-15,27.0137465458688,
136.923914892118));
#8899=CARTESIAN_POINT('Ctrl Pts',(-27.0137465458688,27.0137465458687,136.923914892118));
#8900=CARTESIAN_POINT('Ctrl Pts',(-27.0137465458688,-3.3082298240376E-15,
136.923914892118));
#8901=CARTESIAN_POINT('Ctrl Pts',(-27.0137465458687,-27.0137465458688,136.923914892118));
#8902=CARTESIAN_POINT('Ctrl Pts',(3.3082298240376E-15,-27.0137465458688,
136.923914892118));
#8903=CARTESIAN_POINT('Ctrl Pts',(27.0137465458688,-27.0137465458687,136.923914892118));
#8904=CARTESIAN_POINT('Ctrl Pts',(27.0137465458688,3.3082298240376E-15,
136.923914892118));
#8905=CARTESIAN_POINT('Ctrl Pts',(27.069514883597,3.31505947566687E-15,
136.334794552688));
#8906=CARTESIAN_POINT('Ctrl Pts',(27.069514883597,27.069514883597,136.334794552688));
#8907=CARTESIAN_POINT('Ctrl Pts',(-3.31505947566687E-15,27.069514883597,
136.334794552688));
#8908=CARTESIAN_POINT('Ctrl Pts',(-27.069514883597,27.069514883597,136.334794552688));
#8909=CARTESIAN_POINT('Ctrl Pts',(-27.069514883597,-3.31505947566687E-15,
136.334794552688));
#8910=CARTESIAN_POINT('Ctrl Pts',(-27.069514883597,-27.069514883597,136.334794552688));
#8911=CARTESIAN_POINT('Ctrl Pts',(3.31505947566687E-15,-27.069514883597,
136.334794552688));
#8912=CARTESIAN_POINT('Ctrl Pts',(27.069514883597,-27.069514883597,136.334794552688));
#8913=CARTESIAN_POINT('Ctrl Pts',(27.069514883597,3.31505947566687E-15,
136.334794552688));
#8914=CARTESIAN_POINT('Ctrl Pts',(27.1250349742052,3.32185872579204E-15,
135.746141966648));
#8915=CARTESIAN_POINT('Ctrl Pts',(27.1250349742052,27.1250349742052,135.746141966648));
#8916=CARTESIAN_POINT('Ctrl Pts',(-3.32185872579204E-15,27.1250349742052,
135.746141966648));
#8917=CARTESIAN_POINT('Ctrl Pts',(-27.1250349742052,27.1250349742052,135.746141966648));
#8918=CARTESIAN_POINT('Ctrl Pts',(-27.1250349742052,-3.32185872579204E-15,
135.746141966648));
#8919=CARTESIAN_POINT('Ctrl Pts',(-27.1250349742052,-27.1250349742052,135.746141966648));
#8920=CARTESIAN_POINT('Ctrl Pts',(3.32185872579204E-15,-27.1250349742052,
135.746141966648));
#8921=CARTESIAN_POINT('Ctrl Pts',(27.1250349742052,-27.1250349742052,135.746141966648));
#8922=CARTESIAN_POINT('Ctrl Pts',(27.1250349742052,3.32185872579204E-15,
135.746141966648));
#8923=CARTESIAN_POINT('Ctrl Pts',(27.1803062871362,3.3286275094386E-15,
135.157965241409));
#8924=CARTESIAN_POINT('Ctrl Pts',(27.1803062871361,27.1803062871362,135.157965241409));
#8925=CARTESIAN_POINT('Ctrl Pts',(-3.3286275094386E-15,27.1803062871362,
135.157965241409));
#8926=CARTESIAN_POINT('Ctrl Pts',(-27.1803062871362,27.1803062871361,135.157965241409));
#8927=CARTESIAN_POINT('Ctrl Pts',(-27.1803062871362,-3.3286275094386E-15,
135.157965241409));
#8928=CARTESIAN_POINT('Ctrl Pts',(-27.1803062871361,-27.1803062871362,135.157965241409));
#8929=CARTESIAN_POINT('Ctrl Pts',(3.3286275094386E-15,-27.1803062871362,
135.157965241409));
#8930=CARTESIAN_POINT('Ctrl Pts',(27.1803062871362,-27.1803062871361,135.157965241409));
#8931=CARTESIAN_POINT('Ctrl Pts',(27.1803062871362,3.3286275094386E-15,
135.157965241409));
#8932=CARTESIAN_POINT('Ctrl Pts',(27.2353282909097,3.335365761519E-15,134.57027251787));
#8933=CARTESIAN_POINT('Ctrl Pts',(27.2353282909097,27.2353282909097,134.57027251787));
#8934=CARTESIAN_POINT('Ctrl Pts',(-3.335365761519E-15,27.2353282909097,
134.57027251787));
#8935=CARTESIAN_POINT('Ctrl Pts',(-27.2353282909097,27.2353282909097,134.57027251787));
#8936=CARTESIAN_POINT('Ctrl Pts',(-27.2353282909097,-3.335365761519E-15,
134.57027251787));
#8937=CARTESIAN_POINT('Ctrl Pts',(-27.2353282909097,-27.2353282909097,134.57027251787));
#8938=CARTESIAN_POINT('Ctrl Pts',(3.335365761519E-15,-27.2353282909097,
134.57027251787));
#8939=CARTESIAN_POINT('Ctrl Pts',(27.2353282909097,-27.2353282909097,134.57027251787));
#8940=CARTESIAN_POINT('Ctrl Pts',(27.2353282909097,3.335365761519E-15,134.57027251787));
#8941=CARTESIAN_POINT('Ctrl Pts',(27.2901004531123,3.34207341683137E-15,
133.983071971157));
#8942=CARTESIAN_POINT('Ctrl Pts',(27.2901004531122,27.2901004531123,133.983071971157));
#8943=CARTESIAN_POINT('Ctrl Pts',(-3.34207341683137E-15,27.2901004531123,
133.983071971157));
#8944=CARTESIAN_POINT('Ctrl Pts',(-27.2901004531123,27.2901004531122,133.983071971157));
#8945=CARTESIAN_POINT('Ctrl Pts',(-27.2901004531123,-3.34207341683137E-15,
133.983071971157));
#8946=CARTESIAN_POINT('Ctrl Pts',(-27.2901004531122,-27.2901004531123,133.983071971157));
#8947=CARTESIAN_POINT('Ctrl Pts',(3.34207341683137E-15,-27.2901004531123,
133.983071971157));
#8948=CARTESIAN_POINT('Ctrl Pts',(27.2901004531123,-27.2901004531122,133.983071971157));
#8949=CARTESIAN_POINT('Ctrl Pts',(27.2901004531123,3.34207341683137E-15,
133.983071971157));
#8950=CARTESIAN_POINT('Ctrl Pts',(27.3446222403866,3.34875041005829E-15,
133.39637181137));
#8951=CARTESIAN_POINT('Ctrl Pts',(27.3446222403866,27.3446222403866,133.39637181137));
#8952=CARTESIAN_POINT('Ctrl Pts',(-3.34875041005829E-15,27.3446222403866,
133.39637181137));
#8953=CARTESIAN_POINT('Ctrl Pts',(-27.3446222403866,27.3446222403866,133.39637181137));
#8954=CARTESIAN_POINT('Ctrl Pts',(-27.3446222403866,-3.34875041005829E-15,
133.39637181137));
#8955=CARTESIAN_POINT('Ctrl Pts',(-27.3446222403866,-27.3446222403866,133.39637181137));
#8956=CARTESIAN_POINT('Ctrl Pts',(3.34875041005829E-15,-27.3446222403866,
133.39637181137));
#8957=CARTESIAN_POINT('Ctrl Pts',(27.3446222403866,-27.3446222403866,133.39637181137));
#8958=CARTESIAN_POINT('Ctrl Pts',(27.3446222403866,3.34875041005829E-15,
133.39637181137));
#8959=CARTESIAN_POINT('Ctrl Pts',(27.3988931184228,3.35539667576569E-15,
132.810180284316));
#8960=CARTESIAN_POINT('Ctrl Pts',(27.3988931184228,27.3988931184228,132.810180284316));
#8961=CARTESIAN_POINT('Ctrl Pts',(-3.35539667576569E-15,27.3988931184228,
132.810180284316));
#8962=CARTESIAN_POINT('Ctrl Pts',(-27.3988931184228,27.3988931184228,132.810180284316));
#8963=CARTESIAN_POINT('Ctrl Pts',(-27.3988931184228,-3.35539667576569E-15,
132.810180284316));
#8964=CARTESIAN_POINT('Ctrl Pts',(-27.3988931184228,-27.3988931184228,132.810180284316));
#8965=CARTESIAN_POINT('Ctrl Pts',(3.35539667576569E-15,-27.3988931184228,
132.810180284316));
#8966=CARTESIAN_POINT('Ctrl Pts',(27.3988931184228,-27.3988931184228,132.810180284316));
#8967=CARTESIAN_POINT('Ctrl Pts',(27.3988931184228,3.35539667576569E-15,
132.810180284316));
#8968=CARTESIAN_POINT('Ctrl Pts',(27.4529125519494,3.3620121484017E-15,
132.22450567226));
#8969=CARTESIAN_POINT('Ctrl Pts',(27.4529125519494,27.4529125519494,132.22450567226));
#8970=CARTESIAN_POINT('Ctrl Pts',(-3.3620121484017E-15,27.4529125519494,
132.22450567226));
#8971=CARTESIAN_POINT('Ctrl Pts',(-27.4529125519494,27.4529125519494,132.22450567226));
#8972=CARTESIAN_POINT('Ctrl Pts',(-27.4529125519494,-3.3620121484017E-15,
132.22450567226));
#8973=CARTESIAN_POINT('Ctrl Pts',(-27.4529125519494,-27.4529125519494,132.22450567226));
#8974=CARTESIAN_POINT('Ctrl Pts',(3.3620121484017E-15,-27.4529125519494,
132.22450567226));
#8975=CARTESIAN_POINT('Ctrl Pts',(27.4529125519494,-27.4529125519494,132.22450567226));
#8976=CARTESIAN_POINT('Ctrl Pts',(27.4529125519494,3.3620121484017E-15,
132.22450567226));
#8977=CARTESIAN_POINT('Ctrl Pts',(27.5066800047255,3.36859676229576E-15,
131.639356294654));
#8978=CARTESIAN_POINT('Ctrl Pts',(27.5066800047255,27.5066800047255,131.639356294654));
#8979=CARTESIAN_POINT('Ctrl Pts',(-3.36859676229576E-15,27.5066800047255,
131.639356294654));
#8980=CARTESIAN_POINT('Ctrl Pts',(-27.5066800047255,27.5066800047255,131.639356294654));
#8981=CARTESIAN_POINT('Ctrl Pts',(-27.5066800047255,-3.36859676229576E-15,
131.639356294654));
#8982=CARTESIAN_POINT('Ctrl Pts',(-27.5066800047255,-27.5066800047255,131.639356294654));
#8983=CARTESIAN_POINT('Ctrl Pts',(3.36859676229576E-15,-27.5066800047255,
131.639356294654));
#8984=CARTESIAN_POINT('Ctrl Pts',(27.5066800047255,-27.5066800047255,131.639356294654));
#8985=CARTESIAN_POINT('Ctrl Pts',(27.5066800047255,3.36859676229576E-15,
131.639356294654));
#8986=CARTESIAN_POINT('Ctrl Pts',(27.5601949395302,3.37515045165727E-15,
131.05474050895));
#8987=CARTESIAN_POINT('Ctrl Pts',(27.5601949395302,27.5601949395302,131.05474050895));
#8988=CARTESIAN_POINT('Ctrl Pts',(-3.37515045165727E-15,27.5601949395302,
131.05474050895));
#8989=CARTESIAN_POINT('Ctrl Pts',(-27.5601949395302,27.5601949395302,131.05474050895));
#8990=CARTESIAN_POINT('Ctrl Pts',(-27.5601949395302,-3.37515045165727E-15,
131.05474050895));
#8991=CARTESIAN_POINT('Ctrl Pts',(-27.5601949395302,-27.5601949395302,131.05474050895));
#8992=CARTESIAN_POINT('Ctrl Pts',(3.37515045165727E-15,-27.5601949395302,
131.05474050895));
#8993=CARTESIAN_POINT('Ctrl Pts',(27.5601949395302,-27.5601949395302,131.05474050895));
#8994=CARTESIAN_POINT('Ctrl Pts',(27.5601949395302,3.37515045165727E-15,
131.05474050895));
#8995=CARTESIAN_POINT('Ctrl Pts',(27.6134568181519,3.38167315057434E-15,
130.470666711427));
#8996=CARTESIAN_POINT('Ctrl Pts',(27.6134568181519,27.6134568181519,130.470666711427));
#8997=CARTESIAN_POINT('Ctrl Pts',(-3.38167315057434E-15,27.6134568181519,
130.470666711427));
#8998=CARTESIAN_POINT('Ctrl Pts',(-27.6134568181519,27.6134568181519,130.470666711427));
#8999=CARTESIAN_POINT('Ctrl Pts',(-27.6134568181519,-3.38167315057434E-15,
130.470666711427));
#9000=CARTESIAN_POINT('Ctrl Pts',(-27.6134568181519,-27.6134568181519,130.470666711427));
#9001=CARTESIAN_POINT('Ctrl Pts',(3.38167315057434E-15,-27.6134568181519,
130.470666711427));
#9002=CARTESIAN_POINT('Ctrl Pts',(27.6134568181519,-27.6134568181519,130.470666711427));
#9003=CARTESIAN_POINT('Ctrl Pts',(27.6134568181519,3.38167315057434E-15,
130.470666711427));
#9004=CARTESIAN_POINT('Ctrl Pts',(27.6664651013788,3.38816479301255E-15,
129.887143338018));
#9005=CARTESIAN_POINT('Ctrl Pts',(27.6664651013788,27.6664651013788,129.887143338018));
#9006=CARTESIAN_POINT('Ctrl Pts',(-3.38816479301255E-15,27.6664651013788,
129.887143338018));
#9007=CARTESIAN_POINT('Ctrl Pts',(-27.6664651013788,27.6664651013788,129.887143338018));
#9008=CARTESIAN_POINT('Ctrl Pts',(-27.6664651013788,-3.38816479301255E-15,
129.887143338018));
#9009=CARTESIAN_POINT('Ctrl Pts',(-27.6664651013788,-27.6664651013788,129.887143338018));
#9010=CARTESIAN_POINT('Ctrl Pts',(3.38816479301255E-15,-27.6664651013788,
129.887143338018));
#9011=CARTESIAN_POINT('Ctrl Pts',(27.6664651013788,-27.6664651013788,129.887143338018));
#9012=CARTESIAN_POINT('Ctrl Pts',(27.6664651013788,3.38816479301255E-15,
129.887143338018));
#9013=CARTESIAN_POINT('Ctrl Pts',(27.7192192489887,3.39462531281378E-15,
129.304178865133));
#9014=CARTESIAN_POINT('Ctrl Pts',(27.7192192489887,27.7192192489887,129.304178865133));
#9015=CARTESIAN_POINT('Ctrl Pts',(-3.39462531281378E-15,27.7192192489887,
129.304178865133));
#9016=CARTESIAN_POINT('Ctrl Pts',(-27.7192192489887,27.7192192489887,129.304178865133));
#9017=CARTESIAN_POINT('Ctrl Pts',(-27.7192192489887,-3.39462531281378E-15,
129.304178865133));
#9018=CARTESIAN_POINT('Ctrl Pts',(-27.7192192489887,-27.7192192489887,129.304178865133));
#9019=CARTESIAN_POINT('Ctrl Pts',(3.39462531281378E-15,-27.7192192489887,
129.304178865133));
#9020=CARTESIAN_POINT('Ctrl Pts',(27.7192192489887,-27.7192192489887,129.304178865133));
#9021=CARTESIAN_POINT('Ctrl Pts',(27.7192192489887,3.39462531281378E-15,
129.304178865133));
#9022=CARTESIAN_POINT('Ctrl Pts',(27.771718719741,3.40105464369515E-15,
128.721781810491));
#9023=CARTESIAN_POINT('Ctrl Pts',(27.771718719741,27.771718719741,128.721781810491));
#9024=CARTESIAN_POINT('Ctrl Pts',(-3.40105464369515E-15,27.771718719741,
128.721781810491));
#9025=CARTESIAN_POINT('Ctrl Pts',(-27.771718719741,27.771718719741,128.721781810491));
#9026=CARTESIAN_POINT('Ctrl Pts',(-27.771718719741,-3.40105464369515E-15,
128.721781810491));
#9027=CARTESIAN_POINT('Ctrl Pts',(-27.771718719741,-27.771718719741,128.721781810491));
#9028=CARTESIAN_POINT('Ctrl Pts',(3.40105464369515E-15,-27.771718719741,
128.721781810491));
#9029=CARTESIAN_POINT('Ctrl Pts',(27.771718719741,-27.771718719741,128.721781810491));
#9030=CARTESIAN_POINT('Ctrl Pts',(27.771718719741,3.40105464369515E-15,
128.721781810491));
#9031=CARTESIAN_POINT('Ctrl Pts',(27.8239629713678,3.40745271924801E-15,
128.139960733928));
#9032=CARTESIAN_POINT('Ctrl Pts',(27.8239629713678,27.8239629713678,128.139960733928));
#9033=CARTESIAN_POINT('Ctrl Pts',(-3.40745271924801E-15,27.8239629713678,
128.139960733928));
#9034=CARTESIAN_POINT('Ctrl Pts',(-27.8239629713678,27.8239629713678,128.139960733928));
#9035=CARTESIAN_POINT('Ctrl Pts',(-27.8239629713678,-3.40745271924801E-15,
128.139960733928));
#9036=CARTESIAN_POINT('Ctrl Pts',(-27.8239629713678,-27.8239629713678,128.139960733928));
#9037=CARTESIAN_POINT('Ctrl Pts',(3.40745271924801E-15,-27.8239629713678,
128.139960733928));
#9038=CARTESIAN_POINT('Ctrl Pts',(27.8239629713678,-27.8239629713678,128.139960733928));
#9039=CARTESIAN_POINT('Ctrl Pts',(27.8239629713678,3.40745271924801E-15,
128.139960733928));
#9040=CARTESIAN_POINT('Ctrl Pts',(27.875951460565,3.41381947293679E-15,
127.558724238271));
#9041=CARTESIAN_POINT('Ctrl Pts',(27.875951460565,27.875951460565,127.558724238271));
#9042=CARTESIAN_POINT('Ctrl Pts',(-3.41381947293679E-15,27.875951460565,
127.558724238271));
#9043=CARTESIAN_POINT('Ctrl Pts',(-27.875951460565,27.875951460565,127.558724238271));
#9044=CARTESIAN_POINT('Ctrl Pts',(-27.875951460565,-3.41381947293679E-15,
127.558724238271));
#9045=CARTESIAN_POINT('Ctrl Pts',(-27.875951460565,-27.875951460565,127.558724238271));
#9046=CARTESIAN_POINT('Ctrl Pts',(3.41381947293679E-15,-27.875951460565,
127.558724238271));
#9047=CARTESIAN_POINT('Ctrl Pts',(27.875951460565,-27.875951460565,127.558724238271));
#9048=CARTESIAN_POINT('Ctrl Pts',(27.875951460565,3.41381947293679E-15,
127.558724238271));
#9049=CARTESIAN_POINT('Ctrl Pts',(27.9276836429816,3.42015483809773E-15,
126.978080970274));
#9050=CARTESIAN_POINT('Ctrl Pts',(27.9276836429816,27.9276836429816,126.978080970274));
#9051=CARTESIAN_POINT('Ctrl Pts',(-3.42015483809773E-15,27.9276836429816,
126.978080970274));
#9052=CARTESIAN_POINT('Ctrl Pts',(-27.9276836429816,27.9276836429816,126.978080970274));
#9053=CARTESIAN_POINT('Ctrl Pts',(-27.9276836429816,-3.42015483809773E-15,
126.978080970274));
#9054=CARTESIAN_POINT('Ctrl Pts',(-27.9276836429816,-27.9276836429816,126.978080970274));
#9055=CARTESIAN_POINT('Ctrl Pts',(3.42015483809773E-15,-27.9276836429816,
126.978080970274));
#9056=CARTESIAN_POINT('Ctrl Pts',(27.9276836429816,-27.9276836429816,126.978080970274));
#9057=CARTESIAN_POINT('Ctrl Pts',(27.9276836429816,3.42015483809773E-15,
126.978080970274));
#9058=CARTESIAN_POINT('Ctrl Pts',(27.9791589732099,3.42645874793765E-15,
126.398039621539));
#9059=CARTESIAN_POINT('Ctrl Pts',(27.9791589732099,27.9791589732099,126.398039621539));
#9060=CARTESIAN_POINT('Ctrl Pts',(-3.42645874793765E-15,27.9791589732099,
126.398039621539));
#9061=CARTESIAN_POINT('Ctrl Pts',(-27.9791589732099,27.9791589732099,126.398039621539));
#9062=CARTESIAN_POINT('Ctrl Pts',(-27.9791589732099,-3.42645874793765E-15,
126.398039621539));
#9063=CARTESIAN_POINT('Ctrl Pts',(-27.9791589732099,-27.9791589732099,126.398039621539));
#9064=CARTESIAN_POINT('Ctrl Pts',(3.42645874793765E-15,-27.9791589732099,
126.398039621539));
#9065=CARTESIAN_POINT('Ctrl Pts',(27.9791589732099,-27.9791589732099,126.398039621539));
#9066=CARTESIAN_POINT('Ctrl Pts',(27.9791589732099,3.42645874793765E-15,
126.398039621539));
#9067=CARTESIAN_POINT('Ctrl Pts',(28.0303769047759,3.43273113553277E-15,
125.818608929441));
#9068=CARTESIAN_POINT('Ctrl Pts',(28.0303769047759,28.0303769047759,125.818608929441));
#9069=CARTESIAN_POINT('Ctrl Pts',(-3.43273113553277E-15,28.0303769047759,
125.818608929441));
#9070=CARTESIAN_POINT('Ctrl Pts',(-28.0303769047759,28.0303769047759,125.818608929441));
#9071=CARTESIAN_POINT('Ctrl Pts',(-28.0303769047759,-3.43273113553277E-15,
125.818608929441));
#9072=CARTESIAN_POINT('Ctrl Pts',(-28.0303769047759,-28.0303769047759,125.818608929441));
#9073=CARTESIAN_POINT('Ctrl Pts',(3.43273113553277E-15,-28.0303769047759,
125.818608929441));
#9074=CARTESIAN_POINT('Ctrl Pts',(28.0303769047759,-28.0303769047759,125.818608929441));
#9075=CARTESIAN_POINT('Ctrl Pts',(28.0303769047759,3.43273113553277E-15,
125.818608929441));
#9076=CARTESIAN_POINT('Ctrl Pts',(28.0813368901301,3.43897193382763E-15,
125.239797678058));
#9077=CARTESIAN_POINT('Ctrl Pts',(28.0813368901301,28.0813368901301,125.239797678058));
#9078=CARTESIAN_POINT('Ctrl Pts',(-3.43897193382763E-15,28.0813368901301,
125.239797678058));
#9079=CARTESIAN_POINT('Ctrl Pts',(-28.0813368901301,28.0813368901301,125.239797678058));
#9080=CARTESIAN_POINT('Ctrl Pts',(-28.0813368901301,-3.43897193382763E-15,
125.239797678058));
#9081=CARTESIAN_POINT('Ctrl Pts',(-28.0813368901301,-28.0813368901301,125.239797678058));
#9082=CARTESIAN_POINT('Ctrl Pts',(3.43897193382763E-15,-28.0813368901301,
125.239797678058));
#9083=CARTESIAN_POINT('Ctrl Pts',(28.0813368901301,-28.0813368901301,125.239797678058));
#9084=CARTESIAN_POINT('Ctrl Pts',(28.0813368901301,3.43897193382763E-15,
125.239797678058));
#9085=CARTESIAN_POINT('Ctrl Pts',(28.1320383806395,3.44518107563407E-15,
124.661614699091));
#9086=CARTESIAN_POINT('Ctrl Pts',(28.1320383806395,28.1320383806395,124.661614699091));
#9087=CARTESIAN_POINT('Ctrl Pts',(-3.44518107563407E-15,28.1320383806395,
124.661614699091));
#9088=CARTESIAN_POINT('Ctrl Pts',(-28.1320383806395,28.1320383806395,124.661614699091));
#9089=CARTESIAN_POINT('Ctrl Pts',(-28.1320383806395,-3.44518107563407E-15,
124.661614699091));
#9090=CARTESIAN_POINT('Ctrl Pts',(-28.1320383806395,-28.1320383806395,124.661614699091));
#9091=CARTESIAN_POINT('Ctrl Pts',(3.44518107563407E-15,-28.1320383806395,
124.661614699091));
#9092=CARTESIAN_POINT('Ctrl Pts',(28.1320383806395,-28.1320383806395,124.661614699091));
#9093=CARTESIAN_POINT('Ctrl Pts',(28.1320383806395,3.44518107563407E-15,
124.661614699091));
#9094=CARTESIAN_POINT('Ctrl Pts',(28.1824808265793,3.45135849363019E-15,
124.084068872812));
#9095=CARTESIAN_POINT('Ctrl Pts',(28.1824808265792,28.1824808265793,124.084068872812));
#9096=CARTESIAN_POINT('Ctrl Pts',(-3.45135849363019E-15,28.1824808265793,
124.084068872812));
#9097=CARTESIAN_POINT('Ctrl Pts',(-28.1824808265793,28.1824808265792,124.084068872812));
#9098=CARTESIAN_POINT('Ctrl Pts',(-28.1824808265793,-3.45135849363019E-15,
124.084068872812));
#9099=CARTESIAN_POINT('Ctrl Pts',(-28.1824808265792,-28.1824808265793,124.084068872812));
#9100=CARTESIAN_POINT('Ctrl Pts',(3.45135849363019E-15,-28.1824808265793,
124.084068872812));
#9101=CARTESIAN_POINT('Ctrl Pts',(28.1824808265793,-28.1824808265792,124.084068872812));
#9102=CARTESIAN_POINT('Ctrl Pts',(28.1824808265793,3.45135849363019E-15,
124.084068872812));
#9103=CARTESIAN_POINT('Ctrl Pts',(28.232663677122,3.45750412035912E-15,
123.507169129116));
#9104=CARTESIAN_POINT('Ctrl Pts',(28.232663677122,28.232663677122,123.507169129116));
#9105=CARTESIAN_POINT('Ctrl Pts',(-3.45750412035912E-15,28.232663677122,
123.507169129116));
#9106=CARTESIAN_POINT('Ctrl Pts',(-28.232663677122,28.232663677122,123.507169129116));
#9107=CARTESIAN_POINT('Ctrl Pts',(-28.232663677122,-3.45750412035912E-15,
123.507169129116));
#9108=CARTESIAN_POINT('Ctrl Pts',(-28.232663677122,-28.232663677122,123.507169129116));
#9109=CARTESIAN_POINT('Ctrl Pts',(3.45750412035912E-15,-28.232663677122,
123.507169129116));
#9110=CARTESIAN_POINT('Ctrl Pts',(28.232663677122,-28.232663677122,123.507169129116));
#9111=CARTESIAN_POINT('Ctrl Pts',(28.232663677122,3.45750412035912E-15,
123.507169129116));
#9112=CARTESIAN_POINT('Ctrl Pts',(28.282586380328,3.46361788822772E-15,
122.930924448566));
#9113=CARTESIAN_POINT('Ctrl Pts',(28.282586380328,28.282586380328,122.930924448566));
#9114=CARTESIAN_POINT('Ctrl Pts',(-3.46361788822772E-15,28.282586380328,
122.930924448566));
#9115=CARTESIAN_POINT('Ctrl Pts',(-28.282586380328,28.282586380328,122.930924448566));
#9116=CARTESIAN_POINT('Ctrl Pts',(-28.282586380328,-3.46361788822772E-15,
122.930924448566));
#9117=CARTESIAN_POINT('Ctrl Pts',(-28.282586380328,-28.282586380328,122.930924448566));
#9118=CARTESIAN_POINT('Ctrl Pts',(3.46361788822772E-15,-28.282586380328,
122.930924448566));
#9119=CARTESIAN_POINT('Ctrl Pts',(28.282586380328,-28.282586380328,122.930924448566));
#9120=CARTESIAN_POINT('Ctrl Pts',(28.282586380328,3.46361788822772E-15,
122.930924448566));
#9121=CARTESIAN_POINT('Ctrl Pts',(28.3322483831356,3.46969972950548E-15,
122.355343863434));
#9122=CARTESIAN_POINT('Ctrl Pts',(28.3322483831356,28.3322483831356,122.355343863434));
#9123=CARTESIAN_POINT('Ctrl Pts',(-3.46969972950548E-15,28.3322483831356,
122.355343863434));
#9124=CARTESIAN_POINT('Ctrl Pts',(-28.3322483831356,28.3322483831356,122.355343863434));
#9125=CARTESIAN_POINT('Ctrl Pts',(-28.3322483831356,-3.46969972950548E-15,
122.355343863434));
#9126=CARTESIAN_POINT('Ctrl Pts',(-28.3322483831356,-28.3322483831356,122.355343863434));
#9127=CARTESIAN_POINT('Ctrl Pts',(3.46969972950548E-15,-28.3322483831356,
122.355343863434));
#9128=CARTESIAN_POINT('Ctrl Pts',(28.3322483831356,-28.3322483831356,122.355343863434));
#9129=CARTESIAN_POINT('Ctrl Pts',(28.3322483831356,3.46969972950548E-15,
122.355343863434));
#9130=CARTESIAN_POINT('Ctrl Pts',(28.3816491313525,3.47574957632341E-15,
121.780436458751));
#9131=CARTESIAN_POINT('Ctrl Pts',(28.3816491313525,28.3816491313525,121.780436458751));
#9132=CARTESIAN_POINT('Ctrl Pts',(-3.47574957632341E-15,28.3816491313525,
121.780436458751));
#9133=CARTESIAN_POINT('Ctrl Pts',(-28.3816491313525,28.3816491313525,121.780436458751));
#9134=CARTESIAN_POINT('Ctrl Pts',(-28.3816491313525,-3.47574957632341E-15,
121.780436458751));
#9135=CARTESIAN_POINT('Ctrl Pts',(-28.3816491313525,-28.3816491313525,121.780436458751));
#9136=CARTESIAN_POINT('Ctrl Pts',(3.47574957632341E-15,-28.3816491313525,
121.780436458751));
#9137=CARTESIAN_POINT('Ctrl Pts',(28.3816491313525,-28.3816491313525,121.780436458751));
#9138=CARTESIAN_POINT('Ctrl Pts',(28.3816491313525,3.47574957632341E-15,
121.780436458751));
#9139=CARTESIAN_POINT('Ctrl Pts',(28.4307880696475,3.48176736067305E-15,
121.206211373349));
#9140=CARTESIAN_POINT('Ctrl Pts',(28.4307880696475,28.4307880696475,121.206211373349));
#9141=CARTESIAN_POINT('Ctrl Pts',(-3.48176736067305E-15,28.4307880696475,
121.206211373349));
#9142=CARTESIAN_POINT('Ctrl Pts',(-28.4307880696475,28.4307880696475,121.206211373349));
#9143=CARTESIAN_POINT('Ctrl Pts',(-28.4307880696475,-3.48176736067305E-15,
121.206211373349));
#9144=CARTESIAN_POINT('Ctrl Pts',(-28.4307880696475,-28.4307880696475,121.206211373349));
#9145=CARTESIAN_POINT('Ctrl Pts',(3.48176736067305E-15,-28.4307880696475,
121.206211373349));
#9146=CARTESIAN_POINT('Ctrl Pts',(28.4307880696475,-28.4307880696475,121.206211373349));
#9147=CARTESIAN_POINT('Ctrl Pts',(28.4307880696475,3.48176736067305E-15,
121.206211373349));
#9148=CARTESIAN_POINT('Ctrl Pts',(28.4796646415425,3.48775301440551E-15,
120.632677800905));
#9149=CARTESIAN_POINT('Ctrl Pts',(28.4796646415425,28.4796646415425,120.632677800905));
#9150=CARTESIAN_POINT('Ctrl Pts',(-3.48775301440551E-15,28.4796646415425,
120.632677800905));
#9151=CARTESIAN_POINT('Ctrl Pts',(-28.4796646415425,28.4796646415425,120.632677800905));
#9152=CARTESIAN_POINT('Ctrl Pts',(-28.4796646415425,-3.48775301440551E-15,
120.632677800905));
#9153=CARTESIAN_POINT('Ctrl Pts',(-28.4796646415425,-28.4796646415425,120.632677800905));
#9154=CARTESIAN_POINT('Ctrl Pts',(3.48775301440551E-15,-28.4796646415425,
120.632677800905));
#9155=CARTESIAN_POINT('Ctrl Pts',(28.4796646415425,-28.4796646415425,120.632677800905));
#9156=CARTESIAN_POINT('Ctrl Pts',(28.4796646415425,3.48775301440551E-15,
120.632677800905));
#9157=CARTESIAN_POINT('Ctrl Pts',(28.5282782894025,3.49370646923016E-15,
120.05984499113));
#9158=CARTESIAN_POINT('Ctrl Pts',(28.5282782894024,28.5282782894025,120.05984499113));
#9159=CARTESIAN_POINT('Ctrl Pts',(-3.49370646923016E-15,28.5282782894025,
120.05984499113));
#9160=CARTESIAN_POINT('Ctrl Pts',(-28.5282782894025,28.5282782894024,120.05984499113));
#9161=CARTESIAN_POINT('Ctrl Pts',(-28.5282782894025,-3.49370646923016E-15,
120.05984499113));
#9162=CARTESIAN_POINT('Ctrl Pts',(-28.5282782894024,-28.5282782894025,120.05984499113));
#9163=CARTESIAN_POINT('Ctrl Pts',(3.49370646923016E-15,-28.5282782894025,
120.05984499113));
#9164=CARTESIAN_POINT('Ctrl Pts',(28.5282782894025,-28.5282782894024,120.05984499113));
#9165=CARTESIAN_POINT('Ctrl Pts',(28.5282782894025,3.49370646923016E-15,
120.05984499113));
#9166=CARTESIAN_POINT('Ctrl Pts',(28.5766284544253,3.49962765671352E-15,
119.487722250957));
#9167=CARTESIAN_POINT('Ctrl Pts',(28.5766284544253,28.5766284544253,119.487722250957));
#9168=CARTESIAN_POINT('Ctrl Pts',(-3.49962765671352E-15,28.5766284544253,
119.487722250957));
#9169=CARTESIAN_POINT('Ctrl Pts',(-28.5766284544253,28.5766284544253,119.487722250957));
#9170=CARTESIAN_POINT('Ctrl Pts',(-28.5766284544253,-3.49962765671352E-15,
119.487722250957));
#9171=CARTESIAN_POINT('Ctrl Pts',(-28.5766284544253,-28.5766284544253,119.487722250957));
#9172=CARTESIAN_POINT('Ctrl Pts',(3.49962765671352E-15,-28.5766284544253,
119.487722250957));
#9173=CARTESIAN_POINT('Ctrl Pts',(28.5766284544253,-28.5766284544253,119.487722250957));
#9174=CARTESIAN_POINT('Ctrl Pts',(28.5766284544253,3.49962765671352E-15,
119.487722250957));
#9175=CARTESIAN_POINT('Ctrl Pts',(28.624714576633,3.50551650827802E-15,
118.91631894573));
#9176=CARTESIAN_POINT('Ctrl Pts',(28.624714576633,28.624714576633,118.91631894573));
#9177=CARTESIAN_POINT('Ctrl Pts',(-3.50551650827802E-15,28.624714576633,
118.91631894573));
#9178=CARTESIAN_POINT('Ctrl Pts',(-28.624714576633,28.624714576633,118.91631894573));
#9179=CARTESIAN_POINT('Ctrl Pts',(-28.624714576633,-3.50551650827802E-15,
118.91631894573));
#9180=CARTESIAN_POINT('Ctrl Pts',(-28.624714576633,-28.624714576633,118.91631894573));
#9181=CARTESIAN_POINT('Ctrl Pts',(3.50551650827802E-15,-28.624714576633,
118.91631894573));
#9182=CARTESIAN_POINT('Ctrl Pts',(28.624714576633,-28.624714576633,118.91631894573));
#9183=CARTESIAN_POINT('Ctrl Pts',(28.624714576633,3.50551650827802E-15,
118.91631894573));
#9184=CARTESIAN_POINT('Ctrl Pts',(28.6725360948627,3.51137295520105E-15,
118.345644500387));
#9185=CARTESIAN_POINT('Ctrl Pts',(28.6725360948627,28.6725360948627,118.345644500387));
#9186=CARTESIAN_POINT('Ctrl Pts',(-3.51137295520105E-15,28.6725360948627,
118.345644500387));
#9187=CARTESIAN_POINT('Ctrl Pts',(-28.6725360948627,28.6725360948627,118.345644500387));
#9188=CARTESIAN_POINT('Ctrl Pts',(-28.6725360948627,-3.51137295520105E-15,
118.345644500387));
#9189=CARTESIAN_POINT('Ctrl Pts',(-28.6725360948627,-28.6725360948627,118.345644500387));
#9190=CARTESIAN_POINT('Ctrl Pts',(3.51137295520105E-15,-28.6725360948627,
118.345644500387));
#9191=CARTESIAN_POINT('Ctrl Pts',(28.6725360948627,-28.6725360948627,118.345644500387));
#9192=CARTESIAN_POINT('Ctrl Pts',(28.6725360948627,3.51137295520105E-15,
118.345644500387));
#9193=CARTESIAN_POINT('Ctrl Pts',(28.720092446758,3.51719692861383E-15,
117.775708400659));
#9194=CARTESIAN_POINT('Ctrl Pts',(28.720092446758,28.720092446758,117.775708400659));
#9195=CARTESIAN_POINT('Ctrl Pts',(-3.51719692861383E-15,28.720092446758,
117.775708400659));
#9196=CARTESIAN_POINT('Ctrl Pts',(-28.720092446758,28.720092446758,117.775708400659));
#9197=CARTESIAN_POINT('Ctrl Pts',(-28.720092446758,-3.51719692861383E-15,
117.775708400659));
#9198=CARTESIAN_POINT('Ctrl Pts',(-28.720092446758,-28.720092446758,117.775708400659));
#9199=CARTESIAN_POINT('Ctrl Pts',(3.51719692861383E-15,-28.720092446758,
117.775708400659));
#9200=CARTESIAN_POINT('Ctrl Pts',(28.720092446758,-28.720092446758,117.775708400659));
#9201=CARTESIAN_POINT('Ctrl Pts',(28.720092446758,3.51719692861383E-15,
117.775708400659));
#9202=CARTESIAN_POINT('Ctrl Pts',(28.7673830687625,3.52298835950058E-15,
117.206520194233));
#9203=CARTESIAN_POINT('Ctrl Pts',(28.7673830687625,28.7673830687625,117.206520194233));
#9204=CARTESIAN_POINT('Ctrl Pts',(-3.52298835950058E-15,28.7673830687625,
117.206520194233));
#9205=CARTESIAN_POINT('Ctrl Pts',(-28.7673830687625,28.7673830687625,117.206520194233));
#9206=CARTESIAN_POINT('Ctrl Pts',(-28.7673830687625,-3.52298835950058E-15,
117.206520194233));
#9207=CARTESIAN_POINT('Ctrl Pts',(-28.7673830687625,-28.7673830687625,117.206520194233));
#9208=CARTESIAN_POINT('Ctrl Pts',(3.52298835950058E-15,-28.7673830687625,
117.206520194233));
#9209=CARTESIAN_POINT('Ctrl Pts',(28.7673830687625,-28.7673830687625,117.206520194233));
#9210=CARTESIAN_POINT('Ctrl Pts',(28.7673830687625,3.52298835950058E-15,
117.206520194233));
#9211=CARTESIAN_POINT('Ctrl Pts',(28.8144073961091,3.52874717869729E-15,
116.638089492102));
#9212=CARTESIAN_POINT('Ctrl Pts',(28.8144073961091,28.8144073961091,116.638089492102));
#9213=CARTESIAN_POINT('Ctrl Pts',(-3.52874717869729E-15,28.8144073961091,
116.638089492102));
#9214=CARTESIAN_POINT('Ctrl Pts',(-28.8144073961091,28.8144073961091,116.638089492102));
#9215=CARTESIAN_POINT('Ctrl Pts',(-28.8144073961091,-3.52874717869729E-15,
116.638089492102));
#9216=CARTESIAN_POINT('Ctrl Pts',(-28.8144073961091,-28.8144073961091,116.638089492102));
#9217=CARTESIAN_POINT('Ctrl Pts',(3.52874717869729E-15,-28.8144073961091,
116.638089492102));
#9218=CARTESIAN_POINT('Ctrl Pts',(28.8144073961091,-28.8144073961091,116.638089492102));
#9219=CARTESIAN_POINT('Ctrl Pts',(28.8144073961091,3.52874717869729E-15,
116.638089492102));
#9220=CARTESIAN_POINT('Ctrl Pts',(28.861164862811,3.53447331689055E-15,
116.070425969922));
#9221=CARTESIAN_POINT('Ctrl Pts',(28.861164862811,28.861164862811,116.070425969922));
#9222=CARTESIAN_POINT('Ctrl Pts',(-3.53447331689055E-15,28.861164862811,
116.070425969922));
#9223=CARTESIAN_POINT('Ctrl Pts',(-28.861164862811,28.861164862811,116.070425969922));
#9224=CARTESIAN_POINT('Ctrl Pts',(-28.861164862811,-3.53447331689055E-15,
116.070425969922));
#9225=CARTESIAN_POINT('Ctrl Pts',(-28.861164862811,-28.861164862811,116.070425969922));
#9226=CARTESIAN_POINT('Ctrl Pts',(3.53447331689055E-15,-28.861164862811,
116.070425969922));
#9227=CARTESIAN_POINT('Ctrl Pts',(28.861164862811,-28.861164862811,116.070425969922));
#9228=CARTESIAN_POINT('Ctrl Pts',(28.861164862811,3.53447331689055E-15,
116.070425969922));
#9229=CARTESIAN_POINT('Ctrl Pts',(28.9076549016523,3.54016670461648E-15,
115.503539369376));
#9230=CARTESIAN_POINT('Ctrl Pts',(28.9076549016523,28.9076549016523,115.503539369376));
#9231=CARTESIAN_POINT('Ctrl Pts',(-3.54016670461648E-15,28.9076549016523,
115.503539369376));
#9232=CARTESIAN_POINT('Ctrl Pts',(-28.9076549016523,28.9076549016523,115.503539369376));
#9233=CARTESIAN_POINT('Ctrl Pts',(-28.9076549016523,-3.54016670461648E-15,
115.503539369376));
#9234=CARTESIAN_POINT('Ctrl Pts',(-28.9076549016523,-28.9076549016523,115.503539369376));
#9235=CARTESIAN_POINT('Ctrl Pts',(3.54016670461648E-15,-28.9076549016523,
115.503539369376));
#9236=CARTESIAN_POINT('Ctrl Pts',(28.9076549016523,-28.9076549016523,115.503539369376));
#9237=CARTESIAN_POINT('Ctrl Pts',(28.9076549016523,3.54016670461648E-15,
115.503539369376));
#9238=CARTESIAN_POINT('Ctrl Pts',(28.9538769441801,3.54582727225965E-15,
114.93743949953));
#9239=CARTESIAN_POINT('Ctrl Pts',(28.9538769441801,28.9538769441801,114.93743949953));
#9240=CARTESIAN_POINT('Ctrl Pts',(-3.54582727225965E-15,28.9538769441801,
114.93743949953));
#9241=CARTESIAN_POINT('Ctrl Pts',(-28.9538769441801,28.9538769441801,114.93743949953));
#9242=CARTESIAN_POINT('Ctrl Pts',(-28.9538769441801,-3.54582727225965E-15,
114.93743949953));
#9243=CARTESIAN_POINT('Ctrl Pts',(-28.9538769441801,-28.9538769441801,114.93743949953));
#9244=CARTESIAN_POINT('Ctrl Pts',(3.54582727225965E-15,-28.9538769441801,
114.93743949953));
#9245=CARTESIAN_POINT('Ctrl Pts',(28.9538769441801,-28.9538769441801,114.93743949953));
#9246=CARTESIAN_POINT('Ctrl Pts',(28.9538769441801,3.54582727225965E-15,
114.93743949953));
#9247=CARTESIAN_POINT('Ctrl Pts',(28.9998304206954,3.55145495005207E-15,
114.372136238199));
#9248=CARTESIAN_POINT('Ctrl Pts',(28.9998304206954,28.9998304206954,114.372136238199));
#9249=CARTESIAN_POINT('Ctrl Pts',(-3.55145495005207E-15,28.9998304206954,
114.372136238199));
#9250=CARTESIAN_POINT('Ctrl Pts',(-28.9998304206954,28.9998304206954,114.372136238199));
#9251=CARTESIAN_POINT('Ctrl Pts',(-28.9998304206954,-3.55145495005207E-15,
114.372136238199));
#9252=CARTESIAN_POINT('Ctrl Pts',(-28.9998304206954,-28.9998304206954,114.372136238199));
#9253=CARTESIAN_POINT('Ctrl Pts',(3.55145495005207E-15,-28.9998304206954,
114.372136238199));
#9254=CARTESIAN_POINT('Ctrl Pts',(28.9998304206954,-28.9998304206954,114.372136238199));
#9255=CARTESIAN_POINT('Ctrl Pts',(28.9998304206954,3.55145495005207E-15,
114.372136238199));
#9256=CARTESIAN_POINT('Ctrl Pts',(29.0455147602471,3.55704966807239E-15,
113.807639533285));
#9257=CARTESIAN_POINT('Ctrl Pts',(29.0455147602471,29.0455147602471,113.807639533285));
#9258=CARTESIAN_POINT('Ctrl Pts',(-3.55704966807239E-15,29.0455147602471,
113.807639533285));
#9259=CARTESIAN_POINT('Ctrl Pts',(-29.0455147602471,29.0455147602471,113.807639533285));
#9260=CARTESIAN_POINT('Ctrl Pts',(-29.0455147602471,-3.55704966807239E-15,
113.807639533285));
#9261=CARTESIAN_POINT('Ctrl Pts',(-29.0455147602471,-29.0455147602471,113.807639533285));
#9262=CARTESIAN_POINT('Ctrl Pts',(3.55704966807239E-15,-29.0455147602471,
113.807639533285));
#9263=CARTESIAN_POINT('Ctrl Pts',(29.0455147602471,-29.0455147602471,113.807639533285));
#9264=CARTESIAN_POINT('Ctrl Pts',(29.0455147602471,3.55704966807239E-15,
113.807639533285));
#9265=CARTESIAN_POINT('Ctrl Pts',(29.0909293906223,3.56261135624472E-15,
113.243959404291));
#9266=CARTESIAN_POINT('Ctrl Pts',(29.0909293906223,29.0909293906223,113.243959404291));
#9267=CARTESIAN_POINT('Ctrl Pts',(-3.56261135624472E-15,29.0909293906223,
113.243959404291));
#9268=CARTESIAN_POINT('Ctrl Pts',(-29.0909293906223,29.0909293906223,113.243959404291));
#9269=CARTESIAN_POINT('Ctrl Pts',(-29.0909293906223,-3.56261135624472E-15,
113.243959404291));
#9270=CARTESIAN_POINT('Ctrl Pts',(-29.0909293906223,-29.0909293906223,113.243959404291));
#9271=CARTESIAN_POINT('Ctrl Pts',(3.56261135624472E-15,-29.0909293906223,
113.243959404291));
#9272=CARTESIAN_POINT('Ctrl Pts',(29.0909293906223,-29.0909293906223,113.243959404291));
#9273=CARTESIAN_POINT('Ctrl Pts',(29.0909293906223,3.56261135624472E-15,
113.243959404291));
#9274=CARTESIAN_POINT('Ctrl Pts',(29.1360737383369,3.56813994433755E-15,
112.681105943903));
#9275=CARTESIAN_POINT('Ctrl Pts',(29.1360737383369,29.1360737383369,112.681105943903));
#9276=CARTESIAN_POINT('Ctrl Pts',(-3.56813994433755E-15,29.1360737383369,
112.681105943903));
#9277=CARTESIAN_POINT('Ctrl Pts',(-29.1360737383369,29.1360737383369,112.681105943903));
#9278=CARTESIAN_POINT('Ctrl Pts',(-29.1360737383369,-3.56813994433755E-15,
112.681105943903));
#9279=CARTESIAN_POINT('Ctrl Pts',(-29.1360737383369,-29.1360737383369,112.681105943903));
#9280=CARTESIAN_POINT('Ctrl Pts',(3.56813994433755E-15,-29.1360737383369,
112.681105943903));
#9281=CARTESIAN_POINT('Ctrl Pts',(29.1360737383369,-29.1360737383369,112.681105943903));
#9282=CARTESIAN_POINT('Ctrl Pts',(29.1360737383369,3.56813994433755E-15,
112.681105943903));
#9283=CARTESIAN_POINT('Ctrl Pts',(29.180947228627,3.57363536196259E-15,
112.119089319553));
#9284=CARTESIAN_POINT('Ctrl Pts',(29.180947228627,29.180947228627,112.119089319553));
#9285=CARTESIAN_POINT('Ctrl Pts',(-3.57363536196259E-15,29.180947228627,
112.119089319553));
#9286=CARTESIAN_POINT('Ctrl Pts',(-29.180947228627,29.180947228627,112.119089319553));
#9287=CARTESIAN_POINT('Ctrl Pts',(-29.180947228627,-3.57363536196259E-15,
112.119089319553));
#9288=CARTESIAN_POINT('Ctrl Pts',(-29.180947228627,-29.180947228627,112.119089319553));
#9289=CARTESIAN_POINT('Ctrl Pts',(3.57363536196259E-15,-29.180947228627,
112.119089319553));
#9290=CARTESIAN_POINT('Ctrl Pts',(29.180947228627,-29.180947228627,112.119089319553));
#9291=CARTESIAN_POINT('Ctrl Pts',(29.180947228627,3.57363536196259E-15,
112.119089319553));
#9292=CARTESIAN_POINT('Ctrl Pts',(29.2255492854407,3.57909753857382E-15,
111.557919774981));
#9293=CARTESIAN_POINT('Ctrl Pts',(29.2255492854407,29.2255492854407,111.557919774981));
#9294=CARTESIAN_POINT('Ctrl Pts',(-3.57909753857382E-15,29.2255492854407,
111.557919774981));
#9295=CARTESIAN_POINT('Ctrl Pts',(-29.2255492854407,29.2255492854407,111.557919774981));
#9296=CARTESIAN_POINT('Ctrl Pts',(-29.2255492854407,-3.57909753857382E-15,
111.557919774981));
#9297=CARTESIAN_POINT('Ctrl Pts',(-29.2255492854407,-29.2255492854407,111.557919774981));
#9298=CARTESIAN_POINT('Ctrl Pts',(3.57909753857382E-15,-29.2255492854407,
111.557919774981));
#9299=CARTESIAN_POINT('Ctrl Pts',(29.2255492854407,-29.2255492854407,111.557919774981));
#9300=CARTESIAN_POINT('Ctrl Pts',(29.2255492854407,3.57909753857382E-15,
111.557919774981));
#9301=CARTESIAN_POINT('Ctrl Pts',(29.2698793314302,3.58452640346653E-15,
110.997607631817));
#9302=CARTESIAN_POINT('Ctrl Pts',(29.2698793314302,29.2698793314302,110.997607631817));
#9303=CARTESIAN_POINT('Ctrl Pts',(-3.58452640346653E-15,29.2698793314302,
110.997607631817));
#9304=CARTESIAN_POINT('Ctrl Pts',(-29.2698793314302,29.2698793314302,110.997607631817));
#9305=CARTESIAN_POINT('Ctrl Pts',(-29.2698793314302,-3.58452640346653E-15,
110.997607631817));
#9306=CARTESIAN_POINT('Ctrl Pts',(-29.2698793314302,-29.2698793314302,110.997607631817));
#9307=CARTESIAN_POINT('Ctrl Pts',(3.58452640346653E-15,-29.2698793314302,
110.997607631817));
#9308=CARTESIAN_POINT('Ctrl Pts',(29.2698793314302,-29.2698793314302,110.997607631817));
#9309=CARTESIAN_POINT('Ctrl Pts',(29.2698793314302,3.58452640346653E-15,
110.997607631817));
#9310=CARTESIAN_POINT('Ctrl Pts',(29.3139367879452,3.58992188577649E-15,
110.438163291114));
#9311=CARTESIAN_POINT('Ctrl Pts',(29.3139367879452,29.3139367879452,110.438163291114));
#9312=CARTESIAN_POINT('Ctrl Pts',(-3.58992188577649E-15,29.3139367879452,
110.438163291114));
#9313=CARTESIAN_POINT('Ctrl Pts',(-29.3139367879452,29.3139367879452,110.438163291114));
#9314=CARTESIAN_POINT('Ctrl Pts',(-29.3139367879452,-3.58992188577649E-15,
110.438163291114));
#9315=CARTESIAN_POINT('Ctrl Pts',(-29.3139367879452,-29.3139367879452,110.438163291114));
#9316=CARTESIAN_POINT('Ctrl Pts',(3.58992188577649E-15,-29.3139367879452,
110.438163291114));
#9317=CARTESIAN_POINT('Ctrl Pts',(29.3139367879452,-29.3139367879452,110.438163291114));
#9318=CARTESIAN_POINT('Ctrl Pts',(29.3139367879452,3.58992188577649E-15,
110.438163291114));
#9319=CARTESIAN_POINT('Ctrl Pts',(29.3577210750243,3.59528391447893E-15,
109.879597235087));
#9320=CARTESIAN_POINT('Ctrl Pts',(29.3577210750243,29.3577210750243,109.879597235087));
#9321=CARTESIAN_POINT('Ctrl Pts',(-3.59528391447893E-15,29.3577210750243,
109.879597235087));
#9322=CARTESIAN_POINT('Ctrl Pts',(-29.3577210750243,29.3577210750243,109.879597235087));
#9323=CARTESIAN_POINT('Ctrl Pts',(-29.3577210750243,-3.59528391447893E-15,
109.879597235087));
#9324=CARTESIAN_POINT('Ctrl Pts',(-29.3577210750243,-29.3577210750243,109.879597235087));
#9325=CARTESIAN_POINT('Ctrl Pts',(3.59528391447893E-15,-29.3577210750243,
109.879597235087));
#9326=CARTESIAN_POINT('Ctrl Pts',(29.3577210750243,-29.3577210750243,109.879597235087));
#9327=CARTESIAN_POINT('Ctrl Pts',(29.3577210750243,3.59528391447893E-15,
109.879597235087));
#9328=CARTESIAN_POINT('Ctrl Pts',(29.4012316113865,3.60061241838745E-15,
109.321920028956));
#9329=CARTESIAN_POINT('Ctrl Pts',(29.4012316113865,29.4012316113865,109.321920028956));
#9330=CARTESIAN_POINT('Ctrl Pts',(-3.60061241838745E-15,29.4012316113865,
109.321920028956));
#9331=CARTESIAN_POINT('Ctrl Pts',(-29.4012316113865,29.4012316113865,109.321920028956));
#9332=CARTESIAN_POINT('Ctrl Pts',(-29.4012316113865,-3.60061241838745E-15,
109.321920028956));
#9333=CARTESIAN_POINT('Ctrl Pts',(-29.4012316113865,-29.4012316113865,109.321920028956));
#9334=CARTESIAN_POINT('Ctrl Pts',(3.60061241838745E-15,-29.4012316113865,
109.321920028956));
#9335=CARTESIAN_POINT('Ctrl Pts',(29.4012316113865,-29.4012316113865,109.321920028956));
#9336=CARTESIAN_POINT('Ctrl Pts',(29.4012316113865,3.60061241838745E-15,
109.321920028956));
#9337=CARTESIAN_POINT('Ctrl Pts',(29.4444678144227,3.60590732615301E-15,
108.765142322755));
#9338=CARTESIAN_POINT('Ctrl Pts',(29.4444678144227,29.4444678144227,108.765142322755));
#9339=CARTESIAN_POINT('Ctrl Pts',(-3.60590732615301E-15,29.4444678144227,
108.765142322755));
#9340=CARTESIAN_POINT('Ctrl Pts',(-29.4444678144227,29.4444678144227,108.765142322755));
#9341=CARTESIAN_POINT('Ctrl Pts',(-29.4444678144227,-3.60590732615301E-15,
108.765142322755));
#9342=CARTESIAN_POINT('Ctrl Pts',(-29.4444678144227,-29.4444678144227,108.765142322755));
#9343=CARTESIAN_POINT('Ctrl Pts',(3.60590732615301E-15,-29.4444678144227,
108.765142322755));
#9344=CARTESIAN_POINT('Ctrl Pts',(29.4444678144227,-29.4444678144227,108.765142322755));
#9345=CARTESIAN_POINT('Ctrl Pts',(29.4444678144227,3.60590732615301E-15,
108.765142322755));
#9346=CARTESIAN_POINT('Ctrl Pts',(29.4874291001882,3.61116856626299E-15,
108.209274853144));
#9347=CARTESIAN_POINT('Ctrl Pts',(29.4874291001882,29.4874291001882,108.209274853144));
#9348=CARTESIAN_POINT('Ctrl Pts',(-3.61116856626299E-15,29.4874291001882,
108.209274853144));
#9349=CARTESIAN_POINT('Ctrl Pts',(-29.4874291001882,29.4874291001882,108.209274853144));
#9350=CARTESIAN_POINT('Ctrl Pts',(-29.4874291001882,-3.61116856626299E-15,
108.209274853144));
#9351=CARTESIAN_POINT('Ctrl Pts',(-29.4874291001882,-29.4874291001882,108.209274853144));
#9352=CARTESIAN_POINT('Ctrl Pts',(3.61116856626299E-15,-29.4874291001882,
108.209274853144));
#9353=CARTESIAN_POINT('Ctrl Pts',(29.4874291001882,-29.4874291001882,108.209274853144));
#9354=CARTESIAN_POINT('Ctrl Pts',(29.4874291001882,3.61116856626299E-15,
108.209274853144));
#9355=CARTESIAN_POINT('Ctrl Pts',(29.5301148833953,3.61639606704036E-15,
107.654328445244));
#9356=CARTESIAN_POINT('Ctrl Pts',(29.5301148833953,29.5301148833953,107.654328445244));
#9357=CARTESIAN_POINT('Ctrl Pts',(-3.61639606704036E-15,29.5301148833953,
107.654328445244));
#9358=CARTESIAN_POINT('Ctrl Pts',(-29.5301148833953,29.5301148833953,107.654328445244));
#9359=CARTESIAN_POINT('Ctrl Pts',(-29.5301148833953,-3.61639606704036E-15,
107.654328445244));
#9360=CARTESIAN_POINT('Ctrl Pts',(-29.5301148833953,-29.5301148833953,107.654328445244));
#9361=CARTESIAN_POINT('Ctrl Pts',(3.61639606704036E-15,-29.5301148833953,
107.654328445244));
#9362=CARTESIAN_POINT('Ctrl Pts',(29.5301148833953,-29.5301148833953,107.654328445244));
#9363=CARTESIAN_POINT('Ctrl Pts',(29.5301148833953,3.61639606704036E-15,
107.654328445244));
#9364=CARTESIAN_POINT('Ctrl Pts',(29.5725245774072,3.62158975664281E-15,
107.100314014414));
#9365=CARTESIAN_POINT('Ctrl Pts',(29.5725245774072,29.5725245774072,107.100314014414));
#9366=CARTESIAN_POINT('Ctrl Pts',(-3.62158975664281E-15,29.5725245774072,
107.100314014414));
#9367=CARTESIAN_POINT('Ctrl Pts',(-29.5725245774072,29.5725245774072,107.100314014414));
#9368=CARTESIAN_POINT('Ctrl Pts',(-29.5725245774072,-3.62158975664281E-15,
107.100314014414));
#9369=CARTESIAN_POINT('Ctrl Pts',(-29.5725245774072,-29.5725245774072,107.100314014414));
#9370=CARTESIAN_POINT('Ctrl Pts',(3.62158975664281E-15,-29.5725245774072,
107.100314014414));
#9371=CARTESIAN_POINT('Ctrl Pts',(29.5725245774072,-29.5725245774072,107.100314014414));
#9372=CARTESIAN_POINT('Ctrl Pts',(29.5725245774072,3.62158975664281E-15,
107.100314014414));
#9373=CARTESIAN_POINT('Ctrl Pts',(29.6146575942298,3.62674956306184E-15,
106.547242568279));
#9374=CARTESIAN_POINT('Ctrl Pts',(29.6146575942298,29.6146575942298,106.547242568279));
#9375=CARTESIAN_POINT('Ctrl Pts',(-3.62674956306184E-15,29.6146575942298,
106.547242568279));
#9376=CARTESIAN_POINT('Ctrl Pts',(-29.6146575942298,29.6146575942298,106.547242568279));
#9377=CARTESIAN_POINT('Ctrl Pts',(-29.6146575942298,-3.62674956306184E-15,
106.547242568279));
#9378=CARTESIAN_POINT('Ctrl Pts',(-29.6146575942298,-29.6146575942298,106.547242568279));
#9379=CARTESIAN_POINT('Ctrl Pts',(3.62674956306184E-15,-29.6146575942298,
106.547242568279));
#9380=CARTESIAN_POINT('Ctrl Pts',(29.6146575942298,-29.6146575942298,106.547242568279));
#9381=CARTESIAN_POINT('Ctrl Pts',(29.6146575942298,3.62674956306184E-15,
106.547242568279));
#9382=CARTESIAN_POINT('Ctrl Pts',(29.6565133445036,3.6318754141217E-15,
105.995125208878));
#9383=CARTESIAN_POINT('Ctrl Pts',(29.6565133445035,29.6565133445036,105.995125208878));
#9384=CARTESIAN_POINT('Ctrl Pts',(-3.6318754141217E-15,29.6565133445036,
105.995125208878));
#9385=CARTESIAN_POINT('Ctrl Pts',(-29.6565133445036,29.6565133445035,105.995125208878));
#9386=CARTESIAN_POINT('Ctrl Pts',(-29.6565133445036,-3.6318754141217E-15,
105.995125208878));
#9387=CARTESIAN_POINT('Ctrl Pts',(-29.6565133445035,-29.6565133445036,105.995125208878));
#9388=CARTESIAN_POINT('Ctrl Pts',(3.6318754141217E-15,-29.6565133445036,
105.995125208878));
#9389=CARTESIAN_POINT('Ctrl Pts',(29.6565133445036,-29.6565133445035,105.995125208878));
#9390=CARTESIAN_POINT('Ctrl Pts',(29.6565133445036,3.6318754141217E-15,
105.995125208878));
#9391=CARTESIAN_POINT('Ctrl Pts',(29.6980912374952,3.63696723747846E-15,
105.443973134778));
#9392=CARTESIAN_POINT('Ctrl Pts',(29.6980912374952,29.6980912374952,105.443973134778));
#9393=CARTESIAN_POINT('Ctrl Pts',(-3.63696723747846E-15,29.6980912374952,
105.443973134778));
#9394=CARTESIAN_POINT('Ctrl Pts',(-29.6980912374952,29.6980912374952,105.443973134778));
#9395=CARTESIAN_POINT('Ctrl Pts',(-29.6980912374952,-3.63696723747846E-15,
105.443973134778));
#9396=CARTESIAN_POINT('Ctrl Pts',(-29.6980912374952,-29.6980912374952,105.443973134778));
#9397=CARTESIAN_POINT('Ctrl Pts',(3.63696723747846E-15,-29.6980912374952,
105.443973134778));
#9398=CARTESIAN_POINT('Ctrl Pts',(29.6980912374952,-29.6980912374952,105.443973134778));
#9399=CARTESIAN_POINT('Ctrl Pts',(29.6980912374952,3.63696723747846E-15,
105.443973134778));
#9400=CARTESIAN_POINT('Ctrl Pts',(29.7393906810917,3.64202496061915E-15,
104.893797643195));
#9401=CARTESIAN_POINT('Ctrl Pts',(29.7393906810917,29.7393906810917,104.893797643195));
#9402=CARTESIAN_POINT('Ctrl Pts',(-3.64202496061915E-15,29.7393906810917,
104.893797643195));
#9403=CARTESIAN_POINT('Ctrl Pts',(-29.7393906810917,29.7393906810917,104.893797643195));
#9404=CARTESIAN_POINT('Ctrl Pts',(-29.7393906810917,-3.64202496061915E-15,
104.893797643195));
#9405=CARTESIAN_POINT('Ctrl Pts',(-29.7393906810917,-29.7393906810917,104.893797643195));
#9406=CARTESIAN_POINT('Ctrl Pts',(3.64202496061915E-15,-29.7393906810917,
104.893797643195));
#9407=CARTESIAN_POINT('Ctrl Pts',(29.7393906810917,-29.7393906810917,104.893797643195));
#9408=CARTESIAN_POINT('Ctrl Pts',(29.7393906810917,3.64202496061915E-15,
104.893797643195));
#9409=CARTESIAN_POINT('Ctrl Pts',(29.7804110817931,3.64704851086103E-15,
104.34461013213));
#9410=CARTESIAN_POINT('Ctrl Pts',(29.7804110817931,29.7804110817931,104.34461013213));
#9411=CARTESIAN_POINT('Ctrl Pts',(-3.64704851086103E-15,29.7804110817931,
104.34461013213));
#9412=CARTESIAN_POINT('Ctrl Pts',(-29.7804110817931,29.7804110817931,104.34461013213));
#9413=CARTESIAN_POINT('Ctrl Pts',(-29.7804110817931,-3.64704851086103E-15,
104.34461013213));
#9414=CARTESIAN_POINT('Ctrl Pts',(-29.7804110817931,-29.7804110817931,104.34461013213));
#9415=CARTESIAN_POINT('Ctrl Pts',(3.64704851086103E-15,-29.7804110817931,
104.34461013213));
#9416=CARTESIAN_POINT('Ctrl Pts',(29.7804110817931,-29.7804110817931,104.34461013213));
#9417=CARTESIAN_POINT('Ctrl Pts',(29.7804110817931,3.64704851086103E-15,
104.34461013213));
#9418=CARTESIAN_POINT('Ctrl Pts',(29.8211518447074,3.65203781535081E-15,
103.79642210245));
#9419=CARTESIAN_POINT('Ctrl Pts',(29.8211518447074,29.8211518447074,103.79642210245));
#9420=CARTESIAN_POINT('Ctrl Pts',(-3.65203781535081E-15,29.8211518447074,
103.79642210245));
#9421=CARTESIAN_POINT('Ctrl Pts',(-29.8211518447074,29.8211518447074,103.79642210245));
#9422=CARTESIAN_POINT('Ctrl Pts',(-29.8211518447074,-3.65203781535081E-15,
103.79642210245));
#9423=CARTESIAN_POINT('Ctrl Pts',(-29.8211518447074,-29.8211518447074,103.79642210245));
#9424=CARTESIAN_POINT('Ctrl Pts',(3.65203781535081E-15,-29.8211518447074,
103.79642210245));
#9425=CARTESIAN_POINT('Ctrl Pts',(29.8211518447074,-29.8211518447074,103.79642210245));
#9426=CARTESIAN_POINT('Ctrl Pts',(29.8211518447074,3.65203781535081E-15,
103.79642210245));
#9427=CARTESIAN_POINT('Ctrl Pts',(29.8616123735434,3.6569928010639E-15,
103.249245160294));
#9428=CARTESIAN_POINT('Ctrl Pts',(29.8616123735434,29.8616123735434,103.249245160294));
#9429=CARTESIAN_POINT('Ctrl Pts',(-3.6569928010639E-15,29.8616123735434,
103.249245160294));
#9430=CARTESIAN_POINT('Ctrl Pts',(-29.8616123735434,29.8616123735434,103.249245160294));
#9431=CARTESIAN_POINT('Ctrl Pts',(-29.8616123735434,-3.6569928010639E-15,
103.249245160294));
#9432=CARTESIAN_POINT('Ctrl Pts',(-29.8616123735434,-29.8616123735434,103.249245160294));
#9433=CARTESIAN_POINT('Ctrl Pts',(3.6569928010639E-15,-29.8616123735434,
103.249245160294));
#9434=CARTESIAN_POINT('Ctrl Pts',(29.8616123735434,-29.8616123735434,103.249245160294));
#9435=CARTESIAN_POINT('Ctrl Pts',(29.8616123735434,3.6569928010639E-15,
103.249245160294));
#9436=CARTESIAN_POINT('Ctrl Pts',(29.901792070603,3.66191339480337E-15,
102.703091019588));
#9437=CARTESIAN_POINT('Ctrl Pts',(29.901792070603,29.901792070603,102.703091019588));
#9438=CARTESIAN_POINT('Ctrl Pts',(-3.66191339480337E-15,29.901792070603,
102.703091019588));
#9439=CARTESIAN_POINT('Ctrl Pts',(-29.901792070603,29.901792070603,102.703091019588));
#9440=CARTESIAN_POINT('Ctrl Pts',(-29.901792070603,-3.66191339480337E-15,
102.703091019588));
#9441=CARTESIAN_POINT('Ctrl Pts',(-29.901792070603,-29.901792070603,102.703091019588));
#9442=CARTESIAN_POINT('Ctrl Pts',(3.66191339480337E-15,-29.901792070603,
102.703091019588));
#9443=CARTESIAN_POINT('Ctrl Pts',(29.901792070603,-29.901792070603,102.703091019588));
#9444=CARTESIAN_POINT('Ctrl Pts',(29.901792070603,3.66191339480337E-15,
102.703091019588));
#9445=CARTESIAN_POINT('Ctrl Pts',(29.9416903367747,3.66679952319923E-15,
102.15797150454));
#9446=CARTESIAN_POINT('Ctrl Pts',(29.9416903367747,29.9416903367747,102.15797150454));
#9447=CARTESIAN_POINT('Ctrl Pts',(-3.66679952319923E-15,29.9416903367747,
102.15797150454));
#9448=CARTESIAN_POINT('Ctrl Pts',(-29.9416903367747,29.9416903367747,102.15797150454));
#9449=CARTESIAN_POINT('Ctrl Pts',(-29.9416903367747,-3.66679952319923E-15,
102.15797150454));
#9450=CARTESIAN_POINT('Ctrl Pts',(-29.9416903367747,-29.9416903367747,102.15797150454));
#9451=CARTESIAN_POINT('Ctrl Pts',(3.66679952319923E-15,-29.9416903367747,
102.15797150454));
#9452=CARTESIAN_POINT('Ctrl Pts',(29.9416903367747,-29.9416903367747,102.15797150454));
#9453=CARTESIAN_POINT('Ctrl Pts',(29.9416903367747,3.66679952319923E-15,
102.15797150454));
#9454=CARTESIAN_POINT('Ctrl Pts',(29.9813065715269,3.6716511127076E-15,
101.613898552125));
#9455=CARTESIAN_POINT('Ctrl Pts',(29.9813065715269,29.9813065715269,101.613898552125));
#9456=CARTESIAN_POINT('Ctrl Pts',(-3.6716511127076E-15,29.9813065715269,
101.613898552125));
#9457=CARTESIAN_POINT('Ctrl Pts',(-29.9813065715269,29.9813065715269,101.613898552125));
#9458=CARTESIAN_POINT('Ctrl Pts',(-29.9813065715269,-3.6716511127076E-15,
101.613898552125));
#9459=CARTESIAN_POINT('Ctrl Pts',(-29.9813065715269,-29.9813065715269,101.613898552125));
#9460=CARTESIAN_POINT('Ctrl Pts',(3.6716511127076E-15,-29.9813065715269,
101.613898552125));
#9461=CARTESIAN_POINT('Ctrl Pts',(29.9813065715269,-29.9813065715269,101.613898552125));
#9462=CARTESIAN_POINT('Ctrl Pts',(29.9813065715269,3.6716511127076E-15,
101.613898552125));
#9463=CARTESIAN_POINT('Ctrl Pts',(30.020640172903,3.67646808961001E-15,
101.070884214602));
#9464=CARTESIAN_POINT('Ctrl Pts',(30.020640172903,30.020640172903,101.070884214602));
#9465=CARTESIAN_POINT('Ctrl Pts',(-3.67646808961001E-15,30.020640172903,
101.070884214602));
#9466=CARTESIAN_POINT('Ctrl Pts',(-30.020640172903,30.020640172903,101.070884214602));
#9467=CARTESIAN_POINT('Ctrl Pts',(-30.020640172903,-3.67646808961001E-15,
101.070884214602));
#9468=CARTESIAN_POINT('Ctrl Pts',(-30.020640172903,-30.020640172903,101.070884214602));
#9469=CARTESIAN_POINT('Ctrl Pts',(3.67646808961001E-15,-30.020640172903,
101.070884214602));
#9470=CARTESIAN_POINT('Ctrl Pts',(30.020640172903,-30.020640172903,101.070884214602));
#9471=CARTESIAN_POINT('Ctrl Pts',(30.020640172903,3.67646808961001E-15,
101.070884214602));
#9472=CARTESIAN_POINT('Ctrl Pts',(30.0596905375158,3.68125038001287E-15,
100.528940661966));
#9473=CARTESIAN_POINT('Ctrl Pts',(30.0596905375158,30.0596905375158,100.528940661966));
#9474=CARTESIAN_POINT('Ctrl Pts',(-3.68125038001287E-15,30.0596905375158,
100.528940661966));
#9475=CARTESIAN_POINT('Ctrl Pts',(-30.0596905375158,30.0596905375158,100.528940661966));
#9476=CARTESIAN_POINT('Ctrl Pts',(-30.0596905375158,-3.68125038001287E-15,
100.528940661966));
#9477=CARTESIAN_POINT('Ctrl Pts',(-30.0596905375158,-30.0596905375158,100.528940661966));
#9478=CARTESIAN_POINT('Ctrl Pts',(3.68125038001287E-15,-30.0596905375158,
100.528940661966));
#9479=CARTESIAN_POINT('Ctrl Pts',(30.0596905375158,-30.0596905375158,100.528940661966));
#9480=CARTESIAN_POINT('Ctrl Pts',(30.0596905375158,3.68125038001287E-15,
100.528940661966));
#9481=CARTESIAN_POINT('Ctrl Pts',(30.0984570605412,3.68599790984658E-15,
99.9880801848519));
#9482=CARTESIAN_POINT('Ctrl Pts',(30.0984570605412,30.0984570605412,99.9880801848519));
#9483=CARTESIAN_POINT('Ctrl Pts',(-3.68599790984658E-15,30.0984570605412,
99.9880801848519));
#9484=CARTESIAN_POINT('Ctrl Pts',(-30.0984570605412,30.0984570605412,99.9880801848519));
#9485=CARTESIAN_POINT('Ctrl Pts',(-30.0984570605412,-3.68599790984658E-15,
99.9880801848519));
#9486=CARTESIAN_POINT('Ctrl Pts',(-30.0984570605412,-30.0984570605412,99.9880801848519));
#9487=CARTESIAN_POINT('Ctrl Pts',(3.68599790984658E-15,-30.0984570605412,
99.9880801848519));
#9488=CARTESIAN_POINT('Ctrl Pts',(30.0984570605412,-30.0984570605412,99.9880801848519));
#9489=CARTESIAN_POINT('Ctrl Pts',(30.0984570605412,3.68599790984658E-15,
99.9880801848519));
#9490=CARTESIAN_POINT('Ctrl Pts',(30.1369391357125,3.6907106048649E-15,
99.4483151975027));
#9491=CARTESIAN_POINT('Ctrl Pts',(30.1369391357125,30.1369391357125,99.4483151975027));
#9492=CARTESIAN_POINT('Ctrl Pts',(-3.6907106048649E-15,30.1369391357125,
99.4483151975027));
#9493=CARTESIAN_POINT('Ctrl Pts',(-30.1369391357125,30.1369391357125,99.4483151975027));
#9494=CARTESIAN_POINT('Ctrl Pts',(-30.1369391357125,-3.6907106048649E-15,
99.4483151975027));
#9495=CARTESIAN_POINT('Ctrl Pts',(-30.1369391357125,-30.1369391357125,99.4483151975027));
#9496=CARTESIAN_POINT('Ctrl Pts',(3.6907106048649E-15,-30.1369391357125,
99.4483151975027));
#9497=CARTESIAN_POINT('Ctrl Pts',(30.1369391357125,-30.1369391357125,99.4483151975027));
#9498=CARTESIAN_POINT('Ctrl Pts',(30.1369391357125,3.6907106048649E-15,
99.4483151975027));
#9499=CARTESIAN_POINT('Ctrl Pts',(30.1751361553149,3.6953883906442E-15,
98.9096582407188));
#9500=CARTESIAN_POINT('Ctrl Pts',(30.1751361553149,30.1751361553149,98.9096582407188));
#9501=CARTESIAN_POINT('Ctrl Pts',(-3.6953883906442E-15,30.1751361553149,
98.9096582407188));
#9502=CARTESIAN_POINT('Ctrl Pts',(-30.1751361553149,30.1751361553149,98.9096582407188));
#9503=CARTESIAN_POINT('Ctrl Pts',(-30.1751361553149,-3.6953883906442E-15,
98.9096582407188));
#9504=CARTESIAN_POINT('Ctrl Pts',(-30.1751361553149,-30.1751361553149,98.9096582407188));
#9505=CARTESIAN_POINT('Ctrl Pts',(3.6953883906442E-15,-30.1751361553149,
98.9096582407188));
#9506=CARTESIAN_POINT('Ctrl Pts',(30.1751361553149,-30.1751361553149,98.9096582407188));
#9507=CARTESIAN_POINT('Ctrl Pts',(30.1751361553149,3.6953883906442E-15,
98.9096582407188));
#9508=CARTESIAN_POINT('Ctrl Pts',(30.2130475101801,3.7000311925829E-15,
98.3721219848182));
#9509=CARTESIAN_POINT('Ctrl Pts',(30.2130475101801,30.2130475101801,98.3721219848182));
#9510=CARTESIAN_POINT('Ctrl Pts',(-3.7000311925829E-15,30.2130475101801,
98.3721219848182));
#9511=CARTESIAN_POINT('Ctrl Pts',(-30.2130475101801,30.2130475101801,98.3721219848182));
#9512=CARTESIAN_POINT('Ctrl Pts',(-30.2130475101801,-3.7000311925829E-15,
98.3721219848182));
#9513=CARTESIAN_POINT('Ctrl Pts',(-30.2130475101801,-30.2130475101801,98.3721219848182));
#9514=CARTESIAN_POINT('Ctrl Pts',(3.7000311925829E-15,-30.2130475101801,
98.3721219848182));
#9515=CARTESIAN_POINT('Ctrl Pts',(30.2130475101801,-30.2130475101801,98.3721219848182));
#9516=CARTESIAN_POINT('Ctrl Pts',(30.2130475101801,3.7000311925829E-15,
98.3721219848182));
#9517=CARTESIAN_POINT('Ctrl Pts',(30.2506725896821,3.70463893590088E-15,
97.8357192325869));
#9518=CARTESIAN_POINT('Ctrl Pts',(30.2506725896821,30.2506725896821,97.8357192325869));
#9519=CARTESIAN_POINT('Ctrl Pts',(-3.70463893590088E-15,30.2506725896821,
97.8357192325869));
#9520=CARTESIAN_POINT('Ctrl Pts',(-30.2506725896821,30.2506725896821,97.8357192325869));
#9521=CARTESIAN_POINT('Ctrl Pts',(-30.2506725896821,-3.70463893590088E-15,
97.8357192325869));
#9522=CARTESIAN_POINT('Ctrl Pts',(-30.2506725896821,-30.2506725896821,97.8357192325869));
#9523=CARTESIAN_POINT('Ctrl Pts',(3.70463893590088E-15,-30.2506725896821,
97.8357192325869));
#9524=CARTESIAN_POINT('Ctrl Pts',(30.2506725896821,-30.2506725896821,97.8357192325869));
#9525=CARTESIAN_POINT('Ctrl Pts',(30.2506725896821,3.70463893590088E-15,
97.8357192325869));
#9526=CARTESIAN_POINT('Ctrl Pts',(30.2880107817332,3.70921154563901E-15,
97.3004629222476));
#9527=CARTESIAN_POINT('Ctrl Pts',(30.2880107817332,30.2880107817332,97.3004629222476));
#9528=CARTESIAN_POINT('Ctrl Pts',(-3.70921154563901E-15,30.2880107817332,
97.3004629222476));
#9529=CARTESIAN_POINT('Ctrl Pts',(-30.2880107817332,30.2880107817332,97.3004629222476));
#9530=CARTESIAN_POINT('Ctrl Pts',(-30.2880107817332,-3.70921154563901E-15,
97.3004629222476));
#9531=CARTESIAN_POINT('Ctrl Pts',(-30.2880107817332,-30.2880107817332,97.3004629222476));
#9532=CARTESIAN_POINT('Ctrl Pts',(3.70921154563901E-15,-30.2880107817332,
97.3004629222476));
#9533=CARTESIAN_POINT('Ctrl Pts',(30.2880107817332,-30.2880107817332,97.3004629222476));
#9534=CARTESIAN_POINT('Ctrl Pts',(30.2880107817332,3.70921154563901E-15,
97.3004629222476));
#9535=CARTESIAN_POINT('Ctrl Pts',(30.3250614727785,3.71374894665849E-15,
96.7663661309934));
#9536=CARTESIAN_POINT('Ctrl Pts',(30.3250614727785,30.3250614727785,96.7663661309934));
#9537=CARTESIAN_POINT('Ctrl Pts',(-3.71374894665849E-15,30.3250614727785,
96.7663661309934));
#9538=CARTESIAN_POINT('Ctrl Pts',(-30.3250614727785,30.3250614727785,96.7663661309934));
#9539=CARTESIAN_POINT('Ctrl Pts',(-30.3250614727785,-3.71374894665849E-15,
96.7663661309934));
#9540=CARTESIAN_POINT('Ctrl Pts',(-30.3250614727785,-30.3250614727785,96.7663661309934));
#9541=CARTESIAN_POINT('Ctrl Pts',(3.71374894665849E-15,-30.3250614727785,
96.7663661309934));
#9542=CARTESIAN_POINT('Ctrl Pts',(30.3250614727785,-30.3250614727785,96.7663661309934));
#9543=CARTESIAN_POINT('Ctrl Pts',(30.3250614727785,3.71374894665849E-15,
96.7663661309934));
#9544=CARTESIAN_POINT('Ctrl Pts',(30.3618240477915,3.7182510636403E-15,
96.2334420785142));
#9545=CARTESIAN_POINT('Ctrl Pts',(30.3618240477915,30.3618240477915,96.2334420785142));
#9546=CARTESIAN_POINT('Ctrl Pts',(-3.7182510636403E-15,30.3618240477915,
96.2334420785142));
#9547=CARTESIAN_POINT('Ctrl Pts',(-30.3618240477915,30.3618240477915,96.2334420785142));
#9548=CARTESIAN_POINT('Ctrl Pts',(-30.3618240477915,-3.7182510636403E-15,
96.2334420785142));
#9549=CARTESIAN_POINT('Ctrl Pts',(-30.3618240477915,-30.3618240477915,96.2334420785142));
#9550=CARTESIAN_POINT('Ctrl Pts',(3.7182510636403E-15,-30.3618240477915,
96.2334420785142));
#9551=CARTESIAN_POINT('Ctrl Pts',(30.3618240477915,-30.3618240477915,96.2334420785142));
#9552=CARTESIAN_POINT('Ctrl Pts',(30.3618240477915,3.7182510636403E-15,
96.2334420785142));
#9553=CARTESIAN_POINT('Ctrl Pts',(30.3982978902701,3.72271782108471E-15,
95.7017041305158));
#9554=CARTESIAN_POINT('Ctrl Pts',(30.3982978902701,30.3982978902701,95.7017041305158));
#9555=CARTESIAN_POINT('Ctrl Pts',(-3.72271782108471E-15,30.3982978902701,
95.7017041305158));
#9556=CARTESIAN_POINT('Ctrl Pts',(-30.3982978902701,30.3982978902701,95.7017041305158));
#9557=CARTESIAN_POINT('Ctrl Pts',(-30.3982978902701,-3.72271782108471E-15,
95.7017041305158));
#9558=CARTESIAN_POINT('Ctrl Pts',(-30.3982978902701,-30.3982978902701,95.7017041305158));
#9559=CARTESIAN_POINT('Ctrl Pts',(3.72271782108471E-15,-30.3982978902701,
95.7017041305158));
#9560=CARTESIAN_POINT('Ctrl Pts',(30.3982978902701,-30.3982978902701,95.7017041305158));
#9561=CARTESIAN_POINT('Ctrl Pts',(30.3982978902701,3.72271782108471E-15,
95.7017041305158));
#9562=CARTESIAN_POINT('Ctrl Pts',(30.434482382233,3.72714914331082E-15,
95.1711658022679));
#9563=CARTESIAN_POINT('Ctrl Pts',(30.434482382233,30.434482382233,95.1711658022679));
#9564=CARTESIAN_POINT('Ctrl Pts',(-3.72714914331082E-15,30.434482382233,
95.1711658022679));
#9565=CARTESIAN_POINT('Ctrl Pts',(-30.434482382233,30.434482382233,95.1711658022679));
#9566=CARTESIAN_POINT('Ctrl Pts',(-30.434482382233,-3.72714914331082E-15,
95.1711658022679));
#9567=CARTESIAN_POINT('Ctrl Pts',(-30.434482382233,-30.434482382233,95.1711658022679));
#9568=CARTESIAN_POINT('Ctrl Pts',(3.72714914331082E-15,-30.434482382233,
95.1711658022679));
#9569=CARTESIAN_POINT('Ctrl Pts',(30.434482382233,-30.434482382233,95.1711658022679));
#9570=CARTESIAN_POINT('Ctrl Pts',(30.434482382233,3.72714914331082E-15,
95.1711658022679));
#9571=CARTESIAN_POINT('Ctrl Pts',(30.4703769042167,3.73154495445624E-15,
94.6418407620768));
#9572=CARTESIAN_POINT('Ctrl Pts',(30.4703769042167,30.4703769042167,94.6418407620768));
#9573=CARTESIAN_POINT('Ctrl Pts',(-3.73154495445624E-15,30.4703769042167,
94.6418407620768));
#9574=CARTESIAN_POINT('Ctrl Pts',(-30.4703769042167,30.4703769042167,94.6418407620768));
#9575=CARTESIAN_POINT('Ctrl Pts',(-30.4703769042167,-3.73154495445624E-15,
94.6418407620768));
#9576=CARTESIAN_POINT('Ctrl Pts',(-30.4703769042167,-30.4703769042167,94.6418407620768));
#9577=CARTESIAN_POINT('Ctrl Pts',(3.73154495445624E-15,-30.4703769042167,
94.6418407620768));
#9578=CARTESIAN_POINT('Ctrl Pts',(30.4703769042167,-30.4703769042167,94.6418407620768));
#9579=CARTESIAN_POINT('Ctrl Pts',(30.4703769042167,3.73154495445624E-15,
94.6418407620768));
#9580=CARTESIAN_POINT('Ctrl Pts',(30.5059808352725,3.7359051784767E-15,
94.1137428349946));
#9581=CARTESIAN_POINT('Ctrl Pts',(30.5059808352725,30.5059808352725,94.1137428349946));
#9582=CARTESIAN_POINT('Ctrl Pts',(-3.7359051784767E-15,30.5059808352725,
94.1137428349946));
#9583=CARTESIAN_POINT('Ctrl Pts',(-30.5059808352725,30.5059808352725,94.1137428349946));
#9584=CARTESIAN_POINT('Ctrl Pts',(-30.5059808352725,-3.7359051784767E-15,
94.1137428349946));
#9585=CARTESIAN_POINT('Ctrl Pts',(-30.5059808352725,-30.5059808352725,94.1137428349946));
#9586=CARTESIAN_POINT('Ctrl Pts',(3.7359051784767E-15,-30.5059808352725,
94.1137428349946));
#9587=CARTESIAN_POINT('Ctrl Pts',(30.5059808352725,-30.5059808352725,94.1137428349946));
#9588=CARTESIAN_POINT('Ctrl Pts',(30.5059808352725,3.7359051784767E-15,
94.1137428349946));
#9589=CARTESIAN_POINT('Ctrl Pts',(30.5412935529639,3.74022973914569E-15,
93.5868860071376));
#9590=CARTESIAN_POINT('Ctrl Pts',(30.5412935529639,30.5412935529639,93.5868860071376));
#9591=CARTESIAN_POINT('Ctrl Pts',(-3.74022973914569E-15,30.5412935529639,
93.5868860071376));
#9592=CARTESIAN_POINT('Ctrl Pts',(-30.5412935529639,30.5412935529639,93.5868860071376));
#9593=CARTESIAN_POINT('Ctrl Pts',(-30.5412935529639,-3.74022973914569E-15,
93.5868860071376));
#9594=CARTESIAN_POINT('Ctrl Pts',(-30.5412935529639,-30.5412935529639,93.5868860071376));
#9595=CARTESIAN_POINT('Ctrl Pts',(3.74022973914569E-15,-30.5412935529639,
93.5868860071376));
#9596=CARTESIAN_POINT('Ctrl Pts',(30.5412935529639,-30.5412935529639,93.5868860071376));
#9597=CARTESIAN_POINT('Ctrl Pts',(30.5412935529639,3.74022973914569E-15,
93.5868860071376));
#9598=CARTESIAN_POINT('Ctrl Pts',(30.576314433363,3.74451856005411E-15,
93.0612844298987));
#9599=CARTESIAN_POINT('Ctrl Pts',(30.576314433363,30.576314433363,93.0612844298987));
#9600=CARTESIAN_POINT('Ctrl Pts',(-3.74451856005411E-15,30.576314433363,
93.0612844298987));
#9601=CARTESIAN_POINT('Ctrl Pts',(-30.576314433363,30.576314433363,93.0612844298987));
#9602=CARTESIAN_POINT('Ctrl Pts',(-30.576314433363,-3.74451856005411E-15,
93.0612844298987));
#9603=CARTESIAN_POINT('Ctrl Pts',(-30.576314433363,-30.576314433363,93.0612844298987));
#9604=CARTESIAN_POINT('Ctrl Pts',(3.74451856005411E-15,-30.576314433363,
93.0612844298987));
#9605=CARTESIAN_POINT('Ctrl Pts',(30.576314433363,-30.576314433363,93.0612844298987));
#9606=CARTESIAN_POINT('Ctrl Pts',(30.576314433363,3.74451856005411E-15,
93.0612844298987));
#9607=CARTESIAN_POINT('Ctrl Pts',(30.611042851049,3.74877156460997E-15,
92.5369524241816));
#9608=CARTESIAN_POINT('Ctrl Pts',(30.611042851049,30.611042851049,92.5369524241816));
#9609=CARTESIAN_POINT('Ctrl Pts',(-3.74877156460997E-15,30.611042851049,
92.5369524241816));
#9610=CARTESIAN_POINT('Ctrl Pts',(-30.611042851049,30.611042851049,92.5369524241816));
#9611=CARTESIAN_POINT('Ctrl Pts',(-30.611042851049,-3.74877156460997E-15,
92.5369524241816));
#9612=CARTESIAN_POINT('Ctrl Pts',(-30.611042851049,-30.611042851049,92.5369524241816));
#9613=CARTESIAN_POINT('Ctrl Pts',(3.74877156460997E-15,-30.611042851049,
92.5369524241816));
#9614=CARTESIAN_POINT('Ctrl Pts',(30.611042851049,-30.611042851049,92.5369524241816));
#9615=CARTESIAN_POINT('Ctrl Pts',(30.611042851049,3.74877156460997E-15,
92.5369524241816));
#9616=CARTESIAN_POINT('Ctrl Pts',(30.6454781791061,3.75298867603824E-15,
92.0139044846783));
#9617=CARTESIAN_POINT('Ctrl Pts',(30.6454781791061,30.6454781791061,92.0139044846783));
#9618=CARTESIAN_POINT('Ctrl Pts',(-3.75298867603824E-15,30.6454781791061,
92.0139044846783));
#9619=CARTESIAN_POINT('Ctrl Pts',(-30.6454781791061,30.6454781791061,92.0139044846783));
#9620=CARTESIAN_POINT('Ctrl Pts',(-30.6454781791061,-3.75298867603824E-15,
92.0139044846783));
#9621=CARTESIAN_POINT('Ctrl Pts',(-30.6454781791061,-30.6454781791061,92.0139044846783));
#9622=CARTESIAN_POINT('Ctrl Pts',(3.75298867603824E-15,-30.6454781791061,
92.0139044846783));
#9623=CARTESIAN_POINT('Ctrl Pts',(30.6454781791061,-30.6454781791061,92.0139044846783));
#9624=CARTESIAN_POINT('Ctrl Pts',(30.6454781791061,3.75298867603824E-15,
92.0139044846783));
#9625=CARTESIAN_POINT('Ctrl Pts',(30.6796197891226,3.75716981738068E-15,
91.4921552839996));
#9626=CARTESIAN_POINT('Ctrl Pts',(30.6796197891226,30.6796197891226,91.4921552839996));
#9627=CARTESIAN_POINT('Ctrl Pts',(-3.75716981738068E-15,30.6796197891226,
91.4921552839996));
#9628=CARTESIAN_POINT('Ctrl Pts',(-30.6796197891226,30.6796197891226,91.4921552839996));
#9629=CARTESIAN_POINT('Ctrl Pts',(-30.6796197891226,-3.75716981738068E-15,
91.4921552839996));
#9630=CARTESIAN_POINT('Ctrl Pts',(-30.6796197891226,-30.6796197891226,91.4921552839996));
#9631=CARTESIAN_POINT('Ctrl Pts',(3.75716981738068E-15,-30.6796197891226,
91.4921552839996));
#9632=CARTESIAN_POINT('Ctrl Pts',(30.6796197891226,-30.6796197891226,91.4921552839996));
#9633=CARTESIAN_POINT('Ctrl Pts',(30.6796197891226,3.75716981738068E-15,
91.4921552839996));
#9634=CARTESIAN_POINT('Ctrl Pts',(30.7134670511898,3.76131491149573E-15,
90.9717196774838));
#9635=CARTESIAN_POINT('Ctrl Pts',(30.7134670511898,30.7134670511898,90.9717196774838));
#9636=CARTESIAN_POINT('Ctrl Pts',(-3.76131491149573E-15,30.7134670511898,
90.9717196774838));
#9637=CARTESIAN_POINT('Ctrl Pts',(-30.7134670511898,30.7134670511898,90.9717196774838));
#9638=CARTESIAN_POINT('Ctrl Pts',(-30.7134670511898,-3.76131491149573E-15,
90.9717196774838));
#9639=CARTESIAN_POINT('Ctrl Pts',(-30.7134670511898,-30.7134670511898,90.9717196774838));
#9640=CARTESIAN_POINT('Ctrl Pts',(3.76131491149573E-15,-30.7134670511898,
90.9717196774838));
#9641=CARTESIAN_POINT('Ctrl Pts',(30.7134670511898,-30.7134670511898,90.9717196774838));
#9642=CARTESIAN_POINT('Ctrl Pts',(30.7134670511898,3.76131491149573E-15,
90.9717196774838));
#9643=CARTESIAN_POINT('Ctrl Pts',(30.7470193339007,3.76542388105833E-15,
90.4526127084259));
#9644=CARTESIAN_POINT('Ctrl Pts',(30.7470193339007,30.7470193339007,90.4526127084259));
#9645=CARTESIAN_POINT('Ctrl Pts',(-3.76542388105833E-15,30.7470193339007,
90.4526127084259));
#9646=CARTESIAN_POINT('Ctrl Pts',(-30.7470193339007,30.7470193339007,90.4526127084259));
#9647=CARTESIAN_POINT('Ctrl Pts',(-30.7470193339007,-3.76542388105833E-15,
90.4526127084259));
#9648=CARTESIAN_POINT('Ctrl Pts',(-30.7470193339007,-30.7470193339007,90.4526127084259));
#9649=CARTESIAN_POINT('Ctrl Pts',(3.76542388105833E-15,-30.7470193339007,
90.4526127084259));
#9650=CARTESIAN_POINT('Ctrl Pts',(30.7470193339007,-30.7470193339007,90.4526127084259));
#9651=CARTESIAN_POINT('Ctrl Pts',(30.7470193339007,3.76542388105833E-15,
90.4526127084259));
#9652=CARTESIAN_POINT('Ctrl Pts',(30.7802760043503,3.76949664855997E-15,
89.9348496131784));
#9653=CARTESIAN_POINT('Ctrl Pts',(30.7802760043503,30.7802760043503,89.9348496131784));
#9654=CARTESIAN_POINT('Ctrl Pts',(-3.76949664855997E-15,30.7802760043503,
89.9348496131784));
#9655=CARTESIAN_POINT('Ctrl Pts',(-30.7802760043503,30.7802760043503,89.9348496131784));
#9656=CARTESIAN_POINT('Ctrl Pts',(-30.7802760043503,-3.76949664855997E-15,
89.9348496131784));
#9657=CARTESIAN_POINT('Ctrl Pts',(-30.7802760043503,-30.7802760043503,89.9348496131784));
#9658=CARTESIAN_POINT('Ctrl Pts',(3.76949664855997E-15,-30.7802760043503,
89.9348496131784));
#9659=CARTESIAN_POINT('Ctrl Pts',(30.7802760043503,-30.7802760043503,89.9348496131784));
#9660=CARTESIAN_POINT('Ctrl Pts',(30.7802760043503,3.76949664855997E-15,
89.9348496131784));
#9661=CARTESIAN_POINT('Ctrl Pts',(30.8132364281352,3.77353313630864E-15,
89.4184458263098));
#9662=CARTESIAN_POINT('Ctrl Pts',(30.8132364281352,30.8132364281352,89.4184458263098));
#9663=CARTESIAN_POINT('Ctrl Pts',(-3.77353313630864E-15,30.8132364281352,
89.4184458263098));
#9664=CARTESIAN_POINT('Ctrl Pts',(-30.8132364281352,30.8132364281352,89.4184458263098));
#9665=CARTESIAN_POINT('Ctrl Pts',(-30.8132364281352,-3.77353313630864E-15,
89.4184458263098));
#9666=CARTESIAN_POINT('Ctrl Pts',(-30.8132364281352,-30.8132364281352,89.4184458263098));
#9667=CARTESIAN_POINT('Ctrl Pts',(3.77353313630864E-15,-30.8132364281352,
89.4184458263098));
#9668=CARTESIAN_POINT('Ctrl Pts',(30.8132364281352,-30.8132364281352,89.4184458263098));
#9669=CARTESIAN_POINT('Ctrl Pts',(30.8132364281352,3.77353313630864E-15,
89.4184458263098));
#9670=CARTESIAN_POINT('Ctrl Pts',(30.8458999693545,3.77753326642894E-15,
88.9034169857316));
#9671=CARTESIAN_POINT('Ctrl Pts',(30.8458999693544,30.8458999693545,88.9034169857316));
#9672=CARTESIAN_POINT('Ctrl Pts',(-3.77753326642894E-15,30.8458999693545,
88.9034169857316));
#9673=CARTESIAN_POINT('Ctrl Pts',(-30.8458999693545,30.8458999693544,88.9034169857316));
#9674=CARTESIAN_POINT('Ctrl Pts',(-30.8458999693545,-3.77753326642894E-15,
88.9034169857316));
#9675=CARTESIAN_POINT('Ctrl Pts',(-30.8458999693544,-30.8458999693545,88.9034169857316));
#9676=CARTESIAN_POINT('Ctrl Pts',(3.77753326642894E-15,-30.8458999693545,
88.9034169857316));
#9677=CARTESIAN_POINT('Ctrl Pts',(30.8458999693545,-30.8458999693544,88.9034169857316));
#9678=CARTESIAN_POINT('Ctrl Pts',(30.8458999693545,3.77753326642894E-15,
88.9034169857316));
#9679=CARTESIAN_POINT('Ctrl Pts',(30.8782659906114,3.78149696086228E-15,
88.3897789378655));
#9680=CARTESIAN_POINT('Ctrl Pts',(30.8782659906113,30.8782659906114,88.3897789378655));
#9681=CARTESIAN_POINT('Ctrl Pts',(-3.78149696086228E-15,30.8782659906114,
88.3897789378655));
#9682=CARTESIAN_POINT('Ctrl Pts',(-30.8782659906114,30.8782659906113,88.3897789378655));
#9683=CARTESIAN_POINT('Ctrl Pts',(-30.8782659906114,-3.78149696086228E-15,
88.3897789378655));
#9684=CARTESIAN_POINT('Ctrl Pts',(-30.8782659906113,-30.8782659906114,88.3897789378655));
#9685=CARTESIAN_POINT('Ctrl Pts',(3.78149696086228E-15,-30.8782659906114,
88.3897789378655));
#9686=CARTESIAN_POINT('Ctrl Pts',(30.8782659906114,-30.8782659906113,88.3897789378655));
#9687=CARTESIAN_POINT('Ctrl Pts',(30.8782659906114,3.78149696086228E-15,
88.3897789378655));
#9688=CARTESIAN_POINT('Ctrl Pts',(30.9103338530145,3.78542414136702E-15,
87.8775477439278));
#9689=CARTESIAN_POINT('Ctrl Pts',(30.9103338530145,30.9103338530145,87.8775477439278));
#9690=CARTESIAN_POINT('Ctrl Pts',(-3.78542414136702E-15,30.9103338530145,
87.8775477439278));
#9691=CARTESIAN_POINT('Ctrl Pts',(-30.9103338530145,30.9103338530145,87.8775477439278));
#9692=CARTESIAN_POINT('Ctrl Pts',(-30.9103338530145,-3.78542414136702E-15,
87.8775477439278));
#9693=CARTESIAN_POINT('Ctrl Pts',(-30.9103338530145,-30.9103338530145,87.8775477439278));
#9694=CARTESIAN_POINT('Ctrl Pts',(3.78542414136702E-15,-30.9103338530145,
87.8775477439278));
#9695=CARTESIAN_POINT('Ctrl Pts',(30.9103338530145,-30.9103338530145,87.8775477439278));
#9696=CARTESIAN_POINT('Ctrl Pts',(30.9103338530145,3.78542414136702E-15,
87.8775477439278));
#9697=CARTESIAN_POINT('Ctrl Pts',(30.9421029161801,3.7893147295188E-15,
87.3667396862107));
#9698=CARTESIAN_POINT('Ctrl Pts',(30.9421029161801,30.9421029161801,87.3667396862107));
#9699=CARTESIAN_POINT('Ctrl Pts',(-3.7893147295188E-15,30.9421029161801,
87.3667396862107));
#9700=CARTESIAN_POINT('Ctrl Pts',(-30.9421029161801,30.9421029161801,87.3667396862107));
#9701=CARTESIAN_POINT('Ctrl Pts',(-30.9421029161801,-3.7893147295188E-15,
87.3667396862107));
#9702=CARTESIAN_POINT('Ctrl Pts',(-30.9421029161801,-30.9421029161801,87.3667396862107));
#9703=CARTESIAN_POINT('Ctrl Pts',(3.7893147295188E-15,-30.9421029161801,
87.3667396862107));
#9704=CARTESIAN_POINT('Ctrl Pts',(30.9421029161801,-30.9421029161801,87.3667396862107));
#9705=CARTESIAN_POINT('Ctrl Pts',(30.9421029161801,3.7893147295188E-15,
87.3667396862107));
#9706=CARTESIAN_POINT('Ctrl Pts',(30.9735725382349,3.79316864671077E-15,
86.8573712743304));
#9707=CARTESIAN_POINT('Ctrl Pts',(30.9735725382349,30.9735725382349,86.8573712743304));
#9708=CARTESIAN_POINT('Ctrl Pts',(-3.79316864671077E-15,30.9735725382349,
86.8573712743304));
#9709=CARTESIAN_POINT('Ctrl Pts',(-30.9735725382349,30.9735725382349,86.8573712743304));
#9710=CARTESIAN_POINT('Ctrl Pts',(-30.9735725382349,-3.79316864671077E-15,
86.8573712743304));
#9711=CARTESIAN_POINT('Ctrl Pts',(-30.9735725382349,-30.9735725382349,86.8573712743304));
#9712=CARTESIAN_POINT('Ctrl Pts',(3.79316864671077E-15,-30.9735725382349,
86.8573712743304));
#9713=CARTESIAN_POINT('Ctrl Pts',(30.9735725382349,-30.9735725382349,86.8573712743304));
#9714=CARTESIAN_POINT('Ctrl Pts',(30.9735725382349,3.79316864671077E-15,
86.8573712743304));
#9715=CARTESIAN_POINT('Ctrl Pts',(31.0047420758186,3.79698581415405E-15,
86.3494592515757));
#9716=CARTESIAN_POINT('Ctrl Pts',(31.0047420758186,31.0047420758186,86.3494592515757));
#9717=CARTESIAN_POINT('Ctrl Pts',(-3.79698581415405E-15,31.0047420758186,
86.3494592515757));
#9718=CARTESIAN_POINT('Ctrl Pts',(-31.0047420758186,31.0047420758186,86.3494592515757));
#9719=CARTESIAN_POINT('Ctrl Pts',(-31.0047420758186,-3.79698581415405E-15,
86.3494592515757));
#9720=CARTESIAN_POINT('Ctrl Pts',(-31.0047420758186,-31.0047420758186,86.3494592515757));
#9721=CARTESIAN_POINT('Ctrl Pts',(3.79698581415405E-15,-31.0047420758186,
86.3494592515757));
#9722=CARTESIAN_POINT('Ctrl Pts',(31.0047420758186,-31.0047420758186,86.3494592515757));
#9723=CARTESIAN_POINT('Ctrl Pts',(31.0047420758186,3.79698581415405E-15,
86.3494592515757));
#9724=CARTESIAN_POINT('Ctrl Pts',(31.0356108840886,3.80076615287818E-15,
85.8430206010089));
#9725=CARTESIAN_POINT('Ctrl Pts',(31.0356108840886,31.0356108840886,85.8430206010089));
#9726=CARTESIAN_POINT('Ctrl Pts',(-3.80076615287818E-15,31.0356108840886,
85.8430206010089));
#9727=CARTESIAN_POINT('Ctrl Pts',(-31.0356108840886,31.0356108840886,85.8430206010089));
#9728=CARTESIAN_POINT('Ctrl Pts',(-31.0356108840886,-3.80076615287818E-15,
85.8430206010089));
#9729=CARTESIAN_POINT('Ctrl Pts',(-31.0356108840886,-31.0356108840886,85.8430206010089));
#9730=CARTESIAN_POINT('Ctrl Pts',(3.80076615287818E-15,-31.0356108840886,
85.8430206010089));
#9731=CARTESIAN_POINT('Ctrl Pts',(31.0356108840886,-31.0356108840886,85.8430206010089));
#9732=CARTESIAN_POINT('Ctrl Pts',(31.0356108840886,3.80076615287818E-15,
85.8430206010089));
#9733=CARTESIAN_POINT('Ctrl Pts',(31.0661783167239,3.80450958373168E-15,
85.3380725525073));
#9734=CARTESIAN_POINT('Ctrl Pts',(31.0661783167239,31.0661783167239,85.3380725525073));
#9735=CARTESIAN_POINT('Ctrl Pts',(-3.80450958373168E-15,31.0661783167239,
85.3380725525073));
#9736=CARTESIAN_POINT('Ctrl Pts',(-31.0661783167239,31.0661783167239,85.3380725525073));
#9737=CARTESIAN_POINT('Ctrl Pts',(-31.0661783167239,-3.80450958373168E-15,
85.3380725525073));
#9738=CARTESIAN_POINT('Ctrl Pts',(-31.0661783167239,-31.0661783167239,85.3380725525073));
#9739=CARTESIAN_POINT('Ctrl Pts',(3.80450958373168E-15,-31.0661783167239,
85.3380725525073));
#9740=CARTESIAN_POINT('Ctrl Pts',(31.0661783167239,-31.0661783167239,85.3380725525073));
#9741=CARTESIAN_POINT('Ctrl Pts',(31.0661783167239,3.80450958373168E-15,
85.3380725525073));
#9742=CARTESIAN_POINT('Ctrl Pts',(31.0964437259308,3.8082160273827E-15,
84.8346325906927));
#9743=CARTESIAN_POINT('Ctrl Pts',(31.0964437259308,31.0964437259308,84.8346325906927));
#9744=CARTESIAN_POINT('Ctrl Pts',(-3.8082160273827E-15,31.0964437259308,
84.8346325906927));
#9745=CARTESIAN_POINT('Ctrl Pts',(-31.0964437259308,31.0964437259308,84.8346325906927));
#9746=CARTESIAN_POINT('Ctrl Pts',(-31.0964437259308,-3.8082160273827E-15,
84.8346325906927));
#9747=CARTESIAN_POINT('Ctrl Pts',(-31.0964437259308,-31.0964437259308,84.8346325906927));
#9748=CARTESIAN_POINT('Ctrl Pts',(3.8082160273827E-15,-31.0964437259308,
84.8346325906927));
#9749=CARTESIAN_POINT('Ctrl Pts',(31.0964437259308,-31.0964437259308,84.8346325906927));
#9750=CARTESIAN_POINT('Ctrl Pts',(31.0964437259308,3.8082160273827E-15,
84.8346325906927));
#9751=CARTESIAN_POINT('Ctrl Pts',(31.1264064624487,3.81188540431972E-15,
84.3327184626083));
#9752=CARTESIAN_POINT('Ctrl Pts',(31.1264064624486,31.1264064624486,84.3327184626083));
#9753=CARTESIAN_POINT('Ctrl Pts',(-3.81188540431972E-15,31.1264064624487,
84.3327184626083));
#9754=CARTESIAN_POINT('Ctrl Pts',(-31.1264064624486,31.1264064624486,84.3327184626083));
#9755=CARTESIAN_POINT('Ctrl Pts',(-31.1264064624487,-3.81188540431972E-15,
84.3327184626083));
#9756=CARTESIAN_POINT('Ctrl Pts',(-31.1264064624486,-31.1264064624486,84.3327184626083));
#9757=CARTESIAN_POINT('Ctrl Pts',(3.81188540431972E-15,-31.1264064624487,
84.3327184626083));
#9758=CARTESIAN_POINT('Ctrl Pts',(31.1264064624486,-31.1264064624486,84.3327184626083));
#9759=CARTESIAN_POINT('Ctrl Pts',(31.1264064624487,3.81188540431972E-15,
84.3327184626083));
#9760=CARTESIAN_POINT('Ctrl Pts',(31.1560658755561,3.81551763485239E-15,
83.8323481855237));
#9761=CARTESIAN_POINT('Ctrl Pts',(31.1560658755561,31.1560658755561,83.8323481855237));
#9762=CARTESIAN_POINT('Ctrl Pts',(-3.81551763485239E-15,31.1560658755561,
83.8323481855237));
#9763=CARTESIAN_POINT('Ctrl Pts',(-31.1560658755561,31.1560658755561,83.8323481855237));
#9764=CARTESIAN_POINT('Ctrl Pts',(-31.1560658755561,-3.81551763485239E-15,
83.8323481855237));
#9765=CARTESIAN_POINT('Ctrl Pts',(-31.1560658755561,-31.1560658755561,83.8323481855237));
#9766=CARTESIAN_POINT('Ctrl Pts',(3.81551763485239E-15,-31.1560658755561,
83.8323481855237));
#9767=CARTESIAN_POINT('Ctrl Pts',(31.1560658755561,-31.1560658755561,83.8323481855237));
#9768=CARTESIAN_POINT('Ctrl Pts',(31.1560658755561,3.81551763485239E-15,
83.8323481855237));
#9769=CARTESIAN_POINT('Ctrl Pts',(31.1854213130786,3.81911263911234E-15,
83.3335400546371));
#9770=CARTESIAN_POINT('Ctrl Pts',(31.1854213130786,31.1854213130786,83.3335400546371));
#9771=CARTESIAN_POINT('Ctrl Pts',(-3.81911263911234E-15,31.1854213130786,
83.3335400546371));
#9772=CARTESIAN_POINT('Ctrl Pts',(-31.1854213130786,31.1854213130786,83.3335400546371));
#9773=CARTESIAN_POINT('Ctrl Pts',(-31.1854213130786,-3.81911263911234E-15,
83.3335400546371));
#9774=CARTESIAN_POINT('Ctrl Pts',(-31.1854213130786,-31.1854213130786,83.3335400546371));
#9775=CARTESIAN_POINT('Ctrl Pts',(3.81911263911234E-15,-31.1854213130786,
83.3335400546371));
#9776=CARTESIAN_POINT('Ctrl Pts',(31.1854213130786,-31.1854213130786,83.3335400546371));
#9777=CARTESIAN_POINT('Ctrl Pts',(31.1854213130786,3.81911263911234E-15,
83.3335400546371));
#9778=CARTESIAN_POINT('Ctrl Pts',(31.2144721213965,3.82267033705425E-15,
82.8363126509729));
#9779=CARTESIAN_POINT('Ctrl Pts',(31.2144721213965,31.2144721213965,82.8363126509729));
#9780=CARTESIAN_POINT('Ctrl Pts',(-3.82267033705425E-15,31.2144721213965,
82.8363126509729));
#9781=CARTESIAN_POINT('Ctrl Pts',(-31.2144721213965,31.2144721213965,82.8363126509729));
#9782=CARTESIAN_POINT('Ctrl Pts',(-31.2144721213965,-3.82267033705425E-15,
82.8363126509729));
#9783=CARTESIAN_POINT('Ctrl Pts',(-31.2144721213965,-31.2144721213965,82.8363126509729));
#9784=CARTESIAN_POINT('Ctrl Pts',(3.82267033705425E-15,-31.2144721213965,
82.8363126509729));
#9785=CARTESIAN_POINT('Ctrl Pts',(31.2144721213965,-31.2144721213965,82.8363126509729));
#9786=CARTESIAN_POINT('Ctrl Pts',(31.2144721213965,3.82267033705425E-15,
82.8363126509729));
#9787=CARTESIAN_POINT('Ctrl Pts',(31.2432176454538,3.82619064845691E-15,
82.3406848510907));
#9788=CARTESIAN_POINT('Ctrl Pts',(31.2432176454538,31.2432176454538,82.3406848510907));
#9789=CARTESIAN_POINT('Ctrl Pts',(-3.82619064845691E-15,31.2432176454538,
82.3406848510907));
#9790=CARTESIAN_POINT('Ctrl Pts',(-31.2432176454538,31.2432176454538,82.3406848510907));
#9791=CARTESIAN_POINT('Ctrl Pts',(-31.2432176454538,-3.82619064845691E-15,
82.3406848510907));
#9792=CARTESIAN_POINT('Ctrl Pts',(-31.2432176454538,-31.2432176454538,82.3406848510907));
#9793=CARTESIAN_POINT('Ctrl Pts',(3.82619064845691E-15,-31.2432176454538,
82.3406848510907));
#9794=CARTESIAN_POINT('Ctrl Pts',(31.2432176454538,-31.2432176454538,82.3406848510907));
#9795=CARTESIAN_POINT('Ctrl Pts',(31.2432176454538,3.82619064845691E-15,
82.3406848510907));
#9796=CARTESIAN_POINT('Ctrl Pts',(31.2716572287691,3.82967349292453E-15,
81.8466758366899));
#9797=CARTESIAN_POINT('Ctrl Pts',(31.2716572287691,31.2716572287691,81.8466758366899));
#9798=CARTESIAN_POINT('Ctrl Pts',(-3.82967349292453E-15,31.2716572287691,
81.8466758366899));
#9799=CARTESIAN_POINT('Ctrl Pts',(-31.2716572287691,31.2716572287691,81.8466758366899));
#9800=CARTESIAN_POINT('Ctrl Pts',(-31.2716572287691,-3.82967349292453E-15,
81.8466758366899));
#9801=CARTESIAN_POINT('Ctrl Pts',(-31.2716572287691,-31.2716572287691,81.8466758366899));
#9802=CARTESIAN_POINT('Ctrl Pts',(3.82967349292453E-15,-31.2716572287691,
81.8466758366899));
#9803=CARTESIAN_POINT('Ctrl Pts',(31.2716572287691,-31.2716572287691,81.8466758366899));
#9804=CARTESIAN_POINT('Ctrl Pts',(31.2716572287691,3.82967349292453E-15,
81.8466758366899));
#9805=CARTESIAN_POINT('Ctrl Pts',(31.2997902134456,3.83311878988798E-15,
81.3543051042053));
#9806=CARTESIAN_POINT('Ctrl Pts',(31.2997902134456,31.2997902134456,81.3543051042053));
#9807=CARTESIAN_POINT('Ctrl Pts',(-3.83311878988798E-15,31.2997902134456,
81.3543051042053));
#9808=CARTESIAN_POINT('Ctrl Pts',(-31.2997902134456,31.2997902134456,81.3543051042053));
#9809=CARTESIAN_POINT('Ctrl Pts',(-31.2997902134456,-3.83311878988798E-15,
81.3543051042053));
#9810=CARTESIAN_POINT('Ctrl Pts',(-31.2997902134456,-31.2997902134456,81.3543051042053));
#9811=CARTESIAN_POINT('Ctrl Pts',(3.83311878988798E-15,-31.2997902134456,
81.3543051042053));
#9812=CARTESIAN_POINT('Ctrl Pts',(31.2997902134456,-31.2997902134456,81.3543051042053));
#9813=CARTESIAN_POINT('Ctrl Pts',(31.2997902134456,3.83311878988798E-15,
81.3543051042053));
#9814=CARTESIAN_POINT('Ctrl Pts',(31.3276159401827,3.83652645860624E-15,
80.8635924745303));
#9815=CARTESIAN_POINT('Ctrl Pts',(31.3276159401827,31.3276159401827,80.8635924745303));
#9816=CARTESIAN_POINT('Ctrl Pts',(-3.83652645860624E-15,31.3276159401827,
80.8635924745303));
#9817=CARTESIAN_POINT('Ctrl Pts',(-31.3276159401827,31.3276159401827,80.8635924745303));
#9818=CARTESIAN_POINT('Ctrl Pts',(-31.3276159401827,-3.83652645860624E-15,
80.8635924745303));
#9819=CARTESIAN_POINT('Ctrl Pts',(-31.3276159401827,-31.3276159401827,80.8635924745303));
#9820=CARTESIAN_POINT('Ctrl Pts',(3.83652645860624E-15,-31.3276159401827,
80.8635924745303));
#9821=CARTESIAN_POINT('Ctrl Pts',(31.3276159401827,-31.3276159401827,80.8635924745303));
#9822=CARTESIAN_POINT('Ctrl Pts',(31.3276159401827,3.83652645860624E-15,
80.8635924745303));
#9823=CARTESIAN_POINT('Ctrl Pts',(31.355133748288,3.8398964181678E-15,80.3745581023806));
#9824=CARTESIAN_POINT('Ctrl Pts',(31.355133748288,31.355133748288,80.3745581023806));
#9825=CARTESIAN_POINT('Ctrl Pts',(-3.8398964181678E-15,31.355133748288,
80.3745581023806));
#9826=CARTESIAN_POINT('Ctrl Pts',(-31.355133748288,31.355133748288,80.3745581023806));
#9827=CARTESIAN_POINT('Ctrl Pts',(-31.355133748288,-3.8398964181678E-15,
80.3745581023806));
#9828=CARTESIAN_POINT('Ctrl Pts',(-31.355133748288,-31.355133748288,80.3745581023806));
#9829=CARTESIAN_POINT('Ctrl Pts',(3.8398964181678E-15,-31.355133748288,
80.3745581023806));
#9830=CARTESIAN_POINT('Ctrl Pts',(31.355133748288,-31.355133748288,80.3745581023806));
#9831=CARTESIAN_POINT('Ctrl Pts',(31.355133748288,3.8398964181678E-15,80.3745581023806));
#9832=CARTESIAN_POINT('Ctrl Pts',(31.3823429756913,3.84322858749248E-15,
79.887222487939));
#9833=CARTESIAN_POINT('Ctrl Pts',(31.3823429756913,31.3823429756913,79.887222487939));
#9834=CARTESIAN_POINT('Ctrl Pts',(-3.84322858749248E-15,31.3823429756913,
79.887222487939));
#9835=CARTESIAN_POINT('Ctrl Pts',(-31.3823429756913,31.3823429756913,79.887222487939));
#9836=CARTESIAN_POINT('Ctrl Pts',(-31.3823429756913,-3.84322858749248E-15,
79.887222487939));
#9837=CARTESIAN_POINT('Ctrl Pts',(-31.3823429756913,-31.3823429756913,79.887222487939));
#9838=CARTESIAN_POINT('Ctrl Pts',(3.84322858749248E-15,-31.3823429756913,
79.887222487939));
#9839=CARTESIAN_POINT('Ctrl Pts',(31.3823429756913,-31.3823429756913,79.887222487939));
#9840=CARTESIAN_POINT('Ctrl Pts',(31.3823429756913,3.84322858749248E-15,
79.887222487939));
#9841=CARTESIAN_POINT('Ctrl Pts',(31.4092429589613,3.84652288533335E-15,
79.4016064892423));
#9842=CARTESIAN_POINT('Ctrl Pts',(31.4092429589613,31.4092429589613,79.4016064892423));
#9843=CARTESIAN_POINT('Ctrl Pts',(-3.84652288533335E-15,31.4092429589613,
79.4016064892423));
#9844=CARTESIAN_POINT('Ctrl Pts',(-31.4092429589613,31.4092429589613,79.4016064892423));
#9845=CARTESIAN_POINT('Ctrl Pts',(-31.4092429589613,-3.84652288533335E-15,
79.4016064892423));
#9846=CARTESIAN_POINT('Ctrl Pts',(-31.4092429589613,-31.4092429589613,79.4016064892423));
#9847=CARTESIAN_POINT('Ctrl Pts',(3.84652288533335E-15,-31.4092429589613,
79.4016064892423));
#9848=CARTESIAN_POINT('Ctrl Pts',(31.4092429589613,-31.4092429589613,79.4016064892423));
#9849=CARTESIAN_POINT('Ctrl Pts',(31.4092429589613,3.84652288533335E-15,
79.4016064892423));
#9850=CARTESIAN_POINT('Ctrl Pts',(31.4358330333211,3.84977923027873E-15,
78.9177313342463));
#9851=CARTESIAN_POINT('Ctrl Pts',(31.4358330333211,31.4358330333211,78.9177313342463));
#9852=CARTESIAN_POINT('Ctrl Pts',(-3.84977923027873E-15,31.4358330333211,
78.9177313342463));
#9853=CARTESIAN_POINT('Ctrl Pts',(-31.4358330333211,31.4358330333211,78.9177313342463));
#9854=CARTESIAN_POINT('Ctrl Pts',(-31.4358330333211,-3.84977923027873E-15,
78.9177313342463));
#9855=CARTESIAN_POINT('Ctrl Pts',(-31.4358330333211,-31.4358330333211,78.9177313342463));
#9856=CARTESIAN_POINT('Ctrl Pts',(3.84977923027873E-15,-31.4358330333211,
78.9177313342463));
#9857=CARTESIAN_POINT('Ctrl Pts',(31.4358330333211,-31.4358330333211,78.9177313342463));
#9858=CARTESIAN_POINT('Ctrl Pts',(31.4358330333211,3.84977923027873E-15,
78.9177313342463));
#9859=CARTESIAN_POINT('Ctrl Pts',(31.4621125326659,3.85299754075431E-15,
78.4356186332041));
#9860=CARTESIAN_POINT('Ctrl Pts',(31.4621125326659,31.4621125326659,78.4356186332041));
#9861=CARTESIAN_POINT('Ctrl Pts',(-3.85299754075431E-15,31.4621125326659,
78.4356186332041));
#9862=CARTESIAN_POINT('Ctrl Pts',(-31.4621125326659,31.4621125326659,78.4356186332041));
#9863=CARTESIAN_POINT('Ctrl Pts',(-31.4621125326659,-3.85299754075431E-15,
78.4356186332041));
#9864=CARTESIAN_POINT('Ctrl Pts',(-31.4621125326659,-31.4621125326659,78.4356186332041));
#9865=CARTESIAN_POINT('Ctrl Pts',(3.85299754075431E-15,-31.4621125326659,
78.4356186332041));
#9866=CARTESIAN_POINT('Ctrl Pts',(31.4621125326659,-31.4621125326659,78.4356186332041));
#9867=CARTESIAN_POINT('Ctrl Pts',(31.4621125326659,3.85299754075431E-15,
78.4356186332041));
#9868=CARTESIAN_POINT('Ctrl Pts',(31.4880807895795,3.85617773502518E-15,
77.9552903904876));
#9869=CARTESIAN_POINT('Ctrl Pts',(31.4880807895795,31.4880807895795,77.9552903904876));
#9870=CARTESIAN_POINT('Ctrl Pts',(-3.85617773502518E-15,31.4880807895795,
77.9552903904876));
#9871=CARTESIAN_POINT('Ctrl Pts',(-31.4880807895795,31.4880807895795,77.9552903904876));
#9872=CARTESIAN_POINT('Ctrl Pts',(-31.4880807895795,-3.85617773502518E-15,
77.9552903904876));
#9873=CARTESIAN_POINT('Ctrl Pts',(-31.4880807895795,-31.4880807895795,77.9552903904876));
#9874=CARTESIAN_POINT('Ctrl Pts',(3.85617773502518E-15,-31.4880807895795,
77.9552903904876));
#9875=CARTESIAN_POINT('Ctrl Pts',(31.4880807895795,-31.4880807895795,77.9552903904876));
#9876=CARTESIAN_POINT('Ctrl Pts',(31.4880807895795,3.85617773502518E-15,
77.9552903904876));
#9877=CARTESIAN_POINT('Ctrl Pts',(31.5137371353549,3.85931973119835E-15,
77.4767690184024));
#9878=CARTESIAN_POINT('Ctrl Pts',(31.5137371353549,31.5137371353549,77.4767690184024));
#9879=CARTESIAN_POINT('Ctrl Pts',(-3.85931973119835E-15,31.5137371353549,
77.4767690184024));
#9880=CARTESIAN_POINT('Ctrl Pts',(-31.5137371353549,31.5137371353549,77.4767690184024));
#9881=CARTESIAN_POINT('Ctrl Pts',(-31.5137371353549,-3.85931973119835E-15,
77.4767690184024));
#9882=CARTESIAN_POINT('Ctrl Pts',(-31.5137371353549,-31.5137371353549,77.4767690184024));
#9883=CARTESIAN_POINT('Ctrl Pts',(3.85931973119835E-15,-31.5137371353549,
77.4767690184024));
#9884=CARTESIAN_POINT('Ctrl Pts',(31.5137371353549,-31.5137371353549,77.4767690184024));
#9885=CARTESIAN_POINT('Ctrl Pts',(31.5137371353549,3.85931973119835E-15,
77.4767690184024));
#9886=CARTESIAN_POINT('Ctrl Pts',(31.5390809000175,3.86242344722559E-15,
77.0000773528966));
#9887=CARTESIAN_POINT('Ctrl Pts',(31.5390809000175,31.5390809000175,77.0000773528966));
#9888=CARTESIAN_POINT('Ctrl Pts',(-3.86242344722559E-15,31.5390809000175,
77.0000773528966));
#9889=CARTESIAN_POINT('Ctrl Pts',(-31.5390809000175,31.5390809000175,77.0000773528966));
#9890=CARTESIAN_POINT('Ctrl Pts',(-31.5390809000175,-3.86242344722559E-15,
77.0000773528966));
#9891=CARTESIAN_POINT('Ctrl Pts',(-31.5390809000175,-31.5390809000175,77.0000773528966));
#9892=CARTESIAN_POINT('Ctrl Pts',(3.86242344722559E-15,-31.5390809000175,
77.0000773528966));
#9893=CARTESIAN_POINT('Ctrl Pts',(31.5390809000175,-31.5390809000175,77.0000773528966));
#9894=CARTESIAN_POINT('Ctrl Pts',(31.5390809000175,3.86242344722559E-15,
77.0000773528966));
#9895=CARTESIAN_POINT('Ctrl Pts',(31.5641114123482,3.86548880090626E-15,
76.5252386686455));
#9896=CARTESIAN_POINT('Ctrl Pts',(31.5641114123481,31.5641114123481,76.5252386686455));
#9897=CARTESIAN_POINT('Ctrl Pts',(-3.86548880090626E-15,31.5641114123482,
76.5252386686455));
#9898=CARTESIAN_POINT('Ctrl Pts',(-31.5641114123481,31.5641114123481,76.5252386686455));
#9899=CARTESIAN_POINT('Ctrl Pts',(-31.5641114123482,-3.86548880090626E-15,
76.5252386686455));
#9900=CARTESIAN_POINT('Ctrl Pts',(-31.5641114123481,-31.5641114123481,76.5252386686455));
#9901=CARTESIAN_POINT('Ctrl Pts',(3.86548880090626E-15,-31.5641114123482,
76.5252386686455));
#9902=CARTESIAN_POINT('Ctrl Pts',(31.5641114123481,-31.5641114123481,76.5252386686455));
#9903=CARTESIAN_POINT('Ctrl Pts',(31.5641114123482,3.86548880090626E-15,
76.5252386686455));
#9904=CARTESIAN_POINT('Ctrl Pts',(31.5888279999074,3.86851570989028E-15,
76.0522766946295));
#9905=CARTESIAN_POINT('Ctrl Pts',(31.5888279999073,31.5888279999073,76.0522766946295));
#9906=CARTESIAN_POINT('Ctrl Pts',(-3.86851570989028E-15,31.5888279999074,
76.0522766946295));
#9907=CARTESIAN_POINT('Ctrl Pts',(-31.5888279999073,31.5888279999073,76.0522766946295));
#9908=CARTESIAN_POINT('Ctrl Pts',(-31.5888279999074,-3.86851570989028E-15,
76.0522766946295));
#9909=CARTESIAN_POINT('Ctrl Pts',(-31.5888279999073,-31.5888279999073,76.0522766946295));
#9910=CARTESIAN_POINT('Ctrl Pts',(3.86851570989028E-15,-31.5888279999074,
76.0522766946295));
#9911=CARTESIAN_POINT('Ctrl Pts',(31.5888279999073,-31.5888279999073,76.0522766946295));
#9912=CARTESIAN_POINT('Ctrl Pts',(31.5888279999074,3.86851570989028E-15,
76.0522766946295));
#9913=CARTESIAN_POINT('Ctrl Pts',(31.6132299890592,3.87150409168104E-15,
75.5812156289552));
#9914=CARTESIAN_POINT('Ctrl Pts',(31.6132299890592,31.6132299890592,75.5812156289552));
#9915=CARTESIAN_POINT('Ctrl Pts',(-3.87150409168104E-15,31.6132299890592,
75.5812156289552));
#9916=CARTESIAN_POINT('Ctrl Pts',(-31.6132299890592,31.6132299890592,75.5812156289552));
#9917=CARTESIAN_POINT('Ctrl Pts',(-31.6132299890592,-3.87150409168104E-15,
75.5812156289552));
#9918=CARTESIAN_POINT('Ctrl Pts',(-31.6132299890592,-31.6132299890592,75.5812156289552));
#9919=CARTESIAN_POINT('Ctrl Pts',(3.87150409168104E-15,-31.6132299890592,
75.5812156289552));
#9920=CARTESIAN_POINT('Ctrl Pts',(31.6132299890592,-31.6132299890592,75.5812156289552));
#9921=CARTESIAN_POINT('Ctrl Pts',(31.6132299890592,3.87150409168104E-15,
75.5812156289552));
#9922=CARTESIAN_POINT('Ctrl Pts',(31.637316704999,3.87445386363881E-15,
75.1120801559279));
#9923=CARTESIAN_POINT('Ctrl Pts',(31.637316704999,31.637316704999,75.1120801559279));
#9924=CARTESIAN_POINT('Ctrl Pts',(-3.87445386363881E-15,31.637316704999,
75.1120801559279));
#9925=CARTESIAN_POINT('Ctrl Pts',(-31.637316704999,31.637316704999,75.1120801559279));
#9926=CARTESIAN_POINT('Ctrl Pts',(-31.637316704999,-3.87445386363881E-15,
75.1120801559279));
#9927=CARTESIAN_POINT('Ctrl Pts',(-31.637316704999,-31.637316704999,75.1120801559279));
#9928=CARTESIAN_POINT('Ctrl Pts',(3.87445386363881E-15,-31.637316704999,
75.1120801559279));
#9929=CARTESIAN_POINT('Ctrl Pts',(31.637316704999,-31.637316704999,75.1120801559279));
#9930=CARTESIAN_POINT('Ctrl Pts',(31.637316704999,3.87445386363881E-15,
75.1120801559279));
#9931=CARTESIAN_POINT('Ctrl Pts',(31.661087471787,3.87736494298483E-15,
74.644895466933));
#9932=CARTESIAN_POINT('Ctrl Pts',(31.661087471787,31.661087471787,74.644895466933));
#9933=CARTESIAN_POINT('Ctrl Pts',(-3.87736494298483E-15,31.661087471787,
74.644895466933));
#9934=CARTESIAN_POINT('Ctrl Pts',(-31.661087471787,31.661087471787,74.644895466933));
#9935=CARTESIAN_POINT('Ctrl Pts',(-31.661087471787,-3.87736494298483E-15,
74.644895466933));
#9936=CARTESIAN_POINT('Ctrl Pts',(-31.661087471787,-31.661087471787,74.644895466933));
#9937=CARTESIAN_POINT('Ctrl Pts',(3.87736494298483E-15,-31.661087471787,
74.644895466933));
#9938=CARTESIAN_POINT('Ctrl Pts',(31.661087471787,-31.661087471787,74.644895466933));
#9939=CARTESIAN_POINT('Ctrl Pts',(31.661087471787,3.87736494298483E-15,
74.644895466933));
#9940=CARTESIAN_POINT('Ctrl Pts',(31.6845416123806,3.88023724680531E-15,
74.1796872803674));
#9941=CARTESIAN_POINT('Ctrl Pts',(31.6845416123806,31.6845416123806,74.1796872803674));
#9942=CARTESIAN_POINT('Ctrl Pts',(-3.88023724680531E-15,31.6845416123806,
74.1796872803674));
#9943=CARTESIAN_POINT('Ctrl Pts',(-31.6845416123806,31.6845416123806,74.1796872803674));
#9944=CARTESIAN_POINT('Ctrl Pts',(-31.6845416123806,-3.88023724680531E-15,
74.1796872803674));
#9945=CARTESIAN_POINT('Ctrl Pts',(-31.6845416123806,-31.6845416123806,74.1796872803674));
#9946=CARTESIAN_POINT('Ctrl Pts',(3.88023724680531E-15,-31.6845416123806,
74.1796872803674));
#9947=CARTESIAN_POINT('Ctrl Pts',(31.6845416123806,-31.6845416123806,74.1796872803674));
#9948=CARTESIAN_POINT('Ctrl Pts',(31.6845416123806,3.88023724680531E-15,
74.1796872803674));
#9949=CARTESIAN_POINT('Ctrl Pts',(31.7076784486691,3.88307069205562E-15,
73.7164818621643));
#9950=CARTESIAN_POINT('Ctrl Pts',(31.7076784486691,31.7076784486691,73.7164818621643));
#9951=CARTESIAN_POINT('Ctrl Pts',(-3.88307069205562E-15,31.7076784486691,
73.7164818621643));
#9952=CARTESIAN_POINT('Ctrl Pts',(-31.7076784486691,31.7076784486691,73.7164818621643));
#9953=CARTESIAN_POINT('Ctrl Pts',(-31.7076784486691,-3.88307069205562E-15,
73.7164818621643));
#9954=CARTESIAN_POINT('Ctrl Pts',(-31.7076784486691,-31.7076784486691,73.7164818621643));
#9955=CARTESIAN_POINT('Ctrl Pts',(3.88307069205562E-15,-31.7076784486691,
73.7164818621643));
#9956=CARTESIAN_POINT('Ctrl Pts',(31.7076784486691,-31.7076784486691,73.7164818621643));
#9957=CARTESIAN_POINT('Ctrl Pts',(31.7076784486691,3.88307069205562E-15,
73.7164818621643));
#9958=CARTESIAN_POINT('Ctrl Pts',(31.7304973015069,3.88586519556441E-15,
73.255306045586));
#9959=CARTESIAN_POINT('Ctrl Pts',(31.7304973015069,31.7304973015069,73.255306045586));
#9960=CARTESIAN_POINT('Ctrl Pts',(-3.88586519556441E-15,31.7304973015069,
73.255306045586));
#9961=CARTESIAN_POINT('Ctrl Pts',(-31.7304973015069,31.7304973015069,73.255306045586));
#9962=CARTESIAN_POINT('Ctrl Pts',(-31.7304973015069,-3.88586519556441E-15,
73.255306045586));
#9963=CARTESIAN_POINT('Ctrl Pts',(-31.7304973015069,-31.7304973015069,73.255306045586));
#9964=CARTESIAN_POINT('Ctrl Pts',(3.88586519556441E-15,-31.7304973015069,
73.255306045586));
#9965=CARTESIAN_POINT('Ctrl Pts',(31.7304973015069,-31.7304973015069,73.255306045586));
#9966=CARTESIAN_POINT('Ctrl Pts',(31.7304973015069,3.88586519556441E-15,
73.255306045586));
#9967=CARTESIAN_POINT('Ctrl Pts',(31.7529974907511,3.88862067403822E-15,
72.7961872529931));
#9968=CARTESIAN_POINT('Ctrl Pts',(31.7529974907511,31.7529974907511,72.7961872529931));
#9969=CARTESIAN_POINT('Ctrl Pts',(-3.88862067403822E-15,31.7529974907511,
72.7961872529931));
#9970=CARTESIAN_POINT('Ctrl Pts',(-31.7529974907511,31.7529974907511,72.7961872529931));
#9971=CARTESIAN_POINT('Ctrl Pts',(-31.7529974907511,-3.88862067403822E-15,
72.7961872529931));
#9972=CARTESIAN_POINT('Ctrl Pts',(-31.7529974907511,-31.7529974907511,72.7961872529931));
#9973=CARTESIAN_POINT('Ctrl Pts',(3.88862067403822E-15,-31.7529974907511,
72.7961872529931));
#9974=CARTESIAN_POINT('Ctrl Pts',(31.7529974907511,-31.7529974907511,72.7961872529931));
#9975=CARTESIAN_POINT('Ctrl Pts',(31.7529974907511,3.88862067403822E-15,
72.7961872529931));
#9976=CARTESIAN_POINT('Ctrl Pts',(31.7751783353066,3.89133704406696E-15,
72.3391535217024));
#9977=CARTESIAN_POINT('Ctrl Pts',(31.7751783353066,31.7751783353066,72.3391535217024));
#9978=CARTESIAN_POINT('Ctrl Pts',(-3.89133704406696E-15,31.7751783353066,
72.3391535217024));
#9979=CARTESIAN_POINT('Ctrl Pts',(-31.7751783353066,31.7751783353066,72.3391535217024));
#9980=CARTESIAN_POINT('Ctrl Pts',(-31.7751783353066,-3.89133704406696E-15,
72.3391535217024));
#9981=CARTESIAN_POINT('Ctrl Pts',(-31.7751783353066,-31.7751783353066,72.3391535217024));
#9982=CARTESIAN_POINT('Ctrl Pts',(3.89133704406696E-15,-31.7751783353066,
72.3391535217024));
#9983=CARTESIAN_POINT('Ctrl Pts',(31.7751783353066,-31.7751783353066,72.3391535217024));
#9984=CARTESIAN_POINT('Ctrl Pts',(31.7751783353066,3.89133704406696E-15,
72.3391535217024));
#9985=CARTESIAN_POINT('Ctrl Pts',(31.79703915317,3.89401422212927E-15,71.8842335287304));
#9986=CARTESIAN_POINT('Ctrl Pts',(31.79703915317,31.79703915317,71.8842335287304));
#9987=CARTESIAN_POINT('Ctrl Pts',(-3.89401422212927E-15,31.79703915317,
71.8842335287304));
#9988=CARTESIAN_POINT('Ctrl Pts',(-31.79703915317,31.79703915317,71.8842335287304));
#9989=CARTESIAN_POINT('Ctrl Pts',(-31.79703915317,-3.89401422212927E-15,
71.8842335287304));
#9990=CARTESIAN_POINT('Ctrl Pts',(-31.79703915317,-31.79703915317,71.8842335287304));
#9991=CARTESIAN_POINT('Ctrl Pts',(3.89401422212927E-15,-31.79703915317,
71.8842335287304));
#9992=CARTESIAN_POINT('Ctrl Pts',(31.79703915317,-31.79703915317,71.8842335287304));
#9993=CARTESIAN_POINT('Ctrl Pts',(31.79703915317,3.89401422212927E-15,71.8842335287304));
#9994=CARTESIAN_POINT('Ctrl Pts',(31.8185792614747,3.89665212459814E-15,
71.4314566165544));
#9995=CARTESIAN_POINT('Ctrl Pts',(31.8185792614747,31.8185792614747,71.4314566165544));
#9996=CARTESIAN_POINT('Ctrl Pts',(-3.89665212459814E-15,31.8185792614747,
71.4314566165544));
#9997=CARTESIAN_POINT('Ctrl Pts',(-31.8185792614747,31.8185792614747,71.4314566165544));
#9998=CARTESIAN_POINT('Ctrl Pts',(-31.8185792614747,-3.89665212459814E-15,
71.4314566165544));
#9999=CARTESIAN_POINT('Ctrl Pts',(-31.8185792614747,-31.8185792614747,71.4314566165544));
#10000=CARTESIAN_POINT('Ctrl Pts',(3.89665212459814E-15,-31.8185792614747,
71.4314566165544));
#10001=CARTESIAN_POINT('Ctrl Pts',(31.8185792614747,-31.8185792614747,71.4314566165544));
#10002=CARTESIAN_POINT('Ctrl Pts',(31.8185792614747,3.89665212459814E-15,
71.4314566165544));
#10003=CARTESIAN_POINT('Ctrl Pts',(31.8397979765362,3.89925066774634E-15,
70.9808528171));
#10004=CARTESIAN_POINT('Ctrl Pts',(31.8397979765361,31.8397979765362,70.9808528171));
#10005=CARTESIAN_POINT('Ctrl Pts',(-3.89925066774634E-15,31.8397979765362,
70.9808528171));
#10006=CARTESIAN_POINT('Ctrl Pts',(-31.8397979765362,31.8397979765361,70.9808528171));
#10007=CARTESIAN_POINT('Ctrl Pts',(-31.8397979765362,-3.89925066774634E-15,
70.9808528171));
#10008=CARTESIAN_POINT('Ctrl Pts',(-31.8397979765361,-31.8397979765362,
70.9808528171));
#10009=CARTESIAN_POINT('Ctrl Pts',(3.89925066774634E-15,-31.8397979765362,
70.9808528171));
#10010=CARTESIAN_POINT('Ctrl Pts',(31.8397979765362,-31.8397979765361,70.9808528171));
#10011=CARTESIAN_POINT('Ctrl Pts',(31.8397979765362,3.89925066774634E-15,
70.9808528171));
#10012=CARTESIAN_POINT('Ctrl Pts',(31.8606946139031,3.90180976775278E-15,
70.5324528813118));
#10013=CARTESIAN_POINT('Ctrl Pts',(31.8606946139031,31.8606946139031,70.5324528813118));
#10014=CARTESIAN_POINT('Ctrl Pts',(-3.90180976775278E-15,31.8606946139031,
70.5324528813118));
#10015=CARTESIAN_POINT('Ctrl Pts',(-31.8606946139031,31.8606946139031,70.5324528813118));
#10016=CARTESIAN_POINT('Ctrl Pts',(-31.8606946139031,-3.90180976775278E-15,
70.5324528813118));
#10017=CARTESIAN_POINT('Ctrl Pts',(-31.8606946139031,-31.8606946139031,
70.5324528813118));
#10018=CARTESIAN_POINT('Ctrl Pts',(3.90180976775278E-15,-31.8606946139031,
70.5324528813118));
#10019=CARTESIAN_POINT('Ctrl Pts',(31.8606946139031,-31.8606946139031,70.5324528813118));
#10020=CARTESIAN_POINT('Ctrl Pts',(31.8606946139031,3.90180976775278E-15,
70.5324528813118));
#10021=CARTESIAN_POINT('Ctrl Pts',(31.8812684884231,3.90432934071047E-15,
70.0862883170777));
#10022=CARTESIAN_POINT('Ctrl Pts',(31.8812684884231,31.8812684884231,70.0862883170777));
#10023=CARTESIAN_POINT('Ctrl Pts',(-3.90432934071047E-15,31.8812684884231,
70.0862883170777));
#10024=CARTESIAN_POINT('Ctrl Pts',(-31.8812684884231,31.8812684884231,70.0862883170777));
#10025=CARTESIAN_POINT('Ctrl Pts',(-31.8812684884231,-3.90432934071047E-15,
70.0862883170777));
#10026=CARTESIAN_POINT('Ctrl Pts',(-31.8812684884231,-31.8812684884231,
70.0862883170777));
#10027=CARTESIAN_POINT('Ctrl Pts',(3.90432934071047E-15,-31.8812684884231,
70.0862883170777));
#10028=CARTESIAN_POINT('Ctrl Pts',(31.8812684884231,-31.8812684884231,70.0862883170777));
#10029=CARTESIAN_POINT('Ctrl Pts',(31.8812684884231,3.90432934071047E-15,
70.0862883170777));
#10030=CARTESIAN_POINT('Ctrl Pts',(31.9015189143038,3.90680930263409E-15,
69.6423914250519));
#10031=CARTESIAN_POINT('Ctrl Pts',(31.9015189143038,31.9015189143038,69.6423914250519));
#10032=CARTESIAN_POINT('Ctrl Pts',(-3.90680930263409E-15,31.9015189143038,
69.6423914250519));
#10033=CARTESIAN_POINT('Ctrl Pts',(-31.9015189143038,31.9015189143038,69.6423914250519));
#10034=CARTESIAN_POINT('Ctrl Pts',(-31.9015189143038,-3.90680930263409E-15,
69.6423914250519));
#10035=CARTESIAN_POINT('Ctrl Pts',(-31.9015189143038,-31.9015189143038,
69.6423914250519));
#10036=CARTESIAN_POINT('Ctrl Pts',(3.90680930263409E-15,-31.9015189143038,
69.6423914250519));
#10037=CARTESIAN_POINT('Ctrl Pts',(31.9015189143038,-31.9015189143038,69.6423914250519));
#10038=CARTESIAN_POINT('Ctrl Pts',(31.9015189143038,3.90680930263409E-15,
69.6423914250519));
#10039=CARTESIAN_POINT('Ctrl Pts',(31.9214452051786,3.90924956946797E-15,
69.2007953356159));
#10040=CARTESIAN_POINT('Ctrl Pts',(31.9214452051786,31.9214452051786,69.2007953356159));
#10041=CARTESIAN_POINT('Ctrl Pts',(-3.90924956946797E-15,31.9214452051786,
69.2007953356159));
#10042=CARTESIAN_POINT('Ctrl Pts',(-31.9214452051786,31.9214452051786,69.2007953356159));
#10043=CARTESIAN_POINT('Ctrl Pts',(-31.9214452051786,-3.90924956946797E-15,
69.2007953356159));
#10044=CARTESIAN_POINT('Ctrl Pts',(-31.9214452051786,-31.9214452051786,
69.2007953356159));
#10045=CARTESIAN_POINT('Ctrl Pts',(3.90924956946797E-15,-31.9214452051786,
69.2007953356159));
#10046=CARTESIAN_POINT('Ctrl Pts',(31.9214452051786,-31.9214452051786,69.2007953356159));
#10047=CARTESIAN_POINT('Ctrl Pts',(31.9214452051786,3.90924956946797E-15,
69.2007953356159));
#10048=CARTESIAN_POINT('Ctrl Pts',(31.9410466741691,3.91165005709374E-15,
68.76153404469));
#10049=CARTESIAN_POINT('Ctrl Pts',(31.9410466741691,31.9410466741691,68.76153404469));
#10050=CARTESIAN_POINT('Ctrl Pts',(-3.91165005709374E-15,31.9410466741691,
68.76153404469));
#10051=CARTESIAN_POINT('Ctrl Pts',(-31.9410466741691,31.9410466741691,68.76153404469));
#10052=CARTESIAN_POINT('Ctrl Pts',(-31.9410466741691,-3.91165005709374E-15,
68.76153404469));
#10053=CARTESIAN_POINT('Ctrl Pts',(-31.9410466741691,-31.9410466741691,
68.76153404469));
#10054=CARTESIAN_POINT('Ctrl Pts',(3.91165005709374E-15,-31.9410466741691,
68.76153404469));
#10055=CARTESIAN_POINT('Ctrl Pts',(31.9410466741691,-31.9410466741691,68.76153404469));
#10056=CARTESIAN_POINT('Ctrl Pts',(31.9410466741691,3.91165005709374E-15,
68.76153404469));
#10057=CARTESIAN_POINT('Ctrl Pts',(31.9603226339577,3.9140106813393E-15,
68.3246424531588));
#10058=CARTESIAN_POINT('Ctrl Pts',(31.9603226339577,31.9603226339577,68.3246424531588));
#10059=CARTESIAN_POINT('Ctrl Pts',(-3.9140106813393E-15,31.9603226339577,
68.3246424531588));
#10060=CARTESIAN_POINT('Ctrl Pts',(-31.9603226339577,31.9603226339577,68.3246424531588));
#10061=CARTESIAN_POINT('Ctrl Pts',(-31.9603226339577,-3.9140106813393E-15,
68.3246424531588));
#10062=CARTESIAN_POINT('Ctrl Pts',(-31.9603226339577,-31.9603226339577,
68.3246424531588));
#10063=CARTESIAN_POINT('Ctrl Pts',(3.9140106813393E-15,-31.9603226339577,
68.3246424531588));
#10064=CARTESIAN_POINT('Ctrl Pts',(31.9603226339577,-31.9603226339577,68.3246424531588));
#10065=CARTESIAN_POINT('Ctrl Pts',(31.9603226339577,3.9140106813393E-15,
68.3246424531588));
#10066=CARTESIAN_POINT('Ctrl Pts',(31.979272396867,3.91633135798844E-15,
67.8901564089455));
#10067=CARTESIAN_POINT('Ctrl Pts',(31.9792723968669,31.9792723968669,67.8901564089455));
#10068=CARTESIAN_POINT('Ctrl Pts',(-3.91633135798844E-15,31.979272396867,
67.8901564089455));
#10069=CARTESIAN_POINT('Ctrl Pts',(-31.9792723968669,31.9792723968669,67.8901564089455));
#10070=CARTESIAN_POINT('Ctrl Pts',(-31.979272396867,-3.91633135798844E-15,
67.8901564089455));
#10071=CARTESIAN_POINT('Ctrl Pts',(-31.9792723968669,-31.9792723968669,
67.8901564089455));
#10072=CARTESIAN_POINT('Ctrl Pts',(3.91633135798844E-15,-31.979272396867,
67.8901564089455));
#10073=CARTESIAN_POINT('Ctrl Pts',(31.9792723968669,-31.9792723968669,67.8901564089455));
#10074=CARTESIAN_POINT('Ctrl Pts',(31.979272396867,3.91633135798844E-15,
67.8901564089455));
#10075=CARTESIAN_POINT('Ctrl Pts',(31.9978952749375,3.91861200279044E-15,
67.4581127478943));
#10076=CARTESIAN_POINT('Ctrl Pts',(31.9978952749375,31.9978952749375,67.4581127478943));
#10077=CARTESIAN_POINT('Ctrl Pts',(-3.91861200279044E-15,31.9978952749375,
67.4581127478943));
#10078=CARTESIAN_POINT('Ctrl Pts',(-31.9978952749375,31.9978952749375,67.4581127478943));
#10079=CARTESIAN_POINT('Ctrl Pts',(-31.9978952749375,-3.91861200279044E-15,
67.4581127478943));
#10080=CARTESIAN_POINT('Ctrl Pts',(-31.9978952749375,-31.9978952749375,
67.4581127478943));
#10081=CARTESIAN_POINT('Ctrl Pts',(3.91861200279044E-15,-31.9978952749375,
67.4581127478943));
#10082=CARTESIAN_POINT('Ctrl Pts',(31.9978952749375,-31.9978952749375,67.4581127478943));
#10083=CARTESIAN_POINT('Ctrl Pts',(31.9978952749375,3.91861200279044E-15,
67.4581127478943));
#10084=CARTESIAN_POINT('Ctrl Pts',(32.0161905800082,3.92085253146987E-15,
67.028549336135));
#10085=CARTESIAN_POINT('Ctrl Pts',(32.0161905800082,32.0161905800082,67.028549336135));
#10086=CARTESIAN_POINT('Ctrl Pts',(-3.92085253146987E-15,32.0161905800082,
67.028549336135));
#10087=CARTESIAN_POINT('Ctrl Pts',(-32.0161905800082,32.0161905800082,67.028549336135));
#10088=CARTESIAN_POINT('Ctrl Pts',(-32.0161905800082,-3.92085253146987E-15,
67.028549336135));
#10089=CARTESIAN_POINT('Ctrl Pts',(-32.0161905800082,-32.0161905800082,
67.028549336135));
#10090=CARTESIAN_POINT('Ctrl Pts',(3.92085253146987E-15,-32.0161905800082,
67.028549336135));
#10091=CARTESIAN_POINT('Ctrl Pts',(32.0161905800082,-32.0161905800082,67.028549336135));
#10092=CARTESIAN_POINT('Ctrl Pts',(32.0161905800082,3.92085253146987E-15,
67.028549336135));
#10093=CARTESIAN_POINT('Ctrl Pts',(32.0341576237937,3.92305285973608E-15,
66.6015051092554));
#10094=CARTESIAN_POINT('Ctrl Pts',(32.0341576237937,32.0341576237937,66.6015051092554));
#10095=CARTESIAN_POINT('Ctrl Pts',(-3.92305285973608E-15,32.0341576237937,
66.6015051092554));
#10096=CARTESIAN_POINT('Ctrl Pts',(-32.0341576237937,32.0341576237937,66.6015051092554));
#10097=CARTESIAN_POINT('Ctrl Pts',(-32.0341576237937,-3.92305285973608E-15,
66.6015051092554));
#10098=CARTESIAN_POINT('Ctrl Pts',(-32.0341576237937,-32.0341576237937,
66.6015051092554));
#10099=CARTESIAN_POINT('Ctrl Pts',(3.92305285973608E-15,-32.0341576237937,
66.6015051092554));
#10100=CARTESIAN_POINT('Ctrl Pts',(32.0341576237937,-32.0341576237937,66.6015051092554));
#10101=CARTESIAN_POINT('Ctrl Pts',(32.0341576237937,3.92305285973608E-15,
66.6015051092554));
#10102=CARTESIAN_POINT('Ctrl Pts',(32.0517957180029,3.9252129032977E-15,
66.1770201450573));
#10103=CARTESIAN_POINT('Ctrl Pts',(32.0517957180028,32.0517957180029,66.1770201450573));
#10104=CARTESIAN_POINT('Ctrl Pts',(-3.9252129032977E-15,32.0517957180029,
66.1770201450573));
#10105=CARTESIAN_POINT('Ctrl Pts',(-32.0517957180029,32.0517957180028,66.1770201450573));
#10106=CARTESIAN_POINT('Ctrl Pts',(-32.0517957180029,-3.9252129032977E-15,
66.1770201450573));
#10107=CARTESIAN_POINT('Ctrl Pts',(-32.0517957180028,-32.0517957180029,
66.1770201450573));
#10108=CARTESIAN_POINT('Ctrl Pts',(3.9252129032977E-15,-32.0517957180029,
66.1770201450573));
#10109=CARTESIAN_POINT('Ctrl Pts',(32.0517957180029,-32.0517957180028,66.1770201450573));
#10110=CARTESIAN_POINT('Ctrl Pts',(32.0517957180029,3.9252129032977E-15,
66.1770201450573));
#10111=CARTESIAN_POINT('Ctrl Pts',(32.0691041744631,3.92733257787792E-15,
65.7551357409306));
#10112=CARTESIAN_POINT('Ctrl Pts',(32.0691041744631,32.0691041744631,65.7551357409306));
#10113=CARTESIAN_POINT('Ctrl Pts',(-3.92733257787792E-15,32.0691041744631,
65.7551357409306));
#10114=CARTESIAN_POINT('Ctrl Pts',(-32.0691041744631,32.0691041744631,65.7551357409306));
#10115=CARTESIAN_POINT('Ctrl Pts',(-32.0691041744631,-3.92733257787792E-15,
65.7551357409306));
#10116=CARTESIAN_POINT('Ctrl Pts',(-32.0691041744631,-32.0691041744631,
65.7551357409306));
#10117=CARTESIAN_POINT('Ctrl Pts',(3.92733257787792E-15,-32.0691041744631,
65.7551357409306));
#10118=CARTESIAN_POINT('Ctrl Pts',(32.0691041744631,-32.0691041744631,65.7551357409306));
#10119=CARTESIAN_POINT('Ctrl Pts',(32.0691041744631,3.92733257787792E-15,
65.7551357409306));
#10120=CARTESIAN_POINT('Ctrl Pts',(32.0860823052437,3.92941179922953E-15,
65.3358944888325));
#10121=CARTESIAN_POINT('Ctrl Pts',(32.0860823052437,32.0860823052437,65.3358944888325));
#10122=CARTESIAN_POINT('Ctrl Pts',(-3.92941179922953E-15,32.0860823052437,
65.3358944888325));
#10123=CARTESIAN_POINT('Ctrl Pts',(-32.0860823052437,32.0860823052437,65.3358944888325));
#10124=CARTESIAN_POINT('Ctrl Pts',(-32.0860823052437,-3.92941179922953E-15,
65.3358944888325));
#10125=CARTESIAN_POINT('Ctrl Pts',(-32.0860823052437,-32.0860823052437,
65.3358944888325));
#10126=CARTESIAN_POINT('Ctrl Pts',(3.92941179922953E-15,-32.0860823052437,
65.3358944888325));
#10127=CARTESIAN_POINT('Ctrl Pts',(32.0860823052437,-32.0860823052437,65.3358944888325));
#10128=CARTESIAN_POINT('Ctrl Pts',(32.0860823052437,3.92941179922953E-15,
65.3358944888325));
#10129=CARTESIAN_POINT('Ctrl Pts',(32.1027294227807,3.93145048315019E-15,
64.9193403531231));
#10130=CARTESIAN_POINT('Ctrl Pts',(32.1027294227807,32.1027294227807,64.9193403531231));
#10131=CARTESIAN_POINT('Ctrl Pts',(-3.93145048315019E-15,32.1027294227807,
64.9193403531231));
#10132=CARTESIAN_POINT('Ctrl Pts',(-32.1027294227807,32.1027294227807,64.9193403531231));
#10133=CARTESIAN_POINT('Ctrl Pts',(-32.1027294227807,-3.93145048315019E-15,
64.9193403531231));
#10134=CARTESIAN_POINT('Ctrl Pts',(-32.1027294227807,-32.1027294227807,
64.9193403531231));
#10135=CARTESIAN_POINT('Ctrl Pts',(3.93145048315019E-15,-32.1027294227807,
64.9193403531231));
#10136=CARTESIAN_POINT('Ctrl Pts',(32.1027294227807,-32.1027294227807,64.9193403531231));
#10137=CARTESIAN_POINT('Ctrl Pts',(32.1027294227807,3.93145048315019E-15,
64.9193403531231));
#10138=CARTESIAN_POINT('Ctrl Pts',(32.119044840001,3.93344854549776E-15,
64.505518741467));
#10139=CARTESIAN_POINT('Ctrl Pts',(32.119044840001,32.119044840001,64.505518741467));
#10140=CARTESIAN_POINT('Ctrl Pts',(-3.93344854549776E-15,32.119044840001,
64.505518741467));
#10141=CARTESIAN_POINT('Ctrl Pts',(-32.119044840001,32.119044840001,64.505518741467));
#10142=CARTESIAN_POINT('Ctrl Pts',(-32.119044840001,-3.93344854549776E-15,
64.505518741467));
#10143=CARTESIAN_POINT('Ctrl Pts',(-32.119044840001,-32.119044840001,64.505518741467));
#10144=CARTESIAN_POINT('Ctrl Pts',(3.93344854549776E-15,-32.119044840001,
64.505518741467));
#10145=CARTESIAN_POINT('Ctrl Pts',(32.119044840001,-32.119044840001,64.505518741467));
#10146=CARTESIAN_POINT('Ctrl Pts',(32.119044840001,3.93344854549776E-15,
64.505518741467));
#10147=CARTESIAN_POINT('Ctrl Pts',(32.1350278704481,3.93540590220553E-15,
64.0944765617478));
#10148=CARTESIAN_POINT('Ctrl Pts',(32.1350278704481,32.1350278704481,64.0944765617478));
#10149=CARTESIAN_POINT('Ctrl Pts',(-3.93540590220553E-15,32.1350278704481,
64.0944765617478));
#10150=CARTESIAN_POINT('Ctrl Pts',(-32.1350278704481,32.1350278704481,64.0944765617478));
#10151=CARTESIAN_POINT('Ctrl Pts',(-32.1350278704481,-3.93540590220553E-15,
64.0944765617478));
#10152=CARTESIAN_POINT('Ctrl Pts',(-32.1350278704481,-32.1350278704481,
64.0944765617478));
#10153=CARTESIAN_POINT('Ctrl Pts',(3.93540590220553E-15,-32.1350278704481,
64.0944765617478));
#10154=CARTESIAN_POINT('Ctrl Pts',(32.1350278704481,-32.1350278704481,64.0944765617478));
#10155=CARTESIAN_POINT('Ctrl Pts',(32.1350278704481,3.93540590220553E-15,
64.0944765617478));
#10156=CARTESIAN_POINT('Ctrl Pts',(32.1506778284044,3.93732246929733E-15,
63.6862622794223));
#10157=CARTESIAN_POINT('Ctrl Pts',(32.1506778284044,32.1506778284044,63.6862622794223));
#10158=CARTESIAN_POINT('Ctrl Pts',(-3.93732246929733E-15,32.1506778284044,
63.6862622794223));
#10159=CARTESIAN_POINT('Ctrl Pts',(-32.1506778284044,32.1506778284044,63.6862622794223));
#10160=CARTESIAN_POINT('Ctrl Pts',(-32.1506778284044,-3.93732246929733E-15,
63.6862622794223));
#10161=CARTESIAN_POINT('Ctrl Pts',(-32.1506778284044,-32.1506778284044,
63.6862622794223));
#10162=CARTESIAN_POINT('Ctrl Pts',(3.93732246929733E-15,-32.1506778284044,
63.6862622794223));
#10163=CARTESIAN_POINT('Ctrl Pts',(32.1506778284044,-32.1506778284044,63.6862622794223));
#10164=CARTESIAN_POINT('Ctrl Pts',(32.1506778284044,3.93732246929733E-15,
63.6862622794223));
#10165=CARTESIAN_POINT('Ctrl Pts',(32.1659940290219,3.93919816290345E-15,
63.2809259796076));
#10166=CARTESIAN_POINT('Ctrl Pts',(32.1659940290219,32.1659940290219,63.2809259796076));
#10167=CARTESIAN_POINT('Ctrl Pts',(-3.93919816290345E-15,32.1659940290219,
63.2809259796076));
#10168=CARTESIAN_POINT('Ctrl Pts',(-32.1659940290219,32.1659940290219,63.2809259796076));
#10169=CARTESIAN_POINT('Ctrl Pts',(-32.1659940290219,-3.93919816290345E-15,
63.2809259796076));
#10170=CARTESIAN_POINT('Ctrl Pts',(-32.1659940290219,-32.1659940290219,
63.2809259796076));
#10171=CARTESIAN_POINT('Ctrl Pts',(3.93919816290345E-15,-32.1659940290219,
63.2809259796076));
#10172=CARTESIAN_POINT('Ctrl Pts',(32.1659940290219,-32.1659940290219,63.2809259796076));
#10173=CARTESIAN_POINT('Ctrl Pts',(32.1659940290219,3.93919816290345E-15,
63.2809259796076));
#10174=CARTESIAN_POINT('Ctrl Pts',(32.1809757884361,3.94103289927468E-15,
62.8785194143828));
#10175=CARTESIAN_POINT('Ctrl Pts',(32.1809757884361,32.1809757884361,62.8785194143828));
#10176=CARTESIAN_POINT('Ctrl Pts',(-3.94103289927468E-15,32.1809757884361,
62.8785194143828));
#10177=CARTESIAN_POINT('Ctrl Pts',(-32.1809757884361,32.1809757884361,62.8785194143828));
#10178=CARTESIAN_POINT('Ctrl Pts',(-32.1809757884361,-3.94103289927468E-15,
62.8785194143828));
#10179=CARTESIAN_POINT('Ctrl Pts',(-32.1809757884361,-32.1809757884361,
62.8785194143828));
#10180=CARTESIAN_POINT('Ctrl Pts',(3.94103289927468E-15,-32.1809757884361,
62.8785194143828));
#10181=CARTESIAN_POINT('Ctrl Pts',(32.1809757884361,-32.1809757884361,62.8785194143828));
#10182=CARTESIAN_POINT('Ctrl Pts',(32.1809757884361,3.94103289927468E-15,
62.8785194143828));
#10183=CARTESIAN_POINT('Ctrl Pts',(32.1956224240254,3.94282659481395E-15,
62.4790961879782));
#10184=CARTESIAN_POINT('Ctrl Pts',(32.1956224240254,32.1956224240254,62.4790961879782));
#10185=CARTESIAN_POINT('Ctrl Pts',(-3.94282659481395E-15,32.1956224240254,
62.4790961879782));
#10186=CARTESIAN_POINT('Ctrl Pts',(-32.1956224240254,32.1956224240254,62.4790961879782));
#10187=CARTESIAN_POINT('Ctrl Pts',(-32.1956224240254,-3.94282659481395E-15,
62.4790961879782));
#10188=CARTESIAN_POINT('Ctrl Pts',(-32.1956224240254,-32.1956224240254,
62.4790961879782));
#10189=CARTESIAN_POINT('Ctrl Pts',(3.94282659481395E-15,-32.1956224240254,
62.4790961879782));
#10190=CARTESIAN_POINT('Ctrl Pts',(32.1956224240254,-32.1956224240254,62.4790961879782));
#10191=CARTESIAN_POINT('Ctrl Pts',(32.1956224240254,3.94282659481395E-15,
62.4790961879782));
#10192=CARTESIAN_POINT('Ctrl Pts',(32.2099332546996,3.94457916611177E-15,
62.0827119717877));
#10193=CARTESIAN_POINT('Ctrl Pts',(32.2099332546996,32.2099332546996,62.0827119717877));
#10194=CARTESIAN_POINT('Ctrl Pts',(-3.94457916611177E-15,32.2099332546996,
62.0827119717877));
#10195=CARTESIAN_POINT('Ctrl Pts',(-32.2099332546996,32.2099332546996,62.0827119717877));
#10196=CARTESIAN_POINT('Ctrl Pts',(-32.2099332546996,-3.94457916611177E-15,
62.0827119717877));
#10197=CARTESIAN_POINT('Ctrl Pts',(-32.2099332546996,-32.2099332546996,
62.0827119717877));
#10198=CARTESIAN_POINT('Ctrl Pts',(3.94457916611177E-15,-32.2099332546996,
62.0827119717877));
#10199=CARTESIAN_POINT('Ctrl Pts',(32.2099332546996,-32.2099332546996,62.0827119717877));
#10200=CARTESIAN_POINT('Ctrl Pts',(32.2099332546996,3.94457916611177E-15,
62.0827119717877));
#10201=CARTESIAN_POINT('Ctrl Pts',(32.2239076011707,3.94629052997938E-15,
61.6894246975075));
#10202=CARTESIAN_POINT('Ctrl Pts',(32.2239076011707,32.2239076011707,61.6894246975075));
#10203=CARTESIAN_POINT('Ctrl Pts',(-3.94629052997938E-15,32.2239076011707,
61.6894246975075));
#10204=CARTESIAN_POINT('Ctrl Pts',(-32.2239076011707,32.2239076011707,61.6894246975075));
#10205=CARTESIAN_POINT('Ctrl Pts',(-32.2239076011707,-3.94629052997938E-15,
61.6894246975075));
#10206=CARTESIAN_POINT('Ctrl Pts',(-32.2239076011707,-32.2239076011707,
61.6894246975075));
#10207=CARTESIAN_POINT('Ctrl Pts',(3.94629052997938E-15,-32.2239076011707,
61.6894246975075));
#10208=CARTESIAN_POINT('Ctrl Pts',(32.2239076011707,-32.2239076011707,61.6894246975075));
#10209=CARTESIAN_POINT('Ctrl Pts',(32.2239076011707,3.94629052997938E-15,
61.6894246975075));
#10210=CARTESIAN_POINT('Ctrl Pts',(32.2375447862536,3.94796060348549E-15,
61.2992947871821));
#10211=CARTESIAN_POINT('Ctrl Pts',(32.2375447862536,32.2375447862536,61.2992947871821));
#10212=CARTESIAN_POINT('Ctrl Pts',(-3.94796060348549E-15,32.2375447862536,
61.2992947871821));
#10213=CARTESIAN_POINT('Ctrl Pts',(-32.2375447862536,32.2375447862536,61.2992947871821));
#10214=CARTESIAN_POINT('Ctrl Pts',(-32.2375447862536,-3.94796060348549E-15,
61.2992947871821));
#10215=CARTESIAN_POINT('Ctrl Pts',(-32.2375447862536,-32.2375447862536,
61.2992947871821));
#10216=CARTESIAN_POINT('Ctrl Pts',(3.94796060348549E-15,-32.2375447862536,
61.2992947871821));
#10217=CARTESIAN_POINT('Ctrl Pts',(32.2375447862536,-32.2375447862536,61.2992947871821));
#10218=CARTESIAN_POINT('Ctrl Pts',(32.2375447862536,3.94796060348549E-15,
61.2992947871821));
#10219=CARTESIAN_POINT('Ctrl Pts',(32.2508441350642,3.94958930398066E-15,
60.9123852502109));
#10220=CARTESIAN_POINT('Ctrl Pts',(32.2508441350642,32.2508441350642,60.9123852502109));
#10221=CARTESIAN_POINT('Ctrl Pts',(-3.94958930398066E-15,32.2508441350642,
60.9123852502109));
#10222=CARTESIAN_POINT('Ctrl Pts',(-32.2508441350642,32.2508441350642,60.9123852502109));
#10223=CARTESIAN_POINT('Ctrl Pts',(-32.2508441350642,-3.94958930398066E-15,
60.9123852502109));
#10224=CARTESIAN_POINT('Ctrl Pts',(-32.2508441350642,-32.2508441350642,
60.9123852502109));
#10225=CARTESIAN_POINT('Ctrl Pts',(3.94958930398066E-15,-32.2508441350642,
60.9123852502109));
#10226=CARTESIAN_POINT('Ctrl Pts',(32.2508441350642,-32.2508441350642,60.9123852502109));
#10227=CARTESIAN_POINT('Ctrl Pts',(32.2508441350642,3.94958930398066E-15,
60.9123852502109));
#10228=CARTESIAN_POINT('Ctrl Pts',(32.2638049751067,3.95117654910789E-15,
60.5287616393899));
#10229=CARTESIAN_POINT('Ctrl Pts',(32.2638049751067,32.2638049751067,60.5287616393899));
#10230=CARTESIAN_POINT('Ctrl Pts',(-3.95117654910789E-15,32.2638049751067,
60.5287616393899));
#10231=CARTESIAN_POINT('Ctrl Pts',(-32.2638049751067,32.2638049751067,60.5287616393899));
#10232=CARTESIAN_POINT('Ctrl Pts',(-32.2638049751067,-3.95117654910789E-15,
60.5287616393899));
#10233=CARTESIAN_POINT('Ctrl Pts',(-32.2638049751067,-32.2638049751067,
60.5287616393899));
#10234=CARTESIAN_POINT('Ctrl Pts',(3.95117654910789E-15,-32.2638049751067,
60.5287616393899));
#10235=CARTESIAN_POINT('Ctrl Pts',(32.2638049751067,-32.2638049751067,60.5287616393899));
#10236=CARTESIAN_POINT('Ctrl Pts',(32.2638049751067,3.95117654910789E-15,
60.5287616393899));
#10237=CARTESIAN_POINT('Ctrl Pts',(32.2764266364258,3.95272225682132E-15,
60.148492081217));
#10238=CARTESIAN_POINT('Ctrl Pts',(32.2764266364258,32.2764266364258,60.148492081217));
#10239=CARTESIAN_POINT('Ctrl Pts',(-3.95272225682132E-15,32.2764266364258,
60.148492081217));
#10240=CARTESIAN_POINT('Ctrl Pts',(-32.2764266364258,32.2764266364258,60.148492081217));
#10241=CARTESIAN_POINT('Ctrl Pts',(-32.2764266364258,-3.95272225682132E-15,
60.148492081217));
#10242=CARTESIAN_POINT('Ctrl Pts',(-32.2764266364258,-32.2764266364258,
60.148492081217));
#10243=CARTESIAN_POINT('Ctrl Pts',(3.95272225682132E-15,-32.2764266364258,
60.148492081217));
#10244=CARTESIAN_POINT('Ctrl Pts',(32.2764266364258,-32.2764266364258,60.148492081217));
#10245=CARTESIAN_POINT('Ctrl Pts',(32.2764266364258,3.95272225682132E-15,
60.148492081217));
#10246=CARTESIAN_POINT('Ctrl Pts',(32.2887084516575,3.95422634539244E-15,
59.7716471960999));
#10247=CARTESIAN_POINT('Ctrl Pts',(32.2887084516575,32.2887084516575,59.7716471960999));
#10248=CARTESIAN_POINT('Ctrl Pts',(-3.95422634539244E-15,32.2887084516575,
59.7716471960999));
#10249=CARTESIAN_POINT('Ctrl Pts',(-32.2887084516575,32.2887084516575,59.7716471960999));
#10250=CARTESIAN_POINT('Ctrl Pts',(-32.2887084516575,-3.95422634539244E-15,
59.7716471960999));
#10251=CARTESIAN_POINT('Ctrl Pts',(-32.2887084516575,-32.2887084516575,
59.7716471960999));
#10252=CARTESIAN_POINT('Ctrl Pts',(3.95422634539244E-15,-32.2887084516575,
59.7716471960999));
#10253=CARTESIAN_POINT('Ctrl Pts',(32.2887084516575,-32.2887084516575,59.7716471960999));
#10254=CARTESIAN_POINT('Ctrl Pts',(32.2887084516575,3.95422634539244E-15,
59.7716471960999));
#10255=CARTESIAN_POINT('Ctrl Pts',(32.3006497563823,3.95568873345333E-15,
59.3983003369546));
#10256=CARTESIAN_POINT('Ctrl Pts',(32.3006497563823,32.3006497563823,59.3983003369546));
#10257=CARTESIAN_POINT('Ctrl Pts',(-3.95568873345333E-15,32.3006497563823,
59.3983003369546));
#10258=CARTESIAN_POINT('Ctrl Pts',(-32.3006497563823,32.3006497563823,59.3983003369546));
#10259=CARTESIAN_POINT('Ctrl Pts',(-32.3006497563823,-3.95568873345333E-15,
59.3983003369546));
#10260=CARTESIAN_POINT('Ctrl Pts',(-32.3006497563823,-32.3006497563823,
59.3983003369546));
#10261=CARTESIAN_POINT('Ctrl Pts',(3.95568873345333E-15,-32.3006497563823,
59.3983003369546));
#10262=CARTESIAN_POINT('Ctrl Pts',(32.3006497563823,-32.3006497563823,59.3983003369546));
#10263=CARTESIAN_POINT('Ctrl Pts',(32.3006497563823,3.95568873345333E-15,
59.3983003369546));
#10264=CARTESIAN_POINT('Ctrl Pts',(32.312249890102,3.95710934011629E-15,
59.0285284875623));
#10265=CARTESIAN_POINT('Ctrl Pts',(32.312249890102,32.312249890102,59.0285284875623));
#10266=CARTESIAN_POINT('Ctrl Pts',(-3.95710934011629E-15,32.312249890102,
59.0285284875623));
#10267=CARTESIAN_POINT('Ctrl Pts',(-32.312249890102,32.312249890102,59.0285284875623));
#10268=CARTESIAN_POINT('Ctrl Pts',(-32.312249890102,-3.95710934011629E-15,
59.0285284875623));
#10269=CARTESIAN_POINT('Ctrl Pts',(-32.312249890102,-32.312249890102,59.0285284875623));
#10270=CARTESIAN_POINT('Ctrl Pts',(3.95710934011629E-15,-32.312249890102,
59.0285284875623));
#10271=CARTESIAN_POINT('Ctrl Pts',(32.312249890102,-32.312249890102,59.0285284875623));
#10272=CARTESIAN_POINT('Ctrl Pts',(32.312249890102,3.95710934011629E-15,
59.0285284875623));
#10273=CARTESIAN_POINT('Ctrl Pts',(32.3235081970302,3.95848808507062E-15,
58.6624129567716));
#10274=CARTESIAN_POINT('Ctrl Pts',(32.3235081970301,32.3235081970302,58.6624129567716));
#10275=CARTESIAN_POINT('Ctrl Pts',(-3.95848808507062E-15,32.3235081970302,
58.6624129567716));
#10276=CARTESIAN_POINT('Ctrl Pts',(-32.3235081970302,32.3235081970301,58.6624129567716));
#10277=CARTESIAN_POINT('Ctrl Pts',(-32.3235081970302,-3.95848808507062E-15,
58.6624129567716));
#10278=CARTESIAN_POINT('Ctrl Pts',(-32.3235081970301,-32.3235081970302,
58.6624129567716));
#10279=CARTESIAN_POINT('Ctrl Pts',(3.95848808507062E-15,-32.3235081970302,
58.6624129567716));
#10280=CARTESIAN_POINT('Ctrl Pts',(32.3235081970302,-32.3235081970301,58.6624129567716));
#10281=CARTESIAN_POINT('Ctrl Pts',(32.3235081970302,3.95848808507062E-15,
58.6624129567716));
#10282=CARTESIAN_POINT('Ctrl Pts',(32.3344240270779,3.95982488870342E-15,
58.3000402936128));
#10283=CARTESIAN_POINT('Ctrl Pts',(32.3344240270778,32.3344240270778,58.3000402936128));
#10284=CARTESIAN_POINT('Ctrl Pts',(-3.95982488870342E-15,32.3344240270779,
58.3000402936128));
#10285=CARTESIAN_POINT('Ctrl Pts',(-32.3344240270778,32.3344240270778,58.3000402936128));
#10286=CARTESIAN_POINT('Ctrl Pts',(-32.3344240270779,-3.95982488870342E-15,
58.3000402936128));
#10287=CARTESIAN_POINT('Ctrl Pts',(-32.3344240270778,-32.3344240270778,
58.3000402936128));
#10288=CARTESIAN_POINT('Ctrl Pts',(3.95982488870342E-15,-32.3344240270779,
58.3000402936128));
#10289=CARTESIAN_POINT('Ctrl Pts',(32.3344240270778,-32.3344240270778,58.3000402936128));
#10290=CARTESIAN_POINT('Ctrl Pts',(32.3344240270779,3.95982488870342E-15,
58.3000402936128));
#10291=CARTESIAN_POINT('Ctrl Pts',(32.3449967363517,3.96111967216047E-15,
57.9415026394569));
#10292=CARTESIAN_POINT('Ctrl Pts',(32.3449967363517,32.3449967363517,57.9415026394569));
#10293=CARTESIAN_POINT('Ctrl Pts',(-3.96111967216047E-15,32.3449967363517,
57.9415026394569));
#10294=CARTESIAN_POINT('Ctrl Pts',(-32.3449967363517,32.3449967363517,57.9415026394569));
#10295=CARTESIAN_POINT('Ctrl Pts',(-32.3449967363517,-3.96111967216047E-15,
57.9415026394569));
#10296=CARTESIAN_POINT('Ctrl Pts',(-32.3449967363517,-32.3449967363517,
57.9415026394569));
#10297=CARTESIAN_POINT('Ctrl Pts',(3.96111967216047E-15,-32.3449967363517,
57.9415026394569));
#10298=CARTESIAN_POINT('Ctrl Pts',(32.3449967363517,-32.3449967363517,57.9415026394569));
#10299=CARTESIAN_POINT('Ctrl Pts',(32.3449967363517,3.96111967216047E-15,
57.9415026394569));
#10300=CARTESIAN_POINT('Ctrl Pts',(32.3552256863819,3.96237235725178E-15,
57.5868966270106));
#10301=CARTESIAN_POINT('Ctrl Pts',(32.3552256863819,32.3552256863819,57.5868966270106));
#10302=CARTESIAN_POINT('Ctrl Pts',(-3.96237235725178E-15,32.3552256863819,
57.5868966270106));
#10303=CARTESIAN_POINT('Ctrl Pts',(-32.3552256863819,32.3552256863819,57.5868966270106));
#10304=CARTESIAN_POINT('Ctrl Pts',(-32.3552256863819,-3.96237235725178E-15,
57.5868966270106));
#10305=CARTESIAN_POINT('Ctrl Pts',(-32.3552256863819,-32.3552256863819,
57.5868966270106));
#10306=CARTESIAN_POINT('Ctrl Pts',(3.96237235725178E-15,-32.3552256863819,
57.5868966270106));
#10307=CARTESIAN_POINT('Ctrl Pts',(32.3552256863819,-32.3552256863819,57.5868966270106));
#10308=CARTESIAN_POINT('Ctrl Pts',(32.3552256863819,3.96237235725178E-15,
57.5868966270106));
#10309=CARTESIAN_POINT('Ctrl Pts',(32.3651102438417,3.9635828664172E-15,
57.236322827802));
#10310=CARTESIAN_POINT('Ctrl Pts',(32.3651102438417,32.3651102438417,57.236322827802));
#10311=CARTESIAN_POINT('Ctrl Pts',(-3.9635828664172E-15,32.3651102438417,
57.236322827802));
#10312=CARTESIAN_POINT('Ctrl Pts',(-32.3651102438417,32.3651102438417,57.236322827802));
#10313=CARTESIAN_POINT('Ctrl Pts',(-32.3651102438417,-3.9635828664172E-15,
57.236322827802));
#10314=CARTESIAN_POINT('Ctrl Pts',(-32.3651102438417,-32.3651102438417,
57.236322827802));
#10315=CARTESIAN_POINT('Ctrl Pts',(3.9635828664172E-15,-32.3651102438417,
57.236322827802));
#10316=CARTESIAN_POINT('Ctrl Pts',(32.3651102438417,-32.3651102438417,57.236322827802));
#10317=CARTESIAN_POINT('Ctrl Pts',(32.3651102438417,3.9635828664172E-15,
57.236322827802));
#10318=CARTESIAN_POINT('Ctrl Pts',(32.3746497795429,3.96475112260338E-15,
56.8898844048364));
#10319=CARTESIAN_POINT('Ctrl Pts',(32.3746497795429,32.3746497795429,56.8898844048364));
#10320=CARTESIAN_POINT('Ctrl Pts',(-3.96475112260338E-15,32.3746497795429,
56.8898844048364));
#10321=CARTESIAN_POINT('Ctrl Pts',(-32.3746497795429,32.3746497795429,56.8898844048364));
#10322=CARTESIAN_POINT('Ctrl Pts',(-32.3746497795429,-3.96475112260338E-15,
56.8898844048364));
#10323=CARTESIAN_POINT('Ctrl Pts',(-32.3746497795429,-32.3746497795429,
56.8898844048364));
#10324=CARTESIAN_POINT('Ctrl Pts',(3.96475112260338E-15,-32.3746497795429,
56.8898844048364));
#10325=CARTESIAN_POINT('Ctrl Pts',(32.3746497795429,-32.3746497795429,56.8898844048364));
#10326=CARTESIAN_POINT('Ctrl Pts',(32.3746497795429,3.96475112260338E-15,
56.8898844048364));
#10327=CARTESIAN_POINT('Ctrl Pts',(32.3838436697199,3.96587704942107E-15,
56.5476882606236));
#10328=CARTESIAN_POINT('Ctrl Pts',(32.3838436697199,32.3838436697199,56.5476882606236));
#10329=CARTESIAN_POINT('Ctrl Pts',(-3.96587704942107E-15,32.3838436697199,
56.5476882606236));
#10330=CARTESIAN_POINT('Ctrl Pts',(-32.3838436697199,32.3838436697199,56.5476882606236));
#10331=CARTESIAN_POINT('Ctrl Pts',(-32.3838436697199,-3.96587704942107E-15,
56.5476882606236));
#10332=CARTESIAN_POINT('Ctrl Pts',(-32.3838436697199,-32.3838436697199,
56.5476882606236));
#10333=CARTESIAN_POINT('Ctrl Pts',(3.96587704942107E-15,-32.3838436697199,
56.5476882606236));
#10334=CARTESIAN_POINT('Ctrl Pts',(32.3838436697199,-32.3838436697199,56.5476882606236));
#10335=CARTESIAN_POINT('Ctrl Pts',(32.3838436697199,3.96587704942107E-15,
56.5476882606236));
#10336=CARTESIAN_POINT('Ctrl Pts',(32.3926913007014,3.96696057171723E-15,
56.2098498889415));
#10337=CARTESIAN_POINT('Ctrl Pts',(32.3926913007014,32.3926913007014,56.2098498889415));
#10338=CARTESIAN_POINT('Ctrl Pts',(-3.96696057171723E-15,32.3926913007014,
56.2098498889415));
#10339=CARTESIAN_POINT('Ctrl Pts',(-32.3926913007014,32.3926913007014,56.2098498889415));
#10340=CARTESIAN_POINT('Ctrl Pts',(-32.3926913007014,-3.96696057171723E-15,
56.2098498889415));
#10341=CARTESIAN_POINT('Ctrl Pts',(-32.3926913007014,-32.3926913007014,
56.2098498889415));
#10342=CARTESIAN_POINT('Ctrl Pts',(3.96696057171723E-15,-32.3926913007014,
56.2098498889415));
#10343=CARTESIAN_POINT('Ctrl Pts',(32.3926913007014,-32.3926913007014,56.2098498889415));
#10344=CARTESIAN_POINT('Ctrl Pts',(32.3926913007014,3.96696057171723E-15,
56.2098498889415));
#10345=CARTESIAN_POINT('Ctrl Pts',(32.4011920721167,3.96800161596764E-15,
55.8764966068519));
#10346=CARTESIAN_POINT('Ctrl Pts',(32.4011920721167,32.4011920721167,55.8764966068519));
#10347=CARTESIAN_POINT('Ctrl Pts',(-3.96800161596764E-15,32.4011920721167,
55.8764966068519));
#10348=CARTESIAN_POINT('Ctrl Pts',(-32.4011920721167,32.4011920721167,55.8764966068519));
#10349=CARTESIAN_POINT('Ctrl Pts',(-32.4011920721167,-3.96800161596764E-15,
55.8764966068519));
#10350=CARTESIAN_POINT('Ctrl Pts',(-32.4011920721167,-32.4011920721167,
55.8764966068519));
#10351=CARTESIAN_POINT('Ctrl Pts',(3.96800161596764E-15,-32.4011920721167,
55.8764966068519));
#10352=CARTESIAN_POINT('Ctrl Pts',(32.4011920721167,-32.4011920721167,55.8764966068519));
#10353=CARTESIAN_POINT('Ctrl Pts',(32.4011920721167,3.96800161596764E-15,
55.8764966068519));
#10354=CARTESIAN_POINT('Ctrl Pts',(32.4093454021663,3.9690001109224E-15,
55.5477730876841));
#10355=CARTESIAN_POINT('Ctrl Pts',(32.4093454021663,32.4093454021663,55.5477730876841));
#10356=CARTESIAN_POINT('Ctrl Pts',(-3.9690001109224E-15,32.4093454021663,
55.5477730876841));
#10357=CARTESIAN_POINT('Ctrl Pts',(-32.4093454021663,32.4093454021663,55.5477730876841));
#10358=CARTESIAN_POINT('Ctrl Pts',(-32.4093454021663,-3.9690001109224E-15,
55.5477730876841));
#10359=CARTESIAN_POINT('Ctrl Pts',(-32.4093454021663,-32.4093454021663,
55.5477730876841));
#10360=CARTESIAN_POINT('Ctrl Pts',(3.9690001109224E-15,-32.4093454021663,
55.5477730876841));
#10361=CARTESIAN_POINT('Ctrl Pts',(32.4093454021663,-32.4093454021663,55.5477730876841));
#10362=CARTESIAN_POINT('Ctrl Pts',(32.4093454021663,3.9690001109224E-15,
55.5477730876841));
#10363=CARTESIAN_POINT('Ctrl Pts',(32.4171507236398,3.96995598711827E-15,
55.223836539117));
#10364=CARTESIAN_POINT('Ctrl Pts',(32.4171507236397,32.4171507236398,55.223836539117));
#10365=CARTESIAN_POINT('Ctrl Pts',(-3.96995598711827E-15,32.4171507236398,
55.223836539117));
#10366=CARTESIAN_POINT('Ctrl Pts',(-32.4171507236398,32.4171507236397,55.223836539117));
#10367=CARTESIAN_POINT('Ctrl Pts',(-32.4171507236398,-3.96995598711827E-15,
55.223836539117));
#10368=CARTESIAN_POINT('Ctrl Pts',(-32.4171507236397,-32.4171507236398,
55.223836539117));
#10369=CARTESIAN_POINT('Ctrl Pts',(3.96995598711827E-15,-32.4171507236398,
55.223836539117));
#10370=CARTESIAN_POINT('Ctrl Pts',(32.4171507236398,-32.4171507236397,55.223836539117));
#10371=CARTESIAN_POINT('Ctrl Pts',(32.4171507236398,3.96995598711827E-15,
55.223836539117));
#10372=CARTESIAN_POINT('Ctrl Pts',(32.4246074774055,3.9708691760814E-15,
54.9048490346716));
#10373=CARTESIAN_POINT('Ctrl Pts',(32.4246074774055,32.4246074774055,54.9048490346716));
#10374=CARTESIAN_POINT('Ctrl Pts',(-3.9708691760814E-15,32.4246074774055,
54.9048490346716));
#10375=CARTESIAN_POINT('Ctrl Pts',(-32.4246074774055,32.4246074774055,54.9048490346716));
#10376=CARTESIAN_POINT('Ctrl Pts',(-32.4246074774055,-3.9708691760814E-15,
54.9048490346716));
#10377=CARTESIAN_POINT('Ctrl Pts',(-32.4246074774055,-32.4246074774055,
54.9048490346716));
#10378=CARTESIAN_POINT('Ctrl Pts',(3.9708691760814E-15,-32.4246074774055,
54.9048490346716));
#10379=CARTESIAN_POINT('Ctrl Pts',(32.4246074774055,-32.4246074774055,54.9048490346716));
#10380=CARTESIAN_POINT('Ctrl Pts',(32.4246074774055,3.9708691760814E-15,
54.9048490346716));
#10381=CARTESIAN_POINT('Ctrl Pts',(32.4317151053535,3.971739609463E-15,
54.5909692621554));
#10382=CARTESIAN_POINT('Ctrl Pts',(32.4317151053535,32.4317151053535,54.5909692621554));
#10383=CARTESIAN_POINT('Ctrl Pts',(-3.971739609463E-15,32.4317151053535,
54.5909692621554));
#10384=CARTESIAN_POINT('Ctrl Pts',(-32.4317151053535,32.4317151053535,54.5909692621554));
#10385=CARTESIAN_POINT('Ctrl Pts',(-32.4317151053535,-3.971739609463E-15,
54.5909692621554));
#10386=CARTESIAN_POINT('Ctrl Pts',(-32.4317151053535,-32.4317151053535,
54.5909692621554));
#10387=CARTESIAN_POINT('Ctrl Pts',(3.971739609463E-15,-32.4317151053535,
54.5909692621554));
#10388=CARTESIAN_POINT('Ctrl Pts',(32.4317151053535,-32.4317151053535,54.5909692621554));
#10389=CARTESIAN_POINT('Ctrl Pts',(32.4317151053535,3.971739609463E-15,
54.5909692621554));
#10390=CARTESIAN_POINT('Ctrl Pts',(32.4384730477247,3.97256721871238E-15,
54.2823490962016));
#10391=CARTESIAN_POINT('Ctrl Pts',(32.4384730477247,32.4384730477247,54.2823490962016));
#10392=CARTESIAN_POINT('Ctrl Pts',(-3.97256721871238E-15,32.4384730477247,
54.2823490962016));
#10393=CARTESIAN_POINT('Ctrl Pts',(-32.4384730477247,32.4384730477247,54.2823490962016));
#10394=CARTESIAN_POINT('Ctrl Pts',(-32.4384730477247,-3.97256721871238E-15,
54.2823490962016));
#10395=CARTESIAN_POINT('Ctrl Pts',(-32.4384730477247,-32.4384730477247,
54.2823490962016));
#10396=CARTESIAN_POINT('Ctrl Pts',(3.97256721871238E-15,-32.4384730477247,
54.2823490962016));
#10397=CARTESIAN_POINT('Ctrl Pts',(32.4384730477247,-32.4384730477247,54.2823490962016));
#10398=CARTESIAN_POINT('Ctrl Pts',(32.4384730477247,3.97256721871238E-15,
54.2823490962016));
#10399=CARTESIAN_POINT('Ctrl Pts',(32.4448807705339,3.97335193843519E-15,
53.9791633881234));
#10400=CARTESIAN_POINT('Ctrl Pts',(32.4448807705339,32.4448807705339,53.9791633881234));
#10401=CARTESIAN_POINT('Ctrl Pts',(-3.97335193843519E-15,32.4448807705339,
53.9791633881234));
#10402=CARTESIAN_POINT('Ctrl Pts',(-32.4448807705339,32.4448807705339,53.9791633881234));
#10403=CARTESIAN_POINT('Ctrl Pts',(-32.4448807705339,-3.97335193843519E-15,
53.9791633881234));
#10404=CARTESIAN_POINT('Ctrl Pts',(-32.4448807705339,-32.4448807705339,
53.9791633881234));
#10405=CARTESIAN_POINT('Ctrl Pts',(3.97335193843519E-15,-32.4448807705339,
53.9791633881234));
#10406=CARTESIAN_POINT('Ctrl Pts',(32.4448807705339,-32.4448807705339,53.9791633881234));
#10407=CARTESIAN_POINT('Ctrl Pts',(32.4448807705339,3.97335193843519E-15,
53.9791633881234));
#10408=CARTESIAN_POINT('Ctrl Pts',(32.450937784283,3.97409370868521E-15,
53.681630107253));
#10409=CARTESIAN_POINT('Ctrl Pts',(32.450937784283,32.450937784283,53.681630107253));
#10410=CARTESIAN_POINT('Ctrl Pts',(-3.97409370868521E-15,32.450937784283,
53.681630107253));
#10411=CARTESIAN_POINT('Ctrl Pts',(-32.450937784283,32.450937784283,53.681630107253));
#10412=CARTESIAN_POINT('Ctrl Pts',(-32.450937784283,-3.97409370868521E-15,
53.681630107253));
#10413=CARTESIAN_POINT('Ctrl Pts',(-32.450937784283,-32.450937784283,53.681630107253));
#10414=CARTESIAN_POINT('Ctrl Pts',(3.97409370868521E-15,-32.450937784283,
53.681630107253));
#10415=CARTESIAN_POINT('Ctrl Pts',(32.450937784283,-32.450937784283,53.681630107253));
#10416=CARTESIAN_POINT('Ctrl Pts',(32.450937784283,3.97409370868521E-15,
53.681630107253));
#10417=CARTESIAN_POINT('Ctrl Pts',(32.4566436765422,3.97479247895436E-15,
53.3900458788514));
#10418=CARTESIAN_POINT('Ctrl Pts',(32.4566436765422,32.4566436765422,53.3900458788514));
#10419=CARTESIAN_POINT('Ctrl Pts',(-3.97479247895436E-15,32.4566436765422,
53.3900458788514));
#10420=CARTESIAN_POINT('Ctrl Pts',(-32.4566436765422,32.4566436765422,53.3900458788514));
#10421=CARTESIAN_POINT('Ctrl Pts',(-32.4566436765422,-3.97479247895436E-15,
53.3900458788514));
#10422=CARTESIAN_POINT('Ctrl Pts',(-32.4566436765422,-32.4566436765422,
53.3900458788514));
#10423=CARTESIAN_POINT('Ctrl Pts',(3.97479247895436E-15,-32.4566436765422,
53.3900458788514));
#10424=CARTESIAN_POINT('Ctrl Pts',(32.4566436765422,-32.4566436765422,53.3900458788514));
#10425=CARTESIAN_POINT('Ctrl Pts',(32.4566436765422,3.97479247895436E-15,
53.3900458788514));
#10426=CARTESIAN_POINT('Ctrl Pts',(32.4619980664335,3.97544820259854E-15,
53.1047346860038));
#10427=CARTESIAN_POINT('Ctrl Pts',(32.4619980664335,32.4619980664335,53.1047346860038));
#10428=CARTESIAN_POINT('Ctrl Pts',(-3.97544820259854E-15,32.4619980664335,
53.1047346860038));
#10429=CARTESIAN_POINT('Ctrl Pts',(-32.4619980664335,32.4619980664335,53.1047346860038));
#10430=CARTESIAN_POINT('Ctrl Pts',(-32.4619980664335,-3.97544820259854E-15,
53.1047346860038));
#10431=CARTESIAN_POINT('Ctrl Pts',(-32.4619980664335,-32.4619980664335,
53.1047346860038));
#10432=CARTESIAN_POINT('Ctrl Pts',(3.97544820259854E-15,-32.4619980664335,
53.1047346860038));
#10433=CARTESIAN_POINT('Ctrl Pts',(32.4619980664335,-32.4619980664335,53.1047346860038));
#10434=CARTESIAN_POINT('Ctrl Pts',(32.4619980664335,3.97544820259854E-15,
53.1047346860038));
#10435=CARTESIAN_POINT('Ctrl Pts',(32.4670005626928,3.9760608317017E-15,
52.8260004601729));
#10436=CARTESIAN_POINT('Ctrl Pts',(32.4670005626928,32.4670005626928,52.8260004601729));
#10437=CARTESIAN_POINT('Ctrl Pts',(-3.9760608317017E-15,32.4670005626928,
52.8260004601729));
#10438=CARTESIAN_POINT('Ctrl Pts',(-32.4670005626928,32.4670005626928,52.8260004601729));
#10439=CARTESIAN_POINT('Ctrl Pts',(-32.4670005626928,-3.9760608317017E-15,
52.8260004601729));
#10440=CARTESIAN_POINT('Ctrl Pts',(-32.4670005626928,-32.4670005626928,
52.8260004601729));
#10441=CARTESIAN_POINT('Ctrl Pts',(3.9760608317017E-15,-32.4670005626928,
52.8260004601729));
#10442=CARTESIAN_POINT('Ctrl Pts',(32.4670005626928,-32.4670005626928,52.8260004601729));
#10443=CARTESIAN_POINT('Ctrl Pts',(32.4670005626928,3.9760608317017E-15,
52.8260004601729));
#10444=CARTESIAN_POINT('Ctrl Pts',(32.4716506831948,3.97663030722054E-15,
52.554037022645));
#10445=CARTESIAN_POINT('Ctrl Pts',(32.4716506831948,32.4716506831948,52.554037022645));
#10446=CARTESIAN_POINT('Ctrl Pts',(-3.97663030722054E-15,32.4716506831948,
52.554037022645));
#10447=CARTESIAN_POINT('Ctrl Pts',(-32.4716506831948,32.4716506831948,52.554037022645));
#10448=CARTESIAN_POINT('Ctrl Pts',(-32.4716506831948,-3.97663030722054E-15,
52.554037022645));
#10449=CARTESIAN_POINT('Ctrl Pts',(-32.4716506831948,-32.4716506831948,
52.554037022645));
#10450=CARTESIAN_POINT('Ctrl Pts',(3.97663030722054E-15,-32.4716506831948,
52.554037022645));
#10451=CARTESIAN_POINT('Ctrl Pts',(32.4716506831948,-32.4716506831948,52.554037022645));
#10452=CARTESIAN_POINT('Ctrl Pts',(32.4716506831948,3.97663030722054E-15,
52.554037022645));
#10453=CARTESIAN_POINT('Ctrl Pts',(32.4759479605493,3.97715657191627E-15,
52.2890440186394));
#10454=CARTESIAN_POINT('Ctrl Pts',(32.4759479605493,32.4759479605493,52.2890440186394));
#10455=CARTESIAN_POINT('Ctrl Pts',(-3.97715657191627E-15,32.4759479605493,
52.2890440186394));
#10456=CARTESIAN_POINT('Ctrl Pts',(-32.4759479605493,32.4759479605493,52.2890440186394));
#10457=CARTESIAN_POINT('Ctrl Pts',(-32.4759479605493,-3.97715657191627E-15,
52.2890440186394));
#10458=CARTESIAN_POINT('Ctrl Pts',(-32.4759479605493,-32.4759479605493,
52.2890440186394));
#10459=CARTESIAN_POINT('Ctrl Pts',(3.97715657191627E-15,-32.4759479605493,
52.2890440186394));
#10460=CARTESIAN_POINT('Ctrl Pts',(32.4759479605493,-32.4759479605493,52.2890440186394));
#10461=CARTESIAN_POINT('Ctrl Pts',(32.4759479605493,3.97715657191627E-15,
52.2890440186394));
#10462=CARTESIAN_POINT('Ctrl Pts',(32.4798921011579,3.97763958983344E-15,
52.0314019181783));
#10463=CARTESIAN_POINT('Ctrl Pts',(32.4798921011579,32.4798921011579,52.0314019181783));
#10464=CARTESIAN_POINT('Ctrl Pts',(-3.97763958983344E-15,32.4798921011579,
52.0314019181783));
#10465=CARTESIAN_POINT('Ctrl Pts',(-32.4798921011579,32.4798921011579,52.0314019181783));
#10466=CARTESIAN_POINT('Ctrl Pts',(-32.4798921011579,-3.97763958983344E-15,
52.0314019181783));
#10467=CARTESIAN_POINT('Ctrl Pts',(-32.4798921011579,-32.4798921011579,
52.0314019181783));
#10468=CARTESIAN_POINT('Ctrl Pts',(3.97763958983344E-15,-32.4798921011579,
52.0314019181783));
#10469=CARTESIAN_POINT('Ctrl Pts',(32.4798921011579,-32.4798921011579,52.0314019181783));
#10470=CARTESIAN_POINT('Ctrl Pts',(32.4798921011579,3.97763958983344E-15,
52.0314019181783));
#10471=CARTESIAN_POINT('Ctrl Pts',(32.483483204264,3.97807937312587E-15,
51.7819137036416));
#10472=CARTESIAN_POINT('Ctrl Pts',(32.483483204264,32.483483204264,51.7819137036416));
#10473=CARTESIAN_POINT('Ctrl Pts',(-3.97807937312587E-15,32.483483204264,
51.7819137036416));
#10474=CARTESIAN_POINT('Ctrl Pts',(-32.483483204264,32.483483204264,51.7819137036416));
#10475=CARTESIAN_POINT('Ctrl Pts',(-32.483483204264,-3.97807937312587E-15,
51.7819137036416));
#10476=CARTESIAN_POINT('Ctrl Pts',(-32.483483204264,-32.483483204264,51.7819137036416));
#10477=CARTESIAN_POINT('Ctrl Pts',(3.97807937312587E-15,-32.483483204264,
51.7819137036416));
#10478=CARTESIAN_POINT('Ctrl Pts',(32.483483204264,-32.483483204264,51.7819137036416));
#10479=CARTESIAN_POINT('Ctrl Pts',(32.483483204264,3.97807937312587E-15,
51.7819137036416));
#10480=CARTESIAN_POINT('Ctrl Pts',(32.4867215160601,3.97847595194345E-15,
51.5415303418369));
#10481=CARTESIAN_POINT('Ctrl Pts',(32.4867215160601,32.4867215160601,51.5415303418369));
#10482=CARTESIAN_POINT('Ctrl Pts',(-3.97847595194345E-15,32.4867215160601,
51.5415303418369));
#10483=CARTESIAN_POINT('Ctrl Pts',(-32.4867215160601,32.4867215160601,51.5415303418369));
#10484=CARTESIAN_POINT('Ctrl Pts',(-32.4867215160601,-3.97847595194345E-15,
51.5415303418369));
#10485=CARTESIAN_POINT('Ctrl Pts',(-32.4867215160601,-32.4867215160601,
51.5415303418369));
#10486=CARTESIAN_POINT('Ctrl Pts',(3.97847595194345E-15,-32.4867215160601,
51.5415303418369));
#10487=CARTESIAN_POINT('Ctrl Pts',(32.4867215160601,-32.4867215160601,51.5415303418369));
#10488=CARTESIAN_POINT('Ctrl Pts',(32.4867215160601,3.97847595194345E-15,
51.5415303418369));
#10489=CARTESIAN_POINT('Ctrl Pts',(32.4896069399263,3.97882931445363E-15,
51.3108054590304));
#10490=CARTESIAN_POINT('Ctrl Pts',(32.4896069399263,32.4896069399263,51.3108054590304));
#10491=CARTESIAN_POINT('Ctrl Pts',(-3.97882931445363E-15,32.4896069399263,
51.3108054590304));
#10492=CARTESIAN_POINT('Ctrl Pts',(-32.4896069399263,32.4896069399263,51.3108054590304));
#10493=CARTESIAN_POINT('Ctrl Pts',(-32.4896069399263,-3.97882931445363E-15,
51.3108054590304));
#10494=CARTESIAN_POINT('Ctrl Pts',(-32.4896069399263,-32.4896069399263,
51.3108054590304));
#10495=CARTESIAN_POINT('Ctrl Pts',(3.97882931445363E-15,-32.4896069399263,
51.3108054590304));
#10496=CARTESIAN_POINT('Ctrl Pts',(32.4896069399263,-32.4896069399263,51.3108054590304));
#10497=CARTESIAN_POINT('Ctrl Pts',(32.4896069399263,3.97882931445363E-15,
51.3108054590304));
#10498=CARTESIAN_POINT('Ctrl Pts',(32.492138702697,3.97913936597098E-15,
51.0895233841552));
#10499=CARTESIAN_POINT('Ctrl Pts',(32.492138702697,32.492138702697,51.0895233841552));
#10500=CARTESIAN_POINT('Ctrl Pts',(-3.97913936597098E-15,32.492138702697,
51.0895233841552));
#10501=CARTESIAN_POINT('Ctrl Pts',(-32.492138702697,32.492138702697,51.0895233841552));
#10502=CARTESIAN_POINT('Ctrl Pts',(-32.492138702697,-3.97913936597098E-15,
51.0895233841552));
#10503=CARTESIAN_POINT('Ctrl Pts',(-32.492138702697,-32.492138702697,51.0895233841552));
#10504=CARTESIAN_POINT('Ctrl Pts',(3.97913936597098E-15,-32.492138702697,
51.0895233841552));
#10505=CARTESIAN_POINT('Ctrl Pts',(32.492138702697,-32.492138702697,51.0895233841552));
#10506=CARTESIAN_POINT('Ctrl Pts',(32.492138702697,3.97913936597098E-15,
51.0895233841552));
#10507=CARTESIAN_POINT('Ctrl Pts',(32.4943164834801,3.9794060671975E-15,
50.8779468720075));
#10508=CARTESIAN_POINT('Ctrl Pts',(32.4943164834801,32.4943164834801,50.8779468720075));
#10509=CARTESIAN_POINT('Ctrl Pts',(-3.9794060671975E-15,32.4943164834801,
50.8779468720075));
#10510=CARTESIAN_POINT('Ctrl Pts',(-32.4943164834801,32.4943164834801,50.8779468720075));
#10511=CARTESIAN_POINT('Ctrl Pts',(-32.4943164834801,-3.9794060671975E-15,
50.8779468720075));
#10512=CARTESIAN_POINT('Ctrl Pts',(-32.4943164834801,-32.4943164834801,
50.8779468720075));
#10513=CARTESIAN_POINT('Ctrl Pts',(3.9794060671975E-15,-32.4943164834801,
50.8779468720075));
#10514=CARTESIAN_POINT('Ctrl Pts',(32.4943164834801,-32.4943164834801,50.8779468720075));
#10515=CARTESIAN_POINT('Ctrl Pts',(32.4943164834801,3.9794060671975E-15,
50.8779468720075));
#10516=CARTESIAN_POINT('Ctrl Pts',(32.4961423003421,3.97962966527508E-15,
50.6789065321521));
#10517=CARTESIAN_POINT('Ctrl Pts',(32.4961423003421,32.4961423003421,50.6789065321521));
#10518=CARTESIAN_POINT('Ctrl Pts',(-3.97962966527508E-15,32.4961423003421,
50.6789065321521));
#10519=CARTESIAN_POINT('Ctrl Pts',(-32.4961423003421,32.4961423003421,50.6789065321521));
#10520=CARTESIAN_POINT('Ctrl Pts',(-32.4961423003421,-3.97962966527508E-15,
50.6789065321521));
#10521=CARTESIAN_POINT('Ctrl Pts',(-32.4961423003421,-32.4961423003421,
50.6789065321521));
#10522=CARTESIAN_POINT('Ctrl Pts',(3.97962966527508E-15,-32.4961423003421,
50.6789065321521));
#10523=CARTESIAN_POINT('Ctrl Pts',(32.4961423003421,-32.4961423003421,50.6789065321521));
#10524=CARTESIAN_POINT('Ctrl Pts',(32.4961423003421,3.97962966527508E-15,
50.6789065321521));
#10525=CARTESIAN_POINT('Ctrl Pts',(32.4976195170583,3.9798105721474E-15,
50.4966927915067));
#10526=CARTESIAN_POINT('Ctrl Pts',(32.4976195170583,32.4976195170583,50.4966927915067));
#10527=CARTESIAN_POINT('Ctrl Pts',(-3.9798105721474E-15,32.4976195170583,
50.4966927915067));
#10528=CARTESIAN_POINT('Ctrl Pts',(-32.4976195170583,32.4976195170583,50.4966927915067));
#10529=CARTESIAN_POINT('Ctrl Pts',(-32.4976195170583,-3.9798105721474E-15,
50.4966927915067));
#10530=CARTESIAN_POINT('Ctrl Pts',(-32.4976195170583,-32.4976195170583,
50.4966927915067));
#10531=CARTESIAN_POINT('Ctrl Pts',(3.9798105721474E-15,-32.4976195170583,
50.4966927915067));
#10532=CARTESIAN_POINT('Ctrl Pts',(32.4976195170583,-32.4976195170583,50.4966927915067));
#10533=CARTESIAN_POINT('Ctrl Pts',(32.4976195170583,3.9798105721474E-15,
50.4966927915067));
#10534=CARTESIAN_POINT('Ctrl Pts',(32.4987476450844,3.97994872798502E-15,
50.3312868698909));
#10535=CARTESIAN_POINT('Ctrl Pts',(32.4987476450844,32.4987476450844,50.3312868698909));
#10536=CARTESIAN_POINT('Ctrl Pts',(-3.97994872798502E-15,32.4987476450844,
50.3312868698909));
#10537=CARTESIAN_POINT('Ctrl Pts',(-32.4987476450844,32.4987476450844,50.3312868698909));
#10538=CARTESIAN_POINT('Ctrl Pts',(-32.4987476450844,-3.97994872798502E-15,
50.3312868698909));
#10539=CARTESIAN_POINT('Ctrl Pts',(-32.4987476450844,-32.4987476450844,
50.3312868698909));
#10540=CARTESIAN_POINT('Ctrl Pts',(3.97994872798502E-15,-32.4987476450844,
50.3312868698909));
#10541=CARTESIAN_POINT('Ctrl Pts',(32.4987476450844,-32.4987476450844,50.3312868698909));
#10542=CARTESIAN_POINT('Ctrl Pts',(32.4987476450844,3.97994872798502E-15,
50.3312868698909));
#10543=CARTESIAN_POINT('Ctrl Pts',(32.4995220450891,3.98004356463373E-15,
50.1780158194975));
#10544=CARTESIAN_POINT('Ctrl Pts',(32.4995220450891,32.4995220450891,50.1780158194975));
#10545=CARTESIAN_POINT('Ctrl Pts',(-3.98004356463373E-15,32.4995220450891,
50.1780158194975));
#10546=CARTESIAN_POINT('Ctrl Pts',(-32.4995220450891,32.4995220450891,50.1780158194975));
#10547=CARTESIAN_POINT('Ctrl Pts',(-32.4995220450891,-3.98004356463373E-15,
50.1780158194975));
#10548=CARTESIAN_POINT('Ctrl Pts',(-32.4995220450891,-32.4995220450891,
50.1780158194975));
#10549=CARTESIAN_POINT('Ctrl Pts',(3.98004356463373E-15,-32.4995220450891,
50.1780158194975));
#10550=CARTESIAN_POINT('Ctrl Pts',(32.4995220450891,-32.4995220450891,50.1780158194975));
#10551=CARTESIAN_POINT('Ctrl Pts',(32.4995220450891,3.98004356463373E-15,
50.1780158194975));
#10552=CARTESIAN_POINT('Ctrl Pts',(32.4998695815805,3.98008612557889E-15,
50.0776390239125));
#10553=CARTESIAN_POINT('Ctrl Pts',(32.4998695815805,32.4998695815805,50.0776390239125));
#10554=CARTESIAN_POINT('Ctrl Pts',(-3.98008612557889E-15,32.4998695815805,
50.0776390239125));
#10555=CARTESIAN_POINT('Ctrl Pts',(-32.4998695815805,32.4998695815805,50.0776390239125));
#10556=CARTESIAN_POINT('Ctrl Pts',(-32.4998695815805,-3.98008612557889E-15,
50.0776390239125));
#10557=CARTESIAN_POINT('Ctrl Pts',(-32.4998695815805,-32.4998695815805,
50.0776390239125));
#10558=CARTESIAN_POINT('Ctrl Pts',(3.98008612557889E-15,-32.4998695815805,
50.0776390239125));
#10559=CARTESIAN_POINT('Ctrl Pts',(32.4998695815805,-32.4998695815805,50.0776390239125));
#10560=CARTESIAN_POINT('Ctrl Pts',(32.4998695815805,3.98008612557889E-15,
50.0776390239125));
#10561=CARTESIAN_POINT('Ctrl Pts',(32.4999895251882,3.98010081443442E-15,
50.0286213744035));
#10562=CARTESIAN_POINT('Ctrl Pts',(32.4999895251881,32.4999895251882,50.0286213744035));
#10563=CARTESIAN_POINT('Ctrl Pts',(-3.98010081443442E-15,32.4999895251882,
50.0286213744035));
#10564=CARTESIAN_POINT('Ctrl Pts',(-32.4999895251882,32.4999895251881,50.0286213744035));
#10565=CARTESIAN_POINT('Ctrl Pts',(-32.4999895251882,-3.98010081443442E-15,
50.0286213744035));
#10566=CARTESIAN_POINT('Ctrl Pts',(-32.4999895251881,-32.4999895251882,
50.0286213744035));
#10567=CARTESIAN_POINT('Ctrl Pts',(3.98010081443442E-15,-32.4999895251882,
50.0286213744035));
#10568=CARTESIAN_POINT('Ctrl Pts',(32.4999895251882,-32.4999895251881,50.0286213744035));
#10569=CARTESIAN_POINT('Ctrl Pts',(32.4999895251882,3.98010081443442E-15,
50.0286213744035));
#10570=CARTESIAN_POINT('Ctrl Pts',(32.5000069330491,3.98010294628254E-15,
50.0075969162389));
#10571=CARTESIAN_POINT('Ctrl Pts',(32.5000069330491,32.5000069330491,50.0075969162389));
#10572=CARTESIAN_POINT('Ctrl Pts',(-3.98010294628254E-15,32.5000069330491,
50.0075969162389));
#10573=CARTESIAN_POINT('Ctrl Pts',(-32.5000069330491,32.5000069330491,50.0075969162389));
#10574=CARTESIAN_POINT('Ctrl Pts',(-32.5000069330491,-3.98010294628254E-15,
50.0075969162389));
#10575=CARTESIAN_POINT('Ctrl Pts',(-32.5000069330491,-32.5000069330491,
50.0075969162389));
#10576=CARTESIAN_POINT('Ctrl Pts',(3.98010294628254E-15,-32.5000069330491,
50.0075969162389));
#10577=CARTESIAN_POINT('Ctrl Pts',(32.5000069330491,-32.5000069330491,50.0075969162389));
#10578=CARTESIAN_POINT('Ctrl Pts',(32.5000069330491,3.98010294628254E-15,
50.0075969162389));
#10579=CARTESIAN_POINT('Ctrl Pts',(32.5,3.9801020972289E-15,50.));
#10580=CARTESIAN_POINT('Ctrl Pts',(32.5,32.5,50.));
#10581=CARTESIAN_POINT('Ctrl Pts',(-3.9801020972289E-15,32.5,50.));
#10582=CARTESIAN_POINT('Ctrl Pts',(-32.5,32.5,50.));
#10583=CARTESIAN_POINT('Ctrl Pts',(-32.5,-3.9801020972289E-15,50.));
#10584=CARTESIAN_POINT('Ctrl Pts',(-32.5,-32.5,50.));
#10585=CARTESIAN_POINT('Ctrl Pts',(3.9801020972289E-15,-32.5,50.));
#10586=CARTESIAN_POINT('Ctrl Pts',(32.5,-32.5,50.));
#10587=CARTESIAN_POINT('Ctrl Pts',(32.5,3.9801020972289E-15,50.));
#10588=CARTESIAN_POINT('',(0.,0.,300.));
#10589=CARTESIAN_POINT('Ctrl Pts',(0.,0.,300.));
#10590=CARTESIAN_POINT('Ctrl Pts',(0.0123581088159931,1.51343184050206E-18,
299.99483081999));
#10591=CARTESIAN_POINT('Ctrl Pts',(0.038862816662971,4.75932240321578E-18,
299.979715438252));
#10592=CARTESIAN_POINT('Ctrl Pts',(0.083956856880426,1.02817496045086E-17,
299.942756062466));
#10593=CARTESIAN_POINT('Ctrl Pts',(0.155019408495575,1.89844022419822E-17,
299.86449044738));
#10594=CARTESIAN_POINT('Ctrl Pts',(0.252483288225032,3.09202850762985E-17,
299.734028073476));
#10595=CARTESIAN_POINT('Ctrl Pts',(0.349204136981187,4.27651728603025E-17,
299.587257927546));
#10596=CARTESIAN_POINT('Ctrl Pts',(0.445893483495493,5.46062027323419E-17,
299.425718164276));
#10597=CARTESIAN_POINT('Ctrl Pts',(0.544972242902907,6.67398512895199E-17,
299.24798856314));
#10598=CARTESIAN_POINT('Ctrl Pts',(0.645926072266358,7.91031296886818E-17,
299.056076640138));
#10599=CARTESIAN_POINT('Ctrl Pts',(0.747307722016106,9.15188009745124E-17,
298.852922797257));
#10600=CARTESIAN_POINT('Ctrl Pts',(0.848634500526721,1.03927752471606E-16,
298.640007748427));
#10601=CARTESIAN_POINT('Ctrl Pts',(0.950225454189387,1.16369056094137E-16,
298.417617449049));
#10602=CARTESIAN_POINT('Ctrl Pts',(1.05240630939353,1.28882601820126E-16,
298.185914658219));
#10603=CARTESIAN_POINT('Ctrl Pts',(1.1551006700594,1.41459033828121E-16,
297.945508709991));
#10604=CARTESIAN_POINT('Ctrl Pts',(1.25807530268846,1.54069789252377E-16,
297.697144673883));
#10605=CARTESIAN_POINT('Ctrl Pts',(1.36115002222585,1.66692801787824E-16,
297.441444332104));
#10606=CARTESIAN_POINT('Ctrl Pts',(1.46431282016036,1.79326600815982E-16,
297.178766212011));
#10607=CARTESIAN_POINT('Ctrl Pts',(1.56761055580698,1.91976924947862E-16,
296.909354181796));
#10608=CARTESIAN_POINT('Ctrl Pts',(1.67108138104125,2.0464844644069E-16,
296.63343273889));
#10609=CARTESIAN_POINT('Ctrl Pts',(1.7747012114327,2.17338215802398E-16,
296.351282413757));
#10610=CARTESIAN_POINT('Ctrl Pts',(1.87842479554187,2.30040691329937E-16,
296.063188778454));
#10611=CARTESIAN_POINT('Ctrl Pts',(1.9822064921672,2.42750283588166E-16,
295.769418502568));
#10612=CARTESIAN_POINT('Ctrl Pts',(2.0860282668492,2.55464783992777E-16,
295.470185715797));
#10613=CARTESIAN_POINT('Ctrl Pts',(2.189887189768,2.68183833744317E-16,
295.165670033288));
#10614=CARTESIAN_POINT('Ctrl Pts',(2.29378666188868,2.80907849340886E-16,
294.856029665087));
#10615=CARTESIAN_POINT('Ctrl Pts',(2.39772408222307,2.93636512253301E-16,
294.541419303295));
#10616=CARTESIAN_POINT('Ctrl Pts',(2.50168910929303,3.0636855601575E-16,
294.221993635581));
#10617=CARTESIAN_POINT('Ctrl Pts',(2.60566879839869,3.19102395359708E-16,
293.897901507693));
#10618=CARTESIAN_POINT('Ctrl Pts',(2.70965066577101,3.31836501464396E-16,
293.569282898561));
#10619=CARTESIAN_POINT('Ctrl Pts',(2.81362678222294,3.4456990328446E-16,
293.23626451866));
#10620=CARTESIAN_POINT('Ctrl Pts',(2.91759229948499,3.57302007078125E-16,
292.898962326342));
#10621=CARTESIAN_POINT('Ctrl Pts',(3.02154395415462,3.70032413193849E-16,
292.557484043505));
#10622=CARTESIAN_POINT('Ctrl Pts',(3.12547847123599,3.82760720560311E-16,
292.211931824392));
#10623=CARTESIAN_POINT('Ctrl Pts',(3.22939129639821,3.95486371432839E-16,
291.862404454954));
#10624=CARTESIAN_POINT('Ctrl Pts',(3.33327730840098,4.08208738640377E-16,
291.508996765139));
#10625=CARTESIAN_POINT('Ctrl Pts',(3.43713127487373,4.20927181402337E-16,
291.151799395645));
#10626=CARTESIAN_POINT('Ctrl Pts',(3.54094845534162,4.33641119177988E-16,
290.790898372664));
#10627=CARTESIAN_POINT('Ctrl Pts',(3.64472499820576,4.46350080282503E-16,
290.426374928197));
#10628=CARTESIAN_POINT('Ctrl Pts',(3.74845762821726,4.59053663613574E-16,
290.058306129348));
#10629=CARTESIAN_POINT('Ctrl Pts',(3.85214343469671,4.71751512715782E-16,
289.686765392315));
#10630=CARTESIAN_POINT('Ctrl Pts',(3.95577961213966,4.84443284013919E-16,
289.31182305409));
#10631=CARTESIAN_POINT('Ctrl Pts',(4.05936324539197,4.97128620504569E-16,
288.933546882166));
#10632=CARTESIAN_POINT('Ctrl Pts',(4.16289140008795,5.09807162831575E-16,
288.552002108398));
#10633=CARTESIAN_POINT('Ctrl Pts',(4.26636119552837,5.22478558211029E-16,
288.167251492724));
#10634=CARTESIAN_POINT('Ctrl Pts',(4.36976987970951,5.35142469619677E-16,
287.779355379488));
#10635=CARTESIAN_POINT('Ctrl Pts',(4.47311491475925,5.4779858625782E-16,
287.388371746891));
#10636=CARTESIAN_POINT('Ctrl Pts',(4.57639395120721,5.60446620398322E-16,
286.994356354671));
#10637=CARTESIAN_POINT('Ctrl Pts',(4.67960477966448,5.73086301469076E-16,
286.597362913891));
#10638=CARTESIAN_POINT('Ctrl Pts',(4.78274529325348,5.85717371451994E-16,
286.197443243486));
#10639=CARTESIAN_POINT('Ctrl Pts',(4.88581343881384,5.98339578907449E-16,
285.794647445197));
#10640=CARTESIAN_POINT('Ctrl Pts',(4.98880719771637,6.10952676624663E-16,
285.389024023002));
#10641=CARTESIAN_POINT('Ctrl Pts',(5.09172460134137,6.23556423517254E-16,
284.980619935223));
#10642=CARTESIAN_POINT('Ctrl Pts',(5.19456373802034,6.36150585473353E-16,
284.569480663582));
#10643=CARTESIAN_POINT('Ctrl Pts',(5.29732276310814,6.4873493658908E-16,
284.155650275354));
#10644=CARTESIAN_POINT('Ctrl Pts',(5.39999990860598,6.61309260347032E-16,
283.739171488405));
#10645=CARTESIAN_POINT('Ctrl Pts',(5.50259347562302,6.73873348693084E-16,
283.320085737131));
#10646=CARTESIAN_POINT('Ctrl Pts',(5.60510182508549,6.86427000898593E-16,
282.898433239589));
#10647=CARTESIAN_POINT('Ctrl Pts',(5.70752336943208,6.98970022543371E-16,
282.47425306318));
#10648=CARTESIAN_POINT('Ctrl Pts',(5.80985656311789,7.11502224352757E-16,
282.047583193172));
#10649=CARTESIAN_POINT('Ctrl Pts',(5.91209989610483,7.24023421400418E-16,
281.618460592761));
#10650=CARTESIAN_POINT('Ctrl Pts',(6.01425189496243,7.36533433243165E-16,
281.18692124043));
#10651=CARTESIAN_POINT('Ctrl Pts',(6.1163111226376,7.49032083892749E-16,
280.75300017167));
#10652=CARTESIAN_POINT('Ctrl Pts',(6.21827617860353,7.61519201834105E-16,
280.316731518579));
#10653=CARTESIAN_POINT('Ctrl Pts',(6.32014569921051,7.73994620068306E-16,
279.87814855128));
#10654=CARTESIAN_POINT('Ctrl Pts',(6.42191835649735,7.86458175967012E-16,
279.437283714729));
#10655=CARTESIAN_POINT('Ctrl Pts',(6.52359285544617,7.9890971093627E-16,
278.994168661424));
#10656=CARTESIAN_POINT('Ctrl Pts',(6.62516793162893,8.11349070128306E-16,
278.548834285458));
#10657=CARTESIAN_POINT('Ctrl Pts',(6.72664234879337,8.23776102145884E-16,
278.101310755459));
#10658=CARTESIAN_POINT('Ctrl Pts',(6.8280148962275,8.36190658719545E-16,
277.65162754936));
#10659=CARTESIAN_POINT('Ctrl Pts',(6.92928438743796,8.48592594545763E-16,
277.199813481663));
#10660=CARTESIAN_POINT('Ctrl Pts',(7.03044965959414,8.60981767218856E-16,
276.745896726508));
#10661=CARTESIAN_POINT('Ctrl Pts',(7.13150957274213,8.73358037134736E-16,
276.28990484215));
#10662=CARTESIAN_POINT('Ctrl Pts',(7.23246300910108,8.85721267404727E-16,
275.831864794563));
#10663=CARTESIAN_POINT('Ctrl Pts',(7.33330887236078,8.98071323769551E-16,
275.37180298211));
#10664=CARTESIAN_POINT('Ctrl Pts',(7.4340460868054,9.10408074492014E-16,
274.909745256201));
#10665=CARTESIAN_POINT('Ctrl Pts',(7.53467359633372,9.22731390237016E-16,
274.445716939832));
#10666=CARTESIAN_POINT('Ctrl Pts',(7.63519036350227,9.35041143954378E-16,
273.979742846879));
#10667=CARTESIAN_POINT('Ctrl Pts',(7.73559536858432,9.47337210763588E-16,
273.511847300819));
#10668=CARTESIAN_POINT('Ctrl Pts',(7.83588760856289,9.59619467830495E-16,
273.042054154317));
#10669=CARTESIAN_POINT('Ctrl Pts',(7.93606609640724,9.71887794278695E-16,
272.570386805749));
#10670=CARTESIAN_POINT('Ctrl Pts',(8.03612986058217,9.84142071129442E-16,
272.096868213262));
#10671=CARTESIAN_POINT('Ctrl Pts',(8.13607794448983,9.96382181233284E-16,
271.62152090959));
#10672=CARTESIAN_POINT('Ctrl Pts',(8.2359094059424,1.00860800920549E-15,
271.144367016419));
#10673=CARTESIAN_POINT('Ctrl Pts',(8.33562331661661,1.02081944135926E-15,
270.665428259266));
#10674=CARTESIAN_POINT('Ctrl Pts',(8.43521876153641,1.03301636564233E-15,
270.184725981031));
#10675=CARTESIAN_POINT('Ctrl Pts',(8.53469483859703,1.04519867157873E-15,
269.702281153209));
#10676=CARTESIAN_POINT('Ctrl Pts',(8.63405065808027,1.05736625020941E-15,
269.218114387615));
#10677=CARTESIAN_POINT('Ctrl Pts',(8.73328534217504,1.06951899403352E-15,
268.732245947881));
#10678=CARTESIAN_POINT('Ctrl Pts',(8.83239802449377,1.08165679694917E-15,
268.244695761097));
#10679=CARTESIAN_POINT('Ctrl Pts',(8.93138784959873,1.09377955419547E-15,
267.755483429249));
#10680=CARTESIAN_POINT('Ctrl Pts',(9.03025397266621,1.10588716231133E-15,
267.264628238314));
#10681=CARTESIAN_POINT('Ctrl Pts',(9.12899555914431,1.11797951909365E-15,
266.772149167467));
#10682=CARTESIAN_POINT('Ctrl Pts',(9.2276117844126,1.13005652355553E-15,
266.278064898278));
#10683=CARTESIAN_POINT('Ctrl Pts',(9.32610183344475,1.14211807588504E-15,
265.782393823815));
#10684=CARTESIAN_POINT('Ctrl Pts',(9.42446490046197,1.15416407740273E-15,
265.285154058029));
#10685=CARTESIAN_POINT('Ctrl Pts',(9.52270018863613,1.16619443052531E-15,
264.786363443671));
#10686=CARTESIAN_POINT('Ctrl Pts',(9.62080690981618,1.17820903873211E-15,
264.286039559548));
#10687=CARTESIAN_POINT('Ctrl Pts',(9.71878428424684,1.19020780653065E-15,
263.784199727999));
#10688=CARTESIAN_POINT('Ctrl Pts',(9.81663154029267,1.20219063942284E-15,
263.280861022242));
#10689=CARTESIAN_POINT('Ctrl Pts',(9.91434791415641,1.21415744387049E-15,
262.77604027387));
#10690=CARTESIAN_POINT('Ctrl Pts',(10.0119326496127,1.22610812726271E-15,
262.269754079988));
#10691=CARTESIAN_POINT('Ctrl Pts',(10.109384997799,1.23804259789029E-15,
261.762018809096));
#10692=CARTESIAN_POINT('Ctrl Pts',(10.206704216998,1.24996076491904E-15,
261.252850607132));
#10693=CARTESIAN_POINT('Ctrl Pts',(10.3038895724235,1.26186253836362E-15,
260.742265403494));
#10694=CARTESIAN_POINT('Ctrl Pts',(10.4009403360072,1.27374782906138E-15,
260.230278916994));
#10695=CARTESIAN_POINT('Ctrl Pts',(10.4978557861796,1.28561654864554E-15,
259.716906662002));
#10696=CARTESIAN_POINT('Ctrl Pts',(10.5946352076832,1.29746860952231E-15,
259.202163953713));
#10697=CARTESIAN_POINT('Ctrl Pts',(10.6912778914001,1.30930392484979E-15,
258.686065912975));
#10698=CARTESIAN_POINT('Ctrl Pts',(10.7877831341762,1.32112240851647E-15,
258.168627471261));
#10699=CARTESIAN_POINT('Ctrl Pts',(10.8841502386485,1.33292397511997E-15,
257.649863375574));
#10700=CARTESIAN_POINT('Ctrl Pts',(10.9803785130698,1.34470853994573E-15,
257.129788193394));
#10701=CARTESIAN_POINT('Ctrl Pts',(11.0764672711374,1.35647601894589E-15,
256.608416317584));
#10702=CARTESIAN_POINT('Ctrl Pts',(11.1724158318521,1.36822632872209E-15,
256.085761970451));
#10703=CARTESIAN_POINT('Ctrl Pts',(11.2682235193778,1.37995938650829E-15,
255.561839207822));
#10704=CARTESIAN_POINT('Ctrl Pts',(11.363889662901,1.39167511015355E-15,
255.036661923122));
#10705=CARTESIAN_POINT('Ctrl Pts',(11.459413596492,1.40337341810496E-15,
254.510243851427));
#10706=CARTESIAN_POINT('Ctrl Pts',(11.5547946589623,1.41505422939031E-15,
253.982598573586));
#10707=CARTESIAN_POINT('Ctrl Pts',(11.6500321937321,1.42671746360177E-15,
253.453739520101));
#10708=CARTESIAN_POINT('Ctrl Pts',(11.7451255487177,1.4383630408821E-15,
252.923679974436));
#10709=CARTESIAN_POINT('Ctrl Pts',(11.8400740762147,1.44999088191039E-15,
252.392433076453));
#10710=CARTESIAN_POINT('Ctrl Pts',(11.9348771327831,1.46160090788797E-15,
251.860011825793));
#10711=CARTESIAN_POINT('Ctrl Pts',(12.0295340791335,1.47319304052449E-15,
251.326429085256));
#10712=CARTESIAN_POINT('Ctrl Pts',(12.1240442800105,1.48476720202356E-15,
250.791697584255));
#10713=CARTESIAN_POINT('Ctrl Pts',(12.2184071040882,1.49632331507009E-15,
250.255829921914));
#10714=CARTESIAN_POINT('Ctrl Pts',(12.3126219238767,1.50786130281871E-15,
249.718838569853));
#10715=CARTESIAN_POINT('Ctrl Pts',(12.4066881156259,1.51938108888208E-15,
249.180735875063));
#10716=CARTESIAN_POINT('Ctrl Pts',(12.5006050592307,1.53088259731921E-15,
248.641534062748));
#10717=CARTESIAN_POINT('Ctrl Pts',(12.5943721381368,1.54236575262398E-15,
248.101245239168));
#10718=CARTESIAN_POINT('Ctrl Pts',(12.687988739245,1.55383047971341E-15,
247.55988139454));
#10719=CARTESIAN_POINT('Ctrl Pts',(12.7814542528269,1.56527670391728E-15,
247.017454405565));
#10720=CARTESIAN_POINT('Ctrl Pts',(12.8747680724455,1.57670435096849E-15,
246.47397603781));
#10721=CARTESIAN_POINT('Ctrl Pts',(12.9679295948751,1.5881133469932E-15,
245.929457948125));
#10722=CARTESIAN_POINT('Ctrl Pts',(13.0609382200224,1.59950361850117E-15,
245.383911687052));
#10723=CARTESIAN_POINT('Ctrl Pts',(13.1537933508475,1.61087509237611E-15,
244.837348701231));
#10724=CARTESIAN_POINT('Ctrl Pts',(13.2464943932845,1.62222769586592E-15,
244.289780335837));
#10725=CARTESIAN_POINT('Ctrl Pts',(13.3390407561715,1.63356135657415E-15,
243.741217836707));
#10726=CARTESIAN_POINT('Ctrl Pts',(13.4314318511837,1.64487600245179E-15,
243.191672352368));
#10727=CARTESIAN_POINT('Ctrl Pts',(13.523667092766,1.65617156178903E-15,
242.641154936102));
#10728=CARTESIAN_POINT('Ctrl Pts',(13.6157458980665,1.66744796320709E-15,
242.089676547992));
#10729=CARTESIAN_POINT('Ctrl Pts',(13.70766768687,1.67870513565009E-15,
241.537248056974));
#10730=CARTESIAN_POINT('Ctrl Pts',(13.7994318815311,1.6899430083769E-15,
240.983880242912));
#10731=CARTESIAN_POINT('Ctrl Pts',(13.8910379069153,1.70116151095384E-15,
240.429583798408));
#10732=CARTESIAN_POINT('Ctrl Pts',(13.982485190341,1.71236057324764E-15,
239.874369330548));
#10733=CARTESIAN_POINT('Ctrl Pts',(14.0737731615228,1.72354012541848E-15,
239.318247362666));
#10734=CARTESIAN_POINT('Ctrl Pts',(14.164901252514,1.73470009791296E-15,
238.761228336105));
#10735=CARTESIAN_POINT('Ctrl Pts',(14.2558688976508,1.74584042145723E-15,
238.20332261197));
#10736=CARTESIAN_POINT('Ctrl Pts',(14.3466755334955,1.75696102705009E-15,
237.644540472915));
#10737=CARTESIAN_POINT('Ctrl Pts',(14.4373205987858,1.76806184595672E-15,
237.084892124708));
#10738=CARTESIAN_POINT('Ctrl Pts',(14.5278035343857,1.7791428097027E-15,
236.524387697742));
#10739=CARTESIAN_POINT('Ctrl Pts',(14.618123783236,1.79020385006797E-15,
235.963037248548));
#10740=CARTESIAN_POINT('Ctrl Pts',(14.7082807903061,1.80124489908089E-15,
235.400850761323));
#10741=CARTESIAN_POINT('Ctrl Pts',(14.7982740025453,1.81226588901225E-15,
234.837838149443));
#10742=CARTESIAN_POINT('Ctrl Pts',(14.8881028688341,1.82326675236942E-15,
234.274009257003));
#10743=CARTESIAN_POINT('Ctrl Pts',(14.9777668399397,1.83424742189076E-15,
233.709373860199));
#10744=CARTESIAN_POINT('Ctrl Pts',(15.0672653684735,1.84520783054048E-15,
233.143941668634));
#10745=CARTESIAN_POINT('Ctrl Pts',(15.1565979088475,1.85614791150335E-15,
232.577722326638));
#10746=CARTESIAN_POINT('Ctrl Pts',(15.2457639172329,1.86706759817955E-15,
232.010725414595));
#10747=CARTESIAN_POINT('Ctrl Pts',(15.3347628515185,1.87796682417958E-15,
231.442960450249));
#10748=CARTESIAN_POINT('Ctrl Pts',(15.4235941712684,1.88884552331916E-15,
230.874436890057));
#10749=CARTESIAN_POINT('Ctrl Pts',(15.5122573376835,1.89970362961441E-15,
230.305164130412));
#10750=CARTESIAN_POINT('Ctrl Pts',(15.6007518135637,1.9105410772773E-15,
229.735151508781));
#10751=CARTESIAN_POINT('Ctrl Pts',(15.6890770632705,1.92135780071104E-15,
229.164408304867));
#10752=CARTESIAN_POINT('Ctrl Pts',(15.7772325526902,1.93215373450555E-15,
228.592943741764));
#10753=CARTESIAN_POINT('Ctrl Pts',(15.8652177491976,1.94292881343306E-15,
228.020766987107));
#10754=CARTESIAN_POINT('Ctrl Pts',(15.9530321216193,1.95368297244359E-15,
227.447887154245));
#10755=CARTESIAN_POINT('Ctrl Pts',(16.0406751401989,1.96441614666071E-15,
226.874313303346));
#10756=CARTESIAN_POINT('Ctrl Pts',(16.1281462765641,1.97512827137745E-15,
226.300054442408));
#10757=CARTESIAN_POINT('Ctrl Pts',(16.2154450036934,1.98581928205231E-15,
225.725119528273));
#10758=CARTESIAN_POINT('Ctrl Pts',(16.3025707958835,1.99648911430519E-15,
225.149517467646));
#10759=CARTESIAN_POINT('Ctrl Pts',(16.3895231287175,2.00713770391354E-15,
224.573257118107));
#10760=CARTESIAN_POINT('Ctrl Pts',(16.4763014790331,2.01776498680846E-15,
223.996347289142));
#10761=CARTESIAN_POINT('Ctrl Pts',(16.5629053248912,2.02837089907086E-15,
223.418796743144));
#10762=CARTESIAN_POINT('Ctrl Pts',(16.6493341455469,2.03895537692788E-15,
222.840614196312));
#10763=CARTESIAN_POINT('Ctrl Pts',(16.7355874214197,2.04951835674923E-15,
222.261808319554));
#10764=CARTESIAN_POINT('Ctrl Pts',(16.8216646340648,2.06005977504377E-15,
221.682387739395));
#10765=CARTESIAN_POINT('Ctrl Pts',(16.9075652661447,2.0705795684559E-15,
221.102361038873));
#10766=CARTESIAN_POINT('Ctrl Pts',(16.9932888014007,2.0810776737622E-15,
220.521736758448));
#10767=CARTESIAN_POINT('Ctrl Pts',(17.0788347246259,2.09155402786798E-15,
219.940523396907));
#10768=CARTESIAN_POINT('Ctrl Pts',(17.1642025216372,2.102008567804E-15,
219.35872941218));
#10769=CARTESIAN_POINT('Ctrl Pts',(17.2493916792498,2.11244123072322E-15,
218.776363222146));
#10770=CARTESIAN_POINT('Ctrl Pts',(17.3344016852505,2.12285195389765E-15,
218.193433205438));
#10771=CARTESIAN_POINT('Ctrl Pts',(17.4192320283728,2.13324067471518E-15,
217.609947702254));
#10772=CARTESIAN_POINT('Ctrl Pts',(17.5038821982715,2.14360733067656E-15,
217.025915015158));
#10773=CARTESIAN_POINT('Ctrl Pts',(17.588351685498,2.15395185939231E-15,
216.441343409899));
#10774=CARTESIAN_POINT('Ctrl Pts',(17.6726399814762,2.16427419857983E-15,
215.856241116174));
#10775=CARTESIAN_POINT('Ctrl Pts',(17.7567465784781,2.17457428606039E-15,
215.270616328342));
#10776=CARTESIAN_POINT('Ctrl Pts',(17.8406709696011,2.18485205975631E-15,
214.684477206154));
#10777=CARTESIAN_POINT('Ctrl Pts',(17.9244126487444,2.19510745768812E-15,
214.097831875476));
#10778=CARTESIAN_POINT('Ctrl Pts',(18.0079711105867,2.2053404179718E-15,
213.510688429023));
#10779=CARTESIAN_POINT('Ctrl Pts',(18.0913458505635,2.21555087881603E-15,
212.923054927084));
#10780=CARTESIAN_POINT('Ctrl Pts',(18.1745363648453,2.2257387785195E-15,
212.334939398234));
#10781=CARTESIAN_POINT('Ctrl Pts',(18.2575421503157,2.23590405546819E-15,
211.74634983999));
#10782=CARTESIAN_POINT('Ctrl Pts',(18.3403627045492,2.24604664813277E-15,
211.157294219465));
#10783=CARTESIAN_POINT('Ctrl Pts',(18.4229975257907,2.25616649506592E-15,
210.567780474028));
#10784=CARTESIAN_POINT('Ctrl Pts',(18.5054461129344,2.2662635348999E-15,
209.977816511964));
#10785=CARTESIAN_POINT('Ctrl Pts',(18.5877079655042,2.27633770634404E-15,
209.387410213128));
#10786=CARTESIAN_POINT('Ctrl Pts',(18.6697825836331,2.28638894818233E-15,
208.796569429613));
#10787=CARTESIAN_POINT('Ctrl Pts',(18.7516694680439,2.29641719927091E-15,
208.205301986359));
#10788=CARTESIAN_POINT('Ctrl Pts',(18.8333681200294,2.30642239853578E-15,
207.613615681754));
#10789=CARTESIAN_POINT('Ctrl Pts',(18.9148780414325,2.31640448497029E-15,
207.021518288237));
#10790=CARTESIAN_POINT('Ctrl Pts',(18.9961987346278,2.32636339763289E-15,
206.4290175529));
#10791=CARTESIAN_POINT('Ctrl Pts',(19.0773297025024,2.33629907564483E-15,
205.836121198087));
#10792=CARTESIAN_POINT('Ctrl Pts',(19.1582704484381,2.34621145818791E-15,
205.242836922002));
#10793=CARTESIAN_POINT('Ctrl Pts',(19.239020476293,2.35610048450226E-15,
204.649172399292));
#10794=CARTESIAN_POINT('Ctrl Pts',(19.3195792903826,2.36596609388405E-15,
204.055135281592));
#10795=CARTESIAN_POINT('Ctrl Pts',(19.3999463954617,2.37580822568324E-15,
203.46073319808));
#10796=CARTESIAN_POINT('Ctrl Pts',(19.4801212967071,2.38562681930145E-15,
202.865973756036));
#10797=CARTESIAN_POINT('Ctrl Pts',(19.5601034997001,2.39542181418987E-15,
202.270864541393));
#10798=CARTESIAN_POINT('Ctrl Pts',(19.63989251041,2.40519314984717E-15,
201.675413119297));
#10799=CARTESIAN_POINT('Ctrl Pts',(19.7194878351774,2.41494076581752E-15,
201.079627034666));
#10800=CARTESIAN_POINT('Ctrl Pts',(19.7988889806978,2.42466460168854E-15,
200.4835138127));
#10801=CARTESIAN_POINT('Ctrl Pts',(19.8780954540039,2.43436459708914E-15,
199.887080959403));
#10802=CARTESIAN_POINT('Ctrl Pts',(19.9571067624494,2.44404069168756E-15,
199.290335962094));
#10803=CARTESIAN_POINT('Ctrl Pts',(20.0359224136928,2.45369282518936E-15,
198.693286289926));
#10804=CARTESIAN_POINT('Ctrl Pts',(20.1145419156815,2.46332093733546E-15,
198.095939394397));
#10805=CARTESIAN_POINT('Ctrl Pts',(20.1929647766366,2.47292496790033E-15,
197.498302709876));
#10806=CARTESIAN_POINT('Ctrl Pts',(20.2711905050369,2.48250485668997E-15,
196.900383654098));
#10807=CARTESIAN_POINT('Ctrl Pts',(20.349218609603,2.49206054354001E-15,
196.302189628647));
#10808=CARTESIAN_POINT('Ctrl Pts',(20.4270485992821,2.50159196831382E-15,
195.70372801944));
#10809=CARTESIAN_POINT('Ctrl Pts',(20.5046799832324,2.51109907090063E-15,
195.105006197213));
#10810=CARTESIAN_POINT('Ctrl Pts',(20.5821122708087,2.52058179121374E-15,
194.506031518005));
#10811=CARTESIAN_POINT('Ctrl Pts',(20.6593449715481,2.53004006918873E-15,
193.906811323643));
#10812=CARTESIAN_POINT('Ctrl Pts',(20.7363775951551,2.53947384478176E-15,
193.307352942225));
#10813=CARTESIAN_POINT('Ctrl Pts',(20.8132096514868,2.54888305796761E-15,
192.707663688579));
#10814=CARTESIAN_POINT('Ctrl Pts',(20.8898406505383,2.558267648738E-15,
192.107750864726));
#10815=CARTESIAN_POINT('Ctrl Pts',(20.9662701024276,2.56762755709968E-15,
191.507621760336));
#10816=CARTESIAN_POINT('Ctrl Pts',(21.0424975173824,2.57696272307285E-15,
190.907283653193));
#10817=CARTESIAN_POINT('Ctrl Pts',(21.1185224057262,2.58627308668942E-15,
190.306743809653));
#10818=CARTESIAN_POINT('Ctrl Pts',(21.1943442778653,2.59555858799148E-15,
189.70600948511));
#10819=CARTESIAN_POINT('Ctrl Pts',(21.2699626442748,2.60481916702949E-15,
189.105087924438));
#10820=CARTESIAN_POINT('Ctrl Pts',(21.3453770154837,2.61405476386056E-15,
188.503986362428));
#10821=CARTESIAN_POINT('Ctrl Pts',(21.4205869020615,2.62326531854673E-15,
187.902712024226));
#10822=CARTESIAN_POINT('Ctrl Pts',(21.495591814604,2.63245077115328E-15,
187.301272125771));
#10823=CARTESIAN_POINT('Ctrl Pts',(21.5703912637208,2.64161106174717E-15,
186.69967387424));
#10824=CARTESIAN_POINT('Ctrl Pts',(21.6449847600226,2.6507461303955E-15,
186.097924468491));
#10825=CARTESIAN_POINT('Ctrl Pts',(21.7193718141099,2.65985591716409E-15,
185.496031099506));
#10826=CARTESIAN_POINT('Ctrl Pts',(21.793551936558,2.66894036211573E-15,
184.894000950819));
#10827=CARTESIAN_POINT('Ctrl Pts',(21.8675246379042,2.67799940530853E-15,
184.291841198938));
#10828=CARTESIAN_POINT('Ctrl Pts',(21.9412894286346,2.6870329867943E-15,
183.689559013774));
#10829=CARTESIAN_POINT('Ctrl Pts',(22.0148458191711,2.69604104661704E-15,
183.087161559063));
#10830=CARTESIAN_POINT('Ctrl Pts',(22.0881933198598,2.70502352481142E-15,
182.484655992794));
#10831=CARTESIAN_POINT('Ctrl Pts',(22.1613314409586,2.71398036140135E-15,
181.882049467635));
#10832=CARTESIAN_POINT('Ctrl Pts',(22.2342596926255,2.72291149639849E-15,
181.279349131354));
#10833=CARTESIAN_POINT('Ctrl Pts',(22.3069775849052,2.7318168698006E-15,
180.67656212724));
#10834=CARTESIAN_POINT('Ctrl Pts',(22.3794846277163,2.74069642159001E-15,
180.073695594514));
#10835=CARTESIAN_POINT('Ctrl Pts',(22.4517803308389,2.74955009173213E-15,
179.47075666875));
#10836=CARTESIAN_POINT('Ctrl Pts',(22.5238642039033,2.75837782017398E-15,
178.867752482293));
#10837=CARTESIAN_POINT('Ctrl Pts',(22.5957357563784,2.76717954684282E-15,
178.264690164676));
#10838=CARTESIAN_POINT('Ctrl Pts',(22.6673944975604,2.77595521164477E-15,
177.66157684304));
#10839=CARTESIAN_POINT('Ctrl Pts',(22.7388399365602,2.78470475446325E-15,
177.058419642548));
#10840=CARTESIAN_POINT('Ctrl Pts',(22.8100715822909,2.79342811515746E-15,
176.455225686795));
#10841=CARTESIAN_POINT('Ctrl Pts',(22.8810889434564,2.80212523356098E-15,
175.852002098226));
#10842=CARTESIAN_POINT('Ctrl Pts',(22.9518915285392,2.81079604948028E-15,
175.248755998545));
#10843=CARTESIAN_POINT('Ctrl Pts',(23.0224788457891,2.81944050269333E-15,
174.645494509125));
#10844=CARTESIAN_POINT('Ctrl Pts',(23.0928504032133,2.82805853294838E-15,
174.04222475143));
#10845=CARTESIAN_POINT('Ctrl Pts',(23.1630057085643,2.83665007996252E-15,
173.438953847419));
#10846=CARTESIAN_POINT('Ctrl Pts',(23.2329442693279,2.84521508342013E-15,
172.835688919966));
#10847=CARTESIAN_POINT('Ctrl Pts',(23.302665592711,2.85375348297147E-15,
172.232437093273));
#10848=CARTESIAN_POINT('Ctrl Pts',(23.3721691856311,2.86226521823135E-15,
171.629205493289));
#10849=CARTESIAN_POINT('Ctrl Pts',(23.4414545547045,2.8707502287777E-15,
171.026001248118));
#10850=CARTESIAN_POINT('Ctrl Pts',(23.5105212062365,2.87920845415035E-15,
170.422831488434));
#10851=CARTESIAN_POINT('Ctrl Pts',(23.5793686462109,2.88763983384977E-15,
169.819703347897));
#10852=CARTESIAN_POINT('Ctrl Pts',(23.6479963802775,2.89604430733551E-15,
169.216623963569));
#10853=CARTESIAN_POINT('Ctrl Pts',(23.7164039137409,2.90442181402485E-15,
168.613600476334));
#10854=CARTESIAN_POINT('Ctrl Pts',(23.784590751549,2.91277229329142E-15,
168.010640031318));
#10855=CARTESIAN_POINT('Ctrl Pts',(23.8525563982821,2.92109568446379E-15,
167.407749778305));
#10856=CARTESIAN_POINT('Ctrl Pts',(23.920300358143,2.92939192682431E-15,
166.804936872161));
#10857=CARTESIAN_POINT('Ctrl Pts',(23.9878221349471,2.93766095960789E-15,
166.202208473248));
#10858=CARTESIAN_POINT('Ctrl Pts',(24.055121232111,2.94590272200063E-15,
165.599571747855));
#10859=CARTESIAN_POINT('Ctrl Pts',(24.1221971526413,2.95411715313836E-15,
164.997033868623));
#10860=CARTESIAN_POINT('Ctrl Pts',(24.189049399123,2.96230419210532E-15,
164.394602014973));
#10861=CARTESIAN_POINT('Ctrl Pts',(24.255677473709,2.97046377793283E-15,
163.792283373538));
#10862=CARTESIAN_POINT('Ctrl Pts',(24.3220808781097,2.97859584959801E-15,
163.190085138594));
#10863=CARTESIAN_POINT('Ctrl Pts',(24.3882591135836,2.98670034602265E-15,
162.588014512484));
#10864=CARTESIAN_POINT('Ctrl Pts',(24.4542116809275,2.99477720607196E-15,
161.986078706053));
#10865=CARTESIAN_POINT('Ctrl Pts',(24.5199380804642,3.00282636855317E-15,
161.384284939093));
#10866=CARTESIAN_POINT('Ctrl Pts',(24.5854378120319,3.01084777221412E-15,
160.782640440777));
#10867=CARTESIAN_POINT('Ctrl Pts',(24.6507103749732,3.01884135574194E-15,
160.181152450112));
#10868=CARTESIAN_POINT('Ctrl Pts',(24.7157552681246,3.02680705776182E-15,
159.579828216375));
#10869=CARTESIAN_POINT('Ctrl Pts',(24.7805719898072,3.0347448168358E-15,
158.978674999564));
#10870=CARTESIAN_POINT('Ctrl Pts',(24.845160037817,3.04265457146164E-15,
158.377700070842));
#10871=CARTESIAN_POINT('Ctrl Pts',(24.909518909415,3.05053626007155E-15,
157.776910712991));
#10872=CARTESIAN_POINT('Ctrl Pts',(24.9736481013151,3.05838982103079E-15,
157.176314220882));
#10873=CARTESIAN_POINT('Ctrl Pts',(25.037547109674,3.06621519263633E-15,
156.575917901933));
#10874=CARTESIAN_POINT('Ctrl Pts',(25.1012154300808,3.07401231311566E-15,
155.975729076578));
#10875=CARTESIAN_POINT('Ctrl Pts',(25.1646525575467,3.08178112062548E-15,
155.375755078728));
#10876=CARTESIAN_POINT('Ctrl Pts',(25.2278579864962,3.08952155325065E-15,
154.776003256238));
#10877=CARTESIAN_POINT('Ctrl Pts',(25.2908312107572,3.09723354900297E-15,
154.176480971368));
#10878=CARTESIAN_POINT('Ctrl Pts',(25.3535717235498,3.10491704581982E-15,
153.577195601281));
#10879=CARTESIAN_POINT('Ctrl Pts',(25.4160790174755,3.11257198156276E-15,
152.97815453853));
#10880=CARTESIAN_POINT('Ctrl Pts',(25.4783525845065,3.12019829401636E-15,
152.379365191554));
#10881=CARTESIAN_POINT('Ctrl Pts',(25.5403919159767,3.12779592088698E-15,
151.780834985168));
#10882=CARTESIAN_POINT('Ctrl Pts',(25.6021965025713,3.13536479980155E-15,
151.182571361051));
#10883=CARTESIAN_POINT('Ctrl Pts',(25.6637658343187,3.14290486830656E-15,
150.584581778239));
#10884=CARTESIAN_POINT('Ctrl Pts',(25.7250994005801,3.15041606386679E-15,
149.98687371363));
#10885=CARTESIAN_POINT('Ctrl Pts',(25.7861966900378,3.15789832386389E-15,
149.389454662518));
#10886=CARTESIAN_POINT('Ctrl Pts',(25.8470571906854,3.16535158559515E-15,
148.792332139112));
#10887=CARTESIAN_POINT('Ctrl Pts',(25.9076803898173,3.17277578627224E-15,
148.195513677058));
#10888=CARTESIAN_POINT('Ctrl Pts',(25.9680657740186,3.18017086301999E-15,
147.59900682997));
#10889=CARTESIAN_POINT('Ctrl Pts',(26.0282128291573,3.18753675287535E-15,
147.002819171942));
#10890=CARTESIAN_POINT('Ctrl Pts',(26.088121040374,3.19487339278628E-15,
146.406958298088));
#10891=CARTESIAN_POINT('Ctrl Pts',(26.1477898920719,3.20218071961034E-15,
145.811431825106));
#10892=CARTESIAN_POINT('Ctrl Pts',(26.2072188679054,3.20945867011344E-15,
145.216247391843));
#10893=CARTESIAN_POINT('Ctrl Pts',(26.2664074507704,3.21670718096861E-15,
144.621412659862));
#10894=CARTESIAN_POINT('Ctrl Pts',(26.3253551227952,3.22392618875485E-15,
144.026935314002));
#10895=CARTESIAN_POINT('Ctrl Pts',(26.3840613653306,3.23111562995594E-15,
143.432823062949));
#10896=CARTESIAN_POINT('Ctrl Pts',(26.4425256589416,3.23827544095946E-15,
142.839083639786));
#10897=CARTESIAN_POINT('Ctrl Pts',(26.5007474833967,3.2454055580554E-15,
142.245724802606));
#10898=CARTESIAN_POINT('Ctrl Pts',(26.5587263176568,3.2525059174349E-15,
141.65275433512));
#10899=CARTESIAN_POINT('Ctrl Pts',(26.6164616398654,3.25957645518895E-15,
141.060180047276));
#10900=CARTESIAN_POINT('Ctrl Pts',(26.6739529273383,3.2666171073072E-15,
140.468009775865));
#10901=CARTESIAN_POINT('Ctrl Pts',(26.7311996565547,3.27362780967686E-15,
139.876251385143));
#10902=CARTESIAN_POINT('Ctrl Pts',(26.7882013031492,3.28060849808166E-15,
139.284912767432));
#10903=CARTESIAN_POINT('Ctrl Pts',(26.8449573419018,3.28755910820073E-15,
138.694001843764));
#10904=CARTESIAN_POINT('Ctrl Pts',(26.9014672467275,3.29447957560722E-15,
138.103526564554));
#10905=CARTESIAN_POINT('Ctrl Pts',(26.9577304906652,3.30136983576702E-15,
137.513494910272));
#10906=CARTESIAN_POINT('Ctrl Pts',(27.0137465458688,3.3082298240376E-15,
136.923914892118));
#10907=CARTESIAN_POINT('Ctrl Pts',(27.069514883597,3.31505947566687E-15,
136.334794552688));
#10908=CARTESIAN_POINT('Ctrl Pts',(27.1250349742052,3.32185872579204E-15,
135.746141966648));
#10909=CARTESIAN_POINT('Ctrl Pts',(27.1803062871362,3.3286275094386E-15,
135.157965241409));
#10910=CARTESIAN_POINT('Ctrl Pts',(27.2353282909097,3.335365761519E-15,
134.57027251787));
#10911=CARTESIAN_POINT('Ctrl Pts',(27.2901004531123,3.34207341683137E-15,
133.983071971157));
#10912=CARTESIAN_POINT('Ctrl Pts',(27.3446222403866,3.34875041005829E-15,
133.39637181137));
#10913=CARTESIAN_POINT('Ctrl Pts',(27.3988931184228,3.35539667576569E-15,
132.810180284316));
#10914=CARTESIAN_POINT('Ctrl Pts',(27.4529125519494,3.3620121484017E-15,
132.22450567226));
#10915=CARTESIAN_POINT('Ctrl Pts',(27.5066800047255,3.36859676229576E-15,
131.639356294654));
#10916=CARTESIAN_POINT('Ctrl Pts',(27.5601949395302,3.37515045165727E-15,
131.05474050895));
#10917=CARTESIAN_POINT('Ctrl Pts',(27.6134568181519,3.38167315057434E-15,
130.470666711427));
#10918=CARTESIAN_POINT('Ctrl Pts',(27.6664651013788,3.38816479301255E-15,
129.887143338018));
#10919=CARTESIAN_POINT('Ctrl Pts',(27.7192192489887,3.39462531281378E-15,
129.304178865133));
#10920=CARTESIAN_POINT('Ctrl Pts',(27.771718719741,3.40105464369515E-15,
128.721781810491));
#10921=CARTESIAN_POINT('Ctrl Pts',(27.8239629713678,3.40745271924801E-15,
128.139960733928));
#10922=CARTESIAN_POINT('Ctrl Pts',(27.875951460565,3.41381947293679E-15,
127.558724238271));
#10923=CARTESIAN_POINT('Ctrl Pts',(27.9276836429816,3.42015483809773E-15,
126.978080970274));
#10924=CARTESIAN_POINT('Ctrl Pts',(27.9791589732099,3.42645874793765E-15,
126.398039621539));
#10925=CARTESIAN_POINT('Ctrl Pts',(28.0303769047759,3.43273113553277E-15,
125.818608929441));
#10926=CARTESIAN_POINT('Ctrl Pts',(28.0813368901301,3.43897193382763E-15,
125.239797678058));
#10927=CARTESIAN_POINT('Ctrl Pts',(28.1320383806395,3.44518107563407E-15,
124.661614699091));
#10928=CARTESIAN_POINT('Ctrl Pts',(28.1824808265793,3.45135849363019E-15,
124.084068872812));
#10929=CARTESIAN_POINT('Ctrl Pts',(28.232663677122,3.45750412035912E-15,
123.507169129116));
#10930=CARTESIAN_POINT('Ctrl Pts',(28.282586380328,3.46361788822772E-15,
122.930924448566));
#10931=CARTESIAN_POINT('Ctrl Pts',(28.3322483831356,3.46969972950548E-15,
122.355343863434));
#10932=CARTESIAN_POINT('Ctrl Pts',(28.3816491313525,3.47574957632341E-15,
121.780436458751));
#10933=CARTESIAN_POINT('Ctrl Pts',(28.4307880696475,3.48176736067305E-15,
121.206211373349));
#10934=CARTESIAN_POINT('Ctrl Pts',(28.4796646415425,3.48775301440551E-15,
120.632677800905));
#10935=CARTESIAN_POINT('Ctrl Pts',(28.5282782894025,3.49370646923016E-15,
120.05984499113));
#10936=CARTESIAN_POINT('Ctrl Pts',(28.5766284544253,3.49962765671352E-15,
119.487722250957));
#10937=CARTESIAN_POINT('Ctrl Pts',(28.624714576633,3.50551650827802E-15,
118.91631894573));
#10938=CARTESIAN_POINT('Ctrl Pts',(28.6725360948627,3.51137295520105E-15,
118.345644500387));
#10939=CARTESIAN_POINT('Ctrl Pts',(28.720092446758,3.51719692861383E-15,
117.775708400659));
#10940=CARTESIAN_POINT('Ctrl Pts',(28.7673830687625,3.52298835950058E-15,
117.206520194233));
#10941=CARTESIAN_POINT('Ctrl Pts',(28.8144073961091,3.52874717869729E-15,
116.638089492102));
#10942=CARTESIAN_POINT('Ctrl Pts',(28.861164862811,3.53447331689055E-15,
116.070425969922));
#10943=CARTESIAN_POINT('Ctrl Pts',(28.9076549016523,3.54016670461648E-15,
115.503539369376));
#10944=CARTESIAN_POINT('Ctrl Pts',(28.9538769441801,3.54582727225965E-15,
114.93743949953));
#10945=CARTESIAN_POINT('Ctrl Pts',(28.9998304206954,3.55145495005207E-15,
114.372136238199));
#10946=CARTESIAN_POINT('Ctrl Pts',(29.0455147602471,3.55704966807239E-15,
113.807639533285));
#10947=CARTESIAN_POINT('Ctrl Pts',(29.0909293906223,3.56261135624472E-15,
113.243959404291));
#10948=CARTESIAN_POINT('Ctrl Pts',(29.1360737383369,3.56813994433755E-15,
112.681105943903));
#10949=CARTESIAN_POINT('Ctrl Pts',(29.180947228627,3.57363536196259E-15,
112.119089319553));
#10950=CARTESIAN_POINT('Ctrl Pts',(29.2255492854407,3.57909753857382E-15,
111.557919774981));
#10951=CARTESIAN_POINT('Ctrl Pts',(29.2698793314302,3.58452640346653E-15,
110.997607631817));
#10952=CARTESIAN_POINT('Ctrl Pts',(29.3139367879452,3.58992188577649E-15,
110.438163291114));
#10953=CARTESIAN_POINT('Ctrl Pts',(29.3577210750243,3.59528391447893E-15,
109.879597235087));
#10954=CARTESIAN_POINT('Ctrl Pts',(29.4012316113865,3.60061241838745E-15,
109.321920028956));
#10955=CARTESIAN_POINT('Ctrl Pts',(29.4444678144227,3.60590732615301E-15,
108.765142322755));
#10956=CARTESIAN_POINT('Ctrl Pts',(29.4874291001882,3.61116856626299E-15,
108.209274853144));
#10957=CARTESIAN_POINT('Ctrl Pts',(29.5301148833953,3.61639606704036E-15,
107.654328445244));
#10958=CARTESIAN_POINT('Ctrl Pts',(29.5725245774072,3.62158975664281E-15,
107.100314014414));
#10959=CARTESIAN_POINT('Ctrl Pts',(29.6146575942298,3.62674956306184E-15,
106.547242568279));
#10960=CARTESIAN_POINT('Ctrl Pts',(29.6565133445036,3.6318754141217E-15,
105.995125208878));
#10961=CARTESIAN_POINT('Ctrl Pts',(29.6980912374952,3.63696723747846E-15,
105.443973134778));
#10962=CARTESIAN_POINT('Ctrl Pts',(29.7393906810917,3.64202496061915E-15,
104.893797643195));
#10963=CARTESIAN_POINT('Ctrl Pts',(29.7804110817931,3.64704851086103E-15,
104.34461013213));
#10964=CARTESIAN_POINT('Ctrl Pts',(29.8211518447074,3.65203781535081E-15,
103.79642210245));
#10965=CARTESIAN_POINT('Ctrl Pts',(29.8616123735434,3.6569928010639E-15,
103.249245160294));
#10966=CARTESIAN_POINT('Ctrl Pts',(29.901792070603,3.66191339480337E-15,
102.703091019588));
#10967=CARTESIAN_POINT('Ctrl Pts',(29.9416903367747,3.66679952319923E-15,
102.15797150454));
#10968=CARTESIAN_POINT('Ctrl Pts',(29.9813065715269,3.6716511127076E-15,
101.613898552125));
#10969=CARTESIAN_POINT('Ctrl Pts',(30.020640172903,3.67646808961001E-15,
101.070884214602));
#10970=CARTESIAN_POINT('Ctrl Pts',(30.0596905375158,3.68125038001287E-15,
100.528940661966));
#10971=CARTESIAN_POINT('Ctrl Pts',(30.0984570605412,3.68599790984658E-15,
99.9880801848519));
#10972=CARTESIAN_POINT('Ctrl Pts',(30.1369391357125,3.6907106048649E-15,
99.4483151975027));
#10973=CARTESIAN_POINT('Ctrl Pts',(30.1751361553149,3.6953883906442E-15,
98.9096582407188));
#10974=CARTESIAN_POINT('Ctrl Pts',(30.2130475101801,3.7000311925829E-15,
98.3721219848182));
#10975=CARTESIAN_POINT('Ctrl Pts',(30.2506725896821,3.70463893590088E-15,
97.8357192325869));
#10976=CARTESIAN_POINT('Ctrl Pts',(30.2880107817332,3.70921154563901E-15,
97.3004629222476));
#10977=CARTESIAN_POINT('Ctrl Pts',(30.3250614727785,3.71374894665849E-15,
96.7663661309934));
#10978=CARTESIAN_POINT('Ctrl Pts',(30.3618240477915,3.7182510636403E-15,
96.2334420785142));
#10979=CARTESIAN_POINT('Ctrl Pts',(30.3982978902701,3.72271782108471E-15,
95.7017041305158));
#10980=CARTESIAN_POINT('Ctrl Pts',(30.434482382233,3.72714914331082E-15,
95.1711658022679));
#10981=CARTESIAN_POINT('Ctrl Pts',(30.4703769042167,3.73154495445624E-15,
94.6418407620768));
#10982=CARTESIAN_POINT('Ctrl Pts',(30.5059808352725,3.7359051784767E-15,
94.1137428349946));
#10983=CARTESIAN_POINT('Ctrl Pts',(30.5412935529639,3.74022973914569E-15,
93.5868860071376));
#10984=CARTESIAN_POINT('Ctrl Pts',(30.576314433363,3.74451856005411E-15,
93.0612844298987));
#10985=CARTESIAN_POINT('Ctrl Pts',(30.611042851049,3.74877156460997E-15,
92.5369524241816));
#10986=CARTESIAN_POINT('Ctrl Pts',(30.6454781791061,3.75298867603824E-15,
92.0139044846783));
#10987=CARTESIAN_POINT('Ctrl Pts',(30.6796197891226,3.75716981738068E-15,
91.4921552839996));
#10988=CARTESIAN_POINT('Ctrl Pts',(30.7134670511898,3.76131491149573E-15,
90.9717196774838));
#10989=CARTESIAN_POINT('Ctrl Pts',(30.7470193339007,3.76542388105833E-15,
90.4526127084259));
#10990=CARTESIAN_POINT('Ctrl Pts',(30.7802760043503,3.76949664855997E-15,
89.9348496131784));
#10991=CARTESIAN_POINT('Ctrl Pts',(30.8132364281352,3.77353313630864E-15,
89.4184458263098));
#10992=CARTESIAN_POINT('Ctrl Pts',(30.8458999693545,3.77753326642894E-15,
88.9034169857316));
#10993=CARTESIAN_POINT('Ctrl Pts',(30.8782659906114,3.78149696086228E-15,
88.3897789378655));
#10994=CARTESIAN_POINT('Ctrl Pts',(30.9103338530145,3.78542414136702E-15,
87.8775477439278));
#10995=CARTESIAN_POINT('Ctrl Pts',(30.9421029161801,3.7893147295188E-15,
87.3667396862107));
#10996=CARTESIAN_POINT('Ctrl Pts',(30.9735725382349,3.79316864671077E-15,
86.8573712743304));
#10997=CARTESIAN_POINT('Ctrl Pts',(31.0047420758186,3.79698581415405E-15,
86.3494592515757));
#10998=CARTESIAN_POINT('Ctrl Pts',(31.0356108840886,3.80076615287818E-15,
85.8430206010089));
#10999=CARTESIAN_POINT('Ctrl Pts',(31.0661783167239,3.80450958373168E-15,
85.3380725525073));
#11000=CARTESIAN_POINT('Ctrl Pts',(31.0964437259308,3.8082160273827E-15,
84.8346325906927));
#11001=CARTESIAN_POINT('Ctrl Pts',(31.1264064624487,3.81188540431972E-15,
84.3327184626083));
#11002=CARTESIAN_POINT('Ctrl Pts',(31.1560658755561,3.81551763485239E-15,
83.8323481855237));
#11003=CARTESIAN_POINT('Ctrl Pts',(31.1854213130786,3.81911263911234E-15,
83.3335400546371));
#11004=CARTESIAN_POINT('Ctrl Pts',(31.2144721213965,3.82267033705425E-15,
82.8363126509729));
#11005=CARTESIAN_POINT('Ctrl Pts',(31.2432176454538,3.82619064845691E-15,
82.3406848510907));
#11006=CARTESIAN_POINT('Ctrl Pts',(31.2716572287691,3.82967349292453E-15,
81.8466758366899));
#11007=CARTESIAN_POINT('Ctrl Pts',(31.2997902134456,3.83311878988798E-15,
81.3543051042053));
#11008=CARTESIAN_POINT('Ctrl Pts',(31.3276159401827,3.83652645860624E-15,
80.8635924745303));
#11009=CARTESIAN_POINT('Ctrl Pts',(31.355133748288,3.8398964181678E-15,
80.3745581023806));
#11010=CARTESIAN_POINT('Ctrl Pts',(31.3823429756913,3.84322858749248E-15,
79.887222487939));
#11011=CARTESIAN_POINT('Ctrl Pts',(31.4092429589613,3.84652288533335E-15,
79.4016064892423));
#11012=CARTESIAN_POINT('Ctrl Pts',(31.4358330333211,3.84977923027873E-15,
78.9177313342463));
#11013=CARTESIAN_POINT('Ctrl Pts',(31.4621125326659,3.85299754075431E-15,
78.4356186332041));
#11014=CARTESIAN_POINT('Ctrl Pts',(31.4880807895795,3.85617773502518E-15,
77.9552903904876));
#11015=CARTESIAN_POINT('Ctrl Pts',(31.5137371353549,3.85931973119835E-15,
77.4767690184024));
#11016=CARTESIAN_POINT('Ctrl Pts',(31.5390809000175,3.86242344722559E-15,
77.0000773528966));
#11017=CARTESIAN_POINT('Ctrl Pts',(31.5641114123482,3.86548880090626E-15,
76.5252386686455));
#11018=CARTESIAN_POINT('Ctrl Pts',(31.5888279999074,3.86851570989028E-15,
76.0522766946295));
#11019=CARTESIAN_POINT('Ctrl Pts',(31.6132299890592,3.87150409168104E-15,
75.5812156289552));
#11020=CARTESIAN_POINT('Ctrl Pts',(31.637316704999,3.87445386363881E-15,
75.1120801559279));
#11021=CARTESIAN_POINT('Ctrl Pts',(31.661087471787,3.87736494298483E-15,
74.644895466933));
#11022=CARTESIAN_POINT('Ctrl Pts',(31.6845416123806,3.88023724680531E-15,
74.1796872803674));
#11023=CARTESIAN_POINT('Ctrl Pts',(31.7076784486691,3.88307069205562E-15,
73.7164818621643));
#11024=CARTESIAN_POINT('Ctrl Pts',(31.7304973015069,3.88586519556441E-15,
73.255306045586));
#11025=CARTESIAN_POINT('Ctrl Pts',(31.7529974907511,3.88862067403822E-15,
72.7961872529931));
#11026=CARTESIAN_POINT('Ctrl Pts',(31.7751783353066,3.89133704406696E-15,
72.3391535217024));
#11027=CARTESIAN_POINT('Ctrl Pts',(31.79703915317,3.89401422212927E-15,
71.8842335287304));
#11028=CARTESIAN_POINT('Ctrl Pts',(31.8185792614747,3.89665212459814E-15,
71.4314566165544));
#11029=CARTESIAN_POINT('Ctrl Pts',(31.8397979765362,3.89925066774634E-15,
70.9808528171));
#11030=CARTESIAN_POINT('Ctrl Pts',(31.8606946139031,3.90180976775278E-15,
70.5324528813118));
#11031=CARTESIAN_POINT('Ctrl Pts',(31.8812684884231,3.90432934071047E-15,
70.0862883170777));
#11032=CARTESIAN_POINT('Ctrl Pts',(31.9015189143038,3.90680930263409E-15,
69.6423914250519));
#11033=CARTESIAN_POINT('Ctrl Pts',(31.9214452051786,3.90924956946797E-15,
69.2007953356159));
#11034=CARTESIAN_POINT('Ctrl Pts',(31.9410466741691,3.91165005709374E-15,
68.76153404469));
#11035=CARTESIAN_POINT('Ctrl Pts',(31.9603226339577,3.9140106813393E-15,
68.3246424531588));
#11036=CARTESIAN_POINT('Ctrl Pts',(31.979272396867,3.91633135798844E-15,
67.8901564089455));
#11037=CARTESIAN_POINT('Ctrl Pts',(31.9978952749375,3.91861200279044E-15,
67.4581127478943));
#11038=CARTESIAN_POINT('Ctrl Pts',(32.0161905800082,3.92085253146987E-15,
67.028549336135));
#11039=CARTESIAN_POINT('Ctrl Pts',(32.0341576237937,3.92305285973608E-15,
66.6015051092554));
#11040=CARTESIAN_POINT('Ctrl Pts',(32.0517957180029,3.9252129032977E-15,
66.1770201450573));
#11041=CARTESIAN_POINT('Ctrl Pts',(32.0691041744631,3.92733257787792E-15,
65.7551357409306));
#11042=CARTESIAN_POINT('Ctrl Pts',(32.0860823052437,3.92941179922953E-15,
65.3358944888325));
#11043=CARTESIAN_POINT('Ctrl Pts',(32.1027294227807,3.93145048315019E-15,
64.9193403531231));
#11044=CARTESIAN_POINT('Ctrl Pts',(32.119044840001,3.93344854549776E-15,
64.505518741467));
#11045=CARTESIAN_POINT('Ctrl Pts',(32.1350278704481,3.93540590220553E-15,
64.0944765617478));
#11046=CARTESIAN_POINT('Ctrl Pts',(32.1506778284044,3.93732246929733E-15,
63.6862622794223));
#11047=CARTESIAN_POINT('Ctrl Pts',(32.1659940290219,3.93919816290345E-15,
63.2809259796076));
#11048=CARTESIAN_POINT('Ctrl Pts',(32.1809757884361,3.94103289927468E-15,
62.8785194143828));
#11049=CARTESIAN_POINT('Ctrl Pts',(32.1956224240254,3.94282659481395E-15,
62.4790961879782));
#11050=CARTESIAN_POINT('Ctrl Pts',(32.2099332546996,3.94457916611177E-15,
62.0827119717877));
#11051=CARTESIAN_POINT('Ctrl Pts',(32.2239076011707,3.94629052997938E-15,
61.6894246975075));
#11052=CARTESIAN_POINT('Ctrl Pts',(32.2375447862536,3.94796060348549E-15,
61.2992947871821));
#11053=CARTESIAN_POINT('Ctrl Pts',(32.2508441350642,3.94958930398066E-15,
60.9123852502109));
#11054=CARTESIAN_POINT('Ctrl Pts',(32.2638049751067,3.95117654910789E-15,
60.5287616393899));
#11055=CARTESIAN_POINT('Ctrl Pts',(32.2764266364258,3.95272225682132E-15,
60.148492081217));
#11056=CARTESIAN_POINT('Ctrl Pts',(32.2887084516575,3.95422634539244E-15,
59.7716471960999));
#11057=CARTESIAN_POINT('Ctrl Pts',(32.3006497563823,3.95568873345333E-15,
59.3983003369546));
#11058=CARTESIAN_POINT('Ctrl Pts',(32.312249890102,3.95710934011629E-15,
59.0285284875623));
#11059=CARTESIAN_POINT('Ctrl Pts',(32.3235081970302,3.95848808507062E-15,
58.6624129567716));
#11060=CARTESIAN_POINT('Ctrl Pts',(32.3344240270779,3.95982488870342E-15,
58.3000402936128));
#11061=CARTESIAN_POINT('Ctrl Pts',(32.3449967363517,3.96111967216047E-15,
57.9415026394569));
#11062=CARTESIAN_POINT('Ctrl Pts',(32.3552256863819,3.96237235725178E-15,
57.5868966270106));
#11063=CARTESIAN_POINT('Ctrl Pts',(32.3651102438417,3.9635828664172E-15,
57.236322827802));
#11064=CARTESIAN_POINT('Ctrl Pts',(32.3746497795429,3.96475112260338E-15,
56.8898844048364));
#11065=CARTESIAN_POINT('Ctrl Pts',(32.3838436697199,3.96587704942107E-15,
56.5476882606236));
#11066=CARTESIAN_POINT('Ctrl Pts',(32.3926913007014,3.96696057171723E-15,
56.2098498889415));
#11067=CARTESIAN_POINT('Ctrl Pts',(32.4011920721167,3.96800161596764E-15,
55.8764966068519));
#11068=CARTESIAN_POINT('Ctrl Pts',(32.4093454021663,3.9690001109224E-15,
55.5477730876841));
#11069=CARTESIAN_POINT('Ctrl Pts',(32.4171507236398,3.96995598711827E-15,
55.223836539117));
#11070=CARTESIAN_POINT('Ctrl Pts',(32.4246074774055,3.9708691760814E-15,
54.9048490346716));
#11071=CARTESIAN_POINT('Ctrl Pts',(32.4317151053535,3.971739609463E-15,
54.5909692621554));
#11072=CARTESIAN_POINT('Ctrl Pts',(32.4384730477247,3.97256721871238E-15,
54.2823490962016));
#11073=CARTESIAN_POINT('Ctrl Pts',(32.4448807705339,3.97335193843519E-15,
53.9791633881234));
#11074=CARTESIAN_POINT('Ctrl Pts',(32.450937784283,3.97409370868521E-15,
53.681630107253));
#11075=CARTESIAN_POINT('Ctrl Pts',(32.4566436765422,3.97479247895436E-15,
53.3900458788514));
#11076=CARTESIAN_POINT('Ctrl Pts',(32.4619980664335,3.97544820259854E-15,
53.1047346860038));
#11077=CARTESIAN_POINT('Ctrl Pts',(32.4670005626928,3.9760608317017E-15,
52.8260004601729));
#11078=CARTESIAN_POINT('Ctrl Pts',(32.4716506831948,3.97663030722054E-15,
52.554037022645));
#11079=CARTESIAN_POINT('Ctrl Pts',(32.4759479605493,3.97715657191627E-15,
52.2890440186394));
#11080=CARTESIAN_POINT('Ctrl Pts',(32.4798921011579,3.97763958983344E-15,
52.0314019181783));
#11081=CARTESIAN_POINT('Ctrl Pts',(32.483483204264,3.97807937312587E-15,
51.7819137036416));
#11082=CARTESIAN_POINT('Ctrl Pts',(32.4867215160601,3.97847595194345E-15,
51.5415303418369));
#11083=CARTESIAN_POINT('Ctrl Pts',(32.4896069399263,3.97882931445363E-15,
51.3108054590304));
#11084=CARTESIAN_POINT('Ctrl Pts',(32.492138702697,3.97913936597098E-15,
51.0895233841552));
#11085=CARTESIAN_POINT('Ctrl Pts',(32.4943164834801,3.9794060671975E-15,
50.8779468720075));
#11086=CARTESIAN_POINT('Ctrl Pts',(32.4961423003421,3.97962966527508E-15,
50.6789065321521));
#11087=CARTESIAN_POINT('Ctrl Pts',(32.4976195170583,3.9798105721474E-15,
50.4966927915067));
#11088=CARTESIAN_POINT('Ctrl Pts',(32.4987476450844,3.97994872798502E-15,
50.3312868698909));
#11089=CARTESIAN_POINT('Ctrl Pts',(32.4995220450891,3.98004356463373E-15,
50.1780158194975));
#11090=CARTESIAN_POINT('Ctrl Pts',(32.4998695815805,3.98008612557889E-15,
50.0776390239125));
#11091=CARTESIAN_POINT('Ctrl Pts',(32.4999895251882,3.98010081443442E-15,
50.0286213744035));
#11092=CARTESIAN_POINT('Ctrl Pts',(32.5000069330491,3.98010294628254E-15,
50.0075969162389));
#11093=CARTESIAN_POINT('Ctrl Pts',(32.5,3.9801020972289E-15,50.));
#11094=CARTESIAN_POINT('Origin',(0.,0.,0.));
#11095=CARTESIAN_POINT('',(-30.85,-3.77803537536959E-15,0.));
#11096=CARTESIAN_POINT('',(-30.85,-3.77803537536959E-15,0.));
#11097=CARTESIAN_POINT('Origin',(0.,0.,0.));
#11098=CARTESIAN_POINT('Origin',(0.,0.,0.));
#11099=CARTESIAN_POINT('Origin',(32.5,3.9801020972289E-15,51.6));
#11100=CARTESIAN_POINT('',(30.8857572242565,-3.7824143723928E-15,51.5999999999999));
#11101=CARTESIAN_POINT('Ctrl Pts',(30.8857572242565,-1.11022302462516E-14,
51.6));
#11102=CARTESIAN_POINT('Ctrl Pts',(30.8857572242565,-2.32450509304496,51.6));
#11103=CARTESIAN_POINT('Ctrl Pts',(30.6233323869663,-4.64699593376368,51.6000000000001));
#11104=CARTESIAN_POINT('Ctrl Pts',(29.198477543315,-10.8422161309349,51.6000000000001));
#11105=CARTESIAN_POINT('Ctrl Pts',(27.540092933612,-14.5481278068825,51.6000000000001));
#11106=CARTESIAN_POINT('Ctrl Pts',(25.2181151730657,-17.8319002474136,51.6000000000001));
#11107=CARTESIAN_POINT('Ctrl Pts',(23.9034311051303,-19.691144286545,51.6000000000001));
#11108=CARTESIAN_POINT('Ctrl Pts',(22.3871563867473,-21.3993086530047,51.6000000000001));
#11109=CARTESIAN_POINT('Ctrl Pts',(19.0067621757208,-24.4511384910157,51.6000000000001));
#11110=CARTESIAN_POINT('Ctrl Pts',(17.1529862367375,-25.7854657718944,51.6000000000001));
#11111=CARTESIAN_POINT('Ctrl Pts',(11.666177241984,-28.8791455904774,51.6000000000001));
#11112=CARTESIAN_POINT('Ctrl Pts',(7.81057173177738,-30.1512804155999,51.6000000000001));
#11113=CARTESIAN_POINT('Ctrl Pts',(-0.171247267070271,-31.1460337097823,
51.6000000000001));
#11114=CARTESIAN_POINT('Ctrl Pts',(-4.22115021565483,-30.8591417951675,
51.6000000000001));
#11115=CARTESIAN_POINT('Ctrl Pts',(-11.9830292250466,-28.7491174137408,
51.6000000000001));
#11116=CARTESIAN_POINT('Ctrl Pts',(-15.6207974919732,-26.9461579300675,
51.6000000000001));
#11117=CARTESIAN_POINT('Ctrl Pts',(-22.0004734150187,-22.0473107428646,
51.6000000000001));
#11118=CARTESIAN_POINT('Ctrl Pts',(-24.6813878921213,-18.9982586885226,
51.6000000000001));
#11119=CARTESIAN_POINT('Ctrl Pts',(-28.7235686034853,-12.04414165303,51.6000000000001));
#11120=CARTESIAN_POINT('Ctrl Pts',(-30.0461893869873,-8.20556182102522,
51.6000000000001));
#11121=CARTESIAN_POINT('Ctrl Pts',(-31.1455990937727,-0.237483825468315,
51.6000000000001));
#11122=CARTESIAN_POINT('Ctrl Pts',(-30.9118770610347,3.81583516950827,51.6000000000001));
#11123=CARTESIAN_POINT('Ctrl Pts',(-28.9038902480777,11.6047348097427,51.6000000000001));
#11124=CARTESIAN_POINT('Ctrl Pts',(-27.1488229162282,15.2658493291615,51.6000000000001));
#11125=CARTESIAN_POINT('Ctrl Pts',(-22.3341153566141,21.709261450239,51.6000000000001));
#11126=CARTESIAN_POINT('Ctrl Pts',(-19.3205063573379,24.4299565200891,51.6000000000001));
#11127=CARTESIAN_POINT('Ctrl Pts',(-12.4200319479373,28.5630451438497,51.6000000000001));
#11128=CARTESIAN_POINT('Ctrl Pts',(-8.59913883421583,29.9359241178097,51.6000000000001));
#11129=CARTESIAN_POINT('Ctrl Pts',(-0.646174021025675,31.1398009083541,
51.6000000000001));
#11130=CARTESIAN_POINT('Ctrl Pts',(3.40986300012823,30.9592890066573,51.6000000000001));
#11131=CARTESIAN_POINT('Ctrl Pts',(11.224441948352,29.0536855566631,51.6000000000001));
#11132=CARTESIAN_POINT('Ctrl Pts',(14.9082722414023,27.3468126159816,51.6000000000001));
#11133=CARTESIAN_POINT('Ctrl Pts',(21.4143109434502,22.6170738225484,51.6000000000001));
#11134=CARTESIAN_POINT('Ctrl Pts',(24.1743180763913,19.6394268505687,51.6000000000001));
#11135=CARTESIAN_POINT('Ctrl Pts',(28.3976028552424,12.7937833948097,51.6000000000001));
#11136=CARTESIAN_POINT('Ctrl Pts',(29.8205035967986,8.99123499363131,51.6000000000001));
#11137=CARTESIAN_POINT('Ctrl Pts',(30.7488668098907,3.35884290796296,51.6000000000001));
#11138=CARTESIAN_POINT('Ctrl Pts',(30.8857572242565,1.67889607765075,51.6));
#11139=CARTESIAN_POINT('Ctrl Pts',(30.8857572242565,-1.11022302462516E-14,
51.6));
#11140=CARTESIAN_POINT('',(-29.25,3.58209188750601E-15,51.6));
#11141=CARTESIAN_POINT('Origin',(0.,0.,51.6));
#11142=CARTESIAN_POINT('Ctrl Pts',(5.01202968017367E-10,6.13782471770941E-26,
296.527716238107));
#11143=CARTESIAN_POINT('Ctrl Pts',(5.01202968017367E-10,5.01202968017367E-10,
296.527716238107));
#11144=CARTESIAN_POINT('Ctrl Pts',(-6.13782471770941E-26,5.01202968017367E-10,
296.527716238107));
#11145=CARTESIAN_POINT('Ctrl Pts',(-5.01202968017367E-10,5.01202968017367E-10,
296.527716238107));
#11146=CARTESIAN_POINT('Ctrl Pts',(-5.01202968017367E-10,-6.13782471770941E-26,
296.527716238107));
#11147=CARTESIAN_POINT('Ctrl Pts',(-5.01202968017367E-10,-5.01202968017367E-10,
296.527716238107));
#11148=CARTESIAN_POINT('Ctrl Pts',(6.13782471770941E-26,-5.01202968017367E-10,
296.527716238107));
#11149=CARTESIAN_POINT('Ctrl Pts',(5.01202968017367E-10,-5.01202968017367E-10,
296.527716238107));
#11150=CARTESIAN_POINT('Ctrl Pts',(5.01202968017367E-10,6.13782471770941E-26,
296.527716238107));
#11151=CARTESIAN_POINT('Ctrl Pts',(0.625041730919036,7.65455355103527E-17,
294.906409626532));
#11152=CARTESIAN_POINT('Ctrl Pts',(0.625041730919036,0.625041730919036,
294.906409626532));
#11153=CARTESIAN_POINT('Ctrl Pts',(-7.65455355103527E-17,0.625041730919036,
294.906409626532));
#11154=CARTESIAN_POINT('Ctrl Pts',(-0.625041730919036,0.625041730919036,
294.906409626532));
#11155=CARTESIAN_POINT('Ctrl Pts',(-0.625041730919036,-7.65455355103527E-17,
294.906409626532));
#11156=CARTESIAN_POINT('Ctrl Pts',(-0.625041730919036,-0.625041730919036,
294.906409626532));
#11157=CARTESIAN_POINT('Ctrl Pts',(7.65455355103527E-17,-0.625041730919036,
294.906409626532));
#11158=CARTESIAN_POINT('Ctrl Pts',(0.625041730919036,-0.625041730919036,
294.906409626532));
#11159=CARTESIAN_POINT('Ctrl Pts',(0.625041730919036,7.65455355103527E-17,
294.906409626532));
#11160=CARTESIAN_POINT('Ctrl Pts',(1.28345457798964,1.571778540786E-16,
292.846668030811));
#11161=CARTESIAN_POINT('Ctrl Pts',(1.28345457798964,1.28345457798964,292.846668030811));
#11162=CARTESIAN_POINT('Ctrl Pts',(-1.571778540786E-16,1.28345457798964,
292.846668030811));
#11163=CARTESIAN_POINT('Ctrl Pts',(-1.28345457798964,1.28345457798964,292.846668030811));
#11164=CARTESIAN_POINT('Ctrl Pts',(-1.28345457798964,-1.571778540786E-16,
292.846668030811));
#11165=CARTESIAN_POINT('Ctrl Pts',(-1.28345457798964,-1.28345457798964,
292.846668030811));
#11166=CARTESIAN_POINT('Ctrl Pts',(1.571778540786E-16,-1.28345457798964,
292.846668030811));
#11167=CARTESIAN_POINT('Ctrl Pts',(1.28345457798964,-1.28345457798964,292.846668030811));
#11168=CARTESIAN_POINT('Ctrl Pts',(1.28345457798964,1.571778540786E-16,
292.846668030811));
#11169=CARTESIAN_POINT('Ctrl Pts',(1.93542333295117,2.37020998969374E-16,
290.584027546176));
#11170=CARTESIAN_POINT('Ctrl Pts',(1.93542333295117,1.93542333295117,290.584027546176));
#11171=CARTESIAN_POINT('Ctrl Pts',(-2.37020998969374E-16,1.93542333295117,
290.584027546176));
#11172=CARTESIAN_POINT('Ctrl Pts',(-1.93542333295117,1.93542333295117,290.584027546176));
#11173=CARTESIAN_POINT('Ctrl Pts',(-1.93542333295117,-2.37020998969374E-16,
290.584027546176));
#11174=CARTESIAN_POINT('Ctrl Pts',(-1.93542333295117,-1.93542333295117,
290.584027546176));
#11175=CARTESIAN_POINT('Ctrl Pts',(2.37020998969374E-16,-1.93542333295117,
290.584027546176));
#11176=CARTESIAN_POINT('Ctrl Pts',(1.93542333295117,-1.93542333295117,290.584027546176));
#11177=CARTESIAN_POINT('Ctrl Pts',(1.93542333295117,2.37020998969374E-16,
290.584027546176));
#11178=CARTESIAN_POINT('Ctrl Pts',(3.24453307810829,3.97340704883304E-16,
286.040796470022));
#11179=CARTESIAN_POINT('Ctrl Pts',(3.24453307810829,3.24453307810829,286.040796470022));
#11180=CARTESIAN_POINT('Ctrl Pts',(-3.97340704883304E-16,3.24453307810829,
286.040796470022));
#11181=CARTESIAN_POINT('Ctrl Pts',(-3.24453307810829,3.24453307810829,286.040796470022));
#11182=CARTESIAN_POINT('Ctrl Pts',(-3.24453307810829,-3.97340704883304E-16,
286.040796470022));
#11183=CARTESIAN_POINT('Ctrl Pts',(-3.24453307810829,-3.24453307810829,
286.040796470022));
#11184=CARTESIAN_POINT('Ctrl Pts',(3.97340704883304E-16,-3.24453307810829,
286.040796470022));
#11185=CARTESIAN_POINT('Ctrl Pts',(3.24453307810829,-3.24453307810829,286.040796470022));
#11186=CARTESIAN_POINT('Ctrl Pts',(3.24453307810829,3.97340704883304E-16,
286.040796470022));
#11187=CARTESIAN_POINT('Ctrl Pts',(4.55294359667297,5.57574780236413E-16,
280.617220317051));
#11188=CARTESIAN_POINT('Ctrl Pts',(4.55294359667297,4.55294359667297,280.617220317051));
#11189=CARTESIAN_POINT('Ctrl Pts',(-5.57574780236413E-16,4.55294359667297,
280.617220317051));
#11190=CARTESIAN_POINT('Ctrl Pts',(-4.55294359667297,4.55294359667297,280.617220317051));
#11191=CARTESIAN_POINT('Ctrl Pts',(-4.55294359667297,-5.57574780236413E-16,
280.617220317051));
#11192=CARTESIAN_POINT('Ctrl Pts',(-4.55294359667297,-4.55294359667297,
280.617220317051));
#11193=CARTESIAN_POINT('Ctrl Pts',(5.57574780236413E-16,-4.55294359667297,
280.617220317051));
#11194=CARTESIAN_POINT('Ctrl Pts',(4.55294359667297,-4.55294359667297,280.617220317051));
#11195=CARTESIAN_POINT('Ctrl Pts',(4.55294359667297,5.57574780236413E-16,
280.617220317051));
#11196=CARTESIAN_POINT('Ctrl Pts',(5.83353885070366,7.14402468121595E-16,
274.739350429801));
#11197=CARTESIAN_POINT('Ctrl Pts',(5.83353885070366,5.83353885070366,274.739350429801));
#11198=CARTESIAN_POINT('Ctrl Pts',(-7.14402468121595E-16,5.83353885070366,
274.739350429801));
#11199=CARTESIAN_POINT('Ctrl Pts',(-5.83353885070366,5.83353885070366,274.739350429801));
#11200=CARTESIAN_POINT('Ctrl Pts',(-5.83353885070366,-7.14402468121595E-16,
274.739350429801));
#11201=CARTESIAN_POINT('Ctrl Pts',(-5.83353885070366,-5.83353885070366,
274.739350429801));
#11202=CARTESIAN_POINT('Ctrl Pts',(7.14402468121595E-16,-5.83353885070366,
274.739350429801));
#11203=CARTESIAN_POINT('Ctrl Pts',(5.83353885070366,-5.83353885070366,274.739350429801));
#11204=CARTESIAN_POINT('Ctrl Pts',(5.83353885070366,7.14402468121595E-16,
274.739350429801));
#11205=CARTESIAN_POINT('Ctrl Pts',(7.90471922235218,9.68048909381189E-16,
265.232733331809));
#11206=CARTESIAN_POINT('Ctrl Pts',(7.90471922235218,7.90471922235218,265.232733331809));
#11207=CARTESIAN_POINT('Ctrl Pts',(-9.68048909381189E-16,7.90471922235218,
265.232733331809));
#11208=CARTESIAN_POINT('Ctrl Pts',(-7.90471922235218,7.90471922235218,265.232733331809));
#11209=CARTESIAN_POINT('Ctrl Pts',(-7.90471922235218,-9.68048909381189E-16,
265.232733331809));
#11210=CARTESIAN_POINT('Ctrl Pts',(-7.90471922235218,-7.90471922235218,
265.232733331809));
#11211=CARTESIAN_POINT('Ctrl Pts',(9.68048909381189E-16,-7.90471922235218,
265.232733331809));
#11212=CARTESIAN_POINT('Ctrl Pts',(7.90471922235218,-7.90471922235218,265.232733331809));
#11213=CARTESIAN_POINT('Ctrl Pts',(7.90471922235218,9.68048909381189E-16,
265.232733331809));
#11214=CARTESIAN_POINT('Ctrl Pts',(9.90860281648688,1.21345387232333E-15,
254.497028261135));
#11215=CARTESIAN_POINT('Ctrl Pts',(9.90860281648688,9.90860281648688,254.497028261135));
#11216=CARTESIAN_POINT('Ctrl Pts',(-1.21345387232333E-15,9.90860281648688,
254.497028261135));
#11217=CARTESIAN_POINT('Ctrl Pts',(-9.90860281648688,9.90860281648688,254.497028261135));
#11218=CARTESIAN_POINT('Ctrl Pts',(-9.90860281648688,-1.21345387232333E-15,
254.497028261135));
#11219=CARTESIAN_POINT('Ctrl Pts',(-9.90860281648688,-9.90860281648688,
254.497028261135));
#11220=CARTESIAN_POINT('Ctrl Pts',(1.21345387232333E-15,-9.90860281648688,
254.497028261135));
#11221=CARTESIAN_POINT('Ctrl Pts',(9.90860281648688,-9.90860281648688,254.497028261135));
#11222=CARTESIAN_POINT('Ctrl Pts',(9.90860281648688,1.21345387232333E-15,
254.497028261135));
#11223=CARTESIAN_POINT('Ctrl Pts',(11.8123840900309,1.44659983661555E-15,
243.171167544367));
#11224=CARTESIAN_POINT('Ctrl Pts',(11.8123840900309,11.8123840900309,243.171167544367));
#11225=CARTESIAN_POINT('Ctrl Pts',(-1.44659983661555E-15,11.8123840900309,
243.171167544367));
#11226=CARTESIAN_POINT('Ctrl Pts',(-11.8123840900309,11.8123840900309,243.171167544367));
#11227=CARTESIAN_POINT('Ctrl Pts',(-11.8123840900309,-1.44659983661555E-15,
243.171167544367));
#11228=CARTESIAN_POINT('Ctrl Pts',(-11.8123840900309,-11.8123840900309,
243.171167544367));
#11229=CARTESIAN_POINT('Ctrl Pts',(1.44659983661555E-15,-11.8123840900309,
243.171167544367));
#11230=CARTESIAN_POINT('Ctrl Pts',(11.8123840900309,-11.8123840900309,243.171167544367));
#11231=CARTESIAN_POINT('Ctrl Pts',(11.8123840900309,1.44659983661555E-15,
243.171167544367));
#11232=CARTESIAN_POINT('Ctrl Pts',(14.9080413416216,1.8257085110573E-15,
224.754670152785));
#11233=CARTESIAN_POINT('Ctrl Pts',(14.9080413416216,14.9080413416216,224.754670152785));
#11234=CARTESIAN_POINT('Ctrl Pts',(-1.8257085110573E-15,14.9080413416216,
224.754670152785));
#11235=CARTESIAN_POINT('Ctrl Pts',(-14.9080413416216,14.9080413416216,224.754670152785));
#11236=CARTESIAN_POINT('Ctrl Pts',(-14.9080413416216,-1.8257085110573E-15,
224.754670152785));
#11237=CARTESIAN_POINT('Ctrl Pts',(-14.9080413416216,-14.9080413416216,
224.754670152785));
#11238=CARTESIAN_POINT('Ctrl Pts',(1.8257085110573E-15,-14.9080413416216,
224.754670152785));
#11239=CARTESIAN_POINT('Ctrl Pts',(14.9080413416216,-14.9080413416216,224.754670152785));
#11240=CARTESIAN_POINT('Ctrl Pts',(14.9080413416216,1.8257085110573E-15,
224.754670152785));
#11241=CARTESIAN_POINT('Ctrl Pts',(17.741459553975,2.17270216549797E-15,
204.741035508097));
#11242=CARTESIAN_POINT('Ctrl Pts',(17.741459553975,17.741459553975,204.741035508097));
#11243=CARTESIAN_POINT('Ctrl Pts',(-2.17270216549797E-15,17.741459553975,
204.741035508097));
#11244=CARTESIAN_POINT('Ctrl Pts',(-17.741459553975,17.741459553975,204.741035508097));
#11245=CARTESIAN_POINT('Ctrl Pts',(-17.741459553975,-2.17270216549797E-15,
204.741035508097));
#11246=CARTESIAN_POINT('Ctrl Pts',(-17.741459553975,-17.741459553975,204.741035508097));
#11247=CARTESIAN_POINT('Ctrl Pts',(2.17270216549797E-15,-17.741459553975,
204.741035508097));
#11248=CARTESIAN_POINT('Ctrl Pts',(17.741459553975,-17.741459553975,204.741035508097));
#11249=CARTESIAN_POINT('Ctrl Pts',(17.741459553975,2.17270216549797E-15,
204.741035508097));
#11250=CARTESIAN_POINT('Ctrl Pts',(20.2236309252539,2.47668048797496E-15,
184.550954503764));
#11251=CARTESIAN_POINT('Ctrl Pts',(20.2236309252539,20.2236309252539,184.550954503764));
#11252=CARTESIAN_POINT('Ctrl Pts',(-2.47668048797496E-15,20.2236309252539,
184.550954503764));
#11253=CARTESIAN_POINT('Ctrl Pts',(-20.2236309252539,20.2236309252539,184.550954503764));
#11254=CARTESIAN_POINT('Ctrl Pts',(-20.2236309252539,-2.47668048797496E-15,
184.550954503764));
#11255=CARTESIAN_POINT('Ctrl Pts',(-20.2236309252539,-20.2236309252539,
184.550954503764));
#11256=CARTESIAN_POINT('Ctrl Pts',(2.47668048797496E-15,-20.2236309252539,
184.550954503764));
#11257=CARTESIAN_POINT('Ctrl Pts',(20.2236309252539,-20.2236309252539,184.550954503764));
#11258=CARTESIAN_POINT('Ctrl Pts',(20.2236309252539,2.47668048797496E-15,
184.550954503764));
#11259=CARTESIAN_POINT('Ctrl Pts',(22.775132491391,2.78914931057369E-15,
163.796938927292));
#11260=CARTESIAN_POINT('Ctrl Pts',(22.775132491391,22.775132491391,163.796938927292));
#11261=CARTESIAN_POINT('Ctrl Pts',(-2.78914931057369E-15,22.775132491391,
163.796938927292));
#11262=CARTESIAN_POINT('Ctrl Pts',(-22.775132491391,22.775132491391,163.796938927292));
#11263=CARTESIAN_POINT('Ctrl Pts',(-22.775132491391,-2.78914931057369E-15,
163.796938927292));
#11264=CARTESIAN_POINT('Ctrl Pts',(-22.775132491391,-22.775132491391,163.796938927292));
#11265=CARTESIAN_POINT('Ctrl Pts',(2.78914931057369E-15,-22.775132491391,
163.796938927292));
#11266=CARTESIAN_POINT('Ctrl Pts',(22.775132491391,-22.775132491391,163.796938927292));
#11267=CARTESIAN_POINT('Ctrl Pts',(22.775132491391,2.78914931057369E-15,
163.796938927292));
#11268=CARTESIAN_POINT('Ctrl Pts',(24.9574835051537,3.05641022893595E-15,
142.793894249402));
#11269=CARTESIAN_POINT('Ctrl Pts',(24.9574835051537,24.9574835051537,142.793894249402));
#11270=CARTESIAN_POINT('Ctrl Pts',(-3.05641022893595E-15,24.9574835051537,
142.793894249402));
#11271=CARTESIAN_POINT('Ctrl Pts',(-24.9574835051537,24.9574835051537,142.793894249402));
#11272=CARTESIAN_POINT('Ctrl Pts',(-24.9574835051537,-3.05641022893595E-15,
142.793894249402));
#11273=CARTESIAN_POINT('Ctrl Pts',(-24.9574835051537,-24.9574835051537,
142.793894249402));
#11274=CARTESIAN_POINT('Ctrl Pts',(3.05641022893595E-15,-24.9574835051537,
142.793894249402));
#11275=CARTESIAN_POINT('Ctrl Pts',(24.9574835051537,-24.9574835051537,142.793894249402));
#11276=CARTESIAN_POINT('Ctrl Pts',(24.9574835051537,3.05641022893595E-15,
142.793894249402));
#11277=CARTESIAN_POINT('Ctrl Pts',(26.6759659267938,3.26686362864119E-15,
122.937798789542));
#11278=CARTESIAN_POINT('Ctrl Pts',(26.6759659267938,26.6759659267938,122.937798789542));
#11279=CARTESIAN_POINT('Ctrl Pts',(-3.26686362864119E-15,26.6759659267938,
122.937798789542));
#11280=CARTESIAN_POINT('Ctrl Pts',(-26.6759659267938,26.6759659267938,122.937798789542));
#11281=CARTESIAN_POINT('Ctrl Pts',(-26.6759659267938,-3.26686362864119E-15,
122.937798789542));
#11282=CARTESIAN_POINT('Ctrl Pts',(-26.6759659267938,-26.6759659267938,
122.937798789542));
#11283=CARTESIAN_POINT('Ctrl Pts',(3.26686362864119E-15,-26.6759659267938,
122.937798789542));
#11284=CARTESIAN_POINT('Ctrl Pts',(26.6759659267938,-26.6759659267938,122.937798789542));
#11285=CARTESIAN_POINT('Ctrl Pts',(26.6759659267938,3.26686362864119E-15,
122.937798789542));
#11286=CARTESIAN_POINT('Ctrl Pts',(27.8168677775546,3.40658380860872E-15,
109.755321172216));
#11287=CARTESIAN_POINT('Ctrl Pts',(27.8168677775546,27.8168677775546,109.755321172216));
#11288=CARTESIAN_POINT('Ctrl Pts',(-3.40658380860872E-15,27.8168677775546,
109.755321172216));
#11289=CARTESIAN_POINT('Ctrl Pts',(-27.8168677775546,27.8168677775546,109.755321172216));
#11290=CARTESIAN_POINT('Ctrl Pts',(-27.8168677775546,-3.40658380860872E-15,
109.755321172216));
#11291=CARTESIAN_POINT('Ctrl Pts',(-27.8168677775546,-27.8168677775546,
109.755321172216));
#11292=CARTESIAN_POINT('Ctrl Pts',(3.40658380860872E-15,-27.8168677775546,
109.755321172216));
#11293=CARTESIAN_POINT('Ctrl Pts',(27.8168677775546,-27.8168677775546,109.755321172216));
#11294=CARTESIAN_POINT('Ctrl Pts',(27.8168677775546,3.40658380860872E-15,
109.755321172216));
#11295=CARTESIAN_POINT('Ctrl Pts',(28.7532314399871,3.5212552848124E-15,
97.063692153228));
#11296=CARTESIAN_POINT('Ctrl Pts',(28.7532314399871,28.7532314399871,97.063692153228));
#11297=CARTESIAN_POINT('Ctrl Pts',(-3.5212552848124E-15,28.7532314399871,
97.063692153228));
#11298=CARTESIAN_POINT('Ctrl Pts',(-28.7532314399871,28.7532314399871,97.063692153228));
#11299=CARTESIAN_POINT('Ctrl Pts',(-28.7532314399871,-3.5212552848124E-15,
97.063692153228));
#11300=CARTESIAN_POINT('Ctrl Pts',(-28.7532314399871,-28.7532314399871,
97.063692153228));
#11301=CARTESIAN_POINT('Ctrl Pts',(3.5212552848124E-15,-28.7532314399871,
97.063692153228));
#11302=CARTESIAN_POINT('Ctrl Pts',(28.7532314399871,-28.7532314399871,97.063692153228));
#11303=CARTESIAN_POINT('Ctrl Pts',(28.7532314399871,3.5212552848124E-15,
97.063692153228));
#11304=CARTESIAN_POINT('Ctrl Pts',(29.4527067310951,3.60691630244613E-15,
85.5117896031946));
#11305=CARTESIAN_POINT('Ctrl Pts',(29.452706731095,29.4527067310951,85.5117896031946));
#11306=CARTESIAN_POINT('Ctrl Pts',(-3.60691630244613E-15,29.4527067310951,
85.5117896031946));
#11307=CARTESIAN_POINT('Ctrl Pts',(-29.4527067310951,29.452706731095,85.5117896031946));
#11308=CARTESIAN_POINT('Ctrl Pts',(-29.4527067310951,-3.60691630244613E-15,
85.5117896031946));
#11309=CARTESIAN_POINT('Ctrl Pts',(-29.452706731095,-29.4527067310951,85.5117896031946));
#11310=CARTESIAN_POINT('Ctrl Pts',(3.60691630244613E-15,-29.4527067310951,
85.5117896031946));
#11311=CARTESIAN_POINT('Ctrl Pts',(29.4527067310951,-29.452706731095,85.5117896031946));
#11312=CARTESIAN_POINT('Ctrl Pts',(29.4527067310951,3.60691630244613E-15,
85.5117896031946));
#11313=CARTESIAN_POINT('Ctrl Pts',(29.9236747189708,3.66459324633136E-15,
77.7337074188935));
#11314=CARTESIAN_POINT('Ctrl Pts',(29.9236747189707,29.9236747189708,77.7337074188935));
#11315=CARTESIAN_POINT('Ctrl Pts',(-3.66459324633136E-15,29.9236747189708,
77.7337074188935));
#11316=CARTESIAN_POINT('Ctrl Pts',(-29.9236747189708,29.9236747189707,77.7337074188935));
#11317=CARTESIAN_POINT('Ctrl Pts',(-29.9236747189708,-3.66459324633136E-15,
77.7337074188935));
#11318=CARTESIAN_POINT('Ctrl Pts',(-29.9236747189707,-29.9236747189708,
77.7337074188935));
#11319=CARTESIAN_POINT('Ctrl Pts',(3.66459324633136E-15,-29.9236747189708,
77.7337074188935));
#11320=CARTESIAN_POINT('Ctrl Pts',(29.9236747189708,-29.9236747189707,77.7337074188935));
#11321=CARTESIAN_POINT('Ctrl Pts',(29.9236747189708,3.66459324633136E-15,
77.7337074188935));
#11322=CARTESIAN_POINT('Ctrl Pts',(30.2871176021532,3.70910216268761E-15,
70.4585853705139));
#11323=CARTESIAN_POINT('Ctrl Pts',(30.2871176021532,30.2871176021532,70.4585853705139));
#11324=CARTESIAN_POINT('Ctrl Pts',(-3.70910216268761E-15,30.2871176021532,
70.4585853705139));
#11325=CARTESIAN_POINT('Ctrl Pts',(-30.2871176021532,30.2871176021532,70.4585853705139));
#11326=CARTESIAN_POINT('Ctrl Pts',(-30.2871176021532,-3.70910216268761E-15,
70.4585853705139));
#11327=CARTESIAN_POINT('Ctrl Pts',(-30.2871176021532,-30.2871176021532,
70.4585853705139));
#11328=CARTESIAN_POINT('Ctrl Pts',(3.70910216268761E-15,-30.2871176021532,
70.4585853705139));
#11329=CARTESIAN_POINT('Ctrl Pts',(30.2871176021532,-30.2871176021532,70.4585853705139));
#11330=CARTESIAN_POINT('Ctrl Pts',(30.2871176021532,3.70910216268761E-15,
70.4585853705139));
#11331=CARTESIAN_POINT('Ctrl Pts',(30.5319008465796,3.7390794643648E-15,
64.1429272825116));
#11332=CARTESIAN_POINT('Ctrl Pts',(30.5319008465795,30.5319008465795,64.1429272825116));
#11333=CARTESIAN_POINT('Ctrl Pts',(-3.7390794643648E-15,30.5319008465796,
64.1429272825116));
#11334=CARTESIAN_POINT('Ctrl Pts',(-30.5319008465795,30.5319008465795,64.1429272825116));
#11335=CARTESIAN_POINT('Ctrl Pts',(-30.5319008465796,-3.7390794643648E-15,
64.1429272825116));
#11336=CARTESIAN_POINT('Ctrl Pts',(-30.5319008465795,-30.5319008465795,
64.1429272825116));
#11337=CARTESIAN_POINT('Ctrl Pts',(3.7390794643648E-15,-30.5319008465796,
64.1429272825116));
#11338=CARTESIAN_POINT('Ctrl Pts',(30.5319008465795,-30.5319008465795,64.1429272825116));
#11339=CARTESIAN_POINT('Ctrl Pts',(30.5319008465796,3.7390794643648E-15,
64.1429272825116));
#11340=CARTESIAN_POINT('Ctrl Pts',(30.6542924687927,3.75406811520339E-15,
60.9850982385104));
#11341=CARTESIAN_POINT('Ctrl Pts',(30.6542924687927,30.6542924687927,60.9850982385104));
#11342=CARTESIAN_POINT('Ctrl Pts',(-3.75406811520339E-15,30.6542924687927,
60.9850982385104));
#11343=CARTESIAN_POINT('Ctrl Pts',(-30.6542924687927,30.6542924687927,60.9850982385104));
#11344=CARTESIAN_POINT('Ctrl Pts',(-30.6542924687927,-3.75406811520339E-15,
60.9850982385104));
#11345=CARTESIAN_POINT('Ctrl Pts',(-30.6542924687927,-30.6542924687927,
60.9850982385104));
#11346=CARTESIAN_POINT('Ctrl Pts',(3.75406811520339E-15,-30.6542924687927,
60.9850982385104));
#11347=CARTESIAN_POINT('Ctrl Pts',(30.6542924687927,-30.6542924687927,60.9850982385104));
#11348=CARTESIAN_POINT('Ctrl Pts',(30.6542924687927,3.75406811520339E-15,
60.9850982385104));
#11349=CARTESIAN_POINT('Ctrl Pts',(30.7469939404959,3.76542077126317E-15,
58.0659443607542));
#11350=CARTESIAN_POINT('Ctrl Pts',(30.7469939404959,30.7469939404959,58.0659443607542));
#11351=CARTESIAN_POINT('Ctrl Pts',(-3.76542077126317E-15,30.7469939404959,
58.0659443607542));
#11352=CARTESIAN_POINT('Ctrl Pts',(-30.7469939404959,30.7469939404959,58.0659443607542));
#11353=CARTESIAN_POINT('Ctrl Pts',(-30.7469939404959,-3.76542077126317E-15,
58.0659443607542));
#11354=CARTESIAN_POINT('Ctrl Pts',(-30.7469939404959,-30.7469939404959,
58.0659443607542));
#11355=CARTESIAN_POINT('Ctrl Pts',(3.76542077126317E-15,-30.7469939404959,
58.0659443607542));
#11356=CARTESIAN_POINT('Ctrl Pts',(30.7469939404959,-30.7469939404959,58.0659443607542));
#11357=CARTESIAN_POINT('Ctrl Pts',(30.7469939404959,3.76542077126317E-15,
58.0659443607542));
#11358=CARTESIAN_POINT('Ctrl Pts',(30.8086695512886,3.77297385519741E-15,
55.5534077345718));
#11359=CARTESIAN_POINT('Ctrl Pts',(30.8086695512886,30.8086695512886,55.5534077345718));
#11360=CARTESIAN_POINT('Ctrl Pts',(-3.77297385519741E-15,30.8086695512886,
55.5534077345718));
#11361=CARTESIAN_POINT('Ctrl Pts',(-30.8086695512886,30.8086695512886,55.5534077345718));
#11362=CARTESIAN_POINT('Ctrl Pts',(-30.8086695512886,-3.77297385519741E-15,
55.5534077345718));
#11363=CARTESIAN_POINT('Ctrl Pts',(-30.8086695512886,-30.8086695512886,
55.5534077345718));
#11364=CARTESIAN_POINT('Ctrl Pts',(3.77297385519741E-15,-30.8086695512886,
55.5534077345718));
#11365=CARTESIAN_POINT('Ctrl Pts',(30.8086695512886,-30.8086695512886,55.5534077345718));
#11366=CARTESIAN_POINT('Ctrl Pts',(30.8086695512886,3.77297385519741E-15,
55.5534077345718));
#11367=CARTESIAN_POINT('Ctrl Pts',(30.839507356685,3.77675039716454E-15,
54.2971394214806));
#11368=CARTESIAN_POINT('Ctrl Pts',(30.839507356685,30.839507356685,54.2971394214806));
#11369=CARTESIAN_POINT('Ctrl Pts',(-3.77675039716454E-15,30.839507356685,
54.2971394214806));
#11370=CARTESIAN_POINT('Ctrl Pts',(-30.839507356685,30.839507356685,54.2971394214806));
#11371=CARTESIAN_POINT('Ctrl Pts',(-30.839507356685,-3.77675039716454E-15,
54.2971394214806));
#11372=CARTESIAN_POINT('Ctrl Pts',(-30.839507356685,-30.839507356685,54.2971394214806));
#11373=CARTESIAN_POINT('Ctrl Pts',(3.77675039716454E-15,-30.839507356685,
54.2971394214806));
#11374=CARTESIAN_POINT('Ctrl Pts',(30.839507356685,-30.839507356685,54.2971394214806));
#11375=CARTESIAN_POINT('Ctrl Pts',(30.839507356685,3.77675039716454E-15,
54.2971394214806));
#11376=CARTESIAN_POINT('Ctrl Pts',(30.8625883297706,3.77957700114562E-15,
53.1429523603552));
#11377=CARTESIAN_POINT('Ctrl Pts',(30.8625883297706,30.8625883297706,53.1429523603552));
#11378=CARTESIAN_POINT('Ctrl Pts',(-3.77957700114562E-15,30.8625883297706,
53.1429523603552));
#11379=CARTESIAN_POINT('Ctrl Pts',(-30.8625883297706,30.8625883297706,53.1429523603552));
#11380=CARTESIAN_POINT('Ctrl Pts',(-30.8625883297706,-3.77957700114562E-15,
53.1429523603552));
#11381=CARTESIAN_POINT('Ctrl Pts',(-30.8625883297706,-30.8625883297706,
53.1429523603552));
#11382=CARTESIAN_POINT('Ctrl Pts',(3.77957700114562E-15,-30.8625883297706,
53.1429523603552));
#11383=CARTESIAN_POINT('Ctrl Pts',(30.8625883297706,-30.8625883297706,53.1429523603552));
#11384=CARTESIAN_POINT('Ctrl Pts',(30.8625883297706,3.77957700114562E-15,
53.1429523603552));
#11385=CARTESIAN_POINT('Ctrl Pts',(30.8778004429127,3.78143994771238E-15,
52.15382950505));
#11386=CARTESIAN_POINT('Ctrl Pts',(30.8778004429127,30.8778004429127,52.15382950505));
#11387=CARTESIAN_POINT('Ctrl Pts',(-3.78143994771238E-15,30.8778004429127,
52.15382950505));
#11388=CARTESIAN_POINT('Ctrl Pts',(-30.8778004429127,30.8778004429127,52.15382950505));
#11389=CARTESIAN_POINT('Ctrl Pts',(-30.8778004429127,-3.78143994771238E-15,
52.15382950505));
#11390=CARTESIAN_POINT('Ctrl Pts',(-30.8778004429127,-30.8778004429127,
52.15382950505));
#11391=CARTESIAN_POINT('Ctrl Pts',(3.78143994771238E-15,-30.8778004429127,
52.15382950505));
#11392=CARTESIAN_POINT('Ctrl Pts',(30.8778004429127,-30.8778004429127,52.15382950505));
#11393=CARTESIAN_POINT('Ctrl Pts',(30.8778004429127,3.78143994771238E-15,
52.15382950505));
#11394=CARTESIAN_POINT('Ctrl Pts',(30.8854064994838,3.78237142099575E-15,
51.6592680773974));
#11395=CARTESIAN_POINT('Ctrl Pts',(30.8854064994837,30.8854064994838,51.6592680773974));
#11396=CARTESIAN_POINT('Ctrl Pts',(-3.78237142099575E-15,30.8854064994838,
51.6592680773974));
#11397=CARTESIAN_POINT('Ctrl Pts',(-30.8854064994838,30.8854064994837,51.6592680773974));
#11398=CARTESIAN_POINT('Ctrl Pts',(-30.8854064994838,-3.78237142099575E-15,
51.6592680773974));
#11399=CARTESIAN_POINT('Ctrl Pts',(-30.8854064994837,-30.8854064994838,
51.6592680773974));
#11400=CARTESIAN_POINT('Ctrl Pts',(3.78237142099575E-15,-30.8854064994838,
51.6592680773974));
#11401=CARTESIAN_POINT('Ctrl Pts',(30.8854064994838,-30.8854064994837,51.6592680773974));
#11402=CARTESIAN_POINT('Ctrl Pts',(30.8854064994838,3.78237142099575E-15,
51.6592680773974));
#11403=CARTESIAN_POINT('Ctrl Pts',(30.8910458266888,3.78306203939687E-15,
51.2081023179414));
#11404=CARTESIAN_POINT('Ctrl Pts',(30.8910458266888,30.8910458266888,51.2081023179414));
#11405=CARTESIAN_POINT('Ctrl Pts',(-3.78306203939687E-15,30.8910458266888,
51.2081023179414));
#11406=CARTESIAN_POINT('Ctrl Pts',(-30.8910458266888,30.8910458266888,51.2081023179414));
#11407=CARTESIAN_POINT('Ctrl Pts',(-30.8910458266888,-3.78306203939687E-15,
51.2081023179414));
#11408=CARTESIAN_POINT('Ctrl Pts',(-30.8910458266888,-30.8910458266888,
51.2081023179414));
#11409=CARTESIAN_POINT('Ctrl Pts',(3.78306203939687E-15,-30.8910458266888,
51.2081023179414));
#11410=CARTESIAN_POINT('Ctrl Pts',(30.8910458266888,-30.8910458266888,51.2081023179414));
#11411=CARTESIAN_POINT('Ctrl Pts',(30.8910458266888,3.78306203939687E-15,
51.2081023179414));
#11412=CARTESIAN_POINT('Ctrl Pts',(30.8947264052316,3.78351278027001E-15,
50.8217610670726));
#11413=CARTESIAN_POINT('Ctrl Pts',(30.8947264052316,30.8947264052316,50.8217610670726));
#11414=CARTESIAN_POINT('Ctrl Pts',(-3.78351278027001E-15,30.8947264052316,
50.8217610670726));
#11415=CARTESIAN_POINT('Ctrl Pts',(-30.8947264052316,30.8947264052316,50.8217610670726));
#11416=CARTESIAN_POINT('Ctrl Pts',(-30.8947264052316,-3.78351278027001E-15,
50.8217610670726));
#11417=CARTESIAN_POINT('Ctrl Pts',(-30.8947264052316,-30.8947264052316,
50.8217610670726));
#11418=CARTESIAN_POINT('Ctrl Pts',(3.78351278027001E-15,-30.8947264052316,
50.8217610670726));
#11419=CARTESIAN_POINT('Ctrl Pts',(30.8947264052316,-30.8947264052316,50.8217610670726));
#11420=CARTESIAN_POINT('Ctrl Pts',(30.8947264052316,3.78351278027001E-15,
50.8217610670726));
#11421=CARTESIAN_POINT('Ctrl Pts',(30.8973771635984,3.78383740454493E-15,
50.5435174998517));
#11422=CARTESIAN_POINT('Ctrl Pts',(30.8973771635984,30.8973771635984,50.5435174998517));
#11423=CARTESIAN_POINT('Ctrl Pts',(-3.78383740454493E-15,30.8973771635984,
50.5435174998517));
#11424=CARTESIAN_POINT('Ctrl Pts',(-30.8973771635984,30.8973771635984,50.5435174998517));
#11425=CARTESIAN_POINT('Ctrl Pts',(-30.8973771635984,-3.78383740454493E-15,
50.5435174998517));
#11426=CARTESIAN_POINT('Ctrl Pts',(-30.8973771635984,-30.8973771635984,
50.5435174998517));
#11427=CARTESIAN_POINT('Ctrl Pts',(3.78383740454493E-15,-30.8973771635984,
50.5435174998517));
#11428=CARTESIAN_POINT('Ctrl Pts',(30.8973771635984,-30.8973771635984,50.5435174998517));
#11429=CARTESIAN_POINT('Ctrl Pts',(30.8973771635984,3.78383740454493E-15,
50.5435174998517));
#11430=CARTESIAN_POINT('Ctrl Pts',(30.899003491756,3.78403657230219E-15,
50.298027269614));
#11431=CARTESIAN_POINT('Ctrl Pts',(30.899003491756,30.899003491756,50.298027269614));
#11432=CARTESIAN_POINT('Ctrl Pts',(-3.78403657230219E-15,30.899003491756,
50.298027269614));
#11433=CARTESIAN_POINT('Ctrl Pts',(-30.899003491756,30.899003491756,50.298027269614));
#11434=CARTESIAN_POINT('Ctrl Pts',(-30.899003491756,-3.78403657230219E-15,
50.298027269614));
#11435=CARTESIAN_POINT('Ctrl Pts',(-30.899003491756,-30.899003491756,50.298027269614));
#11436=CARTESIAN_POINT('Ctrl Pts',(3.78403657230219E-15,-30.899003491756,
50.298027269614));
#11437=CARTESIAN_POINT('Ctrl Pts',(30.899003491756,-30.899003491756,50.298027269614));
#11438=CARTESIAN_POINT('Ctrl Pts',(30.899003491756,3.78403657230219E-15,
50.298027269614));
#11439=CARTESIAN_POINT('Ctrl Pts',(30.8996560709775,3.78411649020767E-15,
50.1288727939219));
#11440=CARTESIAN_POINT('Ctrl Pts',(30.8996560709775,30.8996560709775,50.1288727939219));
#11441=CARTESIAN_POINT('Ctrl Pts',(-3.78411649020767E-15,30.8996560709775,
50.1288727939219));
#11442=CARTESIAN_POINT('Ctrl Pts',(-30.8996560709775,30.8996560709775,50.1288727939219));
#11443=CARTESIAN_POINT('Ctrl Pts',(-30.8996560709775,-3.78411649020767E-15,
50.1288727939219));
#11444=CARTESIAN_POINT('Ctrl Pts',(-30.8996560709775,-30.8996560709775,
50.1288727939219));
#11445=CARTESIAN_POINT('Ctrl Pts',(3.78411649020767E-15,-30.8996560709775,
50.1288727939219));
#11446=CARTESIAN_POINT('Ctrl Pts',(30.8996560709775,-30.8996560709775,50.1288727939219));
#11447=CARTESIAN_POINT('Ctrl Pts',(30.8996560709775,3.78411649020767E-15,
50.1288727939219));
#11448=CARTESIAN_POINT('Ctrl Pts',(30.8999095981406,3.78414753833054E-15,
50.0631562449873));
#11449=CARTESIAN_POINT('Ctrl Pts',(30.8999095981405,30.8999095981406,50.0631562449873));
#11450=CARTESIAN_POINT('Ctrl Pts',(-3.78414753833054E-15,30.8999095981406,
50.0631562449873));
#11451=CARTESIAN_POINT('Ctrl Pts',(-30.8999095981406,30.8999095981405,50.0631562449873));
#11452=CARTESIAN_POINT('Ctrl Pts',(-30.8999095981406,-3.78414753833054E-15,
50.0631562449873));
#11453=CARTESIAN_POINT('Ctrl Pts',(-30.8999095981405,-30.8999095981406,
50.0631562449873));
#11454=CARTESIAN_POINT('Ctrl Pts',(3.78414753833054E-15,-30.8999095981406,
50.0631562449873));
#11455=CARTESIAN_POINT('Ctrl Pts',(30.8999095981406,-30.8999095981405,50.0631562449873));
#11456=CARTESIAN_POINT('Ctrl Pts',(30.8999095981406,3.78414753833054E-15,
50.0631562449873));
#11457=CARTESIAN_POINT('Ctrl Pts',(30.9000117766317,3.78416005158675E-15,
50.0136343818774));
#11458=CARTESIAN_POINT('Ctrl Pts',(30.9000117766317,30.9000117766317,50.0136343818774));
#11459=CARTESIAN_POINT('Ctrl Pts',(-3.78416005158675E-15,30.9000117766317,
50.0136343818774));
#11460=CARTESIAN_POINT('Ctrl Pts',(-30.9000117766317,30.9000117766317,50.0136343818774));
#11461=CARTESIAN_POINT('Ctrl Pts',(-30.9000117766317,-3.78416005158675E-15,
50.0136343818774));
#11462=CARTESIAN_POINT('Ctrl Pts',(-30.9000117766317,-30.9000117766317,
50.0136343818774));
#11463=CARTESIAN_POINT('Ctrl Pts',(3.78416005158675E-15,-30.9000117766317,
50.0136343818774));
#11464=CARTESIAN_POINT('Ctrl Pts',(30.9000117766317,-30.9000117766317,50.0136343818774));
#11465=CARTESIAN_POINT('Ctrl Pts',(30.9000117766317,3.78416005158675E-15,
50.0136343818774));
#11466=CARTESIAN_POINT('Ctrl Pts',(30.9000006662905,3.78415869096237E-15,
50.0014601811602));
#11467=CARTESIAN_POINT('Ctrl Pts',(30.9000006662904,30.9000006662905,50.0014601811602));
#11468=CARTESIAN_POINT('Ctrl Pts',(-3.78415869096237E-15,30.9000006662905,
50.0014601811602));
#11469=CARTESIAN_POINT('Ctrl Pts',(-30.9000006662905,30.9000006662904,50.0014601811602));
#11470=CARTESIAN_POINT('Ctrl Pts',(-30.9000006662905,-3.78415869096237E-15,
50.0014601811602));
#11471=CARTESIAN_POINT('Ctrl Pts',(-30.9000006662904,-30.9000006662905,
50.0014601811602));
#11472=CARTESIAN_POINT('Ctrl Pts',(3.78415869096237E-15,-30.9000006662905,
50.0014601811602));
#11473=CARTESIAN_POINT('Ctrl Pts',(30.9000006662905,-30.9000006662904,50.0014601811602));
#11474=CARTESIAN_POINT('Ctrl Pts',(30.9000006662905,3.78415869096237E-15,
50.0014601811602));
#11475=CARTESIAN_POINT('',(-5.01202968017367E-10,1.41387346802732E-30,296.527716238107));
#11476=CARTESIAN_POINT('Ctrl Pts',(5.01202968017367E-10,3.65655378720733E-16,
296.527716238107));
#11477=CARTESIAN_POINT('Ctrl Pts',(0.625041730919036,4.49242363273939E-16,
294.906409626532));
#11478=CARTESIAN_POINT('Ctrl Pts',(1.28345457798964,-1.57177854078606E-16,
292.846668030811));
#11479=CARTESIAN_POINT('Ctrl Pts',(1.93542333295117,-2.37020998969377E-16,
290.584027546176));
#11480=CARTESIAN_POINT('Ctrl Pts',(3.24453307810829,-3.97340704883301E-16,
286.040796470022));
#11481=CARTESIAN_POINT('Ctrl Pts',(4.55294359667297,-5.57574780236385E-16,
280.617220317051));
#11482=CARTESIAN_POINT('Ctrl Pts',(5.83353885070366,-7.14402468121598E-16,
274.739350429801));
#11483=CARTESIAN_POINT('Ctrl Pts',(7.90471922235218,-9.68048909381242E-16,
265.232733331809));
#11484=CARTESIAN_POINT('Ctrl Pts',(9.90860281648688,-1.21345387232329E-15,
254.497028261135));
#11485=CARTESIAN_POINT('Ctrl Pts',(11.8123840900309,-1.44659983661555E-15,
243.171167544367));
#11486=CARTESIAN_POINT('Ctrl Pts',(14.9080413416216,-1.82570851105737E-15,
224.754670152785));
#11487=CARTESIAN_POINT('Ctrl Pts',(17.741459553975,-2.17270216549758E-15,
204.741035508097));
#11488=CARTESIAN_POINT('Ctrl Pts',(20.2236309252539,-2.47668048797496E-15,
184.550954503764));
#11489=CARTESIAN_POINT('Ctrl Pts',(22.775132491391,-2.78914931057409E-15,
163.796938927292));
#11490=CARTESIAN_POINT('Ctrl Pts',(24.9574835051537,-3.05641022893591E-15,
142.793894249402));
#11491=CARTESIAN_POINT('Ctrl Pts',(26.6759659267938,-3.26686362864119E-15,
122.937798789542));
#11492=CARTESIAN_POINT('Ctrl Pts',(27.8168677775546,-3.40658380860875E-15,
109.755321172216));
#11493=CARTESIAN_POINT('Ctrl Pts',(28.7532314399871,-3.52125528481226E-15,
97.063692153228));
#11494=CARTESIAN_POINT('Ctrl Pts',(29.4527067310951,-3.60691630244613E-15,
85.5117896031946));
#11495=CARTESIAN_POINT('Ctrl Pts',(29.9236747189708,-3.66459324633146E-15,
77.7337074188935));
#11496=CARTESIAN_POINT('Ctrl Pts',(30.2871176021532,-3.70910216268767E-15,
70.4585853705139));
#11497=CARTESIAN_POINT('Ctrl Pts',(30.5319008465796,-3.7390794643648E-15,
64.1429272825116));
#11498=CARTESIAN_POINT('Ctrl Pts',(30.6542924687927,-3.75406811520337E-15,
60.9850982385104));
#11499=CARTESIAN_POINT('Ctrl Pts',(30.7469939404959,-3.76542077126312E-15,
58.0659443607542));
#11500=CARTESIAN_POINT('Ctrl Pts',(30.8086695512886,-3.77297385519742E-15,
55.5534077345718));
#11501=CARTESIAN_POINT('Ctrl Pts',(30.839507356685,-3.77675039716457E-15,
54.2971394214806));
#11502=CARTESIAN_POINT('Ctrl Pts',(30.8625883297706,-3.77957700114559E-15,
53.1429523603552));
#11503=CARTESIAN_POINT('Ctrl Pts',(30.8778004429127,-3.78143994771238E-15,
52.15382950505));
#11504=CARTESIAN_POINT('Ctrl Pts',(30.8807471575791,-3.7818008161808E-15,
51.9622280623461));
#11505=CARTESIAN_POINT('Ctrl Pts',(30.8833964278617,4.17397379485298E-15,
51.7773286720354));
#11506=CARTESIAN_POINT('Ctrl Pts',(30.8857572242565,4.17426662391973E-15,
51.5999999999999));
#11507=CARTESIAN_POINT('Origin',(0.,0.,0.));
#11508=CARTESIAN_POINT('',(-29.25,3.58209188750601E-15,1.6));
#11509=CARTESIAN_POINT('Origin',(0.,0.,1.6));
#11510=CARTESIAN_POINT('',(-29.25,-3.58209188750601E-15,0.));
#11511=CARTESIAN_POINT('Origin',(0.,0.,1.6));
#11512=CARTESIAN_POINT('',(0.,0.,0.));
#11513=CARTESIAN_POINT('Origin',(-1.5,56.1894652162943,-536.510766280673));
#11514=CARTESIAN_POINT('',(-1.5,97.3789302090712,-613.021525706811));
#11515=CARTESIAN_POINT('',(-1.5,32.4999992735684,-579.99998703599));
#11516=CARTESIAN_POINT('',(-1.5,97.3789302090712,-613.021525706811));
#11517=CARTESIAN_POINT('',(-1.5,32.499999475355,-559.999987483025));
#11518=CARTESIAN_POINT('',(-1.5,32.4999992735684,-579.99998703599));
#11519=CARTESIAN_POINT('',(-1.5,15.0000002235174,-559.999987483025));
#11520=CARTESIAN_POINT('',(-1.5,32.4999992735684,-559.999987483025));
#11521=CARTESIAN_POINT('',(-1.5,15.0000002235174,-479.999987483025));
#11522=CARTESIAN_POINT('',(-1.5,15.0000002235174,-559.999987483025));
#11523=CARTESIAN_POINT('',(-1.5,32.5000002825013,-479.999987483025));
#11524=CARTESIAN_POINT('',(-1.5,15.0000002235174,-479.999987483025));
#11525=CARTESIAN_POINT('',(-1.5,32.5000004842877,-460.000006854534));
#11526=CARTESIAN_POINT('',(-1.5,32.4999992735684,-579.99998703599));
#11527=CARTESIAN_POINT('',(-1.5,97.3789302090712,-593.021525706811));
#11528=CARTESIAN_POINT('',(-1.5,32.5000004842877,-460.000006854534));
#11529=CARTESIAN_POINT('',(-1.5,97.3789302090712,-593.021525706811));
#11530=CARTESIAN_POINT('Origin',(0.,32.499999475355,-559.999987483025));
#11531=CARTESIAN_POINT('',(1.5,32.4999992735684,-579.99998703599));
#11532=CARTESIAN_POINT('',(0.,32.4999992735684,-579.99998703599));
#11533=CARTESIAN_POINT('',(1.5,32.499999475355,-559.999987483025));
#11534=CARTESIAN_POINT('',(1.5,32.4999992735684,-579.99998703599));
#11535=CARTESIAN_POINT('',(0.,32.499999475355,-559.999987483025));
#11536=CARTESIAN_POINT('Origin',(0.,15.0000002235174,-559.999987483025));
#11537=CARTESIAN_POINT('',(1.5,15.0000002235174,-559.999987483025));
#11538=CARTESIAN_POINT('',(1.5,32.4999992735684,-559.999987483025));
#11539=CARTESIAN_POINT('',(0.,15.0000002235174,-559.999987483025));
#11540=CARTESIAN_POINT('Origin',(0.,15.0000002235174,-479.999987483025));
#11541=CARTESIAN_POINT('',(1.5,15.0000002235174,-479.999987483025));
#11542=CARTESIAN_POINT('',(1.5,15.0000002235174,-559.999987483025));
#11543=CARTESIAN_POINT('',(0.,15.0000002235174,-479.999987483025));
#11544=CARTESIAN_POINT('Origin',(0.,32.5000002235174,-479.999987483025));
#11545=CARTESIAN_POINT('',(1.5,32.5000002825013,-479.999987483025));
#11546=CARTESIAN_POINT('',(1.5,15.0000002235174,-479.999987483025));
#11547=CARTESIAN_POINT('',(0.,32.5000002825013,-479.999987483025));
#11548=CARTESIAN_POINT('Origin',(0.,32.5000004842877,-460.000006854534));
#11549=CARTESIAN_POINT('',(1.5,32.5000004842877,-460.000006854534));
#11550=CARTESIAN_POINT('',(1.5,32.4999992735684,-579.99998703599));
#11551=CARTESIAN_POINT('',(0.,32.5000004842877,-460.000006854534));
#11552=CARTESIAN_POINT('Origin',(0.,97.3789302090712,-593.021525706811));
#11553=CARTESIAN_POINT('',(1.5,97.3789302090712,-593.021525706811));
#11554=CARTESIAN_POINT('',(1.5,32.5000004842877,-460.000006854534));
#11555=CARTESIAN_POINT('',(0.,97.3789302090712,-593.021525706811));
#11556=CARTESIAN_POINT('Origin',(0.,97.3789302090712,-613.021525706811));
#11557=CARTESIAN_POINT('',(1.5,97.3789302090712,-613.021525706811));
#11558=CARTESIAN_POINT('',(1.5,97.3789302090712,-593.021525706811));
#11559=CARTESIAN_POINT('',(0.,97.3789302090712,-613.021525706811));
#11560=CARTESIAN_POINT('Origin',(0.,32.4999992735684,-579.99998703599));
#11561=CARTESIAN_POINT('',(1.5,97.3789302090712,-613.021525706811));
#11562=CARTESIAN_POINT('Origin',(1.5,56.1894652162943,-536.510766280673));
#11563=CARTESIAN_POINT('Origin',(-56.1894652162943,-1.5,-536.510766280673));
#11564=CARTESIAN_POINT('',(-97.3789302090712,-1.49999999999999,-613.021525706811));
#11565=CARTESIAN_POINT('',(-32.4999992735684,-1.5,-579.99998703599));
#11566=CARTESIAN_POINT('',(-97.3789302090712,-1.49999999999999,-613.021525706811));
#11567=CARTESIAN_POINT('',(-32.499999475355,-1.5,-559.999987483025));
#11568=CARTESIAN_POINT('',(-32.4999992735684,-1.5,-579.99998703599));
#11569=CARTESIAN_POINT('',(-15.0000002235174,-1.5,-559.999987483025));
#11570=CARTESIAN_POINT('',(-32.4999992735684,-1.5,-559.999987483025));
#11571=CARTESIAN_POINT('',(-15.0000002235174,-1.5,-479.999987483025));
#11572=CARTESIAN_POINT('',(-15.0000002235174,-1.5,-559.999987483025));
#11573=CARTESIAN_POINT('',(-32.5000002825013,-1.5,-479.999987483025));
#11574=CARTESIAN_POINT('',(-15.0000002235174,-1.5,-479.999987483025));
#11575=CARTESIAN_POINT('',(-32.5000004842877,-1.5,-460.000006854534));
#11576=CARTESIAN_POINT('',(-32.4999992735684,-1.5,-579.99998703599));
#11577=CARTESIAN_POINT('',(-97.3789302090712,-1.49999999999999,-593.021525706811));
#11578=CARTESIAN_POINT('',(-32.5000004842877,-1.5,-460.000006854534));
#11579=CARTESIAN_POINT('',(-97.3789302090712,-1.49999999999999,-593.021525706811));
#11580=CARTESIAN_POINT('Origin',(-32.499999475355,1.99005101648921E-15,
-559.999987483025));
#11581=CARTESIAN_POINT('',(-32.4999992735684,1.5,-579.99998703599));
#11582=CARTESIAN_POINT('',(-32.4999992735684,1.99005100413334E-15,-579.99998703599));
#11583=CARTESIAN_POINT('',(-32.499999475355,1.5,-559.999987483025));
#11584=CARTESIAN_POINT('',(-32.4999992735684,1.5,-579.99998703599));
#11585=CARTESIAN_POINT('',(-32.499999475355,1.99005101648921E-15,-559.999987483025));
#11586=CARTESIAN_POINT('Origin',(-15.0000002235174,9.1848511304701E-16,
-559.999987483025));
#11587=CARTESIAN_POINT('',(-15.0000002235174,1.5,-559.999987483025));
#11588=CARTESIAN_POINT('',(-32.4999992735684,1.5,-559.999987483025));
#11589=CARTESIAN_POINT('',(-15.0000002235174,9.1848511304701E-16,-559.999987483025));
#11590=CARTESIAN_POINT('Origin',(-15.0000002235174,9.1848511304701E-16,
-479.999987483025));
#11591=CARTESIAN_POINT('',(-15.0000002235174,1.5,-479.999987483025));
#11592=CARTESIAN_POINT('',(-15.0000002235174,1.5,-559.999987483025));
#11593=CARTESIAN_POINT('',(-15.0000002235174,9.1848511304701E-16,-479.999987483025));
#11594=CARTESIAN_POINT('Origin',(-32.5000002235174,1.99005106230094E-15,
-479.999987483025));
#11595=CARTESIAN_POINT('',(-32.5000002825013,1.5,-479.999987483025));
#11596=CARTESIAN_POINT('',(-15.0000002235174,1.5,-479.999987483025));
#11597=CARTESIAN_POINT('',(-32.5000002825013,1.99005106591267E-15,-479.999987483025));
#11598=CARTESIAN_POINT('Origin',(-32.5000004842877,1.99005107826852E-15,
-460.000006854534));
#11599=CARTESIAN_POINT('',(-32.5000004842877,1.5,-460.000006854534));
#11600=CARTESIAN_POINT('',(-32.4999992735684,1.5,-579.99998703599));
#11601=CARTESIAN_POINT('',(-32.5000004842877,1.99005107826852E-15,-460.000006854534));
#11602=CARTESIAN_POINT('Origin',(-97.3789302090712,5.96273975924663E-15,
-593.021525706811));
#11603=CARTESIAN_POINT('',(-97.3789302090712,1.50000000000001,-593.021525706811));
#11604=CARTESIAN_POINT('',(-32.5000004842877,1.5,-460.000006854534));
#11605=CARTESIAN_POINT('',(-97.3789302090712,5.96273975924663E-15,-593.021525706811));
#11606=CARTESIAN_POINT('Origin',(-97.3789302090712,5.96273975924663E-15,
-613.021525706811));
#11607=CARTESIAN_POINT('',(-97.3789302090712,1.50000000000001,-613.021525706811));
#11608=CARTESIAN_POINT('',(-97.3789302090712,1.50000000000001,-593.021525706811));
#11609=CARTESIAN_POINT('',(-97.3789302090712,5.96273975924663E-15,-613.021525706811));
#11610=CARTESIAN_POINT('Origin',(-32.4999992735684,1.99005100413334E-15,
-579.99998703599));
#11611=CARTESIAN_POINT('',(-97.3789302090712,1.50000000000001,-613.021525706811));
#11612=CARTESIAN_POINT('Origin',(-56.1894652162943,1.5,-536.510766280673));
#11613=CARTESIAN_POINT('Origin',(1.49999999999999,-56.1894652162943,-536.510766280673));
#11614=CARTESIAN_POINT('',(1.49999999999999,-97.3789302090712,-613.021525706811));
#11615=CARTESIAN_POINT('',(1.5,-32.4999992735684,-579.99998703599));
#11616=CARTESIAN_POINT('',(1.49999999999999,-97.3789302090712,-613.021525706811));
#11617=CARTESIAN_POINT('',(1.5,-32.499999475355,-559.999987483025));
#11618=CARTESIAN_POINT('',(1.5,-32.4999992735684,-579.99998703599));
#11619=CARTESIAN_POINT('',(1.5,-15.0000002235174,-559.999987483025));
#11620=CARTESIAN_POINT('',(1.5,-32.4999992735684,-559.999987483025));
#11621=CARTESIAN_POINT('',(1.5,-15.0000002235174,-479.999987483025));
#11622=CARTESIAN_POINT('',(1.5,-15.0000002235174,-559.999987483025));
#11623=CARTESIAN_POINT('',(1.5,-32.5000002825013,-479.999987483025));
#11624=CARTESIAN_POINT('',(1.5,-15.0000002235174,-479.999987483025));
#11625=CARTESIAN_POINT('',(1.5,-32.5000004842877,-460.000006854534));
#11626=CARTESIAN_POINT('',(1.5,-32.4999992735684,-579.99998703599));
#11627=CARTESIAN_POINT('',(1.49999999999999,-97.3789302090712,-593.021525706811));
#11628=CARTESIAN_POINT('',(1.5,-32.5000004842877,-460.000006854534));
#11629=CARTESIAN_POINT('',(1.49999999999999,-97.3789302090712,-593.021525706811));
#11630=CARTESIAN_POINT('Origin',(-3.98010203297841E-15,-32.499999475355,
-559.999987483025));
#11631=CARTESIAN_POINT('',(-1.5,-32.4999992735684,-579.99998703599));
#11632=CARTESIAN_POINT('',(-3.98010200826668E-15,-32.4999992735684,-579.99998703599));
#11633=CARTESIAN_POINT('',(-1.5,-32.499999475355,-559.999987483025));
#11634=CARTESIAN_POINT('',(-1.5,-32.4999992735684,-579.99998703599));
#11635=CARTESIAN_POINT('',(-3.98010203297841E-15,-32.499999475355,-559.999987483025));
#11636=CARTESIAN_POINT('Origin',(-1.83697022609402E-15,-15.0000002235174,
-559.999987483025));
#11637=CARTESIAN_POINT('',(-1.5,-15.0000002235174,-559.999987483025));
#11638=CARTESIAN_POINT('',(-1.5,-32.4999992735684,-559.999987483025));
#11639=CARTESIAN_POINT('',(-1.83697022609402E-15,-15.0000002235174,-559.999987483025));
#11640=CARTESIAN_POINT('Origin',(-1.83697022609402E-15,-15.0000002235174,
-479.999987483025));
#11641=CARTESIAN_POINT('',(-1.5,-15.0000002235174,-479.999987483025));
#11642=CARTESIAN_POINT('',(-1.5,-15.0000002235174,-559.999987483025));
#11643=CARTESIAN_POINT('',(-1.83697022609402E-15,-15.0000002235174,-479.999987483025));
#11644=CARTESIAN_POINT('Origin',(-3.98010212460189E-15,-32.5000002235174,
-479.999987483025));
#11645=CARTESIAN_POINT('',(-1.5,-32.5000002825013,-479.999987483025));
#11646=CARTESIAN_POINT('',(-1.5,-15.0000002235174,-479.999987483025));
#11647=CARTESIAN_POINT('',(-3.98010213182533E-15,-32.5000002825013,-479.999987483025));
#11648=CARTESIAN_POINT('Origin',(-3.98010215653704E-15,-32.5000004842877,
-460.000006854534));
#11649=CARTESIAN_POINT('',(-1.5,-32.5000004842877,-460.000006854534));
#11650=CARTESIAN_POINT('',(-1.5,-32.4999992735684,-579.99998703599));
#11651=CARTESIAN_POINT('',(-3.98010215653704E-15,-32.5000004842877,-460.000006854534));
#11652=CARTESIAN_POINT('Origin',(-1.19254795184933E-14,-97.3789302090712,
-593.021525706811));
#11653=CARTESIAN_POINT('',(-1.50000000000001,-97.3789302090712,-593.021525706811));
#11654=CARTESIAN_POINT('',(-1.5,-32.5000004842877,-460.000006854534));
#11655=CARTESIAN_POINT('',(-1.19254795184933E-14,-97.3789302090712,-593.021525706811));
#11656=CARTESIAN_POINT('Origin',(-1.19254795184933E-14,-97.3789302090712,
-613.021525706811));
#11657=CARTESIAN_POINT('',(-1.50000000000001,-97.3789302090712,-613.021525706811));
#11658=CARTESIAN_POINT('',(-1.50000000000001,-97.3789302090712,-593.021525706811));
#11659=CARTESIAN_POINT('',(-1.19254795184933E-14,-97.3789302090712,-613.021525706811));
#11660=CARTESIAN_POINT('Origin',(-3.98010200826668E-15,-32.4999992735684,
-579.99998703599));
#11661=CARTESIAN_POINT('',(-1.50000000000001,-97.3789302090712,-613.021525706811));
#11662=CARTESIAN_POINT('Origin',(-1.50000000000001,-56.1894652162943,-536.510766280673));
#11663=CARTESIAN_POINT('Origin',(56.1894652162943,1.49999999999999,-536.510766280673));
#11664=CARTESIAN_POINT('',(97.3789302090712,1.49999999999998,-613.021525706811));
#11665=CARTESIAN_POINT('',(32.4999992735684,1.49999999999999,-579.99998703599));
#11666=CARTESIAN_POINT('',(97.3789302090712,1.49999999999998,-613.021525706811));
#11667=CARTESIAN_POINT('',(32.499999475355,1.49999999999999,-559.999987483025));
#11668=CARTESIAN_POINT('',(32.4999992735684,1.49999999999999,-579.99998703599));
#11669=CARTESIAN_POINT('',(15.0000002235174,1.5,-559.999987483025));
#11670=CARTESIAN_POINT('',(32.4999992735684,1.49999999999999,-559.999987483025));
#11671=CARTESIAN_POINT('',(15.0000002235174,1.5,-479.999987483025));
#11672=CARTESIAN_POINT('',(15.0000002235174,1.5,-559.999987483025));
#11673=CARTESIAN_POINT('',(32.5000002825013,1.49999999999999,-479.999987483025));
#11674=CARTESIAN_POINT('',(15.0000002235174,1.5,-479.999987483025));
#11675=CARTESIAN_POINT('',(32.5000004842877,1.49999999999999,-460.000006854534));
#11676=CARTESIAN_POINT('',(32.4999992735684,1.49999999999999,-579.99998703599));
#11677=CARTESIAN_POINT('',(97.3789302090712,1.49999999999998,-593.021525706811));
#11678=CARTESIAN_POINT('',(32.5000004842877,1.49999999999999,-460.000006854534));
#11679=CARTESIAN_POINT('',(97.3789302090712,1.49999999999998,-593.021525706811));
#11680=CARTESIAN_POINT('Origin',(32.499999475355,-5.97015304946762E-15,
-559.999987483025));
#11681=CARTESIAN_POINT('',(32.4999992735684,-1.50000000000001,-579.99998703599));
#11682=CARTESIAN_POINT('',(32.4999992735684,-5.97015301240003E-15,-579.99998703599));
#11683=CARTESIAN_POINT('',(32.499999475355,-1.50000000000001,-559.999987483025));
#11684=CARTESIAN_POINT('',(32.4999992735684,-1.50000000000001,-579.99998703599));
#11685=CARTESIAN_POINT('',(32.499999475355,-5.97015304946762E-15,-559.999987483025));
#11686=CARTESIAN_POINT('Origin',(15.0000002235174,-2.75545533914103E-15,
-559.999987483025));
#11687=CARTESIAN_POINT('',(15.0000002235174,-1.5,-559.999987483025));
#11688=CARTESIAN_POINT('',(32.4999992735684,-1.50000000000001,-559.999987483025));
#11689=CARTESIAN_POINT('',(15.0000002235174,-2.75545533914103E-15,-559.999987483025));
#11690=CARTESIAN_POINT('Origin',(15.0000002235174,-2.75545533914103E-15,
-479.999987483025));
#11691=CARTESIAN_POINT('',(15.0000002235174,-1.5,-479.999987483025));
#11692=CARTESIAN_POINT('',(15.0000002235174,-1.5,-559.999987483025));
#11693=CARTESIAN_POINT('',(15.0000002235174,-2.75545533914103E-15,-479.999987483025));
#11694=CARTESIAN_POINT('Origin',(32.5000002235174,-5.97015318690283E-15,
-479.999987483025));
#11695=CARTESIAN_POINT('',(32.5000002825013,-1.50000000000001,-479.999987483025));
#11696=CARTESIAN_POINT('',(15.0000002235174,-1.5,-479.999987483025));
#11697=CARTESIAN_POINT('',(32.5000002825013,-5.970153197738E-15,-479.999987483025));
#11698=CARTESIAN_POINT('Origin',(32.5000004842877,-5.97015323480556E-15,
-460.000006854534));
#11699=CARTESIAN_POINT('',(32.5000004842877,-1.50000000000001,-460.000006854534));
#11700=CARTESIAN_POINT('',(32.4999992735684,-1.50000000000001,-579.99998703599));
#11701=CARTESIAN_POINT('',(32.5000004842877,-5.97015323480556E-15,-460.000006854534));
#11702=CARTESIAN_POINT('Origin',(97.3789302090712,-1.78882192777399E-14,
-593.021525706811));
#11703=CARTESIAN_POINT('',(97.3789302090712,-1.50000000000002,-593.021525706811));
#11704=CARTESIAN_POINT('',(32.5000004842877,-1.50000000000001,-460.000006854534));
#11705=CARTESIAN_POINT('',(97.3789302090712,-1.78882192777399E-14,-593.021525706811));
#11706=CARTESIAN_POINT('Origin',(97.3789302090712,-1.78882192777399E-14,
-613.021525706811));
#11707=CARTESIAN_POINT('',(97.3789302090712,-1.50000000000002,-613.021525706811));
#11708=CARTESIAN_POINT('',(97.3789302090712,-1.50000000000002,-593.021525706811));
#11709=CARTESIAN_POINT('',(97.3789302090712,-1.78882192777399E-14,-613.021525706811));
#11710=CARTESIAN_POINT('Origin',(32.4999992735684,-5.97015301240003E-15,
-579.99998703599));
#11711=CARTESIAN_POINT('',(97.3789302090712,-1.50000000000002,-613.021525706811));
#11712=CARTESIAN_POINT('Origin',(56.1894652162943,-1.50000000000001,-536.510766280673));
#11713=CARTESIAN_POINT('',(-3.15544362088405E-30,0.,8.88178419700125E-16));
#11714=CARTESIAN_POINT('',(-3.15544362088405E-30,0.,8.88178419700125E-16));
#11715=CARTESIAN_POINT('',(9.46633086265214E-29,-1.0097419586829E-27,-49.9999999999998));
#11716=CARTESIAN_POINT('',(-3.15544362088405E-30,0.,8.88178419700125E-16));
#11717=CARTESIAN_POINT('',(0.,0.,0.));
#11718=CARTESIAN_POINT('',(0.,0.,0.));
#11719=CARTESIAN_POINT('Origin',(0.,0.,-7.87731));
#11720=CARTESIAN_POINT('',(0.966750000000008,1.1839272930757E-16,-7.80385688672848));
#11721=CARTESIAN_POINT('Origin',(8.30234003476274E-15,0.,-7.80385688672848));
#11722=CARTESIAN_POINT('',(0.754619999999992,-9.24142967572566E-17,-8.));
#11723=CARTESIAN_POINT('',(0.887310000000008,-1.08664135135145E-16,-7.87731));
#11724=CARTESIAN_POINT('Origin',(0.,0.,-8.));
#11725=CARTESIAN_POINT('Origin',(-1.91497771928471E-15,0.,1.79999999999984));
#11726=CARTESIAN_POINT('',(1.89999999999999,-2.32682891837996E-16,1.79999999999984));
#11727=CARTESIAN_POINT('Origin',(-1.91497771928471E-15,0.,1.79999999999984));
#11728=CARTESIAN_POINT('',(1.69999999999999,-2.08189955855049E-16,1.99999999999984));
#11729=CARTESIAN_POINT('Origin',(1.69999999999999,-2.08189955855049E-16,
1.79999999999984));
#11730=CARTESIAN_POINT('Origin',(-2.12775302142747E-15,0.,1.99999999999984));
#11731=CARTESIAN_POINT('Origin',(-1.9,0.,1.99999999999984));
#11732=CARTESIAN_POINT('',(0.75,-0.433012701892219,2.));
#11733=CARTESIAN_POINT('',(1.38777878078145E-16,-0.866025403784439,2.));
#11734=CARTESIAN_POINT('',(-0.149999999999998,-0.952627944162882,1.99999999999984));
#11735=CARTESIAN_POINT('',(-0.750000000000001,-0.433012701892219,2.));
#11736=CARTESIAN_POINT('',(-0.899999999999998,-0.346410161513777,1.99999999999984));
#11737=CARTESIAN_POINT('',(-0.75,0.43301270189222,2.));
#11738=CARTESIAN_POINT('',(-0.75,-0.21650635094611,1.99999999999984));
#11739=CARTESIAN_POINT('',(1.73472347597681E-17,0.866025403784439,2.));
#11740=CARTESIAN_POINT('',(-1.275,0.129903810567667,1.99999999999984));
#11741=CARTESIAN_POINT('',(0.750000000000001,0.433012701892219,2.));
#11742=CARTESIAN_POINT('',(-0.524999999999998,1.16913429510899,1.99999999999984));
#11743=CARTESIAN_POINT('',(0.75,0.216506350946109,1.99999999999984));
#11744=CARTESIAN_POINT('Origin',(-1.06387651071363E-15,0.,0.999999999999815));
#11745=CARTESIAN_POINT('',(1.89999999999999,-2.32682891837996E-16,-2.07750483482982E-13));
#11746=CARTESIAN_POINT('Origin',(2.22737193531938E-28,0.,-2.08713982050247E-13));
#11747=CARTESIAN_POINT('',(1.89999999999999,-2.32682891837996E-16,0.999999999999817));
#11748=CARTESIAN_POINT('Origin',(1.38777878078145E-16,-0.866025403784439,
1.));
#11749=CARTESIAN_POINT('',(1.38777878078145E-16,-0.866025403784439,1.));
#11750=CARTESIAN_POINT('',(-6.92528178585494E-17,1.38777878078145E-16,0.934383502355557));
#11751=CARTESIAN_POINT('',(1.38777878078145E-16,-0.650754856401699,0.983689509218169));
#11752=CARTESIAN_POINT('',(0.75,-0.433012701892219,1.));
#11753=CARTESIAN_POINT('',(8.5846548499269E-17,-0.866025403784439,1.));
#11754=CARTESIAN_POINT('',(0.563570237279966,-0.325377428200849,0.983689509218169));
#11755=CARTESIAN_POINT('Origin',(0.75,-0.433012701892219,1.));
#11756=CARTESIAN_POINT('',(0.750000000000001,0.433012701892219,1.));
#11757=CARTESIAN_POINT('',(0.75,-0.433012701892219,1.));
#11758=CARTESIAN_POINT('',(0.563570237279966,0.32537742820085,0.983689509218169));
#11759=CARTESIAN_POINT('Origin',(0.750000000000001,0.433012701892219,1.));
#11760=CARTESIAN_POINT('',(0.,0.866025403784439,1.));
#11761=CARTESIAN_POINT('',(0.750000000000001,0.433012701892219,1.));
#11762=CARTESIAN_POINT('',(-6.93889390390723E-17,0.650754856401699,0.983689509218169));
#11763=CARTESIAN_POINT('Origin',(0.,0.866025403784439,1.));
#11764=CARTESIAN_POINT('',(-0.75,0.43301270189222,1.));
#11765=CARTESIAN_POINT('',(1.73472347597681E-17,0.866025403784439,1.));
#11766=CARTESIAN_POINT('',(-0.563570237279966,0.325377428200849,0.983689509218169));
#11767=CARTESIAN_POINT('Origin',(-0.75,0.43301270189222,1.));
#11768=CARTESIAN_POINT('',(-0.750000000000001,-0.433012701892219,1.));
#11769=CARTESIAN_POINT('',(-0.75,0.43301270189222,1.));
#11770=CARTESIAN_POINT('',(-0.563570237279966,-0.325377428200849,0.983689509218169));
#11771=CARTESIAN_POINT('Origin',(-0.750000000000001,-0.433012701892219,
1.));
#11772=CARTESIAN_POINT('',(-0.750000000000001,-0.433012701892219,1.));
#11773=CARTESIAN_POINT('Origin',(0.75,-0.433012701892219,2.));
#11774=CARTESIAN_POINT('',(0.75,-0.433012701892219,2.));
#11775=CARTESIAN_POINT('',(1.38777878078145E-16,-0.866025403784439,2.));
#11776=CARTESIAN_POINT('Origin',(0.750000000000001,0.433012701892219,2.));
#11777=CARTESIAN_POINT('',(0.750000000000001,0.433012701892219,2.));
#11778=CARTESIAN_POINT('Origin',(0.,0.866025403784439,2.));
#11779=CARTESIAN_POINT('',(1.73472347597681E-17,0.866025403784439,2.));
#11780=CARTESIAN_POINT('Origin',(-0.75,0.43301270189222,2.));
#11781=CARTESIAN_POINT('',(-0.75,0.43301270189222,2.));
#11782=CARTESIAN_POINT('Origin',(-0.750000000000001,-0.433012701892219,
2.));
#11783=CARTESIAN_POINT('',(-0.750000000000001,-0.433012701892219,2.));
#11784=CARTESIAN_POINT('Origin',(1.38777878078145E-16,-0.866025403784439,
2.));
#11785=CARTESIAN_POINT('Origin',(4.25550604285535E-15,0.,-4.00000000000006));
#11786=CARTESIAN_POINT('',(0.96675,1.1839272930757E-16,-1.09140419796207E-13));
#11787=CARTESIAN_POINT('',(0.966750000000004,-1.1839272930757E-16,-4.00000000000005));
#11788=CARTESIAN_POINT('Origin',(1.17836097717389E-28,0.,-1.0991207943789E-13));
#11789=CARTESIAN_POINT('Origin',(8.46545056276682E-15,0.,-8.));
#11790=CARTESIAN_POINT('Origin',(-0.999999999999993,0.,-1.10913340747685E-13));
#11791=CARTESIAN_POINT('Origin',(34.1598091370318,20.3550007751284,297.5));
#11792=CARTESIAN_POINT('',(32.9277583294629,18.4889753713439,297.5));
#11793=CARTESIAN_POINT('Origin',(32.4277583294629,19.3550007751284,297.5));
#11794=CARTESIAN_POINT('',(28.3690823755064,15.8570225821789,297.5));
#11795=CARTESIAN_POINT('',(34.6598091370318,19.4889753713439,297.5));
#11796=CARTESIAN_POINT('',(27.3398570329044,17.5722001303293,297.5));
#11797=CARTESIAN_POINT('Ctrl Pts',(27.3398570329044,17.5722001303293,297.5));
#11798=CARTESIAN_POINT('Ctrl Pts',(27.3398570329044,17.5722001303293,297.625572331145));
#11799=CARTESIAN_POINT('Ctrl Pts',(27.3534688043719,17.5510783970856,297.759502784811));
#11800=CARTESIAN_POINT('Ctrl Pts',(27.4084966408444,17.4650199089355,298.005858060769));
#11801=CARTESIAN_POINT('Ctrl Pts',(27.44987600668,17.4000631051585,298.118284075091));
#11802=CARTESIAN_POINT('Ctrl Pts',(27.5445864831237,17.249743466574,298.295847956753));
#11803=CARTESIAN_POINT('Ctrl Pts',(27.604233578165,17.1543428348835,298.372817298192));
#11804=CARTESIAN_POINT('Ctrl Pts',(27.7335424767299,16.9444920616096,298.474893724545));
#11805=CARTESIAN_POINT('Ctrl Pts',(27.8031690858602,16.8300198417502,298.5));
#11806=CARTESIAN_POINT('Ctrl Pts',(27.9324089025525,16.6146411118331,298.5));
#11807=CARTESIAN_POINT('Ctrl Pts',(28.0006327988278,16.4993860116587,298.474911815522));
#11808=CARTESIAN_POINT('Ctrl Pts',(28.1249074755551,16.2866434659804,298.372865785256));
#11809=CARTESIAN_POINT('Ctrl Pts',(28.1809941310263,16.1891770461521,298.295907799657));
#11810=CARTESIAN_POINT('Ctrl Pts',(28.2690314240983,16.0349538936543,298.118336162031));
#11811=CARTESIAN_POINT('Ctrl Pts',(28.3068556831127,15.9679217717552,298.00588704139));
#11812=CARTESIAN_POINT('Ctrl Pts',(28.3568631674978,15.8789456726101,297.759502719096));
#11813=CARTESIAN_POINT('Ctrl Pts',(28.3690823755064,15.8570225821789,297.625567279629));
#11814=CARTESIAN_POINT('Ctrl Pts',(28.3690823755064,15.8570225821789,297.5));
#11815=CARTESIAN_POINT('Ctrl Pts',(28.3690823755064,15.8570225821789,297.5));
#11816=CARTESIAN_POINT('Ctrl Pts',(28.3690823755064,15.8570225821789,297.374432720371));
#11817=CARTESIAN_POINT('Ctrl Pts',(28.3568631674978,15.8789456726101,297.240497280904));
#11818=CARTESIAN_POINT('Ctrl Pts',(28.3068556831127,15.9679217717552,296.99411295861));
#11819=CARTESIAN_POINT('Ctrl Pts',(28.2690314240983,16.0349538936543,296.881663837969));
#11820=CARTESIAN_POINT('Ctrl Pts',(28.1809941310263,16.1891770461521,296.704092200343));
#11821=CARTESIAN_POINT('Ctrl Pts',(28.1249074755551,16.2866434659804,296.627134214744));
#11822=CARTESIAN_POINT('Ctrl Pts',(28.0006327988278,16.4993860116587,296.525088184478));
#11823=CARTESIAN_POINT('Ctrl Pts',(27.9324089025525,16.6146411118331,296.5));
#11824=CARTESIAN_POINT('Ctrl Pts',(27.8031690858602,16.8300198417502,296.5));
#11825=CARTESIAN_POINT('Ctrl Pts',(27.7335424767299,16.9444920616096,296.525106275455));
#11826=CARTESIAN_POINT('Ctrl Pts',(27.604233578165,17.1543428348835,296.627182701808));
#11827=CARTESIAN_POINT('Ctrl Pts',(27.5445864831237,17.249743466574,296.704152043247));
#11828=CARTESIAN_POINT('Ctrl Pts',(27.44987600668,17.4000631051585,296.881715924909));
#11829=CARTESIAN_POINT('Ctrl Pts',(27.4084966408444,17.4650199089355,296.994141939231));
#11830=CARTESIAN_POINT('Ctrl Pts',(27.3534688043719,17.5510783970856,297.240497215189));
#11831=CARTESIAN_POINT('Ctrl Pts',(27.3398570329044,17.5722001303293,297.374427668855));
#11832=CARTESIAN_POINT('Ctrl Pts',(27.3398570329044,17.5722001303293,297.5));
#11833=CARTESIAN_POINT('Origin',(34.1598091370318,20.3550007751284,297.5));
#11834=CARTESIAN_POINT('',(35.1598091370318,18.6229499675595,297.5));
#11835=CARTESIAN_POINT('Origin',(34.1598091370318,20.3550007751284,297.5));
#11836=CARTESIAN_POINT('',(33.4277583294629,17.6229499675595,297.5));
#11837=CARTESIAN_POINT('',(35.1598091370318,18.6229499675595,297.5));
#11838=CARTESIAN_POINT('Origin',(32.4277583294629,19.3550007751284,297.5));
#11839=CARTESIAN_POINT('Origin',(32.4277583294629,19.3550007751284,297.5));
#11840=CARTESIAN_POINT('Origin',(0.,0.,300.));
#11841=CARTESIAN_POINT('',(25.0770813003767,20.6734127191013,295.));
#11842=CARTESIAN_POINT('',(25.0770813003767,20.6734127191013,300.));
#11843=CARTESIAN_POINT('',(25.0770813003767,20.6734127191013,300.));
#11844=CARTESIAN_POINT('',(30.4375511016933,11.3932209199948,295.));
#11845=CARTESIAN_POINT('Origin',(0.,0.,295.));
#11846=CARTESIAN_POINT('',(30.4375511016933,11.3932209199948,300.));
#11847=CARTESIAN_POINT('',(30.4375511016933,11.3932209199948,300.));
#11848=CARTESIAN_POINT('Origin',(0.,0.,300.));
#11849=CARTESIAN_POINT('Origin',(30.4356391301586,11.3921170427146,300.));
#11850=CARTESIAN_POINT('',(24.5356397308393,21.6112171541741,300.));
#11851=CARTESIAN_POINT('',(30.4356391301586,11.3921170427146,300.));
#11852=CARTESIAN_POINT('',(24.5356397308393,21.6112171541741,295.));
#11853=CARTESIAN_POINT('',(24.5356397308393,21.6112171541741,300.));
#11854=CARTESIAN_POINT('',(30.4356391301586,11.3921170427146,295.));
#11855=CARTESIAN_POINT('Origin',(30.8227241335952,18.4283338500856,300.));
#11856=CARTESIAN_POINT('',(31.8270541739468,12.1954508928002,300.));
#11857=CARTESIAN_POINT('',(31.8270541739468,12.1954508928002,300.));
#11858=CARTESIAN_POINT('',(30.4770541739467,14.5337194830182,300.));
#11859=CARTESIAN_POINT('',(30.3770541739467,14.7069245637751,300.));
#11860=CARTESIAN_POINT('',(30.5502592547036,14.8069245637751,300.));
#11861=CARTESIAN_POINT('Origin',(30.6502592547036,14.6337194830182,300.));
#11862=CARTESIAN_POINT('',(32.1091049815156,15.7069245637751,300.));
#11863=CARTESIAN_POINT('',(32.2823100622725,15.8069245637751,300.));
#11864=CARTESIAN_POINT('',(32.3823100622725,15.6337194830182,300.));
#11865=CARTESIAN_POINT('Origin',(32.2091049815156,15.5337194830182,300.));
#11866=CARTESIAN_POINT('',(33.2573100622725,14.1181750263954,300.));
#11867=CARTESIAN_POINT('',(33.2573100622725,14.1181750263954,300.));
#11868=CARTESIAN_POINT('',(33.6671176834079,14.0083674052601,300.));
#11869=CARTESIAN_POINT('Origin',(33.5171176834079,14.2681750263954,300.));
#11870=CARTESIAN_POINT('',(34.6135909745241,14.5548140146668,300.));
#11871=CARTESIAN_POINT('',(34.6135909745241,14.5548140146668,300.));
#11872=CARTESIAN_POINT('',(34.7533687224107,14.7369759222714,300.));
#11873=CARTESIAN_POINT('Origin',(34.463590974524,14.8146216358021,300.));
#11874=CARTESIAN_POINT('',(35.5612258731899,17.7519398542372,300.));
#11875=CARTESIAN_POINT('',(35.5612258731899,17.7519398542372,300.));
#11876=CARTESIAN_POINT('',(35.5312557464385,17.9795855677679,300.));
#11877=CARTESIAN_POINT('Origin',(35.2714481253032,17.8295855677679,300.));
#11878=CARTESIAN_POINT('',(32.7883625276251,22.7304159824888,300.));
#11879=CARTESIAN_POINT('',(32.7883625276251,22.7304159824888,300.));
#11880=CARTESIAN_POINT('',(32.6062006200206,22.8701937303756,300.));
#11881=CARTESIAN_POINT('Origin',(32.5285549064898,22.580415982489,300.));
#11882=CARTESIAN_POINT('',(29.5912366880548,23.6780508811548,300.));
#11883=CARTESIAN_POINT('',(29.5912366880548,23.6780508811548,300.));
#11884=CARTESIAN_POINT('',(29.363590974524,23.6480807544034,300.));
#11885=CARTESIAN_POINT('Origin',(29.513590974524,23.388273133268,300.));
#11886=CARTESIAN_POINT('',(28.3840864740048,23.0825635673562,300.));
#11887=CARTESIAN_POINT('',(28.3840864740048,23.0825635673562,300.));
#11888=CARTESIAN_POINT('',(28.3073100310524,22.6918265058364,300.));
#11889=CARTESIAN_POINT('Origin',(28.5695232343504,22.8432153693456,300.));
#11890=CARTESIAN_POINT('',(29.1823100572217,21.1762820685919,300.));
#11891=CARTESIAN_POINT('',(29.2823100622725,21.0030769864817,300.));
#11892=CARTESIAN_POINT('',(29.1091049783136,20.903076984633,300.));
#11893=CARTESIAN_POINT('Origin',(29.0091049783136,21.0762820653899,300.));
#11894=CARTESIAN_POINT('',(27.5502592547036,20.0030769864817,300.));
#11895=CARTESIAN_POINT('',(27.3770541739467,19.9030769864817,300.));
#11896=CARTESIAN_POINT('',(27.2770541739468,20.0762820672386,300.));
#11897=CARTESIAN_POINT('Origin',(27.4502592547036,20.1762820672386,300.));
#11898=CARTESIAN_POINT('',(25.9270541739468,22.4145506574566,300.));
#11899=CARTESIAN_POINT('',(27.3770541739467,19.9030769864817,300.));
#11900=CARTESIAN_POINT('',(25.9270541739468,22.4145506574566,300.));
#11901=CARTESIAN_POINT('Origin',(30.6502592547036,14.6337194830182,300.));
#11902=CARTESIAN_POINT('',(30.4770541739467,14.5337194830182,295.));
#11903=CARTESIAN_POINT('',(30.4770541739467,14.5337194830182,300.));
#11904=CARTESIAN_POINT('',(30.5502592547036,14.8069245637751,295.));
#11905=CARTESIAN_POINT('Origin',(30.6502592547036,14.6337194830182,295.));
#11906=CARTESIAN_POINT('',(30.5502592547036,14.8069245637751,300.));
#11907=CARTESIAN_POINT('Origin',(30.3770541739467,14.7069245637751,300.));
#11908=CARTESIAN_POINT('',(31.8270541739468,12.1954508928002,295.));
#11909=CARTESIAN_POINT('',(31.8270541739468,12.1954508928002,300.));
#11910=CARTESIAN_POINT('',(30.3770541739467,14.7069245637751,295.));
#11911=CARTESIAN_POINT('Origin',(32.2091049815156,15.5337194830182,300.));
#11912=CARTESIAN_POINT('',(32.1091049815156,15.7069245637751,295.));
#11913=CARTESIAN_POINT('',(32.1091049815156,15.7069245637751,300.));
#11914=CARTESIAN_POINT('',(32.3823100622725,15.6337194830182,295.));
#11915=CARTESIAN_POINT('Origin',(32.2091049815156,15.5337194830182,295.));
#11916=CARTESIAN_POINT('',(32.3823100622725,15.6337194830182,300.));
#11917=CARTESIAN_POINT('Origin',(32.2823100622725,15.8069245637751,300.));
#11918=CARTESIAN_POINT('',(32.2823100622725,15.8069245637751,295.));
#11919=CARTESIAN_POINT('Origin',(27.4502592547036,20.1762820672386,300.));
#11920=CARTESIAN_POINT('',(27.5502592547036,20.0030769864817,295.));
#11921=CARTESIAN_POINT('',(27.5502592547036,20.0030769864817,300.));
#11922=CARTESIAN_POINT('',(27.2770541739468,20.0762820672386,295.));
#11923=CARTESIAN_POINT('Origin',(27.4502592547036,20.1762820672386,295.));
#11924=CARTESIAN_POINT('',(27.2770541739468,20.0762820672386,300.));
#11925=CARTESIAN_POINT('Origin',(27.3770541739467,19.9030769864817,300.));
#11926=CARTESIAN_POINT('',(29.1091049783136,20.903076984633,295.));
#11927=CARTESIAN_POINT('',(29.1091049783136,20.903076984633,300.));
#11928=CARTESIAN_POINT('',(27.3770541739467,19.9030769864817,295.));
#11929=CARTESIAN_POINT('Origin',(29.0091049783136,21.0762820653899,300.));
#11930=CARTESIAN_POINT('',(29.1823100572217,21.1762820685919,295.));
#11931=CARTESIAN_POINT('',(29.1823100572217,21.1762820685919,300.));
#11932=CARTESIAN_POINT('Origin',(29.0091049783136,21.0762820653899,295.));
#11933=CARTESIAN_POINT('Origin',(29.2823100622725,21.0030769864817,300.));
#11934=CARTESIAN_POINT('',(28.3073100310524,22.6918265058364,295.));
#11935=CARTESIAN_POINT('',(28.3073100310524,22.6918265058364,300.));
#11936=CARTESIAN_POINT('',(29.2823100622725,21.0030769864817,295.));
#11937=CARTESIAN_POINT('Origin',(32.7883625276251,22.7304159824888,300.));
#11938=CARTESIAN_POINT('',(35.5312557464385,17.9795855677679,295.));
#11939=CARTESIAN_POINT('',(35.5312557464385,17.9795855677679,300.));
#11940=CARTESIAN_POINT('',(32.7883625276251,22.7304159824888,295.));
#11941=CARTESIAN_POINT('',(32.7883625276251,22.7304159824888,295.));
#11942=CARTESIAN_POINT('',(32.7883625276251,22.7304159824888,300.));
#11943=CARTESIAN_POINT('Origin',(32.5285549064898,22.580415982489,300.));
#11944=CARTESIAN_POINT('',(32.6062006200206,22.8701937303756,295.));
#11945=CARTESIAN_POINT('Origin',(32.5285549064898,22.580415982489,295.));
#11946=CARTESIAN_POINT('',(32.6062006200206,22.8701937303756,300.));
#11947=CARTESIAN_POINT('Origin',(29.5912366880548,23.6780508811548,300.));
#11948=CARTESIAN_POINT('',(29.5912366880548,23.6780508811548,295.));
#11949=CARTESIAN_POINT('',(29.5912366880548,23.6780508811548,295.));
#11950=CARTESIAN_POINT('',(29.5912366880548,23.6780508811548,300.));
#11951=CARTESIAN_POINT('Origin',(29.513590974524,23.388273133268,300.));
#11952=CARTESIAN_POINT('',(29.363590974524,23.6480807544034,295.));
#11953=CARTESIAN_POINT('Origin',(29.513590974524,23.388273133268,295.));
#11954=CARTESIAN_POINT('',(29.363590974524,23.6480807544034,300.));
#11955=CARTESIAN_POINT('Origin',(28.3840864740048,23.0825635673562,300.));
#11956=CARTESIAN_POINT('',(28.3840864740048,23.0825635673562,295.));
#11957=CARTESIAN_POINT('',(28.3840864740048,23.0825635673562,295.));
#11958=CARTESIAN_POINT('',(28.3840864740048,23.0825635673562,300.));
#11959=CARTESIAN_POINT('Origin',(28.5695232343504,22.8432153693456,300.));
#11960=CARTESIAN_POINT('Origin',(28.5695232343504,22.8432153693456,295.));
#11961=CARTESIAN_POINT('Origin',(25.9270541739468,22.4145506574566,300.));
#11962=CARTESIAN_POINT('',(25.9270541739468,22.4145506574566,295.));
#11963=CARTESIAN_POINT('',(27.3770541739467,19.9030769864817,295.));
#11964=CARTESIAN_POINT('',(25.9270541739468,22.4145506574566,300.));
#11965=CARTESIAN_POINT('Origin',(24.5356397308393,21.6112171541741,300.));
#11966=CARTESIAN_POINT('',(25.9270541739468,22.4145506574566,295.));
#11967=CARTESIAN_POINT('Origin',(31.8270541739468,12.1954508928002,300.));
#11968=CARTESIAN_POINT('',(31.8270541739468,12.1954508928002,295.));
#11969=CARTESIAN_POINT('Origin',(33.2573100622725,14.1181750263954,300.));
#11970=CARTESIAN_POINT('',(33.2573100622725,14.1181750263954,295.));
#11971=CARTESIAN_POINT('',(33.2573100622725,14.1181750263954,295.));
#11972=CARTESIAN_POINT('',(33.2573100622725,14.1181750263954,300.));
#11973=CARTESIAN_POINT('Origin',(33.5171176834079,14.2681750263954,300.));
#11974=CARTESIAN_POINT('',(33.6671176834079,14.0083674052601,295.));
#11975=CARTESIAN_POINT('Origin',(33.5171176834079,14.2681750263954,295.));
#11976=CARTESIAN_POINT('',(33.6671176834079,14.0083674052601,300.));
#11977=CARTESIAN_POINT('Origin',(34.6135909745241,14.5548140146668,300.));
#11978=CARTESIAN_POINT('',(34.6135909745241,14.5548140146668,295.));
#11979=CARTESIAN_POINT('',(34.6135909745241,14.5548140146668,295.));
#11980=CARTESIAN_POINT('',(34.6135909745241,14.5548140146668,300.));
#11981=CARTESIAN_POINT('Origin',(34.463590974524,14.8146216358021,300.));
#11982=CARTESIAN_POINT('',(34.7533687224107,14.7369759222714,295.));
#11983=CARTESIAN_POINT('Origin',(34.463590974524,14.8146216358021,295.));
#11984=CARTESIAN_POINT('',(34.7533687224107,14.7369759222714,300.));
#11985=CARTESIAN_POINT('Origin',(35.5612258731899,17.7519398542372,300.));
#11986=CARTESIAN_POINT('',(35.5612258731899,17.7519398542372,295.));
#11987=CARTESIAN_POINT('',(35.5612258731899,17.7519398542372,295.));
#11988=CARTESIAN_POINT('',(35.5612258731899,17.7519398542372,300.));
#11989=CARTESIAN_POINT('Origin',(35.2714481253032,17.8295855677679,300.));
#11990=CARTESIAN_POINT('Origin',(35.2714481253032,17.8295855677679,295.));
#11991=CARTESIAN_POINT('Origin',(30.8227241335952,18.4283338500856,295.));
#11992=CARTESIAN_POINT('',(32.4277583294629,19.3550007751283,297.5));
#11993=CARTESIAN_POINT('',(0.,0.,0.));
#11994=CARTESIAN_POINT('Origin',(0.,0.,-650.));
#11995=CARTESIAN_POINT('',(13.2,20.,-650.));
#11996=CARTESIAN_POINT('',(19.,20.,-650.));
#11997=CARTESIAN_POINT('',(13.2,20.,-650.));
#11998=CARTESIAN_POINT('',(20.,19.,-650.));
#11999=CARTESIAN_POINT('Origin',(19.,19.,-650.));
#12000=CARTESIAN_POINT('',(20.0000000000001,13.2,-650.));
#12001=CARTESIAN_POINT('',(20.0000000000001,13.2,-650.));
#12002=CARTESIAN_POINT('',(18.2000000000001,13.2,-650.));
#12003=CARTESIAN_POINT('',(18.2000000000001,13.2,-650.));
#12004=CARTESIAN_POINT('',(18.2,14.95,-650.));
#12005=CARTESIAN_POINT('',(18.2000000000001,13.2,-650.));
#12006=CARTESIAN_POINT('',(17.7,15.45,-650.));
#12007=CARTESIAN_POINT('Origin',(17.7,14.95,-650.));
#12008=CARTESIAN_POINT('',(16.6071067811866,15.45,-650.));
#12009=CARTESIAN_POINT('',(17.7,15.45,-650.));
#12010=CARTESIAN_POINT('',(16.2535533905933,15.3035533905932,-650.));
#12011=CARTESIAN_POINT('Origin',(16.6071067811866,14.95,-650.));
#12012=CARTESIAN_POINT('',(14.0464466094068,13.0964466094066,-650.));
#12013=CARTESIAN_POINT('',(16.2535533905933,15.3035533905932,-650.));
#12014=CARTESIAN_POINT('',(13.9000000000001,12.7428932188133,-650.));
#12015=CARTESIAN_POINT('Origin',(14.4000000000001,12.7428932188133,-650.));
#12016=CARTESIAN_POINT('',(13.9000000000001,7.25710678118656,-650.));
#12017=CARTESIAN_POINT('',(13.9000000000001,7.25710678118656,-650.));
#12018=CARTESIAN_POINT('',(14.0464466094069,6.90355339059329,-650.));
#12019=CARTESIAN_POINT('Origin',(14.4000000000001,7.25710678118656,-650.));
#12020=CARTESIAN_POINT('',(16.2535533905934,4.6964466094067,-650.));
#12021=CARTESIAN_POINT('',(16.2535533905934,4.6964466094067,-650.));
#12022=CARTESIAN_POINT('',(16.6071067811867,4.54999999999998,-650.));
#12023=CARTESIAN_POINT('Origin',(16.6071067811867,5.04999999999998,-650.));
#12024=CARTESIAN_POINT('',(17.7000000000002,4.54999999999998,-650.));
#12025=CARTESIAN_POINT('',(16.6071067811867,4.54999999999998,-650.));
#12026=CARTESIAN_POINT('',(18.2000000000002,5.04999999999999,-650.));
#12027=CARTESIAN_POINT('Origin',(17.7000000000002,5.04999999999998,-650.));
#12028=CARTESIAN_POINT('',(18.2000000000001,6.79999999999999,-650.));
#12029=CARTESIAN_POINT('',(18.2000000000002,5.04999999999999,-650.));
#12030=CARTESIAN_POINT('',(20.0000000000001,6.80000000000001,-650.));
#12031=CARTESIAN_POINT('',(20.0000000000001,6.80000000000001,-650.));
#12032=CARTESIAN_POINT('',(20.,0.999999999999945,-650.));
#12033=CARTESIAN_POINT('',(20.,0.999999999999946,-650.));
#12034=CARTESIAN_POINT('',(19.,-3.10862446895044E-14,-650.));
#12035=CARTESIAN_POINT('Origin',(19.,0.999999999999968,-650.));
#12036=CARTESIAN_POINT('',(13.2,-2.22044604925031E-13,-650.));
#12037=CARTESIAN_POINT('',(13.2,-2.20309881449054E-13,-650.));
#12038=CARTESIAN_POINT('',(13.2,1.79999999999978,-650.));
#12039=CARTESIAN_POINT('',(13.2,-2.20309883654869E-13,-650.));
#12040=CARTESIAN_POINT('',(14.95,1.79999999999978,-650.));
#12041=CARTESIAN_POINT('',(14.95,1.79999999999978,-650.));
#12042=CARTESIAN_POINT('',(15.45,2.29999999999978,-650.));
#12043=CARTESIAN_POINT('Origin',(14.95,2.29999999999978,-650.));
#12044=CARTESIAN_POINT('',(15.45,3.39289321881323,-650.));
#12045=CARTESIAN_POINT('',(15.45,3.39289321881323,-650.));
#12046=CARTESIAN_POINT('',(15.3035533905932,3.7464466094065,-650.));
#12047=CARTESIAN_POINT('Origin',(14.95,3.39289321881322,-650.));
#12048=CARTESIAN_POINT('',(13.0964466094066,5.95355339059306,-650.));
#12049=CARTESIAN_POINT('',(15.3035533905932,3.7464466094065,-650.));
#12050=CARTESIAN_POINT('',(12.7428932188134,6.09999999999978,-650.));
#12051=CARTESIAN_POINT('Origin',(12.7428932188134,5.59999999999978,-650.));
#12052=CARTESIAN_POINT('',(7.2571067811866,6.09999999999979,-650.));
#12053=CARTESIAN_POINT('',(12.7428932188134,6.09999999999978,-650.));
#12054=CARTESIAN_POINT('',(6.90355339059333,5.95355339059306,-650.));
#12055=CARTESIAN_POINT('Origin',(7.2571067811866,5.59999999999979,-650.));
#12056=CARTESIAN_POINT('',(4.69644660940671,3.74644660940651,-650.));
#12057=CARTESIAN_POINT('',(4.69644660940671,3.74644660940651,-650.));
#12058=CARTESIAN_POINT('',(4.54999999999998,3.39289321881323,-650.));
#12059=CARTESIAN_POINT('Origin',(5.04999999999998,3.39289321881323,-650.));
#12060=CARTESIAN_POINT('',(4.54999999999999,2.29999999999978,-650.));
#12061=CARTESIAN_POINT('',(4.54999999999999,2.29999999999978,-650.));
#12062=CARTESIAN_POINT('',(5.04999999999998,1.79999999999978,-650.));
#12063=CARTESIAN_POINT('Origin',(5.04999999999999,2.29999999999978,-650.));
#12064=CARTESIAN_POINT('',(6.79999999999999,1.79999999999978,-650.));
#12065=CARTESIAN_POINT('',(6.79999999999999,1.79999999999978,-650.));
#12066=CARTESIAN_POINT('',(6.79999999999999,-2.1316282072803E-13,-650.));
#12067=CARTESIAN_POINT('',(6.79999999999999,1.79999999999978,-650.));
#12068=CARTESIAN_POINT('',(0.999999999999956,-3.10862446895044E-14,-650.));
#12069=CARTESIAN_POINT('',(0.999999999999957,-3.16331927972228E-14,-650.));
#12070=CARTESIAN_POINT('',(-1.11022302462516E-14,0.999999999999956,-650.));
#12071=CARTESIAN_POINT('Origin',(0.999999999999988,0.999999999999968,-650.));
#12072=CARTESIAN_POINT('',(-7.99360577730113E-14,6.79999999999978,-650.));
#12073=CARTESIAN_POINT('',(-1.17348941021959E-14,0.999999999999957,-650.));
#12074=CARTESIAN_POINT('',(1.79999999999999,6.8,-650.));
#12075=CARTESIAN_POINT('',(1.79999999999999,6.8,-650.));
#12076=CARTESIAN_POINT('',(1.79999999999995,5.04999999999982,-650.));
#12077=CARTESIAN_POINT('',(1.79999999999999,6.8,-650.));
#12078=CARTESIAN_POINT('',(2.29999999999995,4.54999999999981,-650.));
#12079=CARTESIAN_POINT('Origin',(2.29999999999995,5.04999999999981,-650.));
#12080=CARTESIAN_POINT('',(3.39289321881339,4.54999999999981,-650.));
#12081=CARTESIAN_POINT('',(2.29999999999995,4.54999999999981,-650.));
#12082=CARTESIAN_POINT('',(3.74644660940667,4.69644660940655,-650.));
#12083=CARTESIAN_POINT('Origin',(3.39289321881339,5.04999999999981,-650.));
#12084=CARTESIAN_POINT('',(5.9535533905932,6.90355339059319,-650.));
#12085=CARTESIAN_POINT('',(3.74644660940667,4.69644660940655,-650.));
#12086=CARTESIAN_POINT('',(6.09999999999992,7.25710678118646,-650.));
#12087=CARTESIAN_POINT('Origin',(5.59999999999992,7.25710678118645,-650.));
#12088=CARTESIAN_POINT('',(6.09999999999986,12.7428932188132,-650.));
#12089=CARTESIAN_POINT('',(6.09999999999992,7.25710678118646,-650.));
#12090=CARTESIAN_POINT('',(5.95355339059313,13.0964466094065,-650.));
#12091=CARTESIAN_POINT('Origin',(5.59999999999986,12.7428932188132,-650.));
#12092=CARTESIAN_POINT('',(3.74644660940656,15.3035533905931,-650.));
#12093=CARTESIAN_POINT('',(3.74644660940656,15.3035533905931,-650.));
#12094=CARTESIAN_POINT('',(3.39289321881328,15.4499999999998,-650.));
#12095=CARTESIAN_POINT('Origin',(3.39289321881329,14.9499999999998,-650.));
#12096=CARTESIAN_POINT('',(2.29999999999986,15.4499999999998,-650.));
#12097=CARTESIAN_POINT('',(3.39289321881328,15.4499999999998,-650.));
#12098=CARTESIAN_POINT('',(1.79999999999986,14.9499999999998,-650.));
#12099=CARTESIAN_POINT('Origin',(2.29999999999986,14.9499999999998,-650.));
#12100=CARTESIAN_POINT('',(1.79999999999999,13.2,-650.));
#12101=CARTESIAN_POINT('',(1.79999999999986,14.9499999999998,-650.));
#12102=CARTESIAN_POINT('',(-1.53210777398272E-13,13.1999999999998,-650.));
#12103=CARTESIAN_POINT('',(-1.53523027623947E-13,13.1999999999998,-650.));
#12104=CARTESIAN_POINT('',(-2.22044604925031E-14,19.,-650.));
#12105=CARTESIAN_POINT('',(-1.53523027623947E-13,13.1999999999998,-650.));
#12106=CARTESIAN_POINT('',(0.999999999999976,20.,-650.));
#12107=CARTESIAN_POINT('Origin',(0.999999999999977,19.,-650.));
#12108=CARTESIAN_POINT('',(6.8,20.,-650.));
#12109=CARTESIAN_POINT('',(0.999999999999976,20.,-650.));
#12110=CARTESIAN_POINT('',(6.8,18.2,-650.));
#12111=CARTESIAN_POINT('',(6.8,20.,-650.));
#12112=CARTESIAN_POINT('',(5.04999999999999,18.2,-650.));
#12113=CARTESIAN_POINT('',(5.04999999999999,18.2,-650.));
#12114=CARTESIAN_POINT('',(4.54999999999999,17.7,-650.));
#12115=CARTESIAN_POINT('Origin',(5.04999999999999,17.7,-650.));
#12116=CARTESIAN_POINT('',(4.55,16.6071067811865,-650.));
#12117=CARTESIAN_POINT('',(4.55,16.6071067811865,-650.));
#12118=CARTESIAN_POINT('',(4.69644660940673,16.2535533905933,-650.));
#12119=CARTESIAN_POINT('Origin',(5.05,16.6071067811865,-650.));
#12120=CARTESIAN_POINT('',(6.90355339059334,14.0464466094067,-650.));
#12121=CARTESIAN_POINT('',(4.69644660940673,16.2535533905933,-650.));
#12122=CARTESIAN_POINT('',(7.25710678118661,13.9,-650.));
#12123=CARTESIAN_POINT('Origin',(7.25710678118661,14.4,-650.));
#12124=CARTESIAN_POINT('',(12.7428932188134,13.9,-650.));
#12125=CARTESIAN_POINT('',(12.7428932188134,13.9,-650.));
#12126=CARTESIAN_POINT('',(13.0964466094067,14.0464466094067,-650.));
#12127=CARTESIAN_POINT('Origin',(12.7428932188134,14.4,-650.));
#12128=CARTESIAN_POINT('',(15.3035533905933,16.2535533905933,-650.));
#12129=CARTESIAN_POINT('',(15.3035533905933,16.2535533905933,-650.));
#12130=CARTESIAN_POINT('',(15.45,16.6071067811866,-650.));
#12131=CARTESIAN_POINT('Origin',(14.95,16.6071067811866,-650.));
#12132=CARTESIAN_POINT('',(15.45,17.7,-650.));
#12133=CARTESIAN_POINT('',(15.45,17.7,-650.));
#12134=CARTESIAN_POINT('',(14.95,18.2,-650.));
#12135=CARTESIAN_POINT('Origin',(14.95,17.7,-650.));
#12136=CARTESIAN_POINT('',(13.2,18.2,-650.));
#12137=CARTESIAN_POINT('',(13.2,18.2,-650.));
#12138=CARTESIAN_POINT('',(13.2,18.2,-650.));
#12139=CARTESIAN_POINT('',(12.5,10.,-650.));
#12140=CARTESIAN_POINT('Origin',(10.,10.,-650.));
#12141=CARTESIAN_POINT('Origin',(13.2,-1.27213054904966E-14,300.));
#12142=CARTESIAN_POINT('',(13.2,-2.20309883654869E-13,300.));
#12143=CARTESIAN_POINT('',(13.2,-2.20309883654869E-13,300.));
#12144=CARTESIAN_POINT('',(13.2,1.79999999999978,300.));
#12145=CARTESIAN_POINT('',(13.2,-2.20309883654869E-13,300.));
#12146=CARTESIAN_POINT('',(13.2,1.79999999999978,0.));
#12147=CARTESIAN_POINT('Origin',(2.09932715675157E-26,-6.47970239556041E-13,
300.));
#12148=CARTESIAN_POINT('',(19.,-3.23985119778004E-14,300.));
#12149=CARTESIAN_POINT('',(19.,-3.23985119778004E-14,300.));
#12150=CARTESIAN_POINT('',(13.2,-2.20309881449054E-13,300.));
#12151=CARTESIAN_POINT('Origin',(20.,-4.38782996864721E-13,300.));
#12152=CARTESIAN_POINT('',(20.,0.999999999999946,300.));
#12153=CARTESIAN_POINT('',(20.0000000000001,6.80000000000001,300.));
#12154=CARTESIAN_POINT('',(20.,0.999999999999946,300.));
#12155=CARTESIAN_POINT('',(20.,0.999999999999946,300.));
#12156=CARTESIAN_POINT('',(20.0000000000001,6.80000000000001,300.));
#12157=CARTESIAN_POINT('Origin',(-7.86407975776128E-14,6.79999999999978,
300.));
#12158=CARTESIAN_POINT('',(18.2000000000001,6.79999999999999,300.));
#12159=CARTESIAN_POINT('',(18.2000000000001,6.79999999999999,300.));
#12160=CARTESIAN_POINT('',(20.0000000000001,6.80000000000001,300.));
#12161=CARTESIAN_POINT('Origin',(18.2000000000002,2.24511767201978E-13,
300.));
#12162=CARTESIAN_POINT('',(18.2000000000002,5.04999999999999,300.));
#12163=CARTESIAN_POINT('',(18.2000000000002,5.04999999999999,300.));
#12164=CARTESIAN_POINT('',(18.2000000000002,5.04999999999999,300.));
#12165=CARTESIAN_POINT('Origin',(-2.63099727189809E-14,4.54999999999988,
300.));
#12166=CARTESIAN_POINT('',(16.6071067811867,4.54999999999998,300.));
#12167=CARTESIAN_POINT('',(17.7000000000002,4.54999999999998,300.));
#12168=CARTESIAN_POINT('',(16.6071067811867,4.54999999999998,300.));
#12169=CARTESIAN_POINT('',(17.7000000000002,4.54999999999998,300.));
#12170=CARTESIAN_POINT('',(16.6071067811867,4.54999999999998,300.));
#12171=CARTESIAN_POINT('Origin',(10.4750000000001,10.4750000000001,300.));
#12172=CARTESIAN_POINT('',(14.0464466094069,6.90355339059329,300.));
#12173=CARTESIAN_POINT('',(14.0464466094069,6.90355339059329,300.));
#12174=CARTESIAN_POINT('',(16.2535533905934,4.6964466094067,300.));
#12175=CARTESIAN_POINT('',(16.2535533905934,4.6964466094067,300.));
#12176=CARTESIAN_POINT('',(16.2535533905934,4.6964466094067,0.));
#12177=CARTESIAN_POINT('Origin',(13.9000000000002,1.67562526942241E-13,
300.));
#12178=CARTESIAN_POINT('',(13.9000000000001,12.7428932188133,300.));
#12179=CARTESIAN_POINT('',(13.9000000000001,12.7428932188133,300.));
#12180=CARTESIAN_POINT('',(13.9000000000001,7.25710678118656,300.));
#12181=CARTESIAN_POINT('',(13.9000000000001,7.25710678118656,300.));
#12182=CARTESIAN_POINT('',(13.9000000000001,7.25710678118656,0.));
#12183=CARTESIAN_POINT('Origin',(0.475000000000435,-0.475000000000412,300.));
#12184=CARTESIAN_POINT('',(16.2535533905933,15.3035533905932,300.));
#12185=CARTESIAN_POINT('',(16.2535533905933,15.3035533905932,300.));
#12186=CARTESIAN_POINT('',(14.0464466094068,13.0964466094066,300.));
#12187=CARTESIAN_POINT('',(16.2535533905933,15.3035533905932,300.));
#12188=CARTESIAN_POINT('',(14.0464466094068,13.0964466094066,0.));
#12189=CARTESIAN_POINT('Origin',(-7.44485491773376E-14,15.4499999999999,
300.));
#12190=CARTESIAN_POINT('',(17.7,15.45,300.));
#12191=CARTESIAN_POINT('',(17.7,15.45,300.));
#12192=CARTESIAN_POINT('',(16.6071067811866,15.45,300.));
#12193=CARTESIAN_POINT('',(17.7,15.45,300.));
#12194=CARTESIAN_POINT('',(16.6071067811866,15.45,0.));
#12195=CARTESIAN_POINT('Origin',(18.2000000000002,2.24511767201979E-13,
300.));
#12196=CARTESIAN_POINT('',(18.2000000000001,13.2,300.));
#12197=CARTESIAN_POINT('',(18.2,14.95,300.));
#12198=CARTESIAN_POINT('',(18.2000000000001,13.2,300.));
#12199=CARTESIAN_POINT('',(18.2,14.95,300.));
#12200=CARTESIAN_POINT('',(18.2000000000001,13.2,300.));
#12201=CARTESIAN_POINT('Origin',(-1.39934360395461E-13,13.1999999999998,
300.));
#12202=CARTESIAN_POINT('',(20.0000000000001,13.2,300.));
#12203=CARTESIAN_POINT('',(20.0000000000001,13.2,300.));
#12204=CARTESIAN_POINT('',(18.2000000000001,13.2,300.));
#12205=CARTESIAN_POINT('Origin',(20.0000000000002,2.24493626302883E-13,
300.));
#12206=CARTESIAN_POINT('',(20.,19.,300.));
#12207=CARTESIAN_POINT('',(20.,19.,300.));
#12208=CARTESIAN_POINT('',(20.0000000000001,13.2,300.));
#12209=CARTESIAN_POINT('Origin',(0.,20.,300.));
#12210=CARTESIAN_POINT('',(13.2,20.,300.));
#12211=CARTESIAN_POINT('',(19.,20.,300.));
#12212=CARTESIAN_POINT('',(13.2,20.,300.));
#12213=CARTESIAN_POINT('',(19.,20.,300.));
#12214=CARTESIAN_POINT('',(13.2,20.,300.));
#12215=CARTESIAN_POINT('Origin',(13.2,0.,300.));
#12216=CARTESIAN_POINT('',(13.2,18.2,300.));
#12217=CARTESIAN_POINT('',(13.2,18.2,300.));
#12218=CARTESIAN_POINT('',(13.2,18.2,300.));
#12219=CARTESIAN_POINT('Origin',(0.,18.2,300.));
#12220=CARTESIAN_POINT('',(14.95,18.2,300.));
#12221=CARTESIAN_POINT('',(14.95,18.2,300.));
#12222=CARTESIAN_POINT('',(13.2,18.2,300.));
#12223=CARTESIAN_POINT('Origin',(15.4500000000001,8.93382590128062E-14,
300.));
#12224=CARTESIAN_POINT('',(15.45,17.7,300.));
#12225=CARTESIAN_POINT('',(15.45,16.6071067811866,300.));
#12226=CARTESIAN_POINT('',(15.45,17.7,300.));
#12227=CARTESIAN_POINT('',(15.45,17.7,300.));
#12228=CARTESIAN_POINT('',(15.45,16.6071067811866,300.));
#12229=CARTESIAN_POINT('Origin',(-0.475000000000204,0.475000000000216,300.));
#12230=CARTESIAN_POINT('',(15.3035533905933,16.2535533905933,300.));
#12231=CARTESIAN_POINT('',(13.0964466094067,14.0464466094067,300.));
#12232=CARTESIAN_POINT('',(15.3035533905933,16.2535533905933,300.));
#12233=CARTESIAN_POINT('',(15.3035533905933,16.2535533905933,300.));
#12234=CARTESIAN_POINT('',(13.0964466094067,14.0464466094067,300.));
#12235=CARTESIAN_POINT('Origin',(0.,13.9,300.));
#12236=CARTESIAN_POINT('',(7.25710678118661,13.9,300.));
#12237=CARTESIAN_POINT('',(7.25710678118661,13.9,300.));
#12238=CARTESIAN_POINT('',(12.7428932188134,13.9,300.));
#12239=CARTESIAN_POINT('',(12.7428932188134,13.9,300.));
#12240=CARTESIAN_POINT('',(12.7428932188134,13.9,0.));
#12241=CARTESIAN_POINT('Origin',(10.4749999999999,10.4750000000002,300.));
#12242=CARTESIAN_POINT('',(4.69644660940673,16.2535533905933,300.));
#12243=CARTESIAN_POINT('',(4.69644660940673,16.2535533905933,300.));
#12244=CARTESIAN_POINT('',(6.90355339059334,14.0464466094067,300.));
#12245=CARTESIAN_POINT('',(4.69644660940673,16.2535533905933,300.));
#12246=CARTESIAN_POINT('',(6.90355339059334,14.0464466094067,0.));
#12247=CARTESIAN_POINT('Origin',(4.5500000000001,2.63099727189821E-14,300.));
#12248=CARTESIAN_POINT('',(4.54999999999999,17.7,300.));
#12249=CARTESIAN_POINT('',(4.54999999999999,17.7,300.));
#12250=CARTESIAN_POINT('',(4.55,16.6071067811865,300.));
#12251=CARTESIAN_POINT('',(4.55,16.6071067811865,300.));
#12252=CARTESIAN_POINT('',(4.55,16.6071067811865,0.));
#12253=CARTESIAN_POINT('Origin',(0.,18.2,300.));
#12254=CARTESIAN_POINT('',(5.04999999999999,18.2,300.));
#12255=CARTESIAN_POINT('',(6.8,18.2,300.));
#12256=CARTESIAN_POINT('',(5.04999999999999,18.2,300.));
#12257=CARTESIAN_POINT('',(5.04999999999999,18.2,300.));
#12258=CARTESIAN_POINT('',(6.8,18.2,300.));
#12259=CARTESIAN_POINT('Origin',(6.8,0.,300.));
#12260=CARTESIAN_POINT('',(6.8,20.,300.));
#12261=CARTESIAN_POINT('',(6.8,20.,300.));
#12262=CARTESIAN_POINT('',(6.8,20.,300.));
#12263=CARTESIAN_POINT('Origin',(-3.06127672231201E-14,20.,300.));
#12264=CARTESIAN_POINT('',(0.999999999999976,20.,300.));
#12265=CARTESIAN_POINT('',(0.999999999999976,20.,300.));
#12266=CARTESIAN_POINT('',(0.999999999999976,20.,300.));
#12267=CARTESIAN_POINT('Origin',(-4.51538316541008E-13,1.01943425652344E-26,
300.));
#12268=CARTESIAN_POINT('',(-1.53523027623947E-13,13.1999999999998,300.));
#12269=CARTESIAN_POINT('',(-2.25769158270499E-14,19.,300.));
#12270=CARTESIAN_POINT('',(-1.53523027623947E-13,13.1999999999998,300.));
#12271=CARTESIAN_POINT('',(-2.25769158270499E-14,19.,300.));
#12272=CARTESIAN_POINT('',(-1.53523027623947E-13,13.1999999999998,300.));
#12273=CARTESIAN_POINT('Origin',(-1.50111404787845E-12,13.1999999999998,
300.));
#12274=CARTESIAN_POINT('',(1.79999999999999,13.2,300.));
#12275=CARTESIAN_POINT('',(1.79999999999999,13.2,300.));
#12276=CARTESIAN_POINT('',(-1.53523027623947E-13,13.1999999999998,300.));
#12277=CARTESIAN_POINT('Origin',(1.80000000000092,1.26981758441578E-13,
300.));
#12278=CARTESIAN_POINT('',(1.79999999999986,14.9499999999998,300.));
#12279=CARTESIAN_POINT('',(1.79999999999986,14.9499999999998,300.));
#12280=CARTESIAN_POINT('',(1.79999999999986,14.9499999999998,300.));
#12281=CARTESIAN_POINT('Origin',(-8.93382590128044E-14,15.4499999999998,
300.));
#12282=CARTESIAN_POINT('',(3.39289321881328,15.4499999999998,300.));
#12283=CARTESIAN_POINT('',(2.29999999999986,15.4499999999998,300.));
#12284=CARTESIAN_POINT('',(3.39289321881328,15.4499999999998,300.));
#12285=CARTESIAN_POINT('',(2.29999999999986,15.4499999999998,300.));
#12286=CARTESIAN_POINT('',(3.39289321881328,15.4499999999998,300.));
#12287=CARTESIAN_POINT('Origin',(9.52499999999983,9.52499999999978,300.));
#12288=CARTESIAN_POINT('',(3.74644660940656,15.3035533905931,300.));
#12289=CARTESIAN_POINT('',(5.95355339059313,13.0964466094065,300.));
#12290=CARTESIAN_POINT('',(3.74644660940656,15.3035533905931,300.));
#12291=CARTESIAN_POINT('',(3.74644660940656,15.3035533905931,300.));
#12292=CARTESIAN_POINT('',(5.95355339059313,13.0964466094065,300.));
#12293=CARTESIAN_POINT('Origin',(6.1,6.90508149717225E-14,300.));
#12294=CARTESIAN_POINT('',(6.09999999999992,7.25710678118646,300.));
#12295=CARTESIAN_POINT('',(6.09999999999986,12.7428932188132,300.));
#12296=CARTESIAN_POINT('',(6.09999999999992,7.25710678118646,300.));
#12297=CARTESIAN_POINT('',(6.09999999999986,12.7428932188132,300.));
#12298=CARTESIAN_POINT('',(6.09999999999992,7.25710678118646,300.));
#12299=CARTESIAN_POINT('Origin',(-0.474999999999852,0.47499999999983,300.));
#12300=CARTESIAN_POINT('',(3.74644660940667,4.69644660940655,300.));
#12301=CARTESIAN_POINT('',(3.74644660940667,4.69644660940655,300.));
#12302=CARTESIAN_POINT('',(5.9535533905932,6.90355339059319,300.));
#12303=CARTESIAN_POINT('',(3.74644660940667,4.69644660940655,300.));
#12304=CARTESIAN_POINT('',(5.9535533905932,6.90355339059319,0.));
#12305=CARTESIAN_POINT('Origin',(-1.75399818126536E-14,4.5499999999998,
300.));
#12306=CARTESIAN_POINT('',(2.29999999999995,4.54999999999981,300.));
#12307=CARTESIAN_POINT('',(3.39289321881339,4.54999999999981,300.));
#12308=CARTESIAN_POINT('',(2.29999999999995,4.54999999999981,300.));
#12309=CARTESIAN_POINT('',(3.39289321881339,4.54999999999981,300.));
#12310=CARTESIAN_POINT('',(2.29999999999995,4.54999999999981,300.));
#12311=CARTESIAN_POINT('Origin',(1.79999999999984,-3.88578058618737E-14,
300.));
#12312=CARTESIAN_POINT('',(1.79999999999999,6.8,300.));
#12313=CARTESIAN_POINT('',(1.79999999999995,5.04999999999982,300.));
#12314=CARTESIAN_POINT('',(1.79999999999999,6.8,300.));
#12315=CARTESIAN_POINT('',(1.79999999999995,5.04999999999982,300.));
#12316=CARTESIAN_POINT('',(1.79999999999999,6.8,300.));
#12317=CARTESIAN_POINT('Origin',(-8.12621574968634E-13,6.79999999999978,
300.));
#12318=CARTESIAN_POINT('',(-7.97972798949331E-14,6.79999999999978,300.));
#12319=CARTESIAN_POINT('',(-7.97972798949331E-14,6.79999999999978,300.));
#12320=CARTESIAN_POINT('',(1.79999999999999,6.8,300.));
#12321=CARTESIAN_POINT('Origin',(0.,0.,300.));
#12322=CARTESIAN_POINT('',(-1.17348941021959E-14,0.999999999999957,300.));
#12323=CARTESIAN_POINT('',(-1.17348941021959E-14,0.999999999999957,300.));
#12324=CARTESIAN_POINT('',(-1.17348941021959E-14,0.999999999999957,300.));
#12325=CARTESIAN_POINT('Origin',(0.,0.,300.));
#12326=CARTESIAN_POINT('',(0.999999999999957,-3.16331927972228E-14,300.));
#12327=CARTESIAN_POINT('',(6.79999999999999,-2.15105711021124E-13,300.));
#12328=CARTESIAN_POINT('',(0.999999999999957,-3.16331927972228E-14,300.));
#12329=CARTESIAN_POINT('',(0.999999999999957,-3.16331927972228E-14,300.));
#12330=CARTESIAN_POINT('',(6.79999999999999,-2.15105711021124E-13,300.));
#12331=CARTESIAN_POINT('Origin',(6.79999999999999,-6.55339979813462E-15,
300.));
#12332=CARTESIAN_POINT('',(6.79999999999999,1.79999999999978,300.));
#12333=CARTESIAN_POINT('',(6.79999999999999,1.79999999999978,300.));
#12334=CARTESIAN_POINT('',(6.79999999999999,1.79999999999978,300.));
#12335=CARTESIAN_POINT('Origin',(5.55111512312516E-15,1.7999999999998,300.));
#12336=CARTESIAN_POINT('',(5.04999999999998,1.79999999999978,300.));
#12337=CARTESIAN_POINT('',(5.04999999999998,1.79999999999978,300.));
#12338=CARTESIAN_POINT('',(6.79999999999999,1.79999999999978,300.));
#12339=CARTESIAN_POINT('Origin',(4.55,2.63099727189816E-14,300.));
#12340=CARTESIAN_POINT('',(4.54999999999998,3.39289321881323,300.));
#12341=CARTESIAN_POINT('',(4.54999999999998,3.39289321881323,300.));
#12342=CARTESIAN_POINT('',(4.54999999999999,2.29999999999978,300.));
#12343=CARTESIAN_POINT('',(4.54999999999999,2.29999999999978,300.));
#12344=CARTESIAN_POINT('',(4.54999999999999,2.29999999999978,0.));
#12345=CARTESIAN_POINT('Origin',(0.475000000000035,-0.475000000000048,300.));
#12346=CARTESIAN_POINT('',(6.90355339059333,5.95355339059306,300.));
#12347=CARTESIAN_POINT('',(6.90355339059333,5.95355339059306,300.));
#12348=CARTESIAN_POINT('',(4.69644660940671,3.74644660940651,300.));
#12349=CARTESIAN_POINT('',(4.69644660940671,3.74644660940651,300.));
#12350=CARTESIAN_POINT('',(4.69644660940671,3.74644660940651,0.));
#12351=CARTESIAN_POINT('Origin',(8.96763830801563E-15,6.0999999999998,300.));
#12352=CARTESIAN_POINT('',(12.7428932188134,6.09999999999978,300.));
#12353=CARTESIAN_POINT('',(7.2571067811866,6.09999999999979,300.));
#12354=CARTESIAN_POINT('',(12.7428932188134,6.09999999999978,300.));
#12355=CARTESIAN_POINT('',(7.2571067811866,6.09999999999979,300.));
#12356=CARTESIAN_POINT('',(12.7428932188134,6.09999999999978,300.));
#12357=CARTESIAN_POINT('Origin',(9.52499999999967,9.52499999999993,300.));
#12358=CARTESIAN_POINT('',(15.3035533905932,3.7464466094065,300.));
#12359=CARTESIAN_POINT('',(15.3035533905932,3.7464466094065,300.));
#12360=CARTESIAN_POINT('',(13.0964466094066,5.95355339059306,300.));
#12361=CARTESIAN_POINT('',(15.3035533905932,3.7464466094065,300.));
#12362=CARTESIAN_POINT('',(13.0964466094066,5.95355339059306,0.));
#12363=CARTESIAN_POINT('Origin',(15.45,7.44485491773379E-14,300.));
#12364=CARTESIAN_POINT('',(15.45,2.29999999999978,300.));
#12365=CARTESIAN_POINT('',(15.45,2.29999999999978,300.));
#12366=CARTESIAN_POINT('',(15.45,3.39289321881323,300.));
#12367=CARTESIAN_POINT('',(15.45,3.39289321881323,300.));
#12368=CARTESIAN_POINT('',(15.45,3.39289321881323,0.));
#12369=CARTESIAN_POINT('Origin',(10.,10.,300.));
#12370=CARTESIAN_POINT('',(12.5,10.,300.));
#12371=CARTESIAN_POINT('Origin',(10.,10.,300.));
#12372=CARTESIAN_POINT('',(12.5,10.,300.));
#12373=CARTESIAN_POINT('Origin',(3.46944695195323E-15,1.7999999999998,300.));
#12374=CARTESIAN_POINT('',(14.95,1.79999999999978,300.));
#12375=CARTESIAN_POINT('',(14.95,1.79999999999978,300.));
#12376=CARTESIAN_POINT('',(14.95,1.79999999999978,300.));
#12377=CARTESIAN_POINT('Origin',(0.,0.,300.));
#12378=CARTESIAN_POINT('Origin',(19.,19.,300.));
#12379=CARTESIAN_POINT('Origin',(14.95,17.7,300.));
#12380=CARTESIAN_POINT('Origin',(14.95,16.6071067811866,300.));
#12381=CARTESIAN_POINT('Origin',(12.7428932188134,14.4,300.));
#12382=CARTESIAN_POINT('Origin',(7.25710678118661,14.4,300.));
#12383=CARTESIAN_POINT('Origin',(5.05,16.6071067811865,300.));
#12384=CARTESIAN_POINT('Origin',(5.04999999999999,17.7,300.));
#12385=CARTESIAN_POINT('Origin',(0.999999999999977,19.,300.));
#12386=CARTESIAN_POINT('Origin',(2.29999999999986,14.9499999999998,300.));
#12387=CARTESIAN_POINT('Origin',(3.39289321881329,14.9499999999998,300.));
#12388=CARTESIAN_POINT('Origin',(5.59999999999986,12.7428932188132,300.));
#12389=CARTESIAN_POINT('Origin',(5.59999999999992,7.25710678118645,300.));
#12390=CARTESIAN_POINT('Origin',(3.39289321881339,5.04999999999981,300.));
#12391=CARTESIAN_POINT('Origin',(2.29999999999995,5.04999999999981,300.));
#12392=CARTESIAN_POINT('Origin',(0.999999999999988,0.999999999999968,300.));
#12393=CARTESIAN_POINT('Origin',(5.04999999999999,2.29999999999978,300.));
#12394=CARTESIAN_POINT('Origin',(5.04999999999998,3.39289321881323,300.));
#12395=CARTESIAN_POINT('Origin',(7.2571067811866,5.59999999999979,300.));
#12396=CARTESIAN_POINT('Origin',(12.7428932188134,5.59999999999978,300.));
#12397=CARTESIAN_POINT('Origin',(14.95,3.39289321881322,300.));
#12398=CARTESIAN_POINT('Origin',(14.95,2.29999999999978,300.));
#12399=CARTESIAN_POINT('Origin',(19.,0.999999999999968,300.));
#12400=CARTESIAN_POINT('Origin',(17.7000000000002,5.04999999999998,300.));
#12401=CARTESIAN_POINT('Origin',(16.6071067811867,5.04999999999998,300.));
#12402=CARTESIAN_POINT('Origin',(14.4000000000001,7.25710678118656,300.));
#12403=CARTESIAN_POINT('Origin',(14.4000000000001,12.7428932188133,300.));
#12404=CARTESIAN_POINT('Origin',(16.6071067811866,14.95,300.));
#12405=CARTESIAN_POINT('Origin',(17.7,14.95,300.));
#12406=CARTESIAN_POINT('Origin',(19.,19.,300.));
#12407=CARTESIAN_POINT('Origin',(19.,0.999999999999968,300.));
#12408=CARTESIAN_POINT('Origin',(0.999999999999988,0.999999999999968,300.));
#12409=CARTESIAN_POINT('Origin',(0.999999999999977,19.,300.));
#12410=CARTESIAN_POINT('Origin',(5.04999999999999,17.7,300.));
#12411=CARTESIAN_POINT('Origin',(5.05,16.6071067811865,300.));
#12412=CARTESIAN_POINT('Origin',(7.25710678118661,14.4,300.));
#12413=CARTESIAN_POINT('Origin',(14.95,17.7,300.));
#12414=CARTESIAN_POINT('Origin',(14.95,16.6071067811866,300.));
#12415=CARTESIAN_POINT('Origin',(12.7428932188134,14.4,300.));
#12416=CARTESIAN_POINT('Origin',(17.7,14.95,300.));
#12417=CARTESIAN_POINT('Origin',(16.6071067811866,14.95,300.));
#12418=CARTESIAN_POINT('Origin',(14.4000000000001,12.7428932188133,300.));
#12419=CARTESIAN_POINT('Origin',(17.7000000000002,5.04999999999998,300.));
#12420=CARTESIAN_POINT('Origin',(14.4000000000001,7.25710678118656,300.));
#12421=CARTESIAN_POINT('Origin',(16.6071067811867,5.04999999999998,300.));
#12422=CARTESIAN_POINT('Origin',(2.29999999999986,14.9499999999998,300.));
#12423=CARTESIAN_POINT('Origin',(3.39289321881329,14.9499999999998,300.));
#12424=CARTESIAN_POINT('Origin',(5.59999999999986,12.7428932188132,300.));
#12425=CARTESIAN_POINT('Origin',(3.39289321881339,5.04999999999981,300.));
#12426=CARTESIAN_POINT('Origin',(2.29999999999995,5.04999999999981,300.));
#12427=CARTESIAN_POINT('Origin',(5.59999999999992,7.25710678118645,300.));
#12428=CARTESIAN_POINT('Origin',(7.2571067811866,5.59999999999979,300.));
#12429=CARTESIAN_POINT('Origin',(5.04999999999998,3.39289321881323,300.));
#12430=CARTESIAN_POINT('Origin',(5.04999999999999,2.29999999999978,300.));
#12431=CARTESIAN_POINT('Origin',(14.95,2.29999999999978,300.));
#12432=CARTESIAN_POINT('Origin',(14.95,3.39289321881322,300.));
#12433=CARTESIAN_POINT('Origin',(12.7428932188134,5.59999999999978,300.));
#12434=CARTESIAN_POINT('',(1.65700786425305E-13,-2.07306394273132E-12,-52.022490178231));
#12435=CARTESIAN_POINT('',(1.68410876962979,1.4776883662207,-2.02249017823121));
#12436=CARTESIAN_POINT('',(46.6690475583121,32.5269119345811,3.5527136788005E-14));
#12437=CARTESIAN_POINT('Origin',(0.,0.,0.));
#12438=UNCERTAINTY_MEASURE_WITH_UNIT(LENGTH_MEASURE(0.01),#12458,
'DISTANCE_ACCURACY_VALUE',
'Maximum model space distance between geometric entities at asserted c
onnectivities');
#12439=UNCERTAINTY_MEASURE_WITH_UNIT(LENGTH_MEASURE(0.01),#12458,
'DISTANCE_ACCURACY_VALUE',
'Maximum model space distance between geometric entities at asserted c
onnectivities');
#12440=UNCERTAINTY_MEASURE_WITH_UNIT(LENGTH_MEASURE(0.01),#12458,
'DISTANCE_ACCURACY_VALUE',
'Maximum model space distance between geometric entities at asserted c
onnectivities');
#12441=UNCERTAINTY_MEASURE_WITH_UNIT(LENGTH_MEASURE(0.01),#12458,
'DISTANCE_ACCURACY_VALUE',
'Maximum model space distance between geometric entities at asserted c
onnectivities');
#12442=UNCERTAINTY_MEASURE_WITH_UNIT(LENGTH_MEASURE(0.01),#12458,
'DISTANCE_ACCURACY_VALUE',
'Maximum model space distance between geometric entities at asserted c
onnectivities');
#12443=UNCERTAINTY_MEASURE_WITH_UNIT(LENGTH_MEASURE(0.01),#12458,
'DISTANCE_ACCURACY_VALUE',
'Maximum model space distance between geometric entities at asserted c
onnectivities');
#12444=UNCERTAINTY_MEASURE_WITH_UNIT(LENGTH_MEASURE(0.01),#12458,
'DISTANCE_ACCURACY_VALUE',
'Maximum model space distance between geometric entities at asserted c
onnectivities');
#12445=UNCERTAINTY_MEASURE_WITH_UNIT(LENGTH_MEASURE(0.01),#12458,
'DISTANCE_ACCURACY_VALUE',
'Maximum model space distance between geometric entities at asserted c
onnectivities');
#12446=UNCERTAINTY_MEASURE_WITH_UNIT(LENGTH_MEASURE(0.01),#12458,
'DISTANCE_ACCURACY_VALUE',
'Maximum model space distance between geometric entities at asserted c
onnectivities');
#12447=UNCERTAINTY_MEASURE_WITH_UNIT(LENGTH_MEASURE(0.01),#12458,
'DISTANCE_ACCURACY_VALUE',
'Maximum model space distance between geometric entities at asserted c
onnectivities');
#12448=(
GEOMETRIC_REPRESENTATION_CONTEXT(3)
GLOBAL_UNCERTAINTY_ASSIGNED_CONTEXT((#12438))
GLOBAL_UNIT_ASSIGNED_CONTEXT((#12458,#12460,#12461))
REPRESENTATION_CONTEXT('','3D')
);
#12449=(
GEOMETRIC_REPRESENTATION_CONTEXT(3)
GLOBAL_UNCERTAINTY_ASSIGNED_CONTEXT((#12439))
GLOBAL_UNIT_ASSIGNED_CONTEXT((#12458,#12460,#12461))
REPRESENTATION_CONTEXT('','3D')
);
#12450=(
GEOMETRIC_REPRESENTATION_CONTEXT(3)
GLOBAL_UNCERTAINTY_ASSIGNED_CONTEXT((#12440))
GLOBAL_UNIT_ASSIGNED_CONTEXT((#12458,#12460,#12461))
REPRESENTATION_CONTEXT('','3D')
);
#12451=(
GEOMETRIC_REPRESENTATION_CONTEXT(3)
GLOBAL_UNCERTAINTY_ASSIGNED_CONTEXT((#12441))
GLOBAL_UNIT_ASSIGNED_CONTEXT((#12458,#12460,#12461))
REPRESENTATION_CONTEXT('','3D')
);
#12452=(
GEOMETRIC_REPRESENTATION_CONTEXT(3)
GLOBAL_UNCERTAINTY_ASSIGNED_CONTEXT((#12442))
GLOBAL_UNIT_ASSIGNED_CONTEXT((#12458,#12460,#12461))
REPRESENTATION_CONTEXT('','3D')
);
#12453=(
GEOMETRIC_REPRESENTATION_CONTEXT(3)
GLOBAL_UNCERTAINTY_ASSIGNED_CONTEXT((#12443))
GLOBAL_UNIT_ASSIGNED_CONTEXT((#12458,#12460,#12461))
REPRESENTATION_CONTEXT('','3D')
);
#12454=(
GEOMETRIC_REPRESENTATION_CONTEXT(3)
GLOBAL_UNCERTAINTY_ASSIGNED_CONTEXT((#12444))
GLOBAL_UNIT_ASSIGNED_CONTEXT((#12458,#12460,#12461))
REPRESENTATION_CONTEXT('','3D')
);
#12455=(
GEOMETRIC_REPRESENTATION_CONTEXT(3)
GLOBAL_UNCERTAINTY_ASSIGNED_CONTEXT((#12445))
GLOBAL_UNIT_ASSIGNED_CONTEXT((#12458,#12460,#12461))
REPRESENTATION_CONTEXT('','3D')
);
#12456=(
GEOMETRIC_REPRESENTATION_CONTEXT(3)
GLOBAL_UNCERTAINTY_ASSIGNED_CONTEXT((#12446))
GLOBAL_UNIT_ASSIGNED_CONTEXT((#12458,#12460,#12461))
REPRESENTATION_CONTEXT('','3D')
);
#12457=(
GEOMETRIC_REPRESENTATION_CONTEXT(3)
GLOBAL_UNCERTAINTY_ASSIGNED_CONTEXT((#12447))
GLOBAL_UNIT_ASSIGNED_CONTEXT((#12458,#12460,#12461))
REPRESENTATION_CONTEXT('','3D')
);
#12458=(
LENGTH_UNIT()
NAMED_UNIT(*)
SI_UNIT(.MILLI.,.METRE.)
);
#12459=(
LENGTH_UNIT()
NAMED_UNIT(*)
SI_UNIT($,.METRE.)
);
#12460=(
NAMED_UNIT(*)
PLANE_ANGLE_UNIT()
SI_UNIT($,.RADIAN.)
);
#12461=(
NAMED_UNIT(*)
SI_UNIT($,.STERADIAN.)
SOLID_ANGLE_UNIT()
);
#12462=SHAPE_DEFINITION_REPRESENTATION(#12471,#12488);
#12463=SHAPE_DEFINITION_REPRESENTATION(#12472,#12489);
#12464=SHAPE_DEFINITION_REPRESENTATION(#12473,#12490);
#12465=SHAPE_DEFINITION_REPRESENTATION(#12474,#12491);
#12466=SHAPE_DEFINITION_REPRESENTATION(#12475,#12492);
#12467=SHAPE_DEFINITION_REPRESENTATION(#12476,#12493);
#12468=SHAPE_DEFINITION_REPRESENTATION(#12481,#12494);
#12469=SHAPE_DEFINITION_REPRESENTATION(#12482,#12495);
#12470=SHAPE_DEFINITION_REPRESENTATION(#12484,#12496);
#12471=PRODUCT_DEFINITION_SHAPE('',$,#12498);
#12472=PRODUCT_DEFINITION_SHAPE('',$,#12499);
#12473=PRODUCT_DEFINITION_SHAPE('',$,#12500);
#12474=PRODUCT_DEFINITION_SHAPE('',$,#12501);
#12475=PRODUCT_DEFINITION_SHAPE('',$,#12502);
#12476=PRODUCT_DEFINITION_SHAPE('',$,#12503);
#12477=PRODUCT_DEFINITION_SHAPE($,$,#40);
#12478=PRODUCT_DEFINITION_SHAPE($,$,#41);
#12479=PRODUCT_DEFINITION_SHAPE($,$,#42);
#12480=PRODUCT_DEFINITION_SHAPE($,$,#43);
#12481=PRODUCT_DEFINITION_SHAPE('',$,#12504);
#12482=PRODUCT_DEFINITION_SHAPE('',$,#12505);
#12483=PRODUCT_DEFINITION_SHAPE($,$,#44);
#12484=PRODUCT_DEFINITION_SHAPE('',$,#12506);
#12485=PRODUCT_DEFINITION_SHAPE($,$,#45);
#12486=PRODUCT_DEFINITION_SHAPE($,$,#46);
#12487=PRODUCT_DEFINITION_SHAPE($,$,#47);
#12488=SHAPE_REPRESENTATION('',(#4187,#4570,#4571,#4572),#12448);
#12489=SHAPE_REPRESENTATION('',(#4188,#4348,#4349,#4350,#4351),#12449);
#12490=SHAPE_REPRESENTATION('',(#4189),#12450);
#12491=SHAPE_REPRESENTATION('',(#4246),#12451);
#12492=SHAPE_REPRESENTATION('',(#4295),#12452);
#12493=SHAPE_REPRESENTATION('',(#4307),#12453);
#12494=SHAPE_REPRESENTATION('',(#4352,#4435),#12454);
#12495=SHAPE_REPRESENTATION('',(#4353),#12455);
#12496=SHAPE_REPRESENTATION('',(#4436),#12456);
#12497=PRODUCT_DEFINITION_CONTEXT('part definition',#12526,'design');
#12498=PRODUCT_DEFINITION('Rocket_MK-1_Launch_Rail_Assembly',
'Rocket_MK-1_Launch_Rail_Assembly v1',#12507,#12497);
#12499=PRODUCT_DEFINITION('Configuration 1','Configuration 1 v11',#12508,
#12497);
#12500=PRODUCT_DEFINITION('Rocket motor','Rocket motor',#12509,#12497);
#12501=PRODUCT_DEFINITION('Main_Body_Tube','Main_Body_Tube',#12510,#12497);
#12502=PRODUCT_DEFINITION('Nose Cone','Nose Cone',#12511,#12497);
#12503=PRODUCT_DEFINITION('Fins','Fins',#12512,#12497);
#12504=PRODUCT_DEFINITION('RailButton','RailButton v6',#12513,#12497);
#12505=PRODUCT_DEFINITION(
'BSHCS ANSI B18.3.1M - M2x0.4 x 8 Steel Grade 2 Plain',
'Broached Hexagon Socket Head Cap Screw ANSI B18.3.1M - M2x0.4 x 8 Ste
el Grade 2 Plain v1',#12514,#12497);
#12506=PRODUCT_DEFINITION('2020 alu section','2020 alu section v1 v2',#12515,
#12497);
#12507=PRODUCT_DEFINITION_FORMATION('',$,#12528);
#12508=PRODUCT_DEFINITION_FORMATION('',$,#12529);
#12509=PRODUCT_DEFINITION_FORMATION('',$,#12530);
#12510=PRODUCT_DEFINITION_FORMATION('',$,#12531);
#12511=PRODUCT_DEFINITION_FORMATION('',$,#12532);
#12512=PRODUCT_DEFINITION_FORMATION('',$,#12533);
#12513=PRODUCT_DEFINITION_FORMATION('',$,#12534);
#12514=PRODUCT_DEFINITION_FORMATION('',$,#12535);
#12515=PRODUCT_DEFINITION_FORMATION('',$,#12536);
#12516=PRODUCT_RELATED_PRODUCT_CATEGORY(
'Rocket_MK-1_Launch_Rail_Assembly v1',
'Rocket_MK-1_Launch_Rail_Assembly v1',(#12528));
#12517=PRODUCT_RELATED_PRODUCT_CATEGORY('Configuration 1 v11',
'Configuration 1 v11',(#12529));
#12518=PRODUCT_RELATED_PRODUCT_CATEGORY('Rocket motor','Rocket motor',(#12530));
#12519=PRODUCT_RELATED_PRODUCT_CATEGORY('Main_Body_Tube',
'Main_Body_Tube',(#12531));
#12520=PRODUCT_RELATED_PRODUCT_CATEGORY('Nose Cone','Nose Cone',(#12532));
#12521=PRODUCT_RELATED_PRODUCT_CATEGORY('Fins','Fins',(#12533));
#12522=PRODUCT_RELATED_PRODUCT_CATEGORY('RailButton v6','RailButton v6',
(#12534));
#12523=PRODUCT_RELATED_PRODUCT_CATEGORY(
'Broached Hexagon Socket Head Cap Screw ANSI B18.3.1M - M2x0.4 x 8 Ste
el Grade 2 Plain v1',
'Broached Hexagon Socket Head Cap Screw ANSI B18.3.1M - M2x0.4 x 8 Ste
el Grade 2 Plain v1',(#12535));
#12524=PRODUCT_RELATED_PRODUCT_CATEGORY('2020 alu section v1 v2',
'2020 alu section v1 v2',(#12536));
#12525=APPLICATION_PROTOCOL_DEFINITION('international standard',
'automotive_design',2009,#12526);
#12526=APPLICATION_CONTEXT(
'Core Data for Automotive Mechanical Design Process');
#12527=PRODUCT_CONTEXT('part definition',#12526,'mechanical');
#12528=PRODUCT('Rocket_MK-1_Launch_Rail_Assembly',
'Rocket_MK-1_Launch_Rail_Assembly v1',$,(#12527));
#12529=PRODUCT('Configuration 1','Configuration 1 v11',$,(#12527));
#12530=PRODUCT('Rocket motor','Rocket motor',$,(#12527));
#12531=PRODUCT('Main_Body_Tube','Main_Body_Tube',$,(#12527));
#12532=PRODUCT('Nose Cone','Nose Cone',$,(#12527));
#12533=PRODUCT('Fins','Fins',$,(#12527));
#12534=PRODUCT('RailButton','RailButton v6',$,(#12527));
#12535=PRODUCT('BSHCS ANSI B18.3.1M - M2x0.4 x 8 Steel Grade 2 Plain',
'Broached Hexagon Socket Head Cap Screw ANSI B18.3.1M - M2x0.4 x 8 Ste
el Grade 2 Plain v1',
'Broached Hexagon Socket Head Cap Screw ANSI B18.3.1M - M2x0.4 x 8',(#12527));
#12536=PRODUCT('2020 alu section','2020 alu section v1 v2',$,(#12527));
#12537=PRESENTATION_STYLE_ASSIGNMENT((#12542));
#12538=PRESENTATION_STYLE_ASSIGNMENT((#12543));
#12539=PRESENTATION_STYLE_ASSIGNMENT((#12544));
#12540=PRESENTATION_STYLE_ASSIGNMENT((#12545));
#12541=PRESENTATION_STYLE_ASSIGNMENT((NULL_STYLE(.NULL.)));
#12542=SURFACE_STYLE_USAGE(.BOTH.,#12546);
#12543=SURFACE_STYLE_USAGE(.BOTH.,#12547);
#12544=SURFACE_STYLE_USAGE(.BOTH.,#12548);
#12545=SURFACE_STYLE_USAGE(.BOTH.,#12549);
#12546=SURFACE_SIDE_STYLE('',(#12550));
#12547=SURFACE_SIDE_STYLE('',(#12551));
#12548=SURFACE_SIDE_STYLE('',(#12552));
#12549=SURFACE_SIDE_STYLE('',(#12553));
#12550=SURFACE_STYLE_FILL_AREA(#12554);
#12551=SURFACE_STYLE_FILL_AREA(#12555);
#12552=SURFACE_STYLE_FILL_AREA(#12556);
#12553=SURFACE_STYLE_FILL_AREA(#12557);
#12554=FILL_AREA_STYLE('Carbon Fiber - Plain',(#12558));
#12555=FILL_AREA_STYLE('Paint - Enamel Glossy (Red)',(#12559));
#12556=FILL_AREA_STYLE('Opaque(160,160,160)',(#12560));
#12557=FILL_AREA_STYLE('Plastic - Matte (White)',(#12561));
#12558=FILL_AREA_STYLE_COLOUR('Carbon Fiber - Plain',#12562);
#12559=FILL_AREA_STYLE_COLOUR('Paint - Enamel Glossy (Red)',#12563);
#12560=FILL_AREA_STYLE_COLOUR('Opaque(160,160,160)',#12564);
#12561=FILL_AREA_STYLE_COLOUR('Plastic - Matte (White)',#12565);
#12562=COLOUR_RGB('Carbon Fiber - Plain',0.0980392156862745,0.0980392156862745,
0.0980392156862745);
#12563=COLOUR_RGB('Paint - Enamel Glossy (Red)',0.768627450980392,0.207843137254902,
0.152941176470588);
#12564=COLOUR_RGB('Opaque(160,160,160)',0.627450980392157,0.627450980392157,
0.627450980392157);
#12565=COLOUR_RGB('Plastic - Matte (White)',0.964705882352941,0.964705882352941,
0.952941176470588);
ENDSEC;
END-ISO-10303-21;
