                                                                        S      1
,,13HRailButton v6,13HRailButton v6,7Hunknown,7Hunknown,32,38,7,99,15,, G      1
1.,2,2HMM,1,0.08,15H20261003.230430,0.01,10000.,7Hunknown,7Hunknown,11, G      2
0,15H20261003.161655;                                                   G      3
     408       1                                       3        00000001D      1
     408       0               1       0                               0D      2
     124       2                                                00000000D      3
     124                       3       0                               0D      4
     308       5                                                00010200D      5
     308       0               2       0                               0D      6
     186       7                                                00010000D      7
     186            -571       1       0                               0D      8
     186       8                                                00000000D      9
     186            -571       1       0                               0D     10
     514       9                                                00010000D     11
     514                       2       1                               0D     12
     514      11                                                00010000D     13
     514                       3       1                               0D     14
     510      14                                                00010000D     15
     510            -571       1       1                               0D     16
     510      15                                                00010000D     17
     510            -571       1       1                               0D     18
     510      16                                                00010000D     19
     510            -571       1       1                               0D     20
     510      17                                                00010000D     21
     510            -571       1       1                               0D     22
     510      18                                                00010000D     23
     510            -571       1       1                               0D     24
     510      19                                                00010000D     25
     510            -571       1       1                               0D     26
     510      20                                                00010000D     27
     510            -571       1       1                               0D     28
     510      21                                                00010000D     29
     510            -571       1       1                               0D     30
     510      22                                                00010000D     31
     510            -571       1       1                               0D     32
     510      23                                                00010000D     33
     510            -571       1       1                               0D     34
     510      24                                                00010000D     35
     510            -571       1       1                               0D     36
     510      25                                                00010000D     37
     510            -571       1       1                               0D     38
     510      26                                                00010000D     39
     510            -571       1       1                               0D     40
     510      27                                                00010000D     41
     510            -571       1       1                               0D     42
     510      28                                                00010000D     43
     510            -571       1       1                               0D     44
     510      29                                                00010000D     45
     510            -571       1       1                               0D     46
     510      30                                                00010000D     47
     510            -571       1       1                               0D     48
     510      31                                                00010000D     49
     510            -571       1       1                               0D     50
     510      32                                                00010000D     51
     510            -571       1       1                               0D     52
     510      33                                                00010000D     53
     510            -571       1       1                               0D     54
     510      34                                                00010000D     55
     510            -571       1       1                               0D     56
     510      35                                                00010000D     57
     510            -571       1       1                               0D     58
     510      36                                                00010000D     59
     510            -571       1       1                               0D     60
     510      37                                                00010000D     61
     510            -571       1       1                               0D     62
     510      38                                                00010000D     63
     510            -571       1       1                               0D     64
     510      39                                                00010000D     65
     510            -571       1       1                               0D     66
     510      40                                                00010000D     67
     510            -571       1       1                               0D     68
     510      41                                                00010000D     69
     510            -571       1       1                               0D     70
     510      42                                                00010000D     71
     510            -571       1       1                               0D     72
     510      43                                                00010000D     73
     510            -571       1       1                               0D     74
     510      44                                                00010000D     75
     510            -571       1       1                               0D     76
     510      45                                                00010000D     77
     510            -571       1       1                               0D     78
     510      46                                                00010000D     79
     510            -571       1       1                               0D     80
     510      47                                                00010000D     81
     510            -571       1       1                               0D     82
     510      48                                                00010000D     83
     510            -571       1       1                               0D     84
     510      49                                                00010000D     85
     510            -571       1       1                               0D     86
     510      50                                                00010000D     87
     510            -571       1       1                               0D     88
     510      51                                                00010000D     89
     510            -571       1       1                               0D     90
     510      52                                                00010000D     91
     510            -571       1       1                               0D     92
     510      53                                                00010000D     93
     510            -571       1       1                               0D     94
     510      54                                                00010000D     95
     510            -571       1       1                               0D     96
     510      55                                                00010000D     97
     510            -571       1       1                               0D     98
     510      56                                                00010000D     99
     510            -571       1       1                               0D    100
     510      57                                                00010000D    101
     510            -571       1       1                               0D    102
     510      58                                                00010000D    103
     510            -571       1       1                               0D    104
     510      59                                                00010000D    105
     510            -571       1       1                               0D    106
     510      60                                                00010000D    107
     510            -571       1       1                               0D    108
     510      61                                                00010000D    109
     510            -571       1       1                               0D    110
     510      62                                                00010000D    111
     510            -571       1       1                               0D    112
     508      63                                                00010000D    113
     508                       2       1                               0D    114
     508      65                                                00010000D    115
     508                       2       1                               0D    116
     508      67                                                00010000D    117
     508                       1       1                               0D    118
     508      68                                                00010000D    119
     508                       2       1                               0D    120
     508      70                                                00010000D    121
     508                       2       1                               0D    122
     508      72                                                00010000D    123
     508                       1       1                               0D    124
     508      73                                                00010000D    125
     508                       1       1                               0D    126
     508      74                                                00010000D    127
     508                       1       1                               0D    128
     508      75                                                00010000D    129
     508                       1       1                               0D    130
     508      76                                                00010000D    131
     508                       1       1                               0D    132
     508      77                                                00010000D    133
     508                       1       1                               0D    134
     508      78                                                00010000D    135
     508                       1       1                               0D    136
     508      79                                                00010000D    137
     508                       1       1                               0D    138
     508      80                                                00010000D    139
     508                       1       1                               0D    140
     508      81                                                00010000D    141
     508                       1       1                               0D    142
     508      82                                                00010000D    143
     508                       1       1                               0D    144
     508      83                                                00010000D    145
     508                       1       1                               0D    146
     508      84                                                00010000D    147
     508                       1       1                               0D    148
     508      85                                                00010000D    149
     508                       1       1                               0D    150
     508      86                                                00010000D    151
     508                       1       1                               0D    152
     508      87                                                00010000D    153
     508                       1       1                               0D    154
     508      88                                                00010000D    155
     508                       2       1                               0D    156
     508      90                                                00010000D    157
     508                       1       1                               0D    158
     508      91                                                00010000D    159
     508                       1       1                               0D    160
     508      92                                                00010000D    161
     508                       1       1                               0D    162
     508      93                                                00010000D    163
     508                       1       1                               0D    164
     508      94                                                00010000D    165
     508                       1       1                               0D    166
     508      95                                                00010000D    167
     508                       1       1                               0D    168
     508      96                                                00010000D    169
     508                       6       1                               0D    170
     508     102                                                00010000D    171
     508                       1       1                               0D    172
     508     103                                                00010000D    173
     508                       1       1                               0D    174
     508     104                                                00010000D    175
     508                       1       1                               0D    176
     508     105                                                00010000D    177
     508                       1       1                               0D    178
     508     106                                                00010000D    179
     508                       1       1                               0D    180
     508     107                                                00010000D    181
     508                       1       1                               0D    182
     508     108                                                00010000D    183
     508                       1       1                               0D    184
     508     109                                                00010000D    185
     508                       1       1                               0D    186
     508     110                                                00010000D    187
     508                       1       1                               0D    188
     508     111                                                00010000D    189
     508                       1       1                               0D    190
     508     112                                                00010000D    191
     508                       1       1                               0D    192
     508     113                                                00010000D    193
     508                       1       1                               0D    194
     508     114                                                00010000D    195
     508                       1       1                               0D    196
     508     115                                                00010000D    197
     508                       1       1                               0D    198
     508     116                                                00010000D    199
     508                       1       1                               0D    200
     508     117                                                00010000D    201
     508                       1       1                               0D    202
     508     118                                                00010000D    203
     508                       1       1                               0D    204
     508     119                                                00010000D    205
     508                       1       1                               0D    206
     508     120                                                00010000D    207
     508                       1       1                               0D    208
     508     121                                                00010000D    209
     508                       1       1                               0D    210
     508     122                                                00010000D    211
     508                       1       1                               0D    212
     508     123                                                00010000D    213
     508                       1       1                               0D    214
     508     124                                                00010000D    215
     508                       1       1                               0D    216
     508     125                                                00010000D    217
     508                       1       1                               0D    218
     508     126                                                00010000D    219
     508                       6       1                               0D    220
     126     132                                                00010000D    221
     126       0              14       0                               0D    222
     126     146                                                00010000D    223
     126       0               4       0                               0D    224
     126     150                                                00010000D    225
     126       0               7       0                               0D    226
     126     157                                                00010000D    227
     126       0               9       0                               0D    228
     126     166                                                00010000D    229
     126       0               8       0                               0D    230
     126     174                                                00010000D    231
     126       0               6       0                               0D    232
     126     180                                                00010000D    233
     126       0               8       0                               0D    234
     126     188                                                00010000D    235
     126       0               8       0                               0D    236
     126     196                                                00010000D    237
     126       0               8       0                               0D    238
     126     204                                                00010000D    239
     126       0               5       0                               0D    240
     126     209                                                00010000D    241
     126       0               5       0                               0D    242
     126     214                                                00010000D    243
     126       0               4       0                               0D    244
     126     218                                                00010000D    245
     126       0               4       0                               0D    246
     126     222                                                00010000D    247
     126       0               4       0                               0D    248
     126     226                                                00010000D    249
     126       0               4       0                               0D    250
     126     230                                                00010000D    251
     126       0               8       0                               0D    252
     126     238                                                00010000D    253
     126       0               8       0                               0D    254
     126     246                                                00010000D    255
     126       0               4       0                               0D    256
     126     250                                                00010000D    257
     126       0               5       0                               0D    258
     126     255                                                00010000D    259
     126       0               3       0                               0D    260
     126     258                                                00010000D    261
     126       0               5       0                               0D    262
     126     263                                                00010000D    263
     126       0               3       0                               0D    264
     126     266                                                00010000D    265
     126       0               4       0                               0D    266
     126     270                                                00010000D    267
     126       0               3       0                               0D    268
     126     273                                                00010000D    269
     126       0               5       0                               0D    270
     126     278                                                00010000D    271
     126       0               3       0                               0D    272
     126     281                                                00010000D    273
     126       0               5       0                               0D    274
     126     286                                                00010000D    275
     126       0               3       0                               0D    276
     126     289                                                00010000D    277
     126       0               5       0                               0D    278
     126     294                                                00010000D    279
     126       0               4       0                               0D    280
     126     298                                                00010000D    281
     126       0               2       0                               0D    282
     126     300                                                00010000D    283
     126       0               3       0                               0D    284
     126     303                                                00010000D    285
     126       0               3       0                               0D    286
     126     306                                                00010000D    287
     126       0               3       0                               0D    288
     126     309                                                00010000D    289
     126       0               2       0                               0D    290
     126     311                                                00010000D    291
     126       0               3       0                               0D    292
     126     314                                                00010000D    293
     126       0               4       0                               0D    294
     126     318                                                00010000D    295
     126       0              13       0                               0D    296
     126     331                                                00010000D    297
     126       0              12       0                               0D    298
     126     343                                                00010000D    299
     126       0               3       0                               0D    300
     126     346                                                00010000D    301
     126       0              25       0                               0D    302
     126     371                                                00010000D    303
     126       0              26       0                               0D    304
     126     397                                                00010000D    305
     126       0              12       0                               0D    306
     126     409                                                00010000D    307
     126       0               4       0                               0D    308
     126     413                                                00010000D    309
     126       0              12       0                               0D    310
     126     425                                                00010000D    311
     126       0               3       0                               0D    312
     126     428                                                00010000D    313
     126       0               6       0                               0D    314
     126     434                                                00010000D    315
     126       0               3       0                               0D    316
     126     437                                                00010000D    317
     126       0               6       0                               0D    318
     126     443                                                00010000D    319
     126       0               3       0                               0D    320
     126     446                                                00010000D    321
     126       0               3       0                               0D    322
     126     449                                                00010000D    323
     126       0               3       0                               0D    324
     126     452                                                00010000D    325
     126       0               3       0                               0D    326
     126     455                                                00010000D    327
     126       0               3       0                               0D    328
     126     458                                                00010000D    329
     126       0               6       0                               0D    330
     126     464                                                00010000D    331
     126       0               3       0                               0D    332
     126     467                                                00010000D    333
     126       0               6       0                               0D    334
     126     473                                                00010000D    335
     126       0               3       0                               0D    336
     126     476                                                00010000D    337
     126       0               5       0                               0D    338
     126     481                                                00010000D    339
     126       0               3       0                               0D    340
     126     484                                                00010000D    341
     126       0               5       0                               0D    342
     126     489                                                00010000D    343
     126       0               3       0                               0D    344
     126     492                                                00010000D    345
     126       0               5       0                               0D    346
     126     497                                                00010000D    347
     126       0               3       0                               0D    348
     126     500                                                00010000D    349
     126       0               5       0                               0D    350
     126     505                                                00010000D    351
     126       0               3       0                               0D    352
     126     508                                                00010000D    353
     126       0               5       0                               0D    354
     126     513                                                00010000D    355
     126       0               3       0                               0D    356
     126     516                                                00010000D    357
     126       0               5       0                               0D    358
     126     521                                                00010000D    359
     126       0               3       0                               0D    360
     126     524                                                00010000D    361
     126       0               8       0                               0D    362
     126     532                                                00010000D    363
     126       0               4       0                               0D    364
     126     536                                                00010000D    365
     126       0               6       0                               0D    366
     126     542                                                00010000D    367
     126       0               3       0                               0D    368
     126     545                                                00010000D    369
     126       0               3       0                               0D    370
     126     548                                                00010000D    371
     126       0               3       0                               0D    372
     126     551                                                00010000D    373
     126       0               6       0                               0D    374
     126     557                                                00010000D    375
     126       0               3       0                               0D    376
     126     560                                                00010000D    377
     126       0               3       0                               0D    378
     126     563                                                00010000D    379
     126       0               3       0                               0D    380
     126     566                                                00010000D    381
     126       0               3       0                               0D    382
     126     569                                                00010000D    383
     126       0               6       0                               0D    384
     126     575                                                00010000D    385
     126       0               3       0                               0D    386
     126     578                                                00010000D    387
     126       0               3       0                               0D    388
     126     581                                                00010000D    389
     126       0               3       0                               0D    390
     126     584                                                00010000D    391
     126       0               6       0                               0D    392
     126     590                                                00010000D    393
     126       0               3       0                               0D    394
     126     593                                                00010000D    395
     126       0               3       0                               0D    396
     126     596                                                00010000D    397
     126       0               4       0                               0D    398
     126     600                                                00010000D    399
     126       0               3       0                               0D    400
     126     603                                                00010000D    401
     126       0               8       0                               0D    402
     126     611                                                00010000D    403
     126       0               3       0                               0D    404
     126     614                                                00010000D    405
     126       0               3       0                               0D    406
     126     617                                                00010000D    407
     126       0               3       0                               0D    408
     126     620                                                00010000D    409
     126       0               3       0                               0D    410
     126     623                                                00010000D    411
     126       0               3       0                               0D    412
     126     626                                                00010000D    413
     126       0               5       0                               0D    414
     126     631                                                00010000D    415
     126       0               3       0                               0D    416
     126     634                                                00010000D    417
     126       0               3       0                               0D    418
     126     637                                                00010000D    419
     126       0               3       0                               0D    420
     126     640                                                00010000D    421
     126       0               5       0                               0D    422
     126     645                                                00010000D    423
     126       0               3       0                               0D    424
     126     648                                                00010000D    425
     126       0               3       0                               0D    426
     126     651                                                00010000D    427
     126       0               3       0                               0D    428
     126     654                                                00010000D    429
     126       0               5       0                               0D    430
     126     659                                                00010000D    431
     126       0               3       0                               0D    432
     126     662                                                00010000D    433
     126       0               3       0                               0D    434
     126     665                                                00010000D    435
     126       0               3       0                               0D    436
     126     668                                                00010000D    437
     126       0               3       0                               0D    438
     126     671                                                00010000D    439
     126       0               3       0                               0D    440
     126     674                                                00010000D    441
     126       0               3       0                               0D    442
     126     677                                                00010000D    443
     126       0               5       0                               0D    444
     126     682                                                00010000D    445
     126       0               3       0                               0D    446
     126     685                                                00010000D    447
     126       0               3       0                               0D    448
     126     688                                                00010000D    449
     126       0               3       0                               0D    450
     126     691                                                00010000D    451
     126       0               5       0                               0D    452
     126     696                                                00010000D    453
     126       0               3       0                               0D    454
     126     699                                                00010000D    455
     126       0               3       0                               0D    456
     126     702                                                00010000D    457
     126       0               3       0                               0D    458
     126     705                                                00010000D    459
     126       0               5       0                               0D    460
     128     710                                                00010000D    461
     128       0    -571      21       0                               0D    462
     128     731                                                00010000D    463
     128       0    -571      36       0                               0D    464
     128     767                                                00010000D    465
     128       0    -571       8       0                               0D    466
     128     775                                                00010000D    467
     128       0    -571      25       0                               0D    468
     128     800                                                00010000D    469
     128       0    -571       9       0                               0D    470
     128     809                                                00010000D    471
     128       0    -571       9       0                               0D    472
     128     818                                                00010000D    473
     128       0    -571       9       0                               0D    474
     128     827                                                00010000D    475
     128       0    -571       8       0                               0D    476
     128     835                                                00010000D    477
     128       0    -571       9       0                               0D    478
     128     844                                                00010000D    479
     128       0    -571       9       0                               0D    480
     128     853                                                00010000D    481
     128       0    -571       6       0                               0D    482
     128     859                                                00010000D    483
     128       0    -571       6       0                               0D    484
     128     865                                                00010000D    485
     128       0    -571       6       0                               0D    486
     128     871                                                00010000D    487
     128       0    -571       6       0                               0D    488
     128     877                                                00010000D    489
     128       0    -571       5       0                               0D    490
     128     882                                                00010000D    491
     128       0    -571       6       0                               0D    492
     128     888                                                00010000D    493
     128       0    -571      23       0                               0D    494
     128     911                                                00010000D    495
     128       0    -571       7       0                               0D    496
     128     918                                                00010000D    497
     128       0    -571       8       0                               0D    498
     128     926                                                00010000D    499
     128       0    -571      20       0                               0D    500
     128     946                                                00010000D    501
     128       0    -571      21       0                               0D    502
     128     967                                                00010000D    503
     128       0    -571       7       0                               0D    504
     128     974                                                00010000D    505
     128       0    -571       9       0                               0D    506
     128     983                                                00010000D    507
     128       0    -571       6       0                               0D    508
     128     989                                                00010000D    509
     128       0    -571       7       0                               0D    510
     128     996                                                00010000D    511
     128       0    -571       9       0                               0D    512
     128    1005                                                00010000D    513
     128       0    -571       6       0                               0D    514
     128    1011                                                00010000D    515
     128       0    -571       9       0                               0D    516
     128    1020                                                00010000D    517
     128       0    -571       6       0                               0D    518
     128    1026                                                00010000D    519
     128       0    -571       9       0                               0D    520
     128    1035                                                00010000D    521
     128       0    -571       6       0                               0D    522
     128    1041                                                00010000D    523
     128       0    -571       9       0                               0D    524
     128    1050                                                00010000D    525
     128       0    -571       6       0                               0D    526
     128    1056                                                00010000D    527
     128       0    -571       6       0                               0D    528
     128    1062                                                00010000D    529
     128       0    -571       9       0                               0D    530
     128    1071                                                00010000D    531
     128       0    -571       6       0                               0D    532
     128    1077                                                00010000D    533
     128       0    -571       9       0                               0D    534
     128    1086                                                00010000D    535
     128       0    -571       6       0                               0D    536
     128    1092                                                00010000D    537
     128       0    -571       9       0                               0D    538
     128    1101                                                00010000D    539
     128       0    -571       6       0                               0D    540
     128    1107                                                00010000D    541
     128       0    -571       6       0                               0D    542
     128    1113                                                00010000D    543
     128       0    -571       6       0                               0D    544
     128    1119                                                00010000D    545
     128       0    -571       6       0                               0D    546
     128    1125                                                00010000D    547
     128       0    -571       9       0                               0D    548
     128    1134                                                00010000D    549
     128       0    -571       6       0                               0D    550
     128    1140                                                00010000D    551
     128       0    -571       9       0                               0D    552
     128    1149                                                00010000D    553
     128       0    -571       6       0                               0D    554
     128    1155                                                00010000D    555
     128       0    -571       9       0                               0D    556
     128    1164                                                00010000D    557
     128       0    -571       7       0                               0D    558
     502    1171                                                00010000D    559
     502                      17       1                               0D    560
     502    1188                                                00010000D    561
     502                      37       1                               0D    562
     504    1225                                                00010001D    563
     504                      11       1                               0D    564
     504    1236                                                00010001D    565
     504                      24       1                               0D    566
     406    1260                                                00000000D    567
     406                       1      15                               0D    568
     406    1261                                                00000000D    569
     406                       2      15                               0D    570
     314    1263                                                00000200D    571
     314                       2       0                               0D    572
408,5,0.,0.,0.,1.,0,1,569;                                             1P      1
124,-0.5,-1.06057523872491D-16,0.866025403784439,                      3P      2
32.4277583294629,0.866025403784439,-6.12323399573677D-17,0.5,          3P      3
19.3550007751284,0.,1.,1.22464679914735D-16,297.5;                     3P      4
308,0,88HBroached Hexagon Socket Head Cap Screw ANSI B18.3.1M -        5P      5
M2x0.4 x 8 Steel Grade 2 Plain v1,1,7;                                 5P      6
186,11,1,0,0,1,567;                                                    7P      7
186,13,1,0,0,1,567;                                                    9P      8
514,19,15,1,17,1,19,1,21,1,23,1,25,1,27,1,29,1,31,1,33,1,35,1,        11P      9
37,1,39,1,41,1,43,1,45,1,47,1,49,1,51,1;                              11P     10
514,30,53,1,55,1,57,1,59,1,61,1,63,1,65,1,67,1,69,1,71,1,73,1,        13P     11
75,1,77,1,79,1,81,1,83,1,85,1,87,1,89,1,91,1,93,1,95,1,97,1,99,       13P     12
1,101,1,103,1,105,1,107,1,109,1,111,1;                                13P     13
510,461,1,1,113;                                                      15P     14
510,463,1,1,115;                                                      17P     15
510,465,2,1,117,119;                                                  19P     16
510,467,1,1,121;                                                      21P     17
510,469,1,1,123;                                                      23P     18
510,471,1,1,125;                                                      25P     19
510,473,1,1,127;                                                      27P     20
510,475,1,1,129;                                                      29P     21
510,477,1,1,131;                                                      31P     22
510,479,1,1,133;                                                      33P     23
510,481,1,1,135;                                                      35P     24
510,483,1,1,137;                                                      37P     25
510,485,1,1,139;                                                      39P     26
510,487,1,1,141;                                                      41P     27
510,489,1,1,143;                                                      43P     28
510,491,1,1,145;                                                      45P     29
510,493,1,1,147;                                                      47P     30
510,495,1,1,149;                                                      49P     31
510,497,2,1,151,153;                                                  51P     32
510,499,1,1,155;                                                      53P     33
510,501,1,1,157;                                                      55P     34
510,503,2,1,159,161;                                                  57P     35
510,505,2,1,163,165;                                                  59P     36
510,507,1,1,167;                                                      61P     37
510,509,1,1,169;                                                      63P     38
510,511,1,1,171;                                                      65P     39
510,513,1,1,173;                                                      67P     40
510,515,1,1,175;                                                      69P     41
510,517,1,1,177;                                                      71P     42
510,519,1,1,179;                                                      73P     43
510,521,1,1,181;                                                      75P     44
510,523,1,1,183;                                                      77P     45
510,525,1,1,185;                                                      79P     46
510,527,2,1,187,189;                                                  81P     47
510,529,1,1,191;                                                      83P     48
510,531,1,1,193;                                                      85P     49
510,533,1,1,195;                                                      87P     50
510,535,1,1,197;                                                      89P     51
510,537,1,1,199;                                                      91P     52
510,539,1,1,201;                                                      93P     53
510,541,1,1,203;                                                      95P     54
510,543,1,1,205;                                                      97P     55
510,545,1,1,207;                                                      99P     56
510,547,1,1,209;                                                     101P     57
510,549,1,1,211;                                                     103P     58
510,551,1,1,213;                                                     105P     59
510,553,1,1,215;                                                     107P     60
510,555,1,1,217;                                                     109P     61
510,557,1,1,219;                                                     111P     62
508,5,0,563,1,0,0,0,563,2,1,0,0,563,3,0,0,0,563,4,0,0,0,563,2,0,     113P     63
0;                                                                   113P     64
508,6,0,563,5,1,0,0,563,6,1,0,0,563,7,1,0,0,563,8,1,0,0,563,6,0,     115P     65
0,0,563,9,1,0;                                                       115P     66
508,2,0,563,8,0,0,0,563,7,0,0;                                       117P     67
508,6,0,563,10,1,0,0,563,11,1,0,0,563,12,1,0,0,563,13,1,0,0,563,     119P     68
14,1,0,0,563,15,1,0;                                                 119P     69
508,6,0,563,16,0,0,0,563,17,0,0,0,563,18,1,0,0,563,5,0,0,0,563,      121P     70
9,0,0,0,563,18,0,0;                                                  121P     71
508,3,0,563,19,0,0,0,563,20,0,0,0,563,21,1,0;                        123P     72
508,3,0,563,21,0,0,0,563,22,0,0,0,563,23,1,0;                        125P     73
508,3,0,563,23,0,0,0,563,24,0,0,0,563,25,1,0;                        127P     74
508,3,0,563,25,0,0,0,563,26,0,0,0,563,27,1,0;                        129P     75
508,3,0,563,27,0,0,0,563,28,0,0,0,563,29,1,0;                        131P     76
508,3,0,563,29,0,0,0,563,30,0,0,0,563,19,1,0;                        133P     77
508,4,0,563,10,0,0,0,563,31,1,0,0,563,20,1,0,0,563,32,0,0;           135P     78
508,4,0,563,15,0,0,0,563,33,1,0,0,563,22,1,0,0,563,31,0,0;           137P     79
508,4,0,563,14,0,0,0,563,34,1,0,0,563,24,1,0,0,563,33,0,0;           139P     80
508,4,0,563,13,0,0,0,563,35,1,0,0,563,26,1,0,0,563,34,0,0;           141P     81
508,4,0,563,12,0,0,0,563,36,1,0,0,563,28,1,0,0,563,35,0,0;           143P     82
508,4,0,563,11,0,0,0,563,32,1,0,0,563,30,1,0,0,563,36,0,0;           145P     83
508,4,0,563,1,1,0,0,563,37,1,0,0,563,38,1,0,0,563,37,0,0;            147P     84
508,2,0,563,3,1,0,0,563,4,1,0;                                       149P     85
508,2,0,563,16,1,0,0,563,17,1,0;                                     151P     86
508,1,0,563,38,0,0;                                                  153P     87
508,5,0,565,1,0,0,0,565,2,1,0,0,565,3,0,0,0,565,4,0,0,0,565,2,0,     155P     88
0;                                                                   155P     89
508,4,0,565,5,0,0,0,565,6,1,0,0,565,7,1,0,0,565,6,0,0;               157P     90
508,1,0,565,7,0,0;                                                   159P     91
508,1,0,565,1,1,0;                                                   161P     92
508,4,0,565,8,0,0,0,565,9,0,0,0,565,10,0,0,0,565,11,0,0;             163P     93
508,2,0,565,3,1,0,0,565,4,1,0;                                       165P     94
508,4,0,565,8,1,0,0,565,12,1,0,0,565,13,1,0,0,565,14,0,0;            167P     95
508,25,0,565,11,1,0,0,565,15,0,0,0,565,16,0,0,0,565,17,0,0,0,        169P     96
565,18,0,0,0,565,19,0,0,0,565,20,0,0,0,565,21,1,0,0,565,22,0,0,      169P     97
0,565,23,1,0,0,565,24,0,0,0,565,25,1,0,0,565,26,0,0,0,565,27,1,      169P     98
0,0,565,28,0,0,0,565,29,1,0,0,565,30,0,0,0,565,31,1,0,0,565,32,      169P     99
0,0,0,565,33,0,0,0,565,34,0,0,0,565,35,0,0,0,565,36,1,0,0,565,       169P    100
37,1,0,0,565,12,0,0;                                                 169P    101
508,4,0,565,17,1,0,0,565,38,1,0,0,565,39,1,0,0,565,40,1,0;           171P    102
508,4,0,565,38,0,0,0,565,16,1,0,0,565,41,1,0,0,565,42,0,0;           173P    103
508,4,0,565,19,1,0,0,565,43,1,0,0,565,44,1,0,0,565,45,1,0;           175P    104
508,4,0,565,40,0,0,0,565,46,0,0,0,565,43,0,0,0,565,18,1,0;           177P    105
508,4,0,565,35,1,0,0,565,47,1,0,0,565,48,1,0,0,565,49,1,0;           179P    106
508,4,0,565,47,0,0,0,565,34,1,0,0,565,50,0,0,0,565,51,0,0;           181P    107
508,4,0,565,33,1,0,0,565,52,1,0,0,565,53,1,0,0,565,50,1,0;           183P    108
508,4,0,565,52,0,0,0,565,32,1,0,0,565,54,1,0,0,565,55,0,0;           185P    109
508,4,0,565,26,1,0,0,565,56,1,0,0,565,57,0,0,0,565,58,0,0;           187P    110
508,1,0,565,5,1,0;                                                   189P    111
508,4,0,565,27,0,0,0,565,58,1,0,0,565,59,0,0,0,565,60,0,0;           191P    112
508,4,0,565,28,1,0,0,565,60,1,0,0,565,61,0,0,0,565,62,0,0;           193P    113
508,4,0,565,29,0,0,0,565,62,1,0,0,565,63,0,0,0,565,64,0,0;           195P    114
508,4,0,565,30,1,0,0,565,64,1,0,0,565,65,0,0,0,565,66,0,0;           197P    115
508,4,0,565,31,0,0,0,565,66,1,0,0,565,67,0,0,0,565,54,0,0;           199P    116
508,4,0,565,49,0,0,0,565,68,0,0,0,565,69,0,0,0,565,36,0,0;           201P    117
508,4,0,565,37,0,0,0,565,69,1,0,0,565,70,0,0,0,565,13,0,0;           203P    118
508,4,0,565,10,1,0,0,565,71,0,0,0,565,41,0,0,0,565,15,1,0;           205P    119
508,4,0,565,45,0,0,0,565,72,0,0,0,565,73,0,0,0,565,20,1,0;           207P    120
508,4,0,565,21,0,0,0,565,73,1,0,0,565,74,0,0,0,565,75,0,0;           209P    121
508,4,0,565,22,1,0,0,565,75,1,0,0,565,76,0,0,0,565,77,0,0;           211P    122
508,4,0,565,23,0,0,0,565,77,1,0,0,565,78,0,0,0,565,79,0,0;           213P    123
508,4,0,565,24,1,0,0,565,79,1,0,0,565,80,0,0,0,565,81,0,0;           215P    124
508,4,0,565,25,0,0,0,565,81,1,0,0,565,82,0,0,0,565,56,0,0;           217P    125
508,25,0,565,9,1,0,0,565,14,1,0,0,565,70,1,0,0,565,68,1,0,0,565,     219P    126
48,0,0,0,565,51,1,0,0,565,53,0,0,0,565,55,1,0,0,565,67,1,0,0,        219P    127
565,65,1,0,0,565,63,1,0,0,565,61,1,0,0,565,59,1,0,0,565,57,1,0,      219P    128
0,565,82,1,0,0,565,80,1,0,0,565,78,1,0,0,565,76,1,0,0,565,74,1,      219P    129
0,0,565,72,1,0,0,565,44,0,0,0,565,46,1,0,0,565,39,0,0,0,565,42,      219P    130
1,0,0,565,71,1,0;                                                    219P    131
126,8,2,0,1,0,0,-3.14159265358979,-3.14159265358979,                 221P    132
-3.14159265358979,-1.5707963267949,-1.5707963267949,0.,0.,           221P    133
1.5707963267949,1.5707963267949,3.14159265358979,                    221P    134
3.14159265358979,3.14159265358979,1.,0.707106781186548,1.,           221P    135
0.707106781186547,1.,0.707106781186547,1.,0.707106781186548,1.,      221P    136
0.966750000000008,1.1839272930757D-16,-7.80385688672848,             221P    137
0.966750000000008,0.96675,-7.80385688672848,                         221P    138
8.24314367010895D-15,0.96675,-7.80385688672848,                      221P    139
-0.966749999999992,0.96675,-7.80385688672848,-0.966749999999992,     221P    140
0.,-7.80385688672848,-0.966749999999992,-0.96675,                    221P    141
-7.80385688672848,8.24314367010895D-15,-0.96675,                     221P    142
-7.80385688672848,0.966750000000008,-0.96675,-7.80385688672848,      221P    143
0.966750000000008,-1.1839272930757D-16,-7.80385688672848,            221P    144
-3.14159265358979,3.14159265358979,0.,0.,0.;                         221P    145
126,1,1,0,0,1,0,-0.121935523267771,-0.121935523267771,               223P    146
0.203671004310211,0.203671004310211,1.,1.,0.966750000000005,0.,      223P    147
-7.80385688672848,0.754619999999992,0.,-8.,-0.121935523267771,       223P    148
0.203671004310211,0.,0.,0.;                                          223P    149
126,4,2,0,0,0,0,0.,0.,0.,1.5707963267949,1.5707963267949,            225P    150
3.14159265358979,3.14159265358979,3.14159265358979,1.,               225P    151
0.707106781186548,1.,0.707106781186548,1.,-0.754619999999992,0.,     225P    152
-8.,-0.754619999999992,0.754619999999992,-8.,                        225P    153
-4.62071483786283D-17,0.754619999999992,-8.,0.754619999999992,       225P    154
0.754619999999992,-8.,0.754619999999992,9.24142967572566D-17,        225P    155
-8.,0.,3.14159265358979,0.,0.,0.;                                    225P    156
126,4,2,0,0,0,0,3.14159265358979,3.14159265358979,                   227P    157
3.14159265358979,4.71238898038469,4.71238898038469,                  227P    158
6.28318530717959,6.28318530717959,6.28318530717959,1.,               227P    159
0.707106781186548,1.,0.707106781186547,1.,0.754619999999992,         227P    160
9.24142967572566D-17,-8.,0.754619999999992,-0.754619999999992,       227P    161
-8.,1.38621445135885D-16,-0.754619999999992,-8.,                     227P    162
-0.754619999999992,-0.754619999999992,-8.,-0.754619999999992,        227P    163
-1.84828593514513D-16,-8.,3.14159265358979,6.28318530717959,0.,      227P    164
0.,0.;                                                               227P    165
126,4,2,0,0,0,0,-3.14159265358979,-3.14159265358979,                 229P    166
-3.14159265358979,-1.5707963267949,-1.5707963267949,0.,0.,0.,1.,     229P    167
0.707106781186547,1.,0.707106781186548,1.,-1.89999999999999,         229P    168
-2.32682891837996D-16,1.79999999999984,-1.89999999999999,            229P    169
-1.89999999999999,1.79999999999984,-1.79863627336571D-15,            229P    170
-1.89999999999999,1.79999999999984,1.89999999999999,                 229P    171
-1.89999999999999,1.79999999999984,1.89999999999999,0.,              229P    172
1.79999999999984,-3.14159265358979,0.,0.,0.,0.;                      229P    173
126,2,2,0,0,0,0,-3.92375386311161D-16,-3.92375386311161D-16,         231P    174
-3.92375386311161D-16,1.5707963267949,1.5707963267949,               231P    175
1.5707963267949,1.,0.707106781186548,1.,1.89999999999999,0.,         231P    176
1.79999999999984,1.89999999999999,0.,1.99999999999984,               231P    177
1.69999999999999,0.,1.99999999999984,-3.92375386311161D-16,          231P    178
1.5707963267949,0.,0.,0.;                                            231P    179
126,4,2,0,0,0,0,0.,0.,0.,1.5707963267949,1.5707963267949,            233P    180
3.14159265358979,3.14159265358979,3.14159265358979,1.,               233P    181
0.707106781186548,1.,0.707106781186547,1.,1.69999999999999,0.,       233P    182
1.99999999999984,1.69999999999999,-1.69999999999999,                 233P    183
1.99999999999984,-2.02365804349995D-15,-1.69999999999999,            233P    184
1.99999999999984,-1.69999999999999,-1.69999999999999,                233P    185
1.99999999999984,-1.69999999999999,-2.08189955855049D-16,            233P    186
1.99999999999984,0.,3.14159265358979,0.,0.,0.;                       233P    187
126,4,2,0,0,0,0,-3.14159265358979,-3.14159265358979,                 235P    188
-3.14159265358979,-1.5707963267949,-1.5707963267949,0.,0.,0.,1.,     235P    189
0.707106781186547,1.,0.707106781186548,1.,-1.69999999999999,         235P    190
2.08189955855049D-16,1.99999999999984,-1.69999999999999,             235P    191
1.69999999999999,1.99999999999984,-2.02365804349995D-15,             235P    192
1.69999999999999,1.99999999999984,1.69999999999999,                  235P    193
1.69999999999999,1.99999999999984,1.69999999999999,0.,               235P    194
1.99999999999984,-3.14159265358979,0.,0.,0.,0.;                      235P    195
126,4,2,0,0,0,0,0.,0.,0.,1.5707963267949,1.5707963267949,            237P    196
3.14159265358979,3.14159265358979,3.14159265358979,1.,               237P    197
0.707106781186548,1.,0.707106781186547,1.,1.89999999999999,0.,       237P    198
1.79999999999984,1.89999999999999,1.89999999999999,                  237P    199
1.79999999999984,-1.79863627336571D-15,1.89999999999999,             237P    200
1.79999999999984,-1.89999999999999,1.89999999999999,                 237P    201
1.79999999999984,-1.89999999999999,2.32682891837996D-16,             237P    202
1.79999999999984,0.,3.14159265358979,0.,0.,0.;                       237P    203
126,1,1,0,0,1,0,-0.103923048454132,-0.103923048454132,               239P    204
-0.0173205080756885,-0.0173205080756885,1.,1.,0.75,                  239P    205
-0.433012701892219,1.99999999999984,2.42861286636753D-16,            239P    206
-0.866025403784439,1.99999999999984,-0.103923048454132,              239P    207
-0.0173205080756885,0.,0.,0.;                                        239P    208
126,1,1,0,0,1,0,-0.103923048454132,-0.103923048454132,               241P    209
-0.0173205080756885,-0.0173205080756885,1.,1.,                       241P    210
2.77555756156289D-16,-0.866025403784439,1.99999999999984,            241P    211
-0.750000000000001,-0.433012701892219,1.99999999999984,              241P    212
-0.103923048454132,-0.0173205080756885,0.,0.,0.;                     241P    213
126,1,1,0,0,1,0,-0.0216506350946109,-0.0216506350946109,             243P    214
0.064951905283833,0.064951905283833,1.,1.,-0.750000000000001,        243P    215
-0.433012701892219,1.99999999999984,-0.75,0.43301270189222,          243P    216
1.99999999999984,-0.0216506350946109,0.064951905283833,0.,0.,0.;     243P    217
126,1,1,0,0,1,0,0.0606217782649105,0.0606217782649105,               245P    218
0.147224318643354,0.147224318643354,1.,1.,-0.75,                     245P    219
0.43301270189222,1.99999999999984,0.,0.866025403784439,              245P    220
1.99999999999984,0.0606217782649105,0.147224318643354,0.,0.,0.;      245P    221
126,1,1,0,0,1,0,0.0606217782649105,0.0606217782649105,               247P    222
0.147224318643354,0.147224318643354,1.,1.,0.,0.866025403784439,      247P    223
1.99999999999984,0.750000000000001,0.433012701892219,                247P    224
1.99999999999984,0.0606217782649105,0.147224318643354,0.,0.,0.;      247P    225
126,1,1,0,0,1,0,-0.021650635094611,-0.021650635094611,               249P    226
0.0649519052838329,0.0649519052838329,1.,1.,0.750000000000001,       249P    227
0.433012701892219,1.99999999999984,0.75,-0.433012701892219,          249P    228
1.99999999999984,-0.021650635094611,0.0649519052838329,0.,0.,0.;     249P    229
126,4,2,0,0,0,0,-3.14159265358979,-3.14159265358979,                 251P    230
-3.14159265358979,-1.5707963267949,-1.5707963267949,0.,0.,0.,1.,     251P    231
0.707106781186547,1.,0.707106781186548,1.,-1.89999999999999,         251P    232
2.32682891837996D-16,-2.10735347420603D-13,-1.89999999999999,        251P    233
1.89999999999999,-2.10735347420603D-13,1.16341445919221D-16,         251P    234
1.89999999999999,-2.08713982050247D-13,1.89999999999999,             251P    235
1.89999999999999,-2.0669261667989D-13,1.89999999999999,0.,           251P    236
-2.0669261667989D-13,-3.14159265358979,0.,0.,0.,0.;                  251P    237
126,4,2,0,0,0,0,0.,0.,0.,1.5707963267949,1.5707963267949,            253P    238
3.14159265358979,3.14159265358979,3.14159265358979,1.,               253P    239
0.707106781186548,1.,0.707106781186547,1.,1.89999999999999,0.,       253P    240
-2.0669261667989D-13,1.89999999999999,-1.89999999999999,             253P    241
-2.0669261667989D-13,1.16341445919221D-16,-1.89999999999999,         253P    242
-2.08713982050247D-13,-1.89999999999999,-1.89999999999999,           253P    243
-2.10735347420603D-13,-1.89999999999999,-2.32682891837996D-16,       253P    244
-2.10735347420603D-13,0.,3.14159265358979,0.,0.,0.;                  253P    245
126,1,1,0,0,1,0,-0.526315789473699,-0.526315789473699,               255P    246
0.421052631578962,0.421052631578962,1.,1.,1.89999999999999,0.,       255P    247
-2.06640260458357D-13,1.89999999999999,0.,1.79999999999984,          255P    248
-0.526315789473699,0.421052631578962,0.,0.,0.;                       255P    249
126,1,1,0,0,1,0,-0.0215887564903606,-0.0215887564903606,             257P    250
0.0652620077413446,0.0652620077413446,1.,1.,                         257P    251
2.07594701104757D-16,-0.866025403784439,1.,                          257P    252
-6.92528178585494D-17,1.38777878078145D-16,0.934383502355557,        257P    253
-0.0215887564903606,0.0652620077413446,0.,0.,0.;                     257P    254
126,1,1,0,0,1,0,-0.0866025403784439,-0.0866025403784439,0.,0.,       259P    255
1.,1.,0.75,-0.433012701892219,1.,1.25545045683426D-16,               259P    256
-0.866025403784439,1.,-0.0866025403784439,0.,0.,0.,0.;               259P    257
126,1,1,0,0,1,0,-0.0215887564903606,-0.0215887564903606,             261P    258
0.0652620077413446,0.0652620077413446,1.,1.,0.75,                    261P    259
-0.433012701892219,1.,1.38777878078145D-16,3.46944695195361D-16,     261P    260
0.934383502355557,-0.0215887564903606,0.0652620077413446,0.,0.,      261P    261
0.;                                                                  261P    262
126,1,1,0,0,1,0,-0.0866025403784439,-0.0866025403784439,0.,0.,       263P    263
1.,1.,0.750000000000001,0.433012701892219,1.,0.75,                   263P    264
-0.433012701892219,1.,-0.0866025403784439,0.,0.,0.,0.;               263P    265
126,1,1,0,0,1,0,-0.0215887564903606,-0.0215887564903606,             265P    266
0.0652620077413446,0.0652620077413446,1.,1.,0.750000000000001,       265P    267
0.433012701892219,1.,6.93889390390723D-17,0.,0.934383502355557,      265P    268
-0.0215887564903606,0.0652620077413446,0.,0.,0.;                     265P    269
126,1,1,0,0,1,0,-0.0866025403784439,-0.0866025403784439,0.,0.,       267P    270
1.,1.,0.,0.866025403784439,1.,0.750000000000001,                     267P    271
0.433012701892219,1.,-0.0866025403784439,0.,0.,0.,0.;                267P    272
126,1,1,0,0,1,0,-0.0215887564903606,-0.0215887564903606,             269P    273
0.0652620077413446,0.0652620077413446,1.,1.,                         269P    274
-6.93889390390723D-17,0.866025403784439,1.,                          269P    275
-6.93889390390723D-17,2.77555756156289D-16,0.934383502355557,        269P    276
-0.0215887564903606,0.0652620077413446,0.,0.,0.;                     269P    277
126,1,1,0,0,1,0,-0.0866025403784439,-0.0866025403784439,0.,0.,       271P    278
1.,1.,-0.75,0.43301270189222,1.,1.73472347597681D-17,                271P    279
0.866025403784439,1.,-0.0866025403784439,0.,0.,0.,0.;                271P    280
126,1,1,0,0,1,0,-0.0215887564903606,-0.0215887564903606,             273P    281
0.0652620077413446,0.0652620077413446,1.,1.,-0.75,                   273P    282
0.433012701892219,1.,-4.16333634234434D-16,                          273P    283
-2.08166817117217D-16,0.934383502355557,-0.0215887564903606,         273P    284
0.0652620077413446,0.,0.,0.;                                         273P    285
126,1,1,0,0,1,0,-0.0866025403784439,-0.0866025403784439,0.,0.,       275P    286
1.,1.,-0.750000000000001,-0.433012701892219,1.,-0.75,                275P    287
0.43301270189222,1.,-0.0866025403784439,0.,0.,0.,0.;                 275P    288
126,1,1,0,0,1,0,-0.0215887564903606,-0.0215887564903606,             277P    289
0.0652620077413446,0.0652620077413446,1.,1.,-0.750000000000001,      277P    290
-0.433012701892219,1.,-2.77555756156289D-16,                         277P    291
2.08166817117217D-16,0.934383502355557,-0.0215887564903606,          277P    292
0.0652620077413446,0.,0.,0.;                                         277P    293
126,1,1,0,0,1,0,-0.0866025403784439,-0.0866025403784439,0.,0.,       279P    294
1.,1.,1.38777878078145D-16,-0.866025403784439,1.,                    279P    295
-0.750000000000001,-0.433012701892219,1.,-0.0866025403784439,0.,     279P    296
0.,0.,0.;                                                            279P    297
126,1,1,0,0,1,0,0.,0.,0.1,0.1,1.,1.,0.75,-0.433012701892219,2.,      281P    298
0.75,-0.433012701892219,1.,0.,0.1,0.,0.,0.;                          281P    299
126,1,1,0,0,1,0,0.,0.,0.1,0.1,1.,1.,1.38777878078145D-16,            283P    300
-0.866025403784439,2.,1.38777878078145D-16,-0.866025403784439,       283P    301
1.,0.,0.1,0.,0.,0.;                                                  283P    302
126,1,1,0,0,1,0,0.,0.,0.1,0.1,1.,1.,0.750000000000001,               285P    303
0.433012701892219,2.,0.750000000000001,0.433012701892219,1.,0.,      285P    304
0.1,0.,0.,0.;                                                        285P    305
126,1,1,0,0,1,0,0.,0.,0.1,0.1,1.,1.,1.73472347597681D-17,            287P    306
0.866025403784439,2.,1.73472347597681D-17,0.866025403784439,1.,      287P    307
0.,0.1,0.,0.,0.;                                                     287P    308
126,1,1,0,0,1,0,0.,0.,0.1,0.1,1.,1.,-0.75,0.43301270189222,2.,       289P    309
-0.75,0.43301270189222,1.,0.,0.1,0.,0.,0.;                           289P    310
126,1,1,0,0,1,0,0.,0.,0.1,0.1,1.,1.,-0.750000000000001,              291P    311
-0.433012701892219,2.,-0.750000000000001,-0.433012701892219,1.,      291P    312
0.,0.1,0.,0.,0.;                                                     291P    313
126,1,1,0,0,1,0,-3.80385688672844,-3.80385688672844,                 293P    314
3.99999999999996,3.99999999999996,1.,1.,0.966750000000008,0.,        293P    315
-7.80385688672848,0.96675,0.,-1.0769163338864D-13,                   293P    316
-3.80385688672844,3.99999999999996,0.,0.,0.;                         293P    317
126,8,2,0,1,0,0,-3.14159265358979,-3.14159265358979,                 295P    318
-3.14159265358979,-1.5707963267949,-1.5707963267949,0.,0.,           295P    319
1.5707963267949,1.5707963267949,3.14159265358979,                    295P    320
3.14159265358979,3.14159265358979,1.,0.707106781186548,1.,           295P    321
0.707106781186548,1.,0.707106781186548,1.,0.707106781186548,1.,      295P    322
0.96675,-1.1839272930757D-16,-1.09140419796207D-13,0.96675,          295P    323
-0.96675,-1.09140419796207D-13,-5.91963646536674D-17,-0.96675,       295P    324
-1.0991207943789D-13,-0.96675,-0.96675,-1.10683739079574D-13,        295P    325
-0.96675,0.,-1.10683739079574D-13,-0.96675,0.96675,                  295P    326
-1.10683739079574D-13,-5.91963646536674D-17,0.96675,                 295P    327
-1.0991207943789D-13,0.96675,0.96675,-1.09140419796207D-13,          295P    328
0.96675,1.1839272930757D-16,-1.09140419796207D-13,                   295P    329
-3.14159265358979,3.14159265358979,0.,0.,0.;                         295P    330
126,8,2,0,1,0,0,-3.14159265358979,-3.14159265358979,                 297P    331
-3.14159265358979,-1.5707963267949,-1.5707963267949,0.,0.,           297P    332
1.5707963267949,1.5707963267949,3.14159265358979,                    297P    333
3.14159265358979,3.14159265358979,1.,0.707106781186516,1.,           297P    334
0.70710678118651,1.,0.70710678118651,1.,0.707106781186516,1.,        297P    335
32.9277583294629,18.4889753713439,297.5,32.9277583294629,            297P    336
18.4889753713439,298.5,32.4277583294629,19.3550007751284,298.5,      297P    337
31.9277583294629,20.2210261789128,298.5,31.9277583294629,            297P    338
20.2210261789128,297.5,31.9277583294629,20.2210261789128,296.5,      297P    339
32.4277583294629,19.3550007751284,296.5,32.9277583294629,            297P    340
18.4889753713439,296.5,32.9277583294629,18.4889753713439,297.5,      297P    341
-3.14159265358979,3.14159265358979,0.,0.,0.;                         297P    342
126,1,1,0,0,1,0,2.,2.,7.26390557833013,7.26390557833013,1.,1.,       299P    343
32.9277583294629,18.4889753713439,297.5,28.3690823755064,            299P    344
15.8570225821789,297.5,2.,7.26390557833013,0.,0.,0.;                 299P    345
126,17,3,0,0,1,0,0.,0.,0.,0.,0.0376716993436081,                     301P    346
0.0376716993436081,0.0753433986872162,0.0753433986872162,            301P    347
0.113027853801693,0.113027853801693,0.15071230891617,                301P    348
0.15071230891617,0.188381576183159,0.188381576183159,                301P    349
0.226050843450148,0.226050843450148,0.263721027338889,               301P    350
0.263721027338889,0.301391211227631,0.301391211227631,               301P    351
0.301391211227631,0.301391211227631,1.,1.,1.,1.,1.,1.,1.,1.,1.,      301P    352
1.,1.,1.,1.,1.,1.,1.,1.,1.,27.3398570329044,17.5722001303293,        301P    353
297.5,27.3398570329044,17.5722001303293,297.625572331145,            301P    354
27.3534688043719,17.5510783970856,297.759502784811,                  301P    355
27.4084966408444,17.4650199089355,298.005858060769,                  301P    356
27.44987600668,17.4000631051585,298.118284075091,                    301P    357
27.5445864831237,17.249743466574,298.295847956753,                   301P    358
27.604233578165,17.1543428348835,298.372817298192,                   301P    359
27.7335424767299,16.9444920616096,298.474893724545,                  301P    360
27.8031690858602,16.8300198417502,298.5,27.9324089025525,            301P    361
16.6146411118331,298.5,28.0006327988278,16.4993860116587,            301P    362
298.474911815522,28.1249074755551,16.2866434659804,                  301P    363
298.372865785256,28.1809941310263,16.1891770461521,                  301P    364
298.295907799657,28.2690314240983,16.0349538936543,                  301P    365
298.118336162031,28.3068556831127,15.9679217717552,                  301P    366
298.00588704139,28.3568631674978,15.8789456726101,                   301P    367
297.759502719096,28.3690823755064,15.8570225821789,                  301P    368
297.625567279629,28.3690823755064,15.8570225821789,297.5,0.,         301P    369
0.301391211227631,0.,0.,0.;                                          301P    370
126,17,3,0,0,1,0,0.301391211227631,0.301391211227631,                303P    371
0.301391211227631,0.301391211227631,0.339061395116373,               303P    372
0.339061395116373,0.376731579005115,0.376731579005115,               303P    373
0.414400846272103,0.414400846272103,0.452070113539092,               303P    374
0.452070113539092,0.489754568653569,0.489754568653569,               303P    375
0.527439023768046,0.527439023768046,0.565110723111654,               303P    376
0.565110723111654,0.602782422455262,0.602782422455262,               303P    377
0.602782422455262,0.602782422455262,1.,1.,1.,1.,1.,1.,1.,1.,1.,      303P    378
1.,1.,1.,1.,1.,1.,1.,1.,1.,28.3690823755064,15.8570225821789,        303P    379
297.5,28.3690823755064,15.8570225821789,297.374432720371,            303P    380
28.3568631674978,15.8789456726101,297.240497280904,                  303P    381
28.3068556831127,15.9679217717552,296.99411295861,                   303P    382
28.2690314240983,16.0349538936543,296.881663837969,                  303P    383
28.1809941310263,16.1891770461521,296.704092200343,                  303P    384
28.1249074755551,16.2866434659804,296.627134214744,                  303P    385
28.0006327988278,16.4993860116587,296.525088184478,                  303P    386
27.9324089025525,16.6146411118331,296.5,27.8031690858602,            303P    387
16.8300198417502,296.5,27.7335424767299,16.9444920616096,            303P    388
296.525106275455,27.604233578165,17.1543428348835,                   303P    389
296.627182701808,27.5445864831237,17.249743466574,                   303P    390
296.704152043247,27.44987600668,17.4000631051585,                    303P    391
296.881715924909,27.4084966408444,17.4650199089355,                  303P    392
296.994141939231,27.3534688043719,17.5510783970856,                  303P    393
297.240497215189,27.3398570329044,17.5722001303293,                  303P    394
297.374427668855,27.3398570329044,17.5722001303293,297.5,            303P    395
0.301391211227631,0.602782422455262,0.,0.,0.;                        303P    396
126,8,2,0,1,0,0,-3.14159265358979,-3.14159265358979,                 305P    397
-3.14159265358979,-1.5707963267949,-1.5707963267949,0.,0.,           305P    398
1.5707963267949,1.5707963267949,3.14159265358979,                    305P    399
3.14159265358979,3.14159265358979,1.,0.707106781186552,1.,           305P    400
0.707106781186551,1.,0.707106781186551,1.,0.707106781186552,1.,      305P    401
35.1598091370318,18.6229499675595,297.5,35.1598091370318,            305P    402
18.6229499675595,299.5,34.1598091370318,20.3550007751284,299.5,      305P    403
33.1598091370318,22.0870515826973,299.5,33.1598091370318,            305P    404
22.0870515826973,297.5,33.1598091370318,22.0870515826973,295.5,      305P    405
34.1598091370318,20.3550007751284,295.5,35.1598091370318,            305P    406
18.6229499675595,295.5,35.1598091370318,18.6229499675595,297.5,      305P    407
-3.14159265358979,3.14159265358979,0.,0.,0.;                         305P    408
126,1,1,0,0,1,0,-1.94633096861051D-15,-1.94633096861051D-15,1.,      307P    409
1.,1.,1.,35.1598091370318,18.6229499675595,297.5,                    307P    410
33.4277583294629,17.6229499675595,297.5,-1.94633096861051D-15,       307P    411
1.,0.,0.,0.;                                                         307P    412
126,8,2,0,1,0,0,-3.14159265358979,-3.14159265358979,                 309P    413
-3.14159265358979,-1.5707963267949,-1.5707963267949,0.,0.,           309P    414
1.5707963267949,1.5707963267949,3.14159265358979,                    309P    415
3.14159265358979,3.14159265358979,1.,0.707106781186549,1.,           309P    416
0.707106781186549,1.,0.707106781186549,1.,0.707106781186549,1.,      309P    417
33.4277583294629,17.6229499675595,297.5,33.4277583294629,            309P    418
17.6229499675595,299.5,32.4277583294629,19.3550007751284,299.5,      309P    419
31.4277583294629,21.0870515826973,299.5,31.4277583294629,            309P    420
21.0870515826973,297.5,31.4277583294629,21.0870515826973,295.5,      309P    421
32.4277583294629,19.3550007751284,295.5,33.4277583294629,            309P    422
17.6229499675595,295.5,33.4277583294629,17.6229499675595,297.5,      309P    423
-3.14159265358979,3.14159265358979,0.,0.,0.;                         309P    424
126,1,1,0,0,1,0,-0.5,-0.5,0.,0.,1.,1.,25.0770813003767,              311P    425
20.6734127191013,295.,25.0770813003767,20.6734127191013,300.,        311P    426
-0.5,0.,0.,0.,0.;                                                    311P    427
126,2,2,0,0,0,0,-2.78342298404672,-2.78342298404672,                 313P    428
-2.78342298404672,-2.45215288418204,-2.45215288418204,               313P    429
-2.45215288418204,1.,0.986313848016136,1.,30.4375511016933,          313P    430
11.3932209199948,295.,28.5329852102834,16.4813625485483,295.,        313P    431
25.0770813003767,20.6734127191013,295.,-2.78342298404672,            313P    432
-2.45215288418204,0.,0.,0.;                                          313P    433
126,1,1,0,0,1,0,0.,0.,0.5,0.5,1.,1.,30.4375511016933,                315P    434
11.3932209199948,300.,30.4375511016933,11.3932209199948,295.,0.,     315P    435
0.5,0.,0.,0.;                                                        315P    436
126,2,2,0,0,0,0,2.45215288418204,2.45215288418204,                   317P    437
2.45215288418204,2.78342298404672,2.78342298404672,                  317P    438
2.78342298404672,1.,0.986313848016136,1.,25.0770813003767,           317P    439
20.6734127191013,300.,28.5329852102834,16.4813625485483,300.,        317P    440
30.4375511016933,11.3932209199948,300.,2.45215288418204,             317P    441
2.78342298404672,0.,0.,0.;                                           317P    442
126,1,1,0,0,1,0,1.07171167506765,1.07171167506765,1.18,1.18,1.,      319P    443
1.,25.0770813003767,20.6734127191013,300.,24.5356397308392,          319P    444
21.6112171541741,300.,1.07171167506765,1.18,0.,0.,0.;                319P    445
126,1,1,0,0,1,0,0.,0.,0.5,0.5,1.,1.,24.5356397308393,                321P    446
21.6112171541741,300.,24.5356397308393,21.6112171541741,295.,0.,     321P    447
0.5,0.,0.,0.;                                                        321P    448
126,1,1,0,0,1,0,1.07171167506765,1.07171167506765,1.18,1.18,1.,      323P    449
1.,25.0770813003767,20.6734127191013,295.,24.5356397308392,          323P    450
21.6112171541741,295.,1.07171167506765,1.18,0.,0.,0.;                323P    451
126,1,1,0,0,1,0,0.,0.,0.160445994561066,0.160445994561066,1.,1.,     325P    452
31.8270541739468,12.1954508928002,300.,30.4375511016933,             325P    453
11.3932209199948,300.,0.,0.160445994561066,0.,0.,0.;                 325P    454
126,1,1,0,0,1,0,0.02,0.02,0.290000000000001,0.290000000000001,       327P    455
1.,1.,30.4770541739467,14.5337194830182,300.,31.8270541739468,       327P    456
12.1954508928002,300.,0.02,0.290000000000001,0.,0.,0.;               327P    457
126,2,2,0,0,0,0,-0.785398163397437,-0.785398163397437,               329P    458
-0.785398163397437,0.785398163397459,0.785398163397459,              329P    459
0.785398163397459,1.,0.70710678118658,1.,30.5502592547036,           329P    460
14.8069245637751,300.,30.3770541739468,14.7069245637751,300.,        329P    461
30.4770541739467,14.5337194830182,300.,-0.785398163397437,           329P    462
0.785398163397459,0.,0.,0.;                                          329P    463
126,1,1,0,0,1,0,0.02,0.02,0.2,0.2,1.,1.,32.1091049815156,            331P    464
15.7069245637751,300.,30.5502592547036,14.8069245637751,300.,        331P    465
0.02,0.2,0.,0.,0.;                                                   331P    466
126,2,2,0,0,0,0,-0.785398163397448,-0.785398163397448,               333P    467
-0.785398163397448,0.785398163397448,0.785398163397448,              333P    468
0.785398163397448,1.,0.707106781186535,1.,32.3823100622725,          333P    469
15.6337194830182,300.,32.2823100622725,15.8069245637751,300.,        333P    470
32.1091049815156,15.7069245637751,300.,-0.785398163397448,           333P    471
0.785398163397448,0.,0.,0.;                                          333P    472
126,1,1,0,0,1,0,0.,0.,0.175000000000001,0.175000000000001,1.,1.,     335P    473
33.2573100622725,14.1181750263954,300.,32.3823100622725,             335P    474
15.6337194830182,300.,0.,0.175000000000001,0.,0.,0.;                 335P    475
126,2,2,0,0,0,0,0.,0.,0.,1.57079632679492,1.57079632679492,          337P    476
1.57079632679492,1.,0.707106781186551,1.,33.2573100622725,           337P    477
14.1181750263954,300.,33.4073100622725,13.8583674052601,300.,        337P    478
33.6671176834079,14.0083674052601,300.,0.,1.57079632679492,0.,       337P    479
0.,0.;                                                               337P    480
126,1,1,0,0,1,0,0.,0.,0.10928932188135,0.10928932188135,1.,1.,       339P    481
34.6135909745241,14.5548140146668,300.,33.6671176834078,             339P    482
14.0083674052601,300.,0.,0.10928932188135,0.,0.,0.;                  339P    483
126,2,2,0,0,0,0,0.,0.,0.,0.785398163397188,0.785398163397188,        341P    484
0.785398163397188,1.,0.923879532511086,1.,34.6135909745241,          341P    485
14.5548140146668,300.,34.7212068148062,14.6169460490228,300.,        341P    486
34.7533687224107,14.7369759222714,300.,0.,0.785398163397188,0.,      341P    487
0.,0.;                                                               341P    488
126,1,1,0,0,1,0,0.,0.,0.312132034355972,0.312132034355972,1.,1.,     343P    489
35.5612258731899,17.7519398542372,300.,34.7533687224107,             343P    490
14.7369759222714,300.,0.,0.312132034355972,0.,0.,0.;                 343P    491
126,2,2,0,0,0,0,0.,0.,0.,0.785398163397388,0.785398163397388,        345P    492
0.785398163397388,1.,0.923879532511266,1.,35.5612258731899,          345P    493
17.7519398542372,300.,35.5933877807945,17.8719697274858,300.,        345P    494
35.5312557464385,17.9795855677679,300.,0.,0.785398163397388,0.,      345P    495
0.,0.;                                                               345P    496
126,1,1,0,0,1,0,0.,0.,0.548578643762679,0.548578643762679,1.,1.,     347P    497
32.7883625276251,22.7304159824888,300.,35.5312557464385,             347P    498
17.9795855677679,300.,0.,0.548578643762679,0.,0.,0.;                 347P    499
126,2,2,0,0,0,0,0.,0.,0.,0.785398163397785,0.785398163397785,        349P    500
0.785398163397785,1.,0.923879532511192,1.,32.7883625276251,          349P    501
22.7304159824888,300.,32.7262304932692,22.838031822771,300.,         349P    502
32.6062006200206,22.8701937303756,300.,0.,0.785398163397785,0.,      349P    503
0.,0.;                                                               349P    504
126,1,1,0,0,1,0,0.,0.,0.312132034355972,0.312132034355972,1.,1.,     351P    505
29.5912366880548,23.6780508811548,300.,32.6062006200206,             351P    506
22.8701937303756,300.,0.,0.312132034355972,0.,0.,0.;                 351P    507
126,2,2,0,0,0,0,0.,0.,0.,0.785398163397438,0.785398163397438,        353P    508
0.785398163397438,1.,0.923879532511279,1.,29.5912366880548,          353P    509
23.6780508811548,300.,29.4712068148061,23.7102127887593,300.,        353P    510
29.363590974524,23.6480807544034,300.,0.,0.785398163397438,0.,       353P    511
0.,0.;                                                               353P    512
126,1,1,0,0,1,0,0.,0.,0.113103437409437,0.113103437409437,1.,1.,     355P    513
28.3840864740048,23.0825635673562,300.,29.363590974524,              355P    514
23.6480807544034,300.,0.,0.113103437409437,0.,0.,0.;                 355P    515
126,2,2,0,0,0,0,0.,0.,0.,1.43523668877844,1.43523668877844,          357P    516
1.43523668877844,1.,0.753374022633354,1.,28.3840864740048,           357P    517
23.0825635673562,300.,28.1751683031878,22.9207026922979,300.,        357P    518
28.3073100310524,22.6918265058364,300.,0.,1.43523668877844,0.,       357P    519
0.,0.;                                                               357P    520
126,1,1,0,0,1,0,0.020000000369742,0.020000000369742,0.195,0.195,     359P    521
1.,1.,29.1823100572217,21.1762820685919,300.,28.3073100310524,       359P    522
22.6918265058364,300.,0.020000000369742,0.195,0.,0.,0.;              359P    523
126,4,2,0,0,0,0,-0.78539817264101,-0.78539817264101,                 361P    524
-0.78539817264101,-5.71764857681956D-15,-5.71764857681956D-15,       361P    525
0.785398172640999,0.785398172640999,0.785398172640999,1.,            361P    526
0.92387953074266,1.,0.923879530742614,1.,29.1091049783136,           361P    527
20.903076984633,300.,29.1808488727729,20.9444983414118,300.,         361P    528
29.2022901440499,21.0245182581551,300.,29.2237314153269,             361P    529
21.1045381748984,300.,29.1823100572217,21.1762820685919,300.,        361P    530
-0.78539817264101,0.785398172640999,0.,0.,0.;                        361P    531
126,1,1,0,0,1,0,0.0200000000000002,0.0200000000000002,               363P    532
0.199999999630258,0.199999999630258,1.,1.,27.5502592547036,          363P    533
20.0030769864817,300.,29.1091049783136,20.903076984633,300.,         363P    534
0.0200000000000002,0.199999999630258,0.,0.,0.;                       363P    535
126,2,2,0,0,0,0,-0.785398163397448,-0.785398163397448,               365P    536
-0.785398163397448,0.785398163397448,0.785398163397448,              365P    537
0.785398163397448,1.,0.707106781186577,1.,27.2770541739467,          365P    538
20.0762820672386,300.,27.3770541739467,19.9030769864817,300.,        365P    539
27.5502592547036,20.0030769864817,300.,-0.785398163397448,           365P    540
0.785398163397448,0.,0.,0.;                                          365P    541
126,1,1,0,0,1,0,0.02,0.02,0.29,0.29,1.,1.,27.2770541739468,          367P    542
20.0762820672386,300.,25.9270541739468,22.4145506574566,300.,        367P    543
0.02,0.29,0.,0.,0.;                                                  367P    544
126,1,1,0,0,1,0,0.,0.,0.16066670065649,0.16066670065649,1.,1.,       369P    545
25.9270541739468,22.4145506574566,300.,24.5356397308392,             369P    546
21.6112171541741,300.,0.,0.16066670065649,0.,0.,0.;                  369P    547
126,1,1,0,0,1,0,0.,0.,0.5,0.5,1.,1.,30.4770541739467,                371P    548
14.5337194830182,300.,30.4770541739467,14.5337194830182,295.,0.,     371P    549
0.5,0.,0.,0.;                                                        371P    550
126,2,2,0,0,0,0,-0.785398163397459,-0.785398163397459,               373P    551
-0.785398163397459,0.785398163397437,0.785398163397437,              373P    552
0.785398163397437,1.,0.70710678118658,1.,30.4770541739467,           373P    553
14.5337194830182,295.,30.3770541739468,14.7069245637751,295.,        373P    554
30.5502592547036,14.8069245637751,295.,-0.785398163397459,           373P    555
0.785398163397437,0.,0.,0.;                                          373P    556
126,1,1,0,0,1,0,-0.5,-0.5,0.,0.,1.,1.,30.5502592547036,              375P    557
14.8069245637751,295.,30.5502592547036,14.8069245637751,300.,        375P    558
-0.5,0.,0.,0.,0.;                                                    375P    559
126,1,1,0,0,1,0,0.,0.,0.5,0.5,1.,1.,31.8270541739468,                377P    560
12.1954508928002,300.,31.8270541739468,12.1954508928002,295.,0.,     377P    561
0.5,0.,0.,0.;                                                        377P    562
126,1,1,0,0,1,0,0.02,0.02,0.290000000000001,0.290000000000001,       379P    563
1.,1.,30.4770541739467,14.5337194830182,295.,31.8270541739468,       379P    564
12.1954508928002,295.,0.02,0.290000000000001,0.,0.,0.;               379P    565
126,1,1,0,0,1,0,0.,0.,0.5,0.5,1.,1.,32.1091049815156,                381P    566
15.7069245637751,300.,32.1091049815156,15.7069245637751,295.,0.,     381P    567
0.5,0.,0.,0.;                                                        381P    568
126,2,2,0,0,0,0,-0.785398163397448,-0.785398163397448,               383P    569
-0.785398163397448,0.785398163397448,0.785398163397448,              383P    570
0.785398163397448,1.,0.707106781186535,1.,32.1091049815156,          383P    571
15.7069245637751,295.,32.2823100622725,15.8069245637751,295.,        383P    572
32.3823100622725,15.6337194830182,295.,-0.785398163397448,           383P    573
0.785398163397448,0.,0.,0.;                                          383P    574
126,1,1,0,0,1,0,-0.5,-0.5,0.,0.,1.,1.,32.3823100622725,              385P    575
15.6337194830182,295.,32.3823100622725,15.6337194830182,300.,        385P    576
-0.5,0.,0.,0.,0.;                                                    385P    577
126,1,1,0,0,1,0,0.02,0.02,0.2,0.2,1.,1.,32.1091049815156,            387P    578
15.7069245637751,295.,30.5502592547036,14.8069245637751,295.,        387P    579
0.02,0.2,0.,0.,0.;                                                   387P    580
126,1,1,0,0,1,0,0.,0.,0.5,0.5,1.,1.,27.5502592547036,                389P    581
20.0030769864817,300.,27.5502592547036,20.0030769864817,295.,0.,     389P    582
0.5,0.,0.,0.;                                                        389P    583
126,2,2,0,0,0,0,-0.785398163397448,-0.785398163397448,               391P    584
-0.785398163397448,0.785398163397448,0.785398163397448,              391P    585
0.785398163397448,1.,0.707106781186577,1.,27.5502592547036,          391P    586
20.0030769864817,295.,27.3770541739467,19.9030769864817,295.,        391P    587
27.2770541739467,20.0762820672386,295.,-0.785398163397448,           391P    588
0.785398163397448,0.,0.,0.;                                          391P    589
126,1,1,0,0,1,0,-0.5,-0.5,0.,0.,1.,1.,27.2770541739468,              393P    590
20.0762820672386,295.,27.2770541739468,20.0762820672386,300.,        393P    591
-0.5,0.,0.,0.,0.;                                                    393P    592
126,1,1,0,0,1,0,-0.5,-0.5,0.,0.,1.,1.,29.1091049783136,              395P    593
20.903076984633,295.,29.1091049783136,20.903076984633,300.,-0.5,     395P    594
0.,0.,0.,0.;                                                         395P    595
126,1,1,0,0,1,0,0.0200000000000002,0.0200000000000002,               397P    596
0.199999999630258,0.199999999630258,1.,1.,27.5502592547036,          397P    597
20.0030769864817,295.,29.1091049783136,20.903076984633,295.,         397P    598
0.0200000000000002,0.199999999630258,0.,0.,0.;                       397P    599
126,1,1,0,0,1,0,0.,0.,0.5,0.5,1.,1.,29.1823100572217,                399P    600
21.1762820685919,300.,29.1823100572217,21.1762820685919,295.,0.,     399P    601
0.5,0.,0.,0.;                                                        399P    602
126,4,2,0,0,0,0,-0.785398172640999,-0.785398172640999,               401P    603
-0.785398172640999,5.71764857681956D-15,5.71764857681956D-15,        401P    604
0.78539817264101,0.78539817264101,0.78539817264101,1.,               401P    605
0.923879530742614,1.,0.92387953074266,1.,29.1823100572217,           401P    606
21.1762820685919,295.,29.2237314153269,21.1045381748984,295.,        401P    607
29.2022901440499,21.0245182581551,295.,29.1808488727729,             401P    608
20.9444983414118,295.,29.1091049783136,20.903076984633,295.,         401P    609
-0.785398172640999,0.78539817264101,0.,0.,0.;                        401P    610
126,1,1,0,0,1,0,0.,0.,0.5,0.5,1.,1.,28.3073100310524,                403P    611
22.6918265058364,300.,28.3073100310524,22.6918265058364,295.,0.,     403P    612
0.5,0.,0.,0.;                                                        403P    613
126,1,1,0,0,1,0,0.020000000369742,0.020000000369742,0.195,0.195,     405P    614
1.,1.,29.1823100572217,21.1762820685919,295.,28.3073100310524,       405P    615
22.6918265058364,295.,0.020000000369742,0.195,0.,0.,0.;              405P    616
126,1,1,0,0,1,0,0.,0.,0.5,0.5,1.,1.,35.5312557464385,                407P    617
17.9795855677679,300.,35.5312557464385,17.9795855677679,295.,0.,     407P    618
0.5,0.,0.,0.;                                                        407P    619
126,1,1,0,0,1,0,0.,0.,0.548578643762679,0.548578643762679,1.,1.,     409P    620
32.7883625276251,22.7304159824888,295.,35.5312557464385,             409P    621
17.9795855677679,295.,0.,0.548578643762679,0.,0.,0.;                 409P    622
126,1,1,0,0,1,0,0.,0.,0.5,0.5,1.,1.,32.7883625276251,                411P    623
22.7304159824888,300.,32.7883625276251,22.7304159824888,295.,0.,     411P    624
0.5,0.,0.,0.;                                                        411P    625
126,2,2,0,0,0,0,-0.785398163397785,-0.785398163397785,               413P    626
-0.785398163397785,0.,0.,0.,1.,0.923879532511192,1.,                 413P    627
32.6062006200206,22.8701937303756,295.,32.7262304932692,             413P    628
22.838031822771,295.,32.7883625276251,22.7304159824888,295.,         413P    629
-0.785398163397785,0.,0.,0.,0.;                                      413P    630
126,1,1,0,0,1,0,0.,0.,0.5,0.5,1.,1.,32.6062006200206,                415P    631
22.8701937303756,300.,32.6062006200206,22.8701937303756,295.,0.,     415P    632
0.5,0.,0.,0.;                                                        415P    633
126,1,1,0,0,1,0,0.,0.,0.312132034355972,0.312132034355972,1.,1.,     417P    634
29.5912366880548,23.6780508811548,295.,32.6062006200206,             417P    635
22.8701937303756,295.,0.,0.312132034355972,0.,0.,0.;                 417P    636
126,1,1,0,0,1,0,0.,0.,0.5,0.5,1.,1.,29.5912366880548,                419P    637
23.6780508811548,300.,29.5912366880548,23.6780508811548,295.,0.,     419P    638
0.5,0.,0.,0.;                                                        419P    639
126,2,2,0,0,0,0,-0.785398163397438,-0.785398163397438,               421P    640
-0.785398163397438,0.,0.,0.,1.,0.923879532511279,1.,                 421P    641
29.363590974524,23.6480807544034,295.,29.4712068148061,              421P    642
23.7102127887593,295.,29.5912366880548,23.6780508811548,295.,        421P    643
-0.785398163397438,0.,0.,0.,0.;                                      421P    644
126,1,1,0,0,1,0,0.,0.,0.5,0.5,1.,1.,29.363590974524,                 423P    645
23.6480807544034,300.,29.363590974524,23.6480807544034,295.,0.,      423P    646
0.5,0.,0.,0.;                                                        423P    647
126,1,1,0,0,1,0,0.,0.,0.113103437409437,0.113103437409437,1.,1.,     425P    648
28.3840864740048,23.0825635673562,295.,29.363590974524,              425P    649
23.6480807544034,295.,0.,0.113103437409437,0.,0.,0.;                 425P    650
126,1,1,0,0,1,0,0.,0.,0.5,0.5,1.,1.,28.3840864740048,                427P    651
23.0825635673562,300.,28.3840864740048,23.0825635673562,295.,0.,     427P    652
0.5,0.,0.,0.;                                                        427P    653
126,2,2,0,0,0,0,-1.43523668877844,-1.43523668877844,                 429P    654
-1.43523668877844,0.,0.,0.,1.,0.753374022633354,1.,                  429P    655
28.3073100310524,22.6918265058364,295.,28.1751683031878,             429P    656
22.9207026922979,295.,28.3840864740048,23.0825635673562,295.,        429P    657
-1.43523668877844,0.,0.,0.,0.;                                       429P    658
126,1,1,0,0,1,0,-0.29,-0.29,-0.02,-0.02,1.,1.,25.9270541739468,      431P    659
22.4145506574566,295.,27.2770541739468,20.0762820672386,295.,        431P    660
-0.29,-0.02,0.,0.,0.;                                                431P    661
126,1,1,0,0,1,0,0.,0.,0.5,0.5,1.,1.,25.9270541739468,                433P    662
22.4145506574566,300.,25.9270541739468,22.4145506574566,295.,0.,     433P    663
0.5,0.,0.,0.;                                                        433P    664
126,1,1,0,0,1,0,-0.16066670065649,-0.16066670065649,0.,0.,1.,1.,     435P    665
24.5356397308392,21.6112171541741,295.,25.9270541739468,             435P    666
22.4145506574566,295.,-0.16066670065649,0.,0.,0.,0.;                 435P    667
126,1,1,0,0,1,0,0.,0.,0.160445994561066,0.160445994561066,1.,1.,     437P    668
31.8270541739468,12.1954508928002,295.,30.4375511016933,             437P    669
11.3932209199948,295.,0.,0.160445994561066,0.,0.,0.;                 437P    670
126,1,1,0,0,1,0,0.,0.,0.175000000000001,0.175000000000001,1.,1.,     439P    671
33.2573100622725,14.1181750263954,295.,32.3823100622725,             439P    672
15.6337194830182,295.,0.,0.175000000000001,0.,0.,0.;                 439P    673
126,1,1,0,0,1,0,0.,0.,0.5,0.5,1.,1.,33.2573100622725,                441P    674
14.1181750263954,300.,33.2573100622725,14.1181750263954,295.,0.,     441P    675
0.5,0.,0.,0.;                                                        441P    676
126,2,2,0,0,0,0,-1.57079632679492,-1.57079632679492,                 443P    677
-1.57079632679492,0.,0.,0.,1.,0.707106781186551,1.,                  443P    678
33.6671176834079,14.0083674052601,295.,33.4073100622725,             443P    679
13.8583674052601,295.,33.2573100622725,14.1181750263954,295.,        443P    680
-1.57079632679492,0.,0.,0.,0.;                                       443P    681
126,1,1,0,0,1,0,0.,0.,0.5,0.5,1.,1.,33.6671176834079,                445P    682
14.0083674052601,300.,33.6671176834079,14.0083674052601,295.,0.,     445P    683
0.5,0.,0.,0.;                                                        445P    684
126,1,1,0,0,1,0,0.,0.,0.10928932188135,0.10928932188135,1.,1.,       447P    685
34.6135909745241,14.5548140146668,295.,33.6671176834078,             447P    686
14.0083674052601,295.,0.,0.10928932188135,0.,0.,0.;                  447P    687
126,1,1,0,0,1,0,0.,0.,0.5,0.5,1.,1.,34.6135909745241,                449P    688
14.5548140146668,300.,34.6135909745241,14.5548140146668,295.,0.,     449P    689
0.5,0.,0.,0.;                                                        449P    690
126,2,2,0,0,0,0,-0.785398163397188,-0.785398163397188,               451P    691
-0.785398163397188,0.,0.,0.,1.,0.923879532511086,1.,                 451P    692
34.7533687224107,14.7369759222714,295.,34.7212068148062,             451P    693
14.6169460490228,295.,34.6135909745241,14.5548140146668,295.,        451P    694
-0.785398163397188,0.,0.,0.,0.;                                      451P    695
126,1,1,0,0,1,0,0.,0.,0.5,0.5,1.,1.,34.7533687224107,                453P    696
14.7369759222714,300.,34.7533687224107,14.7369759222714,295.,0.,     453P    697
0.5,0.,0.,0.;                                                        453P    698
126,1,1,0,0,1,0,0.,0.,0.312132034355972,0.312132034355972,1.,1.,     455P    699
35.5612258731899,17.7519398542372,295.,34.7533687224107,             455P    700
14.7369759222714,295.,0.,0.312132034355972,0.,0.,0.;                 455P    701
126,1,1,0,0,1,0,0.,0.,0.5,0.5,1.,1.,35.5612258731899,                457P    702
17.7519398542372,300.,35.5612258731899,17.7519398542372,295.,0.,     457P    703
0.5,0.,0.,0.;                                                        457P    704
126,2,2,0,0,0,0,-0.785398163397388,-0.785398163397388,               459P    705
-0.785398163397388,0.,0.,0.,1.,0.923879532511266,1.,                 459P    706
35.5312557464385,17.9795855677679,295.,35.5933877807945,             459P    707
17.8719697274858,295.,35.5612258731899,17.7519398542372,295.,        459P    708
-0.785398163397388,0.,0.,0.,0.;                                      459P    709
128,1,8,1,2,0,1,0,0,1,-0.121935523267771,-0.121935523267771,         461P    710
0.203671004310211,0.203671004310211,-3.14159265358979,               461P    711
-3.14159265358979,-3.14159265358979,-1.5707963267949,                461P    712
-1.5707963267949,0.,0.,1.5707963267949,1.5707963267949,              461P    713
3.14159265358979,3.14159265358979,3.14159265358979,1.,1.,            461P    714
0.707106781186548,0.707106781186548,1.,1.,0.707106781186548,         461P    715
0.707106781186548,1.,1.,0.707106781186548,0.707106781186548,1.,      461P    716
1.,0.707106781186548,0.707106781186548,1.,1.,0.754619999999992,      461P    717
0.,-8.,0.966750000000005,0.,-7.80385688672848,0.754619999999992,     461P    718
-0.754619999999992,-8.,0.966750000000005,-0.966750000000005,         461P    719
-7.80385688672848,0.,-0.754619999999992,-8.,0.,                      461P    720
-0.966750000000005,-7.80385688672848,-0.754619999999992,             461P    721
-0.754619999999992,-8.,-0.966750000000005,-0.966750000000005,        461P    722
-7.80385688672848,-0.754619999999992,0.,-8.,-0.966750000000005,      461P    723
0.,-7.80385688672848,-0.754619999999992,0.754619999999992,-8.,       461P    724
-0.966750000000005,0.966750000000005,-7.80385688672848,0.,           461P    725
0.754619999999992,-8.,0.,0.966750000000005,-7.80385688672848,        461P    726
0.754619999999992,0.754619999999992,-8.,0.966750000000005,           461P    727
0.966750000000005,-7.80385688672848,0.754619999999992,0.,-8.,        461P    728
0.966750000000005,0.,-7.80385688672848,-0.121935523267771,           461P    729
0.203671004310211,-3.14159265358979,3.14159265358979;                461P    730
128,2,8,2,2,0,1,0,0,1,-1.5707963267949,-1.5707963267949,             463P    731
-1.5707963267949,3.92375386311161D-16,3.92375386311161D-16,          463P    732
3.92375386311161D-16,-3.14159265358979,-3.14159265358979,            463P    733
-3.14159265358979,-1.5707963267949,-1.5707963267949,0.,0.,           463P    734
1.5707963267949,1.5707963267949,3.14159265358979,                    463P    735
3.14159265358979,3.14159265358979,1.,0.707106781186548,1.,           463P    736
0.707106781186548,0.5,0.707106781186548,1.,0.707106781186548,1.,     463P    737
0.707106781186548,0.5,0.707106781186548,1.,0.707106781186548,1.,     463P    738
0.707106781186548,0.5,0.707106781186548,1.,0.707106781186548,1.,     463P    739
0.707106781186548,0.5,0.707106781186548,1.,0.707106781186548,1.,     463P    740
1.89999999999999,0.,1.79999999999984,1.89999999999999,0.,            463P    741
1.99999999999984,1.69999999999999,0.,1.99999999999984,               463P    742
1.89999999999999,-1.89999999999999,1.79999999999984,                 463P    743
1.89999999999999,-1.89999999999999,1.99999999999984,                 463P    744
1.69999999999999,-1.69999999999999,1.99999999999984,                 463P    745
-1.91497771928471D-15,-1.89999999999999,1.79999999999984,            463P    746
-2.12775302142747D-15,-1.89999999999999,1.99999999999984,            463P    747
-2.12775302142747D-15,-1.69999999999999,1.99999999999984,            463P    748
-1.89999999999999,-1.89999999999999,1.79999999999984,                463P    749
-1.89999999999999,-1.89999999999999,1.99999999999984,                463P    750
-1.69999999999999,-1.69999999999999,1.99999999999984,                463P    751
-1.89999999999999,0.,1.79999999999984,-1.89999999999999,0.,          463P    752
1.99999999999984,-1.69999999999999,0.,1.99999999999984,              463P    753
-1.89999999999999,1.89999999999999,1.79999999999984,                 463P    754
-1.89999999999999,1.89999999999999,1.99999999999984,                 463P    755
-1.69999999999999,1.69999999999999,1.99999999999984,                 463P    756
-1.91497771928471D-15,1.89999999999999,1.79999999999984,             463P    757
-2.12775302142747D-15,1.89999999999999,1.99999999999984,             463P    758
-2.12775302142747D-15,1.69999999999999,1.99999999999984,             463P    759
1.89999999999999,1.89999999999999,1.79999999999984,                  463P    760
1.89999999999999,1.89999999999999,1.99999999999984,                  463P    761
1.69999999999999,1.69999999999999,1.99999999999984,                  463P    762
1.89999999999999,0.,1.79999999999984,1.89999999999999,0.,            463P    763
1.99999999999984,1.69999999999999,0.,1.99999999999984,               463P    764
-1.5707963267949,3.92375386311161D-16,-3.14159265358979,             463P    765
3.14159265358979;                                                    463P    766
128,1,1,1,1,0,0,1,0,0,0.019,0.019,0.360999999999999,                 465P    767
0.360999999999999,-0.170999999999999,-0.170999999999999,             465P    768
0.170999999999999,0.170999999999999,1.,1.,1.,1.,                     465P    769
-1.70999999999999,-1.70999999999999,1.99999999999984,                465P    770
1.70999999999999,-1.70999999999999,1.99999999999984,                 465P    771
-1.70999999999999,1.70999999999999,1.99999999999984,                 465P    772
1.70999999999999,1.70999999999999,1.99999999999984,0.019,            465P    773
0.360999999999999,-0.170999999999999,0.170999999999999;              465P    774
128,1,8,1,2,0,1,0,0,1,-0.421052631578962,-0.421052631578962,         467P    775
0.526315789473699,0.526315789473699,-3.14159265358979,               467P    776
-3.14159265358979,-3.14159265358979,-1.5707963267949,                467P    777
-1.5707963267949,0.,0.,1.5707963267949,1.5707963267949,              467P    778
3.14159265358979,3.14159265358979,3.14159265358979,1.,1.,            467P    779
0.707106781186548,0.707106781186548,1.,1.,0.707106781186548,         467P    780
0.707106781186548,1.,1.,0.707106781186548,0.707106781186548,1.,      467P    781
1.,0.707106781186548,0.707106781186548,1.,1.,1.89999999999999,       467P    782
0.,-2.06640260458357D-13,1.89999999999999,0.,1.79999999999984,       467P    783
1.89999999999999,-1.89999999999999,-2.06640260458357D-13,            467P    784
1.89999999999999,-1.89999999999999,1.79999999999984,                 467P    785
2.22729946208495D-28,-1.89999999999999,-2.08721928629529D-13,        467P    786
-1.91497771928471D-15,-1.89999999999999,1.79999999999984,            467P    787
-1.89999999999999,-1.89999999999999,-2.10803596800702D-13,           467P    788
-1.89999999999999,-1.89999999999999,1.79999999999984,                467P    789
-1.89999999999999,0.,-2.10803596800702D-13,-1.89999999999999,0.,     467P    790
1.79999999999984,-1.89999999999999,1.89999999999999,                 467P    791
-2.10803596800702D-13,-1.89999999999999,1.89999999999999,            467P    792
1.79999999999984,2.22729946208495D-28,1.89999999999999,              467P    793
-2.08721928629529D-13,-1.91497771928471D-15,1.89999999999999,        467P    794
1.79999999999984,1.89999999999999,1.89999999999999,                  467P    795
-2.06640260458357D-13,1.89999999999999,1.89999999999999,             467P    796
1.79999999999984,1.89999999999999,0.,-2.06640260458357D-13,          467P    797
1.89999999999999,0.,1.79999999999984,-0.421052631578962,             467P    798
0.526315789473699,-3.14159265358979,3.14159265358979;                467P    799
128,1,1,1,1,0,0,1,0,0,-0.0876025403784439,-0.0876025403784439,       469P    800
0.001,0.001,-0.00100000000000001,-0.00100000000000001,               469P    801
0.0762864878157511,0.0762864878157511,1.,1.,1.,1.,                   469P    802
-0.00367928054738546,-0.879652702941067,1.00087155742748,            469P    803
0.763641227528304,-0.436640001048847,1.00087155742748,               469P    804
-0.388641227528303,-0.212879051789481,0.933511944928081,             469P    805
0.378679280547386,0.230133650102739,0.93351194492808,                469P    806
-0.0876025403784439,0.001,-0.00100000000000001,                      469P    807
0.0762864878157511;                                                  469P    808
128,1,1,1,1,0,0,1,0,0,-0.0876025403784439,-0.0876025403784439,       471P    809
0.001,0.001,-0.00100000000000001,-0.00100000000000001,               471P    810
0.0762864878157511,0.0762864878157511,1.,1.,1.,1.,                   471P    811
0.759961946980918,-0.443012701892219,1.00087155742748,               471P    812
0.759961946980918,0.443012701892219,1.00087155742748,                471P    813
-0.00996194698091785,-0.443012701892219,0.933511944928081,           471P    814
-0.00996194698091757,0.44301270189222,0.93351194492808,              471P    815
-0.0876025403784439,0.001,-0.00100000000000001,                      471P    816
0.0762864878157511;                                                  471P    817
128,1,1,1,1,0,0,1,0,0,-0.0876025403784439,-0.0876025403784439,       473P    818
0.001,0.001,-0.00100000000000001,-0.00100000000000001,               473P    819
0.0762864878157511,0.0762864878157511,1.,1.,1.,1.,                   473P    820
0.763641227528304,0.436640001048848,1.00087155742748,                473P    821
-0.00367928054738567,0.879652702941067,1.00087155742748,             473P    822
0.378679280547386,-0.230133650102738,0.933511944928081,              473P    823
-0.388641227528303,0.212879051789481,0.93351194492808,               473P    824
-0.0876025403784439,0.001,-0.00100000000000001,                      473P    825
0.0762864878157511;                                                  473P    826
128,1,1,1,1,0,0,1,0,0,-0.0876025403784439,-0.0876025403784439,       475P    827
0.001,0.001,-0.001,-0.001,0.0762864878157511,0.0762864878157511,     475P    828
1.,1.,1.,1.,0.00367928054738566,0.879652702941067,                   475P    829
1.00087155742748,-0.763641227528303,0.436640001048848,               475P    830
1.00087155742748,0.388641227528303,0.212879051789481,                475P    831
0.933511944928081,-0.378679280547386,-0.230133650102738,             475P    832
0.93351194492808,-0.0876025403784439,0.001,-0.001,                   475P    833
0.0762864878157511;                                                  475P    834
128,1,1,1,1,0,0,1,0,0,-0.0876025403784439,-0.0876025403784439,       477P    835
0.000999999999999987,0.000999999999999987,-0.00100000000000003,      477P    836
-0.00100000000000003,0.0762864878157511,0.0762864878157511,1.,       477P    837
1.,1.,1.,-0.759961946980918,0.44301270189222,1.00087155742748,       477P    838
-0.759961946980918,-0.443012701892219,1.00087155742748,              477P    839
0.00996194698091757,0.443012701892219,0.933511944928081,             477P    840
0.00996194698091701,-0.44301270189222,0.93351194492808,              477P    841
-0.0876025403784439,0.000999999999999987,-0.00100000000000003,       477P    842
0.0762864878157511;                                                  477P    843
128,1,1,1,1,0,0,1,0,0,-0.0876025403784439,-0.0876025403784439,       479P    844
0.00100000000000004,0.00100000000000004,-0.00100000000000001,        479P    845
-0.00100000000000001,0.0762864878157511,0.0762864878157511,1.,       479P    846
1.,1.,1.,-0.763641227528304,-0.436640001048847,1.00087155742748,     479P    847
0.00367928054738594,-0.879652702941067,1.00087155742748,             479P    848
-0.378679280547386,0.230133650102739,0.933511944928081,              479P    849
0.388641227528304,-0.212879051789481,0.93351194492808,               479P    850
-0.0876025403784439,0.00100000000000004,-0.00100000000000001,        479P    851
0.0762864878157511;                                                  479P    852
128,1,1,1,1,0,0,1,0,0,-0.001,-0.001,0.0876025403784439,              481P    853
0.0876025403784439,-0.001,-0.001,0.101,0.101,1.,1.,1.,1.,            481P    854
-0.00866025403784429,-0.871025403784439,2.01,0.758660254037845,      481P    855
-0.428012701892219,2.01,-0.00866025403784429,-0.871025403784439,     481P    856
0.99,0.758660254037845,-0.428012701892219,0.99,-0.001,               481P    857
0.0876025403784439,-0.001,0.101;                                     481P    858
128,1,1,1,1,0,0,1,0,0,-0.00100000000000001,-0.00100000000000001,     483P    859
0.0876025403784439,0.0876025403784439,-0.001,-0.001,0.101,0.101,     483P    860
1.,1.,1.,1.,0.75,-0.443012701892219,2.01,0.750000000000001,          483P    861
0.443012701892219,2.01,0.75,-0.443012701892219,0.99,                 483P    862
0.750000000000001,0.443012701892219,0.99,-0.00100000000000001,       483P    863
0.0876025403784439,-0.001,0.101;                                     483P    864
128,1,1,1,1,0,0,1,0,0,-0.001,-0.001,0.0876025403784439,              485P    865
0.0876025403784439,-0.001,-0.001,0.101,0.101,1.,1.,1.,1.,            485P    866
0.758660254037845,0.428012701892219,2.01,-0.00866025403784439,       485P    867
0.871025403784439,2.01,0.758660254037845,0.428012701892219,0.99,     485P    868
-0.00866025403784439,0.871025403784439,0.99,-0.001,                  485P    869
0.0876025403784439,-0.001,0.101;                                     485P    870
128,1,1,1,1,0,0,1,0,0,-0.001,-0.001,0.0876025403784439,              487P    871
0.0876025403784439,-0.001,-0.001,0.101,0.101,1.,1.,1.,1.,            487P    872
0.00866025403784443,0.871025403784439,2.01,-0.758660254037844,       487P    873
0.42801270189222,2.01,0.00866025403784443,0.871025403784439,         487P    874
0.99,-0.758660254037844,0.42801270189222,0.99,-0.001,                487P    875
0.0876025403784439,-0.001,0.101;                                     487P    876
128,1,1,1,1,0,0,1,0,0,-0.001,-0.001,0.0876025403784439,              489P    877
0.0876025403784439,-0.001,-0.001,0.101,0.101,1.,1.,1.,1.,-0.75,      489P    878
0.44301270189222,2.01,-0.750000000000001,-0.443012701892219,         489P    879
2.01,-0.75,0.44301270189222,0.99,-0.750000000000001,                 489P    880
-0.443012701892219,0.99,-0.001,0.0876025403784439,-0.001,0.101;      489P    881
128,1,1,1,1,0,0,1,0,0,-0.00100000000000001,-0.00100000000000001,     491P    882
0.0876025403784439,0.0876025403784439,-0.001,-0.001,0.101,0.101,     491P    883
1.,1.,1.,1.,-0.758660254037845,-0.428012701892219,2.01,              491P    884
0.00866025403784461,-0.871025403784439,2.01,-0.758660254037845,      491P    885
-0.428012701892219,0.99,0.00866025403784461,-0.871025403784439,      491P    886
0.99,-0.00100000000000001,0.0876025403784439,-0.001,0.101;           491P    887
128,1,8,1,2,0,1,0,0,1,-3.99999999999996,-3.99999999999996,           493P    888
3.80385688672844,3.80385688672844,-3.14159265358979,                 493P    889
-3.14159265358979,-3.14159265358979,-1.5707963267949,                493P    890
-1.5707963267949,0.,0.,1.5707963267949,1.5707963267949,              493P    891
3.14159265358979,3.14159265358979,3.14159265358979,1.,1.,            493P    892
0.707106781186548,0.707106781186548,1.,1.,0.707106781186548,         493P    893
0.707106781186548,1.,1.,0.707106781186548,0.707106781186548,1.,      493P    894
1.,0.707106781186548,0.707106781186548,1.,1.,0.966750000000008,      493P    895
0.,-7.80385688672848,0.96675,0.,-1.0769163338864D-13,                493P    896
0.966750000000008,-0.96675,-7.80385688672848,0.96675,-0.96675,       493P    897
-1.0769163338864D-13,8.30234003476274D-15,-0.96675,                  493P    898
-7.80385688672848,1.16850021585862D-28,-0.96675,                     493P    899
-1.08801856413265D-13,-0.966749999999992,-0.96675,                   493P    900
-7.80385688672848,-0.96675,-0.96675,-1.0991207943789D-13,            493P    901
-0.966749999999992,0.,-7.80385688672848,-0.96675,0.,                 493P    902
-1.0991207943789D-13,-0.966749999999992,0.96675,                     493P    903
-7.80385688672848,-0.96675,0.96675,-1.0991207943789D-13,             493P    904
8.30234003476274D-15,0.96675,-7.80385688672848,                      493P    905
1.16850021585862D-28,0.96675,-1.08801856413265D-13,                  493P    906
0.966750000000008,0.96675,-7.80385688672848,0.96675,0.96675,         493P    907
-1.0769163338864D-13,0.966750000000008,0.,-7.80385688672848,         493P    908
0.96675,0.,-1.0769163338864D-13,-3.99999999999996,                   493P    909
3.80385688672844,-3.14159265358979,3.14159265358979;                 493P    910
128,1,1,1,1,0,0,1,0,0,-0.0764619999999984,-0.0764619999999984,       495P    911
0.076462,0.076462,-0.0764619999999992,-0.0764619999999992,           495P    912
0.0764619999999992,0.0764619999999992,1.,1.,1.,1.,                   495P    913
0.764619999999992,-0.764619999999992,-8.,-0.764619999999992,         495P    914
-0.764619999999992,-8.,0.764619999999992,0.764619999999992,-8.,      495P    915
-0.764619999999992,0.764619999999992,-8.,-0.0764619999999984,        495P    916
0.076462,-0.0764619999999992,0.0764619999999992;                     495P    917
128,1,1,1,1,0,0,1,0,0,-0.290999999999999,-0.290999999999999,         497P    918
0.091,0.091,-0.190999999999999,-0.190999999999999,                   497P    919
0.190999999999999,0.190999999999999,1.,1.,1.,1.,                     497P    920
1.90999999999999,-1.90999999999999,-1.07817460101508D-13,            497P    921
-1.90999999999999,-1.90999999999999,-1.11881468372435D-13,           497P    922
1.90999999999999,1.90999999999999,-1.07817460101508D-13,             497P    923
-1.90999999999999,1.90999999999999,-1.11881468372435D-13,            497P    924
-0.290999999999999,0.091,-0.190999999999999,0.190999999999999;       497P    925
128,1,8,1,2,0,1,0,0,1,2.,2.,7.29765209716698,7.29765209716698,       499P    926
-3.14159265358979,-3.14159265358979,-3.14159265358979,               499P    927
-1.5707963267949,-1.5707963267949,0.,0.,1.5707963267949,             499P    928
1.5707963267949,3.14159265358979,3.14159265358979,                   499P    929
3.14159265358979,1.,1.,0.707106781186548,0.707106781186548,1.,       499P    930
1.,0.707106781186548,0.707106781186548,1.,1.,0.707106781186548,      499P    931
0.707106781186548,1.,1.,0.707106781186548,0.707106781186548,1.,      499P    932
1.,32.9277583294629,18.4889753713439,297.5,28.3398570329044,         499P    933
15.8401493227604,297.5,32.9277583294629,18.4889753713439,298.5,      499P    934
28.3398570329044,15.8401493227604,298.5,32.4277583294629,            499P    935
19.3550007751284,298.5,27.8398570329044,16.7061747265449,298.5,      499P    936
31.9277583294629,20.2210261789128,298.5,27.3398570329044,            499P    937
17.5722001303293,298.5,31.9277583294629,20.2210261789128,297.5,      499P    938
27.3398570329044,17.5722001303293,297.5,31.9277583294629,            499P    939
20.2210261789128,296.5,27.3398570329044,17.5722001303293,296.5,      499P    940
32.4277583294629,19.3550007751284,296.5,27.8398570329044,            499P    941
16.7061747265449,296.5,32.9277583294629,18.4889753713439,296.5,      499P    942
28.3398570329044,15.8401493227604,296.5,32.9277583294629,            499P    943
18.4889753713439,297.5,28.3398570329044,15.8401493227604,297.5,      499P    944
2.,7.29765209716698,-3.14159265358979,3.14159265358979;              499P    945
128,1,8,1,2,0,1,0,0,1,-1.94633096861051D-15,                         501P    946
-1.94633096861051D-15,1.,1.,-3.14159265358979,-3.14159265358979,     501P    947
-3.14159265358979,-1.5707963267949,-1.5707963267949,0.,0.,           501P    948
1.5707963267949,1.5707963267949,3.14159265358979,                    501P    949
3.14159265358979,3.14159265358979,1.,1.,0.707106781186548,           501P    950
0.707106781186548,1.,1.,0.707106781186548,0.707106781186548,1.,      501P    951
1.,0.707106781186548,0.707106781186548,1.,1.,0.707106781186548,      501P    952
0.707106781186548,1.,1.,35.1598091370318,18.6229499675595,297.5,     501P    953
33.4277583294629,17.6229499675595,297.5,35.1598091370318,            501P    954
18.6229499675595,299.5,33.4277583294629,17.6229499675595,299.5,      501P    955
34.1598091370318,20.3550007751284,299.5,32.4277583294629,            501P    956
19.3550007751284,299.5,33.1598091370318,22.0870515826973,299.5,      501P    957
31.4277583294629,21.0870515826972,299.5,33.1598091370318,            501P    958
22.0870515826973,297.5,31.4277583294629,21.0870515826972,297.5,      501P    959
33.1598091370318,22.0870515826973,295.5,31.4277583294629,            501P    960
21.0870515826972,295.5,34.1598091370318,20.3550007751284,295.5,      501P    961
32.4277583294629,19.3550007751284,295.5,35.1598091370318,            501P    962
18.6229499675595,295.5,33.4277583294629,17.6229499675595,295.5,      501P    963
35.1598091370318,18.6229499675595,297.5,33.4277583294629,            501P    964
17.6229499675595,297.5,-1.94633096861051D-15,1.,                     501P    965
-3.14159265358979,3.14159265358979;                                  501P    966
128,1,1,1,1,0,0,1,0,0,-0.201,-0.201,0.201,0.201,                     503P    967
-0.200999999999999,-0.200999999999999,0.200999999999999,             503P    968
0.200999999999999,1.,1.,1.,1.,33.4327583294629,17.6142897135217,     503P    969
295.49,31.4227583294629,21.0957118367351,295.49,                     503P    970
33.4327583294629,17.6142897135217,299.51,31.4227583294629,           503P    971
21.0957118367351,299.51,-0.201,0.201,-0.200999999999999,             503P    972
0.200999999999999;                                                   503P    973
128,1,2,1,2,0,0,0,0,0,0.,0.,0.153846153846154,0.153846153846154,     505P    974
2.45215288418204,2.45215288418204,2.45215288418204,                  505P    975
2.78342298404672,2.78342298404672,2.78342298404672,1.,1.,            505P    976
0.986313848016135,0.986313848016135,1.,1.,25.0770813003767,          505P    977
20.6734127191013,300.,25.0770813003767,20.6734127191013,295.,        505P    978
28.5329852102834,16.4813625485484,300.,28.5329852102834,             505P    979
16.4813625485484,295.,30.4375511016933,11.3932209199948,300.,        505P    980
30.4375511016933,11.3932209199948,295.,0.,0.153846153846154,         505P    981
2.45215288418204,2.78342298404672;                                   505P    982
128,1,1,1,1,0,0,1,0,0,1.07071167506765,1.07071167506765,1.181,       507P    983
1.181,-0.001,-0.001,0.501,0.501,1.,1.,1.,1.,25.0820812998676,        507P    984
20.6647524647695,300.01,24.5306397313483,21.6198774085059,           507P    985
300.01,25.0820812998676,20.6647524647695,294.99,                     507P    986
24.5306397313483,21.6198774085059,294.99,1.07071167506765,1.181,     507P    987
-0.001,0.501;                                                        507P    988
128,1,1,1,1,0,0,1,0,0,-0.591000000000001,-0.591000000000001,         509P    989
0.591000000000001,0.591000000000001,-0.386333322013139,              509P    990
-0.386333322013139,0.386333385008565,0.386333385008565,1.,1.,1.,     509P    991
1.,24.5219794216771,21.6148773763859,300.,30.4319794216771,          509P    992
11.3784571036538,300.,31.2134693910697,25.4782109114944,300.,        509P    993
37.1234693910697,15.2417906387624,300.,-0.591000000000001,           509P    994
0.591000000000001,-0.386333322013139,0.386333385008565;              509P    995
128,1,2,1,2,0,0,0,0,0,0.,0.,25.,25.,-0.785398163397468,              511P    996
-0.785398163397468,-0.785398163397468,0.785398163397448,             511P    997
0.785398163397448,0.785398163397448,1.,1.,0.707106781186541,         511P    998
0.707106781186541,1.,1.,30.4770541739467,14.5337194830182,300.,      511P    999
30.4770541739467,14.5337194830182,295.,30.3770541739467,             511P   1000
14.7069245637751,300.,30.3770541739467,14.7069245637751,295.,        511P   1001
30.5502592547036,14.8069245637751,300.,30.5502592547036,             511P   1002
14.8069245637751,295.,0.,25.,-0.785398163397468,                     511P   1003
0.785398163397448;                                                   511P   1004
128,1,1,1,1,0,0,1,0,0,0.019,0.019,0.291000000000001,                 513P   1005
0.291000000000001,-0.001,-0.001,0.501,0.501,1.,1.,1.,1.,             513P   1006
30.4720541739467,14.542379737056,300.01,31.8320541739468,            513P   1007
12.1867906387623,300.01,30.4720541739467,14.542379737056,294.99,     513P   1008
31.8320541739467,12.1867906387623,294.99,0.019,                      513P   1009
0.291000000000001,-0.001,0.501;                                      513P   1010
128,1,2,1,2,0,0,0,0,0,0.,0.,25.,25.,-0.785398163397462,              515P   1011
-0.785398163397462,-0.785398163397462,0.78539816339745,              515P   1012
0.78539816339745,0.78539816339745,1.,1.,0.707106781186542,           515P   1013
0.707106781186542,1.,1.,32.1091049815156,15.7069245637751,300.,      515P   1014
32.1091049815156,15.7069245637751,295.,32.2823100622725,             515P   1015
15.8069245637751,300.,32.2823100622725,15.8069245637751,295.,        515P   1016
32.3823100622725,15.6337194830182,300.,32.3823100622725,             515P   1017
15.6337194830182,295.,0.,25.,-0.785398163397462,                     515P   1018
0.78539816339745;                                                    515P   1019
128,1,1,1,1,0,0,1,0,0,0.0189999999999991,0.0189999999999991,         517P   1020
0.201000000000001,0.201000000000001,-0.001,-0.001,0.501,0.501,       517P   1021
1.,1.,1.,1.,32.1177652355535,15.7119245637751,300.01,                517P   1022
30.5415990006658,14.8019245637751,300.01,32.1177652355535,           517P   1023
15.7119245637751,294.99,30.5415990006658,14.8019245637751,           517P   1024
294.99,0.0189999999999991,0.201000000000001,-0.001,0.501;            517P   1025
128,1,2,1,2,0,0,0,0,0,0.,0.,25.,25.,-0.785398163397468,              519P   1026
-0.785398163397468,-0.785398163397468,0.785398163397459,             519P   1027
0.785398163397459,0.785398163397459,1.,1.,0.707106781186537,         519P   1028
0.707106781186537,1.,1.,27.5502592547036,20.0030769864817,300.,      519P   1029
27.5502592547036,20.0030769864817,295.,27.3770541739467,             519P   1030
19.9030769864817,300.,27.3770541739467,19.9030769864817,295.,        519P   1031
27.2770541739467,20.0762820672386,300.,27.2770541739467,             519P   1032
20.0762820672386,295.,0.,25.,-0.785398163397468,                     519P   1033
0.785398163397459;                                                   519P   1034
128,1,1,1,1,0,0,1,0,0,0.0190000000000001,0.0190000000000001,         521P   1035
0.200999999630258,0.200999999630258,-0.001,-0.001,0.501,0.501,       521P   1036
1.,1.,1.,1.,27.5415990006658,19.9980769864817,300.01,                521P   1037
29.1177652323514,20.908076984633,300.01,27.5415990006658,            521P   1038
19.9980769864817,294.99,29.1177652323514,20.908076984633,294.99,     521P   1039
0.0190000000000001,0.200999999630258,-0.001,0.501;                   521P   1040
128,1,2,1,2,0,0,0,0,0,0.,0.,25.,25.,-0.785398172641006,              523P   1041
-0.785398172641006,-0.785398172641006,0.785398172641021,             523P   1042
0.785398172641021,0.785398172641021,1.,1.,0.70710677465036,          523P   1043
0.70710677465036,1.,1.,29.1823100572217,21.1762820685919,300.,       523P   1044
29.1823100572217,21.1762820685919,295.,29.2823100622725,             523P   1045
21.0030769864817,300.,29.2823100622725,21.0030769864817,295.,        523P   1046
29.1091049783136,20.903076984633,300.,29.1091049783136,              523P   1047
20.903076984633,295.,0.,25.,-0.785398172641006,                      523P   1048
0.785398172641021;                                                   523P   1049
128,1,1,1,1,0,0,1,0,0,0.0190000003697418,0.0190000003697418,         525P   1050
0.196,0.196,-0.001,-0.001,0.501,0.501,1.,1.,1.,1.,                   525P   1051
29.1873100573818,21.1676218146465,300.01,28.3023100308923,           525P   1052
22.7004867597818,300.01,29.1873100573818,21.1676218146465,           525P   1053
294.99,28.3023100308923,22.7004867597818,294.99,                     525P   1054
0.0190000003697418,0.196,-0.001,0.501;                               525P   1055
128,1,1,1,1,0,0,1,0,0,-0.001,-0.001,0.549578643762679,               527P   1056
0.549578643762679,-0.001,-0.001,0.501,0.501,1.,1.,1.,1.,             527P   1057
32.7833625276251,22.7390762365267,300.01,35.5362557464385,           527P   1058
17.9709253137301,300.01,32.7833625276251,22.7390762365267,           527P   1059
294.99,35.5362557464385,17.9709253137301,294.99,-0.001,              527P   1060
0.549578643762679,-0.001,0.501;                                      527P   1061
128,1,2,1,2,0,0,0,0,0,0.,0.,16.6666666666727,16.6666666666727,       529P   1062
-0.785398163397798,-0.785398163397798,-0.785398163397798,            529P   1063
8.78926561161898D-15,8.78926561161898D-15,8.78926561161898D-15,      529P   1064
1.,1.,0.923879532511218,0.923879532511218,1.,1.,                     529P   1065
32.6062006200206,22.8701937303756,295.,32.6062006200206,             529P   1066
22.8701937303756,300.,32.7262304932692,22.838031822771,295.,         529P   1067
32.7262304932692,22.838031822771,300.,32.7883625276251,              529P   1068
22.7304159824888,295.,32.7883625276251,22.7304159824888,300.,0.,     529P   1069
16.6666666666727,-0.785398163397798,8.78926561161898D-15;            529P   1070
128,1,1,1,1,0,0,1,0,0,-0.001,-0.001,0.313132034355972,               531P   1071
0.313132034355972,-0.001,-0.001,0.501,0.501,1.,1.,1.,1.,             531P   1072
29.5815774297919,23.6806390716058,300.01,32.6158598782835,           531P   1073
22.8676055399246,300.01,29.5815774297919,23.6806390716058,           531P   1074
294.99,32.6158598782835,22.8676055399246,294.99,-0.001,              531P   1075
0.313132034355972,-0.001,0.501;                                      531P   1076
128,1,2,1,2,0,0,0,0,0,0.,0.,16.6666666666662,16.6666666666662,       533P   1077
-0.785398163397445,-0.785398163397445,-0.785398163397445,            533P   1078
-5.37764277552794D-15,-5.37764277552794D-15,                         533P   1079
-5.37764277552794D-15,1.,1.,0.923879532511288,0.923879532511288,     533P   1080
1.,1.,29.363590974524,23.6480807544034,295.,29.363590974524,         533P   1081
23.6480807544034,300.,29.4712068148061,23.7102127887593,295.,        533P   1082
29.4712068148061,23.7102127887593,300.,29.5912366880548,             533P   1083
23.6780508811548,295.,29.5912366880548,23.6780508811548,300.,0.,     533P   1084
16.6666666666662,-0.785398163397445,-5.37764277552794D-15;           533P   1085
128,1,1,1,1,0,0,1,0,0,-0.001,-0.001,0.114103437409437,               535P   1086
0.114103437409437,-0.001,-0.001,0.501,0.501,1.,1.,1.,1.,             535P   1087
28.375426219967,23.0775635673562,300.01,29.3722512285618,            535P   1088
23.6530807544034,300.01,28.375426219967,23.0775635673562,294.99,     535P   1089
29.3722512285618,23.6530807544034,294.99,-0.001,                     535P   1090
0.114103437409437,-0.001,0.501;                                      535P   1091
128,1,2,1,2,0,0,0,0,0,0.,0.,16.5137642363544,16.5137642363544,       537P   1092
-1.43523668877847,-1.43523668877847,-1.43523668877847,               537P   1093
8.99509975223092D-15,8.99509975223092D-15,8.99509975223092D-15,      537P   1094
1.,1.,0.753374022633306,0.753374022633306,1.,1.,                     537P   1095
28.3073100310524,22.6918265058364,295.,28.3073100310524,             537P   1096
22.6918265058364,300.,28.1751683031878,22.9207026922979,295.,        537P   1097
28.1751683031878,22.9207026922979,300.,28.3840864740048,             537P   1098
23.0825635673562,295.,28.3840864740048,23.0825635673562,300.,0.,     537P   1099
16.5137642363544,-1.43523668877847,8.99509975223092D-15;             537P   1100
128,1,1,1,1,0,0,1,0,0,-0.00100000000000044,-0.00100000000000044,     539P   1101
0.271,0.271,-0.001,-0.001,0.501,0.501,1.,1.,1.,1.,                   539P   1102
25.9220541739467,22.4232109114944,300.01,27.2820541739467,           539P   1103
20.0676218132007,300.01,25.9220541739467,22.4232109114944,           539P   1104
294.99,27.2820541739467,20.0676218132007,294.99,                     539P   1105
-0.00100000000000044,0.271,-0.001,0.501;                             539P   1106
128,1,1,1,1,0,0,1,0,0,-0.001,-0.001,0.16166670065649,                541P   1107
0.16166670065649,-0.001,-0.001,0.501,0.501,1.,1.,1.,1.,              541P   1108
24.5269794768014,21.6062171541741,300.01,25.9357144279846,           541P   1109
22.4195506574566,300.01,24.5269794768014,21.6062171541741,           541P   1110
294.99,25.9357144279846,22.4195506574566,294.99,-0.001,              541P   1111
0.16166670065649,-0.001,0.501;                                       541P   1112
128,1,1,1,1,0,0,1,0,0,-0.001,-0.001,0.161445994561066,               543P   1113
0.161445994561066,-0.001,-0.001,0.501,0.501,1.,1.,1.,1.,             543P   1114
31.8357144279846,12.2004508928002,300.01,30.4288908476555,           543P   1115
11.3882209199948,300.01,31.8357144279846,12.2004508928002,           543P   1116
294.99,30.4288908476555,11.3882209199948,294.99,-0.001,              543P   1117
0.161445994561066,-0.001,0.501;                                      543P   1118
128,1,1,1,1,0,0,1,0,0,-0.001,-0.001,0.176000000000002,               545P   1119
0.176000000000002,-0.001,-0.001,0.501,0.501,1.,1.,1.,1.,             545P   1120
33.2623100622725,14.1095147723576,300.01,32.3773100622725,           545P   1121
15.642379737056,300.01,33.2623100622725,14.1095147723576,294.99,     545P   1122
32.3773100622725,15.642379737056,294.99,-0.001,                      545P   1123
0.176000000000002,-0.001,0.501;                                      545P   1124
128,1,2,1,2,0,0,0,0,0,0.,0.,16.6666666666669,16.6666666666669,       547P   1125
-1.57079632679493,-1.57079632679493,-1.57079632679493,               547P   1126
5.31981865966226D-15,5.31981865966226D-15,5.31981865966226D-15,      547P   1127
1.,1.,0.707106781186534,0.707106781186534,1.,1.,                     547P   1128
33.6671176834078,14.0083674052601,295.,33.6671176834078,             547P   1129
14.0083674052601,300.,33.4073100622725,13.8583674052601,295.,        547P   1130
33.4073100622725,13.8583674052601,300.,33.2573100622725,             547P   1131
14.1181750263954,295.,33.2573100622725,14.1181750263954,300.,0.,     547P   1132
16.6666666666669,-1.57079632679493,5.31981865966226D-15;             547P   1133
128,1,1,1,1,0,0,1,0,0,-0.001,-0.001,0.110289321881351,               549P   1134
0.110289321881351,-0.001,-0.001,0.501,0.501,1.,1.,1.,1.,             549P   1135
34.6222512285619,14.5598140146668,300.01,33.65845742937,             549P   1136
14.0033674052601,300.01,34.6222512285619,14.5598140146668,           549P   1137
294.99,33.65845742937,14.0033674052601,294.99,-0.001,                549P   1138
0.110289321881351,-0.001,0.501;                                      549P   1139
128,1,2,1,2,0,0,0,0,0,0.,0.,16.6666666666665,16.6666666666665,       551P   1140
-0.785398163397194,-0.785398163397194,-0.785398163397194,            551P   1141
1.69424659487065D-14,1.69424659487065D-14,1.69424659487065D-14,      551P   1142
1.,1.,0.923879532511332,0.923879532511332,1.,1.,                     551P   1143
34.7533687224107,14.7369759222714,295.,34.7533687224107,             551P   1144
14.7369759222714,300.,34.7212068148062,14.6169460490228,295.,        551P   1145
34.7212068148062,14.6169460490228,300.,34.6135909745241,             551P   1146
14.5548140146668,295.,34.6135909745241,14.5548140146668,300.,0.,     551P   1147
16.6666666666665,-0.785398163397194,1.69424659487065D-14;            551P   1148
128,1,1,1,1,0,0,1,0,0,-0.001,-0.001,0.313132034355972,               553P   1149
0.313132034355972,-0.001,-0.001,0.501,0.501,1.,1.,1.,1.,             553P   1150
35.5638140636409,17.7615991125001,300.01,34.7507805319597,           553P   1151
14.7273166640085,300.01,35.5638140636409,17.7615991125001,           553P   1152
294.99,34.7507805319597,14.7273166640085,294.99,-0.001,              553P   1153
0.313132034355972,-0.001,0.501;                                      553P   1154
128,1,2,1,2,0,0,0,0,0,0.,0.,16.6666666666667,16.6666666666667,       555P   1155
-0.785398163397391,-0.785398163397391,-0.785398163397391,            555P   1156
1.76363553390978D-15,1.76363553390978D-15,1.76363553390978D-15,      555P   1157
1.,1.,0.923879532511297,0.923879532511297,1.,1.,                     555P   1158
35.5312557464385,17.9795855677679,295.,35.5312557464385,             555P   1159
17.9795855677679,300.,35.5933877807945,17.8719697274858,295.,        555P   1160
35.5933877807945,17.8719697274858,300.,35.5612258731899,             555P   1161
17.7519398542372,295.,35.5612258731899,17.7519398542372,300.,0.,     555P   1162
16.6666666666667,-0.785398163397391,1.76363553390978D-15;            555P   1163
128,1,1,1,1,0,0,1,0,0,-0.591000000000001,-0.591000000000001,         557P   1164
0.591000000000001,0.591000000000001,-0.386333322013139,              557P   1165
-0.386333322013139,0.386333385008565,0.386333385008565,1.,1.,1.,     557P   1166
1.,30.4319794216771,11.3784571036538,295.,24.5219794216771,          557P   1167
21.6148773763859,295.,37.1234693910697,15.2417906387624,295.,        557P   1168
31.2134693910697,25.4782109114944,295.,-0.591000000000001,           557P   1169
0.591000000000001,-0.386333322013139,0.386333385008565;              557P   1170
502,23,0.966750000000008,1.1839272930757D-16,-7.80385688672848,      559P   1171
0.754619999999992,0.,-8.,-0.754619999999991,0.,-8.,                  559P   1172
-1.89999999999999,-2.32682891837996D-16,1.79999999999984,            559P   1173
1.89999999999999,0.,1.79999999999984,1.69999999999999,0.,            559P   1174
1.99999999999984,-1.69999999999999,2.08189955855049D-16,             559P   1175
1.99999999999984,0.75,-0.433012701892219,2.,                         559P   1176
1.38777878078145D-16,-0.866025403784439,2.,-0.750000000000001,       559P   1177
-0.433012701892219,2.,-0.75,0.43301270189222,2.,                     559P   1178
1.73472347597681D-17,0.866025403784439,2.,0.750000000000001,         559P   1179
0.433012701892219,2.,-1.89999999999999,0.,-2.10735347420603D-13,     559P   1180
1.89999999999999,0.,-2.06640260458357D-13,1.38777878078145D-16,      559P   1181
-0.866025403784439,1.,-6.92528178585494D-17,                         559P   1182
1.38777878078145D-16,0.934383502355557,0.75,-0.433012701892219,      559P   1183
1.,0.750000000000001,0.433012701892219,1.,0.,0.866025403784439,      559P   1184
1.,-0.75,0.43301270189222,1.,-0.750000000000001,                     559P   1185
-0.433012701892219,1.,0.96675,1.1839272930757D-16,                   559P   1186
-1.09140419796207D-13;                                               559P   1187
502,55,32.9277583294629,18.4889753713439,297.5,28.3690823755064,     561P   1188
15.8570225821789,297.5,27.3398570329044,17.5722001303293,297.5,      561P   1189
35.1598091370318,18.6229499675595,297.5,33.4277583294629,            561P   1190
17.6229499675595,297.5,25.0770813003767,20.6734127191013,295.,       561P   1191
25.0770813003767,20.6734127191013,300.,30.4375511016933,             561P   1192
11.3932209199948,295.,30.4375511016933,11.3932209199948,300.,        561P   1193
24.5356397308393,21.6112171541741,300.,24.5356397308393,             561P   1194
21.6112171541741,295.,31.8270541739468,12.1954508928002,300.,        561P   1195
30.4770541739467,14.5337194830182,300.,30.5502592547036,             561P   1196
14.8069245637751,300.,32.1091049815156,15.7069245637751,300.,        561P   1197
32.3823100622725,15.6337194830182,300.,33.2573100622725,             561P   1198
14.1181750263954,300.,33.6671176834079,14.0083674052601,300.,        561P   1199
34.6135909745241,14.5548140146668,300.,34.7533687224107,             561P   1200
14.7369759222714,300.,35.5612258731899,17.7519398542372,300.,        561P   1201
35.5312557464385,17.9795855677679,300.,32.7883625276251,             561P   1202
22.7304159824888,300.,32.6062006200206,22.8701937303756,300.,        561P   1203
29.5912366880548,23.6780508811548,300.,29.363590974524,              561P   1204
23.6480807544034,300.,28.3840864740048,23.0825635673562,300.,        561P   1205
28.3073100310524,22.6918265058364,300.,29.1823100572217,             561P   1206
21.1762820685919,300.,29.1091049783136,20.903076984633,300.,         561P   1207
27.5502592547036,20.0030769864817,300.,27.2770541739468,             561P   1208
20.0762820672386,300.,25.9270541739468,22.4145506574566,300.,        561P   1209
30.4770541739467,14.5337194830182,295.,30.5502592547036,             561P   1210
14.8069245637751,295.,31.8270541739468,12.1954508928002,295.,        561P   1211
32.1091049815156,15.7069245637751,295.,32.3823100622725,             561P   1212
15.6337194830182,295.,27.5502592547036,20.0030769864817,295.,        561P   1213
27.2770541739468,20.0762820672386,295.,29.1091049783136,             561P   1214
20.903076984633,295.,29.1823100572217,21.1762820685919,295.,         561P   1215
28.3073100310524,22.6918265058364,295.,35.5312557464385,             561P   1216
17.9795855677679,295.,32.7883625276251,22.7304159824888,295.,        561P   1217
32.6062006200206,22.8701937303756,295.,29.5912366880548,             561P   1218
23.6780508811548,295.,29.363590974524,23.6480807544034,295.,         561P   1219
28.3840864740048,23.0825635673562,295.,25.9270541739468,             561P   1220
22.4145506574566,295.,33.2573100622725,14.1181750263954,295.,        561P   1221
33.6671176834079,14.0083674052601,295.,34.6135909745241,             561P   1222
14.5548140146668,295.,34.7533687224107,14.7369759222714,295.,        561P   1223
35.5612258731899,17.7519398542372,295.;                              561P   1224
504,38,221,559,1,559,1,223,559,1,559,2,225,559,3,559,2,227,559,      563P   1225
2,559,3,229,559,4,559,5,231,559,5,559,6,233,559,6,559,7,235,559,     563P   1226
7,559,6,237,559,5,559,4,239,559,8,559,9,241,559,9,559,10,243,        563P   1227
559,10,559,11,245,559,11,559,12,247,559,12,559,13,249,559,13,        563P   1228
559,8,251,559,14,559,15,253,559,15,559,14,255,559,15,559,5,257,      563P   1229
559,16,559,17,259,559,18,559,16,261,559,18,559,17,263,559,19,        563P   1230
559,18,265,559,19,559,17,267,559,20,559,19,269,559,20,559,17,        563P   1231
271,559,21,559,20,273,559,21,559,17,275,559,22,559,21,277,559,       563P   1232
22,559,17,279,559,16,559,22,281,559,8,559,18,283,559,9,559,16,       563P   1233
285,559,13,559,19,287,559,12,559,20,289,559,11,559,21,291,559,       563P   1234
10,559,22,293,559,1,559,23,295,559,23,559,23;                        563P   1235
504,82,297,561,1,561,1,299,561,1,561,2,301,561,3,561,2,303,561,      565P   1236
2,561,3,305,561,4,561,4,307,561,4,561,5,309,561,5,561,5,311,561,     565P   1237
6,561,7,313,561,8,561,6,315,561,9,561,8,317,561,7,561,9,319,561,     565P   1238
7,561,10,321,561,10,561,11,323,561,6,561,11,325,561,12,561,9,        565P   1239
327,561,13,561,12,329,561,14,561,13,331,561,15,561,14,333,561,       565P   1240
16,561,15,335,561,17,561,16,337,561,17,561,18,339,561,19,561,18,     565P   1241
341,561,19,561,20,343,561,21,561,20,345,561,21,561,22,347,561,       565P   1242
23,561,22,349,561,23,561,24,351,561,25,561,24,353,561,25,561,26,     565P   1243
355,561,27,561,26,357,561,27,561,28,359,561,29,561,28,361,561,       565P   1244
30,561,29,363,561,31,561,30,365,561,32,561,31,367,561,32,561,33,     565P   1245
369,561,33,561,10,371,561,13,561,34,373,561,34,561,35,375,561,       565P   1246
35,561,14,377,561,12,561,36,379,561,34,561,36,381,561,15,561,37,     565P   1247
383,561,37,561,38,385,561,38,561,16,387,561,37,561,35,389,561,       565P   1248
31,561,39,391,561,39,561,40,393,561,40,561,32,395,561,41,561,30,     565P   1249
397,561,39,561,41,399,561,29,561,42,401,561,42,561,41,403,561,       565P   1250
28,561,43,405,561,42,561,43,407,561,22,561,44,409,561,45,561,44,     565P   1251
411,561,23,561,45,413,561,46,561,45,415,561,24,561,46,417,561,       565P   1252
47,561,46,419,561,25,561,47,421,561,48,561,47,423,561,26,561,48,     565P   1253
425,561,49,561,48,427,561,27,561,49,429,561,43,561,49,431,561,       565P   1254
50,561,40,433,561,33,561,50,435,561,11,561,50,437,561,36,561,8,      565P   1255
439,561,51,561,38,441,561,17,561,51,443,561,52,561,51,445,561,       565P   1256
18,561,52,447,561,53,561,52,449,561,19,561,53,451,561,54,561,53,     565P   1257
453,561,20,561,54,455,561,55,561,54,457,561,21,561,55,459,561,       565P   1258
44,561,55;                                                           565P   1259
406,1,5HBody1;                                                       567P   1260
406,1,90HBroached Hexagon Socket Head Cap Screw ANSI B18.3.1M -      569P   1261
M2x0.4 x 8 Steel Grade 2 Plain v1:1;                                 569P   1262
314,62.7450980392157,62.7450980392157,62.7450980392157,13HSteel      571P   1263
- Satin;                                                             571P   1264
S      1G      3D    572P   1264                                        T      1
